0	0	tracking	-850.645964	68.867102	-257.032114	-139.104	-4.000	1.4977
0	1	tracking	-849.991601	68.807284	-257.601772	-164.104	-0.670	1.2971
0	2	tracking	-849.422535	68.751906	-258.196524	170.896	-8.670	1.2828
0	3	tracking	-848.951149	68.710040	-258.797665	153.407	-16.670	1.0263
0	4	tracking	-848.533079	68.685017	-259.402840	178.407	-24.670	0.6473
0	5	tracking	-848.135704	68.677907	-259.999512	-156.593	-32.670	0.6475
0	6	tracking	-847.761383	68.687936	-260.584443	-159.186	-40.670	0.6131
0	7	tracking	-847.390151	68.712344	-261.142272	-134.186	-46.375	0.5981
0	8	tracking	-847.034052	68.747852	-261.683844	-150.375	-42.740	0.5335
0	9	tracking	-846.691437	68.790551	-262.210929	-150.375	-34.740	0.9541
0	10	tracking	-846.360385	68.836374	-262.725899	-150.375	-26.740	0.6101
0	11	tracking	-846.038924	68.880283	-263.231329	-150.375	-18.740	0.5122
0	12	tracking	-845.711981	68.925618	-263.710438	-125.375	-26.740	0.5424
0	13	tracking	-845.375779	68.972813	-264.145543	-100.375	-34.740	0.4450
0	14	tracking	-845.036398	69.019217	-264.522830	-75.375	-42.740	0.3798
0	15	tracking	-844.705837	69.059505	-264.835665	-50.375	-50.740	0.3253
0	16	tracking	-844.384292	69.091438	-265.093102	-51.747	-42.740	0.2329
0	17	tracking	-844.083004	69.113982	-265.293128	-26.747	-34.740	0.2252
0	18	tracking	-843.800745	69.125732	-265.443948	-26.747	-26.740	0.3050
0	19	tracking	-843.536584	69.125555	-265.553190	-26.747	-25.689	0.2891
0	20	tracking	-843.300384	69.113535	-265.623253	-1.747	-17.689	0.3999
0	21	tracking	-843.100129	69.088903	-265.661946	23.253	-9.689	0.2173
0	22	tracking	-842.935939	69.051976	-265.678117	37.878	-7.940	0.2103
0	23	tracking	-842.802291	69.003506	-265.676269	37.878	-7.940	0.2022
0	24	tracking	-842.766988	68.874762	-265.734268	62.878	-15.940	0.1750
0	25	tracking	-842.705179	68.781565	-265.735617	67.848	-23.940	0.1771
0	26	tracking	-842.662422	68.667451	-265.731805	67.848	-31.940	0.1964
0	27	tracking	-842.635057	68.524393	-265.724039	67.848	-39.940	0.1473
0	28	tracking	-842.617555	68.344438	-265.709703	42.848	-47.168	0.1636
0	29	tracking	-842.605396	68.129459	-265.686257	17.848	-47.168	0.1422
0	30	tracking	-842.592954	67.882091	-265.652537	-7.152	-47.168	0.1240
0	31	tracking	-842.573907	67.605327	-265.609828	-32.152	-47.168	0.1589
0	32	tracking	-842.555310	67.290475	-265.558814	-7.152	-55.168	0.1136
0	33	tracking	-842.543113	66.939133	-265.499777	17.848	-55.963	0.1103
0	34	landing	-842.538538	66.566171	-265.427633	17.848	-47.963	0.1223
0	35	landing	-842.541286	66.174088	-265.342161	17.848	-47.963	0.0792
0	36	landing	-842.551086	65.765341	-265.243171	17.848	-47.963	0.0719
1	0	tracking	-850.645964	68.867102	-257.032114	-139.104	-4.000	0.3778
1	1	tracking	-849.991601	68.807284	-257.601772	-164.104	-0.670	0.3279
1	2	tracking	-849.422535	68.751906	-258.196524	170.896	-8.670	0.3399
1	3	tracking	-848.951149	68.710040	-258.797665	153.407	-16.670	0.3105
1	4	tracking	-848.533079	68.685017	-259.402840	178.407	-24.670	0.3142
1	5	tracking	-848.135704	68.677907	-259.999512	-156.593	-32.670	0.2824
1	6	tracking	-847.761383	68.687936	-260.584443	-159.186	-40.670	0.2776
1	7	tracking	-847.390151	68.712344	-261.142272	-134.186	-46.375	0.2627
1	8	tracking	-847.034052	68.747852	-261.683844	-150.375	-42.740	0.2570
1	9	tracking	-846.691437	68.790551	-262.210929	-150.375	-34.740	0.2475
1	10	tracking	-846.360385	68.836374	-262.725899	-150.375	-26.740	0.2659
1	11	tracking	-846.038924	68.880283	-263.231329	-150.375	-18.740	0.2468
1	12	tracking	-845.711981	68.925618	-263.710438	-125.375	-26.740	0.2283
1	13	tracking	-845.375779	68.972813	-264.145543	-100.375	-34.740	0.2254
1	14	tracking	-845.036398	69.019217	-264.522830	-75.375	-42.740	0.2120
1	15	tracking	-844.705837	69.059505	-264.835665	-50.375	-50.740	0.2250
1	16	tracking	-844.384292	69.091438	-265.093102	-51.747	-42.740	0.1937
1	17	tracking	-844.083004	69.113982	-265.293128	-26.747	-34.740	0.1866
1	18	tracking	-843.800745	69.125732	-265.443948	-26.747	-26.740	0.1846
1	19	tracking	-843.536584	69.125555	-265.553190	-26.747	-25.689	0.1745
1	20	tracking	-843.300384	69.113535	-265.623253	-1.747	-17.689	0.1803
1	21	tracking	-843.100129	69.088903	-265.661946	23.253	-9.689	0.1640
1	22	tracking	-842.935939	69.051976	-265.678117	37.878	-7.940	0.1551
1	23	tracking	-842.802291	69.003506	-265.676269	37.878	-7.940	0.1527
1	24	tracking	-842.666988	68.874762	-265.734268	62.878	-15.940	0.2537
1	25	tracking	-842.605179	68.781565	-265.735617	67.848	-23.940	0.3457
1	26	tracking	-842.562422	68.667451	-265.731805	67.848	-31.940	0.1192
1	27	tracking	-842.535057	68.524393	-265.724039	67.848	-39.940	0.1576
1	28	tracking	-842.517555	68.344438	-265.709703	42.848	-47.168	0.1177
1	29	tracking	-842.505396	68.129459	-265.686257	17.848	-47.168	0.1053
1	30	tracking	-842.492954	67.882091	-265.652537	-7.152	-47.168	0.1092
1	31	tracking	-842.473907	67.605327	-265.609828	-32.152	-47.168	0.1000
1	32	tracking	-842.455310	67.290475	-265.558814	-7.152	-55.168	0.1185
1	33	tracking	-842.443113	66.939133	-265.499777	17.848	-55.963	0.0882
1	34	landing	-842.438538	66.566171	-265.427633	17.848	-47.963	0.0635
1	35	landing	-842.441286	66.174088	-265.342161	17.848	-47.963	0.1892
1	36	landing	-842.451086	65.765341	-265.243171	17.848	-47.963	0.0656
2	0	tracking	-850.645964	68.867102	-257.032114	-139.104	-4.000	0.4497
2	1	tracking	-849.991601	68.807284	-257.601772	-164.104	-0.670	0.3209
2	2	tracking	-849.422535	68.751906	-258.196524	170.896	-8.670	3.4172
2	3	tracking	-848.951149	68.710040	-258.797665	153.407	-16.670	0.2995
2	4	tracking	-848.533079	68.685017	-259.402840	178.407	-24.670	0.3053
2	5	tracking	-848.135704	68.677907	-259.999512	-156.593	-32.670	0.3109
2	6	tracking	-847.761383	68.687936	-260.584443	-159.186	-40.670	0.3267
2	7	tracking	-847.390151	68.712344	-261.142272	-134.186	-46.375	0.2799
2	8	tracking	-847.034052	68.747852	-261.683844	-150.375	-42.740	0.2502
2	9	tracking	-846.691437	68.790551	-262.210929	-150.375	-34.740	0.2383
2	10	tracking	-846.360385	68.836374	-262.725899	-150.375	-26.740	0.2436
2	11	tracking	-846.038924	68.880283	-263.231329	-150.375	-18.740	0.2414
2	12	tracking	-845.711981	68.925618	-263.710438	-125.375	-26.740	0.2258
2	13	tracking	-845.375779	68.972813	-264.145543	-100.375	-34.740	0.2206
2	14	tracking	-845.036398	69.019217	-264.522830	-75.375	-42.740	0.2519
2	15	tracking	-844.705837	69.059505	-264.835665	-50.375	-50.740	0.2045
2	16	tracking	-844.384292	69.091438	-265.093102	-51.747	-42.740	0.2706
2	17	tracking	-844.083004	69.113982	-265.293128	-26.747	-34.740	0.4321
2	18	tracking	-843.800745	69.125732	-265.443948	-26.747	-26.740	0.4592
2	19	tracking	-843.536584	69.125555	-265.553190	-26.747	-25.689	0.2279
2	20	tracking	-843.300384	69.113535	-265.623253	-1.747	-17.689	0.1734
2	21	tracking	-843.100129	69.088903	-265.661946	23.253	-9.689	0.1759
2	22	tracking	-842.935939	69.051976	-265.678117	37.878	-7.940	0.1685
2	23	tracking	-842.802291	69.003506	-265.676269	37.878	-7.940	0.1580
2	24	tracking	-842.766988	68.974762	-265.734268	62.878	-15.940	0.1623
2	25	tracking	-842.705179	68.881565	-265.735617	67.848	-23.940	0.1384
2	26	tracking	-842.662422	68.767451	-265.731805	67.848	-31.940	0.1283
2	27	tracking	-842.635057	68.624393	-265.724039	67.848	-39.940	0.1213
2	28	tracking	-842.617555	68.444438	-265.709703	42.848	-47.168	0.1195
2	29	tracking	-842.605396	68.229459	-265.686257	17.848	-47.168	0.1148
2	30	tracking	-842.592954	67.982091	-265.652537	-7.152	-47.168	0.1224
2	31	tracking	-842.573907	67.705327	-265.609828	-32.152	-47.168	0.1116
2	32	tracking	-842.555310	67.390475	-265.558814	-7.152	-55.168	0.1057
2	33	tracking	-842.543113	67.039133	-265.499777	17.848	-55.963	0.0979
2	34	landing	-842.538538	66.666171	-265.427633	17.848	-47.963	0.0785
2	35	landing	-842.541286	66.274088	-265.342161	17.848	-47.963	0.0642
2	36	landing	-842.551086	65.865341	-265.243171	17.848	-47.963	0.0639
3	0	tracking	-850.645964	68.867102	-257.032114	-139.104	-4.000	0.6595
3	1	tracking	-849.991601	68.807284	-257.601772	-164.104	-0.670	0.7237
3	2	tracking	-849.422535	68.751906	-258.196524	170.896	-8.670	0.3481
3	3	tracking	-848.951149	68.710040	-258.797665	153.407	-16.670	0.3327
3	4	tracking	-848.533079	68.685017	-259.402840	178.407	-24.670	0.3453
3	5	tracking	-848.135704	68.677907	-259.999512	-156.593	-32.670	0.3334
3	6	tracking	-847.761383	68.687936	-260.584443	-159.186	-40.670	0.3134
3	7	tracking	-847.390151	68.712344	-261.142272	-134.186	-46.375	0.2862
3	8	tracking	-847.034052	68.747852	-261.683844	-150.375	-42.740	0.2786
3	9	tracking	-846.691437	68.790551	-262.210929	-150.375	-34.740	0.2530
3	10	tracking	-846.360385	68.836374	-262.725899	-150.375	-26.740	0.2823
3	11	tracking	-846.038924	68.880283	-263.231329	-150.375	-18.740	0.2267
3	12	tracking	-845.711981	68.925618	-263.710438	-125.375	-26.740	0.2321
3	13	tracking	-845.375779	68.972813	-264.145543	-100.375	-34.740	0.2535
3	14	tracking	-845.036398	69.019217	-264.522830	-75.375	-42.740	0.2058
3	15	tracking	-844.705837	69.059505	-264.835665	-50.375	-50.740	0.2029
3	16	tracking	-844.384292	69.091438	-265.093102	-51.747	-42.740	0.1920
3	17	tracking	-844.083004	69.113982	-265.293128	-26.747	-34.740	0.1913
3	18	tracking	-843.800745	69.125732	-265.443948	-26.747	-26.740	0.2117
3	19	tracking	-843.536584	69.125555	-265.553190	-26.747	-25.689	0.1830
3	20	tracking	-843.300384	69.113535	-265.623253	-1.747	-17.689	0.1735
3	21	tracking	-843.100129	69.088903	-265.661946	23.253	-9.689	0.1859
3	22	tracking	-842.935939	69.051976	-265.678117	37.878	-7.940	0.1785
3	23	tracking	-842.802291	69.003506	-265.676269	37.878	-7.940	0.1515
3	24	tracking	-842.666988	68.974762	-265.734268	62.878	-15.940	0.1328
3	25	tracking	-842.605179	68.881565	-265.735617	67.848	-23.940	0.1399
3	26	tracking	-842.562422	68.767451	-265.731805	67.848	-31.940	0.1075
3	27	tracking	-842.535057	68.624393	-265.724039	67.848	-39.940	0.1049
3	28	tracking	-842.517555	68.444438	-265.709703	42.848	-47.168	0.0975
3	29	tracking	-842.505396	68.229459	-265.686257	17.848	-47.168	0.0974
3	30	tracking	-842.492954	67.982091	-265.652537	-7.152	-47.168	0.0956
3	31	tracking	-842.473907	67.705327	-265.609828	-32.152	-47.168	0.0861
3	32	tracking	-842.455310	67.390475	-265.558814	-7.152	-55.168	0.0816
3	33	tracking	-842.443113	67.039133	-265.499777	17.848	-55.963	0.0774
3	34	landing	-842.438538	66.666171	-265.427633	17.848	-47.963	0.0550
3	35	landing	-842.441286	66.274088	-265.342161	17.848	-47.963	0.0594
3	36	landing	-842.451086	65.865341	-265.243171	17.848	-47.963	0.0552
4	0	tracking	-850.645964	68.867102	-257.032114	-139.104	-4.000	0.3959
4	1	tracking	-849.991601	68.807284	-257.601772	-164.104	-0.670	0.3260
4	2	tracking	-849.422535	68.751906	-258.196524	170.896	-8.670	0.3122
4	3	tracking	-848.951149	68.710040	-258.797665	153.407	-16.670	0.3434
4	4	tracking	-848.533079	68.685017	-259.402840	178.407	-24.670	0.3031
4	5	tracking	-848.135704	68.677907	-259.999512	-156.593	-32.670	0.2808
4	6	tracking	-847.761383	68.687936	-260.584443	-159.186	-40.670	0.2748
4	7	tracking	-847.390151	68.712344	-261.142272	-134.186	-46.375	0.2614
4	8	tracking	-847.034052	68.747852	-261.683844	-150.375	-42.740	0.2500
4	9	tracking	-846.691437	68.790551	-262.210929	-150.375	-34.740	0.2470
4	10	tracking	-846.360385	68.836374	-262.725899	-150.375	-26.740	0.2486
4	11	tracking	-846.038924	68.880283	-263.231329	-150.375	-18.740	0.2305
4	12	tracking	-845.711981	68.925618	-263.710438	-125.375	-26.740	0.5094
4	13	tracking	-845.375779	68.972813	-264.145543	-100.375	-34.740	0.4410
4	14	tracking	-845.036398	69.019217	-264.522830	-75.375	-42.740	0.3944
4	15	tracking	-844.705837	69.059505	-264.835665	-50.375	-50.740	0.2600
4	16	tracking	-844.384292	69.091438	-265.093102	-51.747	-42.740	0.1993
4	17	tracking	-844.083004	69.113982	-265.293128	-26.747	-34.740	0.1834
4	18	tracking	-843.800745	69.125732	-265.443948	-26.747	-26.740	0.1756
4	19	tracking	-843.536584	69.125555	-265.553190	-26.747	-25.689	0.1705
4	20	tracking	-843.300384	69.113535	-265.623253	-1.747	-17.689	0.1675
4	21	tracking	-843.100129	69.088903	-265.661946	23.253	-9.689	0.1612
4	22	tracking	-842.935939	69.051976	-265.678117	37.878	-7.940	0.1532
4	23	tracking	-842.802291	69.003506	-265.676269	37.878	-7.940	0.1594
4	24	tracking	-842.766988	68.874762	-265.634268	62.878	-15.940	0.1369
4	25	tracking	-842.705179	68.781565	-265.635617	67.848	-23.940	0.1274
4	26	tracking	-842.662422	68.667451	-265.631805	67.848	-31.940	0.1478
4	27	tracking	-842.635057	68.524393	-265.624039	67.848	-39.940	0.1423
4	28	tracking	-842.617555	68.344438	-265.609703	42.848	-47.168	0.1203
4	29	tracking	-842.605396	68.129459	-265.586257	17.848	-47.168	0.1172
4	30	tracking	-842.592954	67.882091	-265.552537	-7.152	-47.168	0.1166
4	31	tracking	-842.573907	67.605327	-265.509828	-32.152	-47.168	0.1079
4	32	tracking	-842.555310	67.290475	-265.458814	-7.152	-55.168	0.0906
4	33	tracking	-842.543113	66.939133	-265.399777	17.848	-55.963	0.0887
4	34	landing	-842.538538	66.566171	-265.327633	17.848	-47.963	0.0618
4	35	landing	-842.541286	66.174088	-265.242161	17.848	-47.963	0.0549
4	36	landing	-842.551086	65.765341	-265.143171	17.848	-47.963	0.0522
5	0	tracking	-850.645964	68.867102	-257.032114	-139.104	-4.000	0.3724
5	1	tracking	-849.991601	68.807284	-257.601772	-164.104	-0.670	0.6693
5	2	tracking	-849.422535	68.751906	-258.196524	170.896	-8.670	0.6107
5	3	tracking	-848.951149	68.710040	-258.797665	153.407	-16.670	0.3124
5	4	tracking	-848.533079	68.685017	-259.402840	178.407	-24.670	0.2710
5	5	tracking	-848.135704	68.677907	-259.999512	-156.593	-32.670	0.2598
5	6	tracking	-847.761383	68.687936	-260.584443	-159.186	-40.670	0.2540
5	7	tracking	-847.390151	68.712344	-261.142272	-134.186	-46.375	0.2689
5	8	tracking	-847.034052	68.747852	-261.683844	-150.375	-42.740	0.2719
5	9	tracking	-846.691437	68.790551	-262.210929	-150.375	-34.740	0.2410
5	10	tracking	-846.360385	68.836374	-262.725899	-150.375	-26.740	0.2209
5	11	tracking	-846.038924	68.880283	-263.231329	-150.375	-18.740	0.2162
5	12	tracking	-845.711981	68.925618	-263.710438	-125.375	-26.740	0.2698
5	13	tracking	-845.375779	68.972813	-264.145543	-100.375	-34.740	0.1880
5	14	tracking	-845.036398	69.019217	-264.522830	-75.375	-42.740	0.1802
5	15	tracking	-844.705837	69.059505	-264.835665	-50.375	-50.740	0.1739
5	16	tracking	-844.384292	69.091438	-265.093102	-51.747	-42.740	0.3063
5	17	tracking	-844.083004	69.113982	-265.293128	-26.747	-34.740	0.2269
5	18	tracking	-843.800745	69.125732	-265.443948	-26.747	-26.740	0.2212
5	19	tracking	-843.536584	69.125555	-265.553190	-26.747	-25.689	0.2099
5	20	tracking	-843.300384	69.113535	-265.623253	-1.747	-17.689	0.1853
5	21	tracking	-843.100129	69.088903	-265.661946	23.253	-9.689	0.2394
5	22	tracking	-842.935939	69.051976	-265.678117	37.878	-7.940	0.1393
5	23	tracking	-842.802291	69.003506	-265.676269	37.878	-7.940	0.1846
5	24	tracking	-842.666988	68.874762	-265.634268	62.878	-15.940	0.2636
5	25	tracking	-842.605179	68.781565	-265.635617	67.848	-23.940	0.1004
5	26	tracking	-842.562422	68.667451	-265.631805	67.848	-31.940	0.0908
5	27	tracking	-842.535057	68.524393	-265.624039	67.848	-39.940	0.0848
5	28	tracking	-842.517555	68.344438	-265.609703	42.848	-47.168	0.0935
5	29	tracking	-842.505396	68.129459	-265.586257	17.848	-47.168	0.0875
5	30	tracking	-842.492954	67.882091	-265.552537	-7.152	-47.168	0.0877
5	31	tracking	-842.473907	67.605327	-265.509828	-32.152	-47.168	0.0788
5	32	tracking	-842.455310	67.290475	-265.458814	-7.152	-55.168	0.1257
5	33	tracking	-842.443113	66.939133	-265.399777	17.848	-55.963	0.0754
5	34	landing	-842.438538	66.566171	-265.327633	17.848	-47.963	0.0530
5	35	landing	-842.441286	66.174088	-265.242161	17.848	-47.963	0.0488
5	36	landing	-842.451086	65.765341	-265.143171	17.848	-47.963	0.0424
6	0	tracking	-850.645964	68.867102	-257.032114	-139.104	-4.000	0.3620
6	1	tracking	-849.991601	68.807284	-257.601772	-164.104	-0.670	0.2813
6	2	tracking	-849.422535	68.751906	-258.196524	170.896	-8.670	0.2683
6	3	tracking	-848.951149	68.710040	-258.797665	153.407	-16.670	0.2488
6	4	tracking	-848.533079	68.685017	-259.402840	178.407	-24.670	0.2362
6	5	tracking	-848.135704	68.677907	-259.999512	-156.593	-32.670	0.2295
6	6	tracking	-847.761383	68.687936	-260.584443	-159.186	-40.670	0.2353
6	7	tracking	-847.390151	68.712344	-261.142272	-134.186	-46.375	0.2180
6	8	tracking	-847.034052	68.747852	-261.683844	-150.375	-42.740	0.2071
6	9	tracking	-846.691437	68.790551	-262.210929	-150.375	-34.740	0.1995
6	10	tracking	-846.360385	68.836374	-262.725899	-150.375	-26.740	0.1997
6	11	tracking	-846.038924	68.880283	-263.231329	-150.375	-18.740	0.1966
6	12	tracking	-845.711981	68.925618	-263.710438	-125.375	-26.740	0.1851
6	13	tracking	-845.375779	68.972813	-264.145543	-100.375	-34.740	0.1816
6	14	tracking	-845.036398	69.019217	-264.522830	-75.375	-42.740	0.2246
6	15	tracking	-844.705837	69.059505	-264.835665	-50.375	-50.740	0.1862
6	16	tracking	-844.384292	69.091438	-265.093102	-51.747	-42.740	0.1648
6	17	tracking	-844.083004	69.113982	-265.293128	-26.747	-34.740	0.1872
6	18	tracking	-843.800745	69.125732	-265.443948	-26.747	-26.740	0.1478
6	19	tracking	-843.536584	69.125555	-265.553190	-26.747	-25.689	0.1517
6	20	tracking	-843.300384	69.113535	-265.623253	-1.747	-17.689	0.1317
6	21	tracking	-843.100129	69.088903	-265.661946	23.253	-9.689	0.1291
6	22	tracking	-842.935939	69.051976	-265.678117	37.878	-7.940	0.1214
6	23	tracking	-842.802291	69.003506	-265.676269	37.878	-7.940	0.1336
6	24	tracking	-842.766988	68.974762	-265.634268	62.878	-15.940	0.1142
6	25	tracking	-842.705179	68.881565	-265.635617	67.848	-23.940	0.1215
6	26	tracking	-842.662422	68.767451	-265.631805	67.848	-31.940	0.1248
6	27	tracking	-842.635057	68.624393	-265.624039	67.848	-39.940	0.0957
6	28	tracking	-842.617555	68.444438	-265.609703	42.848	-47.168	0.0928
6	29	tracking	-842.605396	68.229459	-265.586257	17.848	-47.168	0.1125
6	30	tracking	-842.592954	67.982091	-265.552537	-7.152	-47.168	0.0897
6	31	tracking	-842.573907	67.705327	-265.509828	-32.152	-47.168	0.0871
6	32	tracking	-842.555310	67.390475	-265.458814	-7.152	-55.168	0.0793
6	33	tracking	-842.543113	67.039133	-265.399777	17.848	-55.963	0.0751
6	34	landing	-842.538538	66.666171	-265.327633	17.848	-47.963	0.0522
6	35	landing	-842.541286	66.274088	-265.242161	17.848	-47.963	0.0496
6	36	landing	-842.551086	65.865341	-265.143171	17.848	-47.963	0.0490
7	0	tracking	-850.645964	68.867102	-257.032114	-139.104	-4.000	2.4694
7	1	tracking	-849.991601	68.807284	-257.601772	-164.104	-0.670	0.5331
7	2	tracking	-849.422535	68.751906	-258.196524	170.896	-8.670	0.5172
7	3	tracking	-848.951149	68.710040	-258.797665	153.407	-16.670	0.4314
7	4	tracking	-848.533079	68.685017	-259.402840	178.407	-24.670	0.2465
7	5	tracking	-848.135704	68.677907	-259.999512	-156.593	-32.670	0.2360
7	6	tracking	-847.761383	68.687936	-260.584443	-159.186	-40.670	0.2121
7	7	tracking	-847.390151	68.712344	-261.142272	-134.186	-46.375	0.2059
7	8	tracking	-847.034052	68.747852	-261.683844	-150.375	-42.740	0.1972
7	9	tracking	-846.691437	68.790551	-262.210929	-150.375	-34.740	0.1956
7	10	tracking	-846.360385	68.836374	-262.725899	-150.375	-26.740	0.2095
7	11	tracking	-846.038924	68.880283	-263.231329	-150.375	-18.740	0.2235
7	12	tracking	-845.711981	68.925618	-263.710438	-125.375	-26.740	0.1924
7	13	tracking	-845.375779	68.972813	-264.145543	-100.375	-34.740	0.1796
7	14	tracking	-845.036398	69.019217	-264.522830	-75.375	-42.740	0.1693
7	15	tracking	-844.705837	69.059505	-264.835665	-50.375	-50.740	0.1680
7	16	tracking	-844.384292	69.091438	-265.093102	-51.747	-42.740	0.2018
7	17	tracking	-844.083004	69.113982	-265.293128	-26.747	-34.740	0.1508
7	18	tracking	-843.800745	69.125732	-265.443948	-26.747	-26.740	0.1408
7	19	tracking	-843.536584	69.125555	-265.553190	-26.747	-25.689	0.1353
7	20	tracking	-843.300384	69.113535	-265.623253	-1.747	-17.689	0.1847
7	21	tracking	-843.100129	69.088903	-265.661946	23.253	-9.689	0.1259
7	22	tracking	-842.935939	69.051976	-265.678117	37.878	-7.940	0.1207
7	23	tracking	-842.802291	69.003506	-265.676269	37.878	-7.940	0.1161
7	24	tracking	-842.666988	68.974762	-265.634268	62.878	-15.940	0.0906
7	25	tracking	-842.605179	68.881565	-265.635617	67.848	-23.940	0.0876
7	26	tracking	-842.562422	68.767451	-265.631805	67.848	-31.940	0.0804
7	27	tracking	-842.535057	68.624393	-265.624039	67.848	-39.940	0.0773
7	28	tracking	-842.517555	68.444438	-265.609703	42.848	-47.168	0.0728
7	29	tracking	-842.505396	68.229459	-265.586257	17.848	-47.168	0.0694
7	30	tracking	-842.492954	67.982091	-265.552537	-7.152	-47.168	0.0700
7	31	tracking	-842.473907	67.705327	-265.509828	-32.152	-47.168	0.0680
7	32	tracking	-842.455310	67.390475	-265.458814	-7.152	-55.168	0.0619
7	33	tracking	-842.443113	67.039133	-265.399777	17.848	-55.963	0.0612
7	34	landing	-842.438538	66.666171	-265.327633	17.848	-47.963	0.0494
7	35	landing	-842.441286	66.274088	-265.242161	17.848	-47.963	0.0396
7	36	landing	-842.451086	65.865341	-265.143171	17.848	-47.963	0.0368
8	0	tracking	-850.645964	68.867102	-257.032114	-139.104	-4.000	0.3575
8	1	tracking	-849.991601	68.807284	-257.601772	-164.104	-0.670	0.2948
8	2	tracking	-849.422535	68.751906	-258.196524	170.896	-8.670	0.2870
8	3	tracking	-848.951149	68.710040	-258.797665	153.407	-16.670	0.2702
8	4	tracking	-848.533079	68.685017	-259.402840	178.407	-24.670	0.3189
8	5	tracking	-848.135704	68.677907	-259.999512	-156.593	-32.670	0.3651
8	6	tracking	-847.761383	68.687936	-260.584443	-159.186	-40.670	0.2675
8	7	tracking	-847.390151	68.712344	-261.142272	-134.186	-46.375	0.2248
8	8	tracking	-847.034052	68.747852	-261.683844	-150.375	-42.740	0.2314
8	9	tracking	-846.691437	68.790551	-262.210929	-150.375	-34.740	0.2286
8	10	tracking	-846.360385	68.836374	-262.725899	-150.375	-26.740	0.2085
8	11	tracking	-846.038924	68.880283	-263.231329	-150.375	-18.740	0.1917
8	12	tracking	-845.711981	68.925618	-263.710438	-125.375	-26.740	0.1819
8	13	tracking	-845.375779	68.972813	-264.145543	-100.375	-34.740	0.1743
8	14	tracking	-845.036398	69.019217	-264.522830	-75.375	-42.740	0.1843
8	15	tracking	-844.705837	69.059505	-264.835665	-50.375	-50.740	0.1632
8	16	tracking	-844.384292	69.091438	-265.093102	-51.747	-42.740	0.1576
8	17	tracking	-844.083004	69.113982	-265.293128	-26.747	-34.740	0.1593
8	18	tracking	-843.800745	69.125732	-265.443948	-26.747	-26.740	0.1498
8	19	tracking	-843.536584	69.125555	-265.553190	-26.747	-25.689	0.1618
8	20	tracking	-843.300384	69.113535	-265.623253	-1.747	-17.689	0.1509
8	21	tracking	-843.100129	69.088903	-265.661946	23.253	-9.689	0.1375
8	22	tracking	-842.935939	69.051976	-265.678117	37.878	-7.940	0.1506
8	23	tracking	-842.802291	69.003506	-265.676269	37.878	-7.940	0.1208
8	24	tracking	-842.734495	68.876127	-265.732657	62.878	-15.940	0.1083
8	25	tracking	-842.646169	68.785800	-265.731578	67.848	-23.940	0.1111
8	26	tracking	-842.581581	68.676055	-265.724872	67.848	-31.940	0.0963
8	27	tracking	-842.536106	68.538800	-265.713982	67.848	-39.940	0.0959
8	28	tracking	-842.503212	68.365953	-265.696059	42.848	-47.168	0.0853
8	29	tracking	-842.477581	68.158983	-265.668667	17.848	-47.168	0.0829
8	30	tracking	-842.453075	67.920122	-265.630956	-7.152	-47.168	0.0769
8	31	tracking	-842.423116	67.652140	-265.584430	-32.152	-47.168	0.0839
8	32	tracking	-842.394753	67.346498	-265.529674	-7.152	-55.168	0.0817
8	33	tracking	-842.373934	67.004664	-265.467062	17.848	-55.963	0.0735
8	34	landing	-842.361686	66.641132	-265.391701	17.848	-47.963	0.0598
8	35	landing	-842.357572	66.258256	-265.303439	17.848	-47.963	0.0522
8	36	landing	-842.361209	65.858391	-265.202119	17.848	-47.963	0.0478
9	0	tracking	-850.645964	68.867102	-257.032114	-139.104	-4.000	0.3600
9	1	tracking	-849.991601	68.807284	-257.601772	-164.104	-0.670	0.2936
9	2	tracking	-849.422535	68.751906	-258.196524	170.896	-8.670	0.2570
9	3	tracking	-848.951149	68.710040	-258.797665	153.407	-16.670	0.2458
9	4	tracking	-848.533079	68.685017	-259.402840	178.407	-24.670	0.2349
9	5	tracking	-848.135704	68.677907	-259.999512	-156.593	-32.670	0.2269
9	6	tracking	-847.761383	68.687936	-260.584443	-159.186	-40.670	0.2380
9	7	tracking	-847.390151	68.712344	-261.142272	-134.186	-46.375	0.2130
9	8	tracking	-847.034052	68.747852	-261.683844	-150.375	-42.740	0.2077
9	9	tracking	-846.691437	68.790551	-262.210929	-150.375	-34.740	0.2055
9	10	tracking	-846.360385	68.836374	-262.725899	-150.375	-26.740	0.1919
9	11	tracking	-846.038924	68.880283	-263.231329	-150.375	-18.740	0.1906
9	12	tracking	-845.711981	68.925618	-263.710438	-125.375	-26.740	0.1911
9	13	tracking	-845.375779	68.972813	-264.145543	-100.375	-34.740	0.1723
9	14	tracking	-845.036398	69.019217	-264.522830	-75.375	-42.740	0.1652
9	15	tracking	-844.705837	69.059505	-264.835665	-50.375	-50.740	0.1769
9	16	tracking	-844.384292	69.091438	-265.093102	-51.747	-42.740	0.1684
9	17	tracking	-844.083004	69.113982	-265.293128	-26.747	-34.740	0.1477
9	18	tracking	-843.800745	69.125732	-265.443948	-26.747	-26.740	0.1406
9	19	tracking	-843.536584	69.125555	-265.553190	-26.747	-25.689	0.1509
9	20	tracking	-843.300384	69.113535	-265.623253	-1.747	-17.689	0.1299
9	21	tracking	-843.100129	69.088903	-265.661946	23.253	-9.689	0.2179
9	22	tracking	-842.935939	69.051976	-265.678117	37.878	-7.940	0.1302
9	23	tracking	-842.802291	69.003506	-265.676269	37.878	-7.940	0.1192
9	24	tracking	-842.634495	68.876127	-265.732657	62.878	-15.940	0.1173
9	25	tracking	-842.546169	68.785800	-265.731578	67.848	-23.940	0.1036
9	26	tracking	-842.481581	68.676055	-265.724872	67.848	-31.940	0.0967
9	27	tracking	-842.436106	68.538800	-265.713982	67.848	-39.940	0.1049
9	28	tracking	-842.403212	68.365953	-265.696059	42.848	-47.168	0.0905
9	29	tracking	-842.377581	68.158983	-265.668667	17.848	-47.168	0.0877
9	30	tracking	-842.353075	67.920122	-265.630956	-7.152	-47.168	0.0836
9	31	tracking	-842.323116	67.652140	-265.584430	-32.152	-47.168	0.0787
9	32	tracking	-842.294753	67.346498	-265.529674	-7.152	-55.168	0.0720
9	33	tracking	-842.273934	67.004664	-265.467062	17.848	-55.963	0.0653
9	34	landing	-842.261686	66.641132	-265.391701	17.848	-47.963	0.0564
9	35	landing	-842.257572	66.258256	-265.303439	17.848	-47.963	0.0499
9	36	landing	-842.261209	65.858391	-265.202119	17.848	-47.963	0.0462
10	0	tracking	-850.645964	68.867102	-257.032114	-139.104	-4.000	0.3350
10	1	tracking	-849.991601	68.807284	-257.601772	-164.104	-0.670	0.2764
10	2	tracking	-849.422535	68.751906	-258.196524	170.896	-8.670	0.2712
10	3	tracking	-848.951149	68.710040	-258.797665	153.407	-16.670	0.2736
10	4	tracking	-848.533079	68.685017	-259.402840	178.407	-24.670	0.2420
10	5	tracking	-848.135704	68.677907	-259.999512	-156.593	-32.670	0.2280
10	6	tracking	-847.761383	68.687936	-260.584443	-159.186	-40.670	0.2227
10	7	tracking	-847.390151	68.712344	-261.142272	-134.186	-46.375	0.2212
10	8	tracking	-847.034052	68.747852	-261.683844	-150.375	-42.740	0.2198
10	9	tracking	-846.691437	68.790551	-262.210929	-150.375	-34.740	0.2058
10	10	tracking	-846.360385	68.836374	-262.725899	-150.375	-26.740	0.2096
10	11	tracking	-846.038924	68.880283	-263.231329	-150.375	-18.740	0.1951
10	12	tracking	-845.711981	68.925618	-263.710438	-125.375	-26.740	0.1842
10	13	tracking	-845.375779	68.972813	-264.145543	-100.375	-34.740	0.1984
10	14	tracking	-845.036398	69.019217	-264.522830	-75.375	-42.740	0.5683
10	15	tracking	-844.705837	69.059505	-264.835665	-50.375	-50.740	0.2875
10	16	tracking	-844.384292	69.091438	-265.093102	-51.747	-42.740	0.2466
10	17	tracking	-844.083004	69.113982	-265.293128	-26.747	-34.740	0.2321
10	18	tracking	-843.800745	69.125732	-265.443948	-26.747	-26.740	0.2489
10	19	tracking	-843.536584	69.125555	-265.553190	-26.747	-25.689	0.3359
10	20	tracking	-843.300384	69.113535	-265.623253	-1.747	-17.689	0.2091
10	21	tracking	-843.100129	69.088903	-265.661946	23.253	-9.689	0.1921
10	22	tracking	-842.935939	69.051976	-265.678117	37.878	-7.940	0.1811
10	23	tracking	-842.802291	69.003506	-265.676269	37.878	-7.940	0.1883
10	24	tracking	-842.734495	68.976127	-265.732657	62.878	-15.940	0.1623
10	25	tracking	-842.646169	68.885800	-265.731578	67.848	-23.940	0.1515
10	26	tracking	-842.581581	68.776055	-265.724872	67.848	-31.940	0.1420
10	27	tracking	-842.536106	68.638800	-265.713982	67.848	-39.940	0.1634
10	28	tracking	-842.503212	68.465953	-265.696059	42.848	-47.168	0.1505
10	29	tracking	-842.477581	68.258983	-265.668667	17.848	-47.168	0.1316
10	30	tracking	-842.453075	68.020122	-265.630956	-7.152	-47.168	0.1238
10	31	tracking	-842.423116	67.752140	-265.584430	-32.152	-47.168	0.1169
10	32	tracking	-842.394753	67.446498	-265.529674	-7.152	-55.168	0.1027
10	33	tracking	-842.373934	67.104664	-265.467062	17.848	-55.963	0.0972
10	34	landing	-842.361686	66.741132	-265.391701	17.848	-47.963	0.0814
10	35	landing	-842.357572	66.358256	-265.303439	17.848	-47.963	0.0784
10	36	landing	-842.361209	65.958391	-265.202119	17.848	-47.963	0.0672
11	0	tracking	-850.645964	68.867102	-257.032114	-139.104	-4.000	0.5653
11	1	tracking	-849.991601	68.807284	-257.601772	-164.104	-0.670	0.4300
11	2	tracking	-849.422535	68.751906	-258.196524	170.896	-8.670	0.3972
11	3	tracking	-848.951149	68.710040	-258.797665	153.407	-16.670	0.4014
11	4	tracking	-848.533079	68.685017	-259.402840	178.407	-24.670	0.3822
11	5	tracking	-848.135704	68.677907	-259.999512	-156.593	-32.670	0.3643
11	6	tracking	-847.761383	68.687936	-260.584443	-159.186	-40.670	0.3576
11	7	tracking	-847.390151	68.712344	-261.142272	-134.186	-46.375	0.3378
11	8	tracking	-847.034052	68.747852	-261.683844	-150.375	-42.740	0.3388
11	9	tracking	-846.691437	68.790551	-262.210929	-150.375	-34.740	0.3257
11	10	tracking	-846.360385	68.836374	-262.725899	-150.375	-26.740	0.3547
11	11	tracking	-846.038924	68.880283	-263.231329	-150.375	-18.740	0.3768
11	12	tracking	-845.711981	68.925618	-263.710438	-125.375	-26.740	0.3020
11	13	tracking	-845.375779	68.972813	-264.145543	-100.375	-34.740	0.2925
11	14	tracking	-845.036398	69.019217	-264.522830	-75.375	-42.740	0.2804
11	15	tracking	-844.705837	69.059505	-264.835665	-50.375	-50.740	0.2740
11	16	tracking	-844.384292	69.091438	-265.093102	-51.747	-42.740	0.2851
11	17	tracking	-844.083004	69.113982	-265.293128	-26.747	-34.740	0.2459
11	18	tracking	-843.800745	69.125732	-265.443948	-26.747	-26.740	0.2254
11	19	tracking	-843.536584	69.125555	-265.553190	-26.747	-25.689	0.2991
11	20	tracking	-843.300384	69.113535	-265.623253	-1.747	-17.689	0.2009
11	21	tracking	-843.100129	69.088903	-265.661946	23.253	-9.689	0.1872
11	22	tracking	-842.935939	69.051976	-265.678117	37.878	-7.940	0.1732
11	23	tracking	-842.802291	69.003506	-265.676269	37.878	-7.940	0.1652
11	24	tracking	-842.634495	68.976127	-265.732657	62.878	-15.940	0.2234
11	25	tracking	-842.546169	68.885800	-265.731578	67.848	-23.940	0.1651
11	26	tracking	-842.481581	68.776055	-265.724872	67.848	-31.940	0.1509
11	27	tracking	-842.436106	68.638800	-265.713982	67.848	-39.940	0.1322
11	28	tracking	-842.403212	68.465953	-265.696059	42.848	-47.168	0.1229
11	29	tracking	-842.377581	68.258983	-265.668667	17.848	-47.168	0.1183
11	30	tracking	-842.353075	68.020122	-265.630956	-7.152	-47.168	0.1081
11	31	tracking	-842.323116	67.752140	-265.584430	-32.152	-47.168	0.1051
11	32	tracking	-842.294753	67.446498	-265.529674	-7.152	-55.168	0.0950
11	33	tracking	-842.273934	67.104664	-265.467062	17.848	-55.963	0.1059
11	34	landing	-842.261686	66.741132	-265.391701	17.848	-47.963	0.0782
11	35	landing	-842.257572	66.358256	-265.303439	17.848	-47.963	0.0686
11	36	landing	-842.261209	65.958391	-265.202119	17.848	-47.963	0.0618
12	0	tracking	-850.645964	68.867102	-257.032114	-139.104	-4.000	0.5478
12	1	tracking	-849.991601	68.807284	-257.601772	-164.104	-0.670	0.4496
12	2	tracking	-849.422535	68.751906	-258.196524	170.896	-8.670	0.5092
12	3	tracking	-848.951149	68.710040	-258.797665	153.407	-16.670	0.4593
12	4	tracking	-848.533079	68.685017	-259.402840	178.407	-24.670	0.3932
12	5	tracking	-848.135704	68.677907	-259.999512	-156.593	-32.670	0.5197
12	6	tracking	-847.761383	68.687936	-260.584443	-159.186	-40.670	0.3390
12	7	tracking	-847.390151	68.712344	-261.142272	-134.186	-46.375	0.3245
12	8	tracking	-847.034052	68.747852	-261.683844	-150.375	-42.740	0.3257
12	9	tracking	-846.691437	68.790551	-262.210929	-150.375	-34.740	0.3023
12	10	tracking	-846.360385	68.836374	-262.725899	-150.375	-26.740	0.2930
12	11	tracking	-846.038924	68.880283	-263.231329	-150.375	-18.740	0.3940
12	12	tracking	-845.711981	68.925618	-263.710438	-125.375	-26.740	0.3523
12	13	tracking	-845.375779	68.972813	-264.145543	-100.375	-34.740	0.2677
12	14	tracking	-845.036398	69.019217	-264.522830	-75.375	-42.740	0.3277
12	15	tracking	-844.705837	69.059505	-264.835665	-50.375	-50.740	0.2389
12	16	tracking	-844.384292	69.091438	-265.093102	-51.747	-42.740	0.2290
12	17	tracking	-844.083004	69.113982	-265.293128	-26.747	-34.740	0.2347
12	18	tracking	-843.800745	69.125732	-265.443948	-26.747	-26.740	0.2052
12	19	tracking	-843.536584	69.125555	-265.553190	-26.747	-25.689	0.2058
12	20	tracking	-843.300384	69.113535	-265.623253	-1.747	-17.689	0.2619
12	21	tracking	-843.100129	69.088903	-265.661946	23.253	-9.689	0.3716
12	22	tracking	-842.935939	69.051976	-265.678117	37.878	-7.940	0.2297
12	23	tracking	-842.802291	69.003506	-265.676269	37.878	-7.940	0.1808
12	24	tracking	-842.734495	68.876127	-265.632657	62.878	-15.940	0.1652
12	25	tracking	-842.646169	68.785800	-265.631578	67.848	-23.940	0.1539
12	26	tracking	-842.581581	68.676055	-265.624872	67.848	-31.940	0.1701
12	27	tracking	-842.536106	68.538800	-265.613982	67.848	-39.940	0.1420
12	28	tracking	-842.503212	68.365953	-265.596059	42.848	-47.168	0.1465
12	29	tracking	-842.477581	68.158983	-265.568667	17.848	-47.168	0.1351
12	30	tracking	-842.453075	67.920122	-265.530956	-7.152	-47.168	0.1216
12	31	tracking	-842.423116	67.652140	-265.484430	-32.152	-47.168	0.1043
12	32	tracking	-842.394753	67.346498	-265.429674	-7.152	-55.168	0.1004
12	33	tracking	-842.373934	67.004664	-265.367062	17.848	-55.963	0.0950
12	34	landing	-842.361686	66.641132	-265.291701	17.848	-47.963	0.0811
12	35	landing	-842.357572	66.258256	-265.203439	17.848	-47.963	0.0689
12	36	landing	-842.361209	65.858391	-265.102119	17.848	-47.963	0.0710
13	0	tracking	-850.645964	68.867102	-257.032114	-139.104	-4.000	0.5245
13	1	tracking	-849.991601	68.807284	-257.601772	-164.104	-0.670	0.4990
13	2	tracking	-849.422535	68.751906	-258.196524	170.896	-8.670	0.3871
13	3	tracking	-848.951149	68.710040	-258.797665	153.407	-16.670	0.3732
13	4	tracking	-848.533079	68.685017	-259.402840	178.407	-24.670	0.3486
13	5	tracking	-848.135704	68.677907	-259.999512	-156.593	-32.670	0.3328
13	6	tracking	-847.761383	68.687936	-260.584443	-159.186	-40.670	0.3384
13	7	tracking	-847.390151	68.712344	-261.142272	-134.186	-46.375	0.3348
13	8	tracking	-847.034052	68.747852	-261.683844	-150.375	-42.740	0.3180
13	9	tracking	-846.691437	68.790551	-262.210929	-150.375	-34.740	0.3366
13	10	tracking	-846.360385	68.836374	-262.725899	-150.375	-26.740	0.3128
13	11	tracking	-846.038924	68.880283	-263.231329	-150.375	-18.740	0.2738
13	12	tracking	-845.711981	68.925618	-263.710438	-125.375	-26.740	0.2614
13	13	tracking	-845.375779	68.972813	-264.145543	-100.375	-34.740	0.2449
13	14	tracking	-845.036398	69.019217	-264.522830	-75.375	-42.740	0.2412
13	15	tracking	-844.705837	69.059505	-264.835665	-50.375	-50.740	0.2563
13	16	tracking	-844.384292	69.091438	-265.093102	-51.747	-42.740	0.2462
13	17	tracking	-844.083004	69.113982	-265.293128	-26.747	-34.740	0.2165
13	18	tracking	-843.800745	69.125732	-265.443948	-26.747	-26.740	0.2025
13	19	tracking	-843.536584	69.125555	-265.553190	-26.747	-25.689	0.1935
13	20	tracking	-843.300384	69.113535	-265.623253	-1.747	-17.689	0.1781
13	21	tracking	-843.100129	69.088903	-265.661946	23.253	-9.689	0.1694
13	22	tracking	-842.935939	69.051976	-265.678117	37.878	-7.940	0.1582
13	23	tracking	-842.802291	69.003506	-265.676269	37.878	-7.940	0.1488
13	24	tracking	-842.634495	68.876127	-265.632657	62.878	-15.940	0.1425
13	25	tracking	-842.546169	68.785800	-265.631578	67.848	-23.940	0.1313
13	26	tracking	-842.481581	68.676055	-265.624872	67.848	-31.940	0.1365
13	27	tracking	-842.436106	68.538800	-265.613982	67.848	-39.940	0.1228
13	28	tracking	-842.403212	68.365953	-265.596059	42.848	-47.168	0.1193
13	29	tracking	-842.377581	68.158983	-265.568667	17.848	-47.168	0.1159
13	30	tracking	-842.353075	67.920122	-265.530956	-7.152	-47.168	0.1141
13	31	tracking	-842.323116	67.652140	-265.484430	-32.152	-47.168	0.0945
13	32	tracking	-842.294753	67.346498	-265.429674	-7.152	-55.168	0.0940
13	33	tracking	-842.273934	67.004664	-265.367062	17.848	-55.963	0.0831
13	34	landing	-842.261686	66.641132	-265.291701	17.848	-47.963	0.0726
13	35	landing	-842.257572	66.258256	-265.203439	17.848	-47.963	0.0688
13	36	landing	-842.261209	65.858391	-265.102119	17.848	-47.963	0.0570
14	0	tracking	-850.645964	68.867102	-257.032114	-139.104	-4.000	0.5014
14	1	tracking	-849.991601	68.807284	-257.601772	-164.104	-0.670	0.4148
14	2	tracking	-849.422535	68.751906	-258.196524	170.896	-8.670	0.3644
14	3	tracking	-848.951149	68.710040	-258.797665	153.407	-16.670	0.3828
14	4	tracking	-848.533079	68.685017	-259.402840	178.407	-24.670	0.3395
14	5	tracking	-848.135704	68.677907	-259.999512	-156.593	-32.670	0.3243
14	6	tracking	-847.761383	68.687936	-260.584443	-159.186	-40.670	0.3105
14	7	tracking	-847.390151	68.712344	-261.142272	-134.186	-46.375	0.3021
14	8	tracking	-847.034052	68.747852	-261.683844	-150.375	-42.740	0.2899
14	9	tracking	-846.691437	68.790551	-262.210929	-150.375	-34.740	0.2989
14	10	tracking	-846.360385	68.836374	-262.725899	-150.375	-26.740	0.2766
14	11	tracking	-846.038924	68.880283	-263.231329	-150.375	-18.740	0.2636
14	12	tracking	-845.711981	68.925618	-263.710438	-125.375	-26.740	0.3086
14	13	tracking	-845.375779	68.972813	-264.145543	-100.375	-34.740	0.2391
14	14	tracking	-845.036398	69.019217	-264.522830	-75.375	-42.740	0.2283
14	15	tracking	-844.705837	69.059505	-264.835665	-50.375	-50.740	0.2156
14	16	tracking	-844.384292	69.091438	-265.093102	-51.747	-42.740	0.3491
14	17	tracking	-844.083004	69.113982	-265.293128	-26.747	-34.740	0.2231
14	18	tracking	-843.800745	69.125732	-265.443948	-26.747	-26.740	0.4184
14	19	tracking	-843.536584	69.125555	-265.553190	-26.747	-25.689	0.4689
14	20	tracking	-843.300384	69.113535	-265.623253	-1.747	-17.689	0.3467
14	21	tracking	-843.100129	69.088903	-265.661946	23.253	-9.689	0.3028
14	22	tracking	-842.935939	69.051976	-265.678117	37.878	-7.940	0.2904
14	23	tracking	-842.802291	69.003506	-265.676269	37.878	-7.940	0.1616
14	24	tracking	-842.734495	68.976127	-265.632657	62.878	-15.940	0.1346
14	25	tracking	-842.646169	68.885800	-265.631578	67.848	-23.940	0.1419
14	26	tracking	-842.581581	68.776055	-265.624872	67.848	-31.940	0.1149
14	27	tracking	-842.536106	68.638800	-265.613982	67.848	-39.940	0.1118
14	28	tracking	-842.503212	68.465953	-265.596059	42.848	-47.168	0.0998
14	29	tracking	-842.477581	68.258983	-265.568667	17.848	-47.168	0.1016
14	30	tracking	-842.453075	68.020122	-265.530956	-7.152	-47.168	0.0980
14	31	tracking	-842.423116	67.752140	-265.484430	-32.152	-47.168	0.1029
14	32	tracking	-842.394753	67.446498	-265.429674	-7.152	-55.168	0.1085
14	33	tracking	-842.373934	67.104664	-265.367062	17.848	-55.963	0.1056
14	34	landing	-842.361686	66.741132	-265.291701	17.848	-47.963	0.1207
14	35	landing	-842.357572	66.358256	-265.203439	17.848	-47.963	0.0620
14	36	landing	-842.361209	65.958391	-265.102119	17.848	-47.963	0.0520
15	0	tracking	-850.645964	68.867102	-257.032114	-139.104	-4.000	0.4385
15	1	tracking	-849.991601	68.807284	-257.601772	-164.104	-0.670	0.3632
15	2	tracking	-849.422535	68.751906	-258.196524	170.896	-8.670	0.3464
15	3	tracking	-848.951149	68.710040	-258.797665	153.407	-16.670	0.3417
15	4	tracking	-848.533079	68.685017	-259.402840	178.407	-24.670	0.3281
15	5	tracking	-848.135704	68.677907	-259.999512	-156.593	-32.670	0.3557
15	6	tracking	-847.761383	68.687936	-260.584443	-159.186	-40.670	0.3345
15	7	tracking	-847.390151	68.712344	-261.142272	-134.186	-46.375	0.3131
15	8	tracking	-847.034052	68.747852	-261.683844	-150.375	-42.740	0.2955
15	9	tracking	-846.691437	68.790551	-262.210929	-150.375	-34.740	0.2874
15	10	tracking	-846.360385	68.836374	-262.725899	-150.375	-26.740	0.2736
15	11	tracking	-846.038924	68.880283	-263.231329	-150.375	-18.740	0.2539
15	12	tracking	-845.711981	68.925618	-263.710438	-125.375	-26.740	0.2561
15	13	tracking	-845.375779	68.972813	-264.145543	-100.375	-34.740	0.2564
15	14	tracking	-845.036398	69.019217	-264.522830	-75.375	-42.740	0.2522
15	15	tracking	-844.705837	69.059505	-264.835665	-50.375	-50.740	0.2415
15	16	tracking	-844.384292	69.091438	-265.093102	-51.747	-42.740	0.2314
15	17	tracking	-844.083004	69.113982	-265.293128	-26.747	-34.740	0.2431
15	18	tracking	-843.800745	69.125732	-265.443948	-26.747	-26.740	0.2044
15	19	tracking	-843.536584	69.125555	-265.553190	-26.747	-25.689	0.1832
15	20	tracking	-843.300384	69.113535	-265.623253	-1.747	-17.689	0.1780
15	21	tracking	-843.100129	69.088903	-265.661946	23.253	-9.689	0.1708
15	22	tracking	-842.935939	69.051976	-265.678117	37.878	-7.940	0.1561
15	23	tracking	-842.802291	69.003506	-265.676269	37.878	-7.940	0.1671
15	24	tracking	-842.634495	68.976127	-265.632657	62.878	-15.940	0.1543
15	25	tracking	-842.546169	68.885800	-265.631578	67.848	-23.940	0.1347
15	26	tracking	-842.481581	68.776055	-265.624872	67.848	-31.940	0.1325
15	27	tracking	-842.436106	68.638800	-265.613982	67.848	-39.940	0.1243
15	28	tracking	-842.403212	68.465953	-265.596059	42.848	-47.168	0.1284
15	29	tracking	-842.377581	68.258983	-265.568667	17.848	-47.168	0.1133
15	30	tracking	-842.353075	68.020122	-265.530956	-7.152	-47.168	0.1081
15	31	tracking	-842.323116	67.752140	-265.484430	-32.152	-47.168	0.0964
15	32	tracking	-842.294753	67.446498	-265.429674	-7.152	-55.168	0.0892
15	33	tracking	-842.273934	67.104664	-265.367062	17.848	-55.963	0.0893
15	34	landing	-842.261686	66.741132	-265.291701	17.848	-47.963	0.0715
15	35	landing	-842.257572	66.358256	-265.203439	17.848	-47.963	0.0628
15	36	landing	-842.261209	65.958391	-265.102119	17.848	-47.963	0.0619
16	0	tracking	-850.645964	68.867102	-257.032114	-139.104	-4.000	0.4757
16	1	tracking	-849.991601	68.807284	-257.601772	-164.104	-0.670	0.4288
16	2	tracking	-849.422535	68.751906	-258.196524	170.896	-8.670	0.3992
16	3	tracking	-848.951149	68.710040	-258.797665	153.407	-16.670	0.3746
16	4	tracking	-848.533079	68.685017	-259.402840	178.407	-24.670	0.3431
16	5	tracking	-848.135704	68.677907	-259.999512	-156.593	-32.670	0.3362
16	6	tracking	-847.761383	68.687936	-260.584443	-159.186	-40.670	0.3559
16	7	tracking	-847.390151	68.712344	-261.142272	-134.186	-46.375	0.3249
16	8	tracking	-847.034052	68.747852	-261.683844	-150.375	-42.740	0.4385
16	9	tracking	-846.691437	68.790551	-262.210929	-150.375	-34.740	0.6127
16	10	tracking	-846.360385	68.836374	-262.725899	-150.375	-26.740	0.5404
16	11	tracking	-846.038924	68.880283	-263.231329	-150.375	-18.740	0.3514
16	12	tracking	-845.711981	68.925618	-263.710438	-125.375	-26.740	0.3709
16	13	tracking	-845.375779	68.972813	-264.145543	-100.375	-34.740	0.3649
16	14	tracking	-845.036398	69.019217	-264.522830	-75.375	-42.740	0.3118
16	15	tracking	-844.705837	69.059505	-264.835665	-50.375	-50.740	0.2757
16	16	tracking	-844.384292	69.091438	-265.093102	-51.747	-42.740	0.2321
16	17	tracking	-844.083004	69.113982	-265.293128	-26.747	-34.740	0.2123
16	18	tracking	-843.800745	69.125732	-265.443948	-26.747	-26.740	0.2349
16	19	tracking	-843.536584	69.125555	-265.553190	-26.747	-25.689	0.1950
16	20	tracking	-843.300384	69.113535	-265.623253	-1.747	-17.689	0.1774
16	21	tracking	-843.100129	69.088903	-265.661946	23.253	-9.689	0.1675
16	22	tracking	-842.935939	69.051976	-265.678117	37.878	-7.940	0.1642
16	23	tracking	-842.802291	69.003506	-265.676269	37.878	-7.940	0.1510
16	24	tracking	-842.764055	68.910338	-265.735771	62.878	-15.940	0.1687
16	25	tracking	-842.697421	68.849248	-265.739358	67.848	-23.940	0.1125
16	26	tracking	-842.648820	68.764660	-265.738169	67.848	-31.940	0.1453
16	27	tracking	-842.615218	68.649295	-265.733161	67.848	-39.940	0.1079
16	28	tracking	-842.591656	68.495732	-265.721823	42.848	-47.168	0.1054
16	29	tracking	-842.573845	68.305746	-265.701838	17.848	-47.168	0.1488
16	30	tracking	-842.556490	68.081773	-265.672197	-7.152	-47.168	0.0808
16	31	tracking	-842.533641	67.826728	-265.634037	-32.152	-47.168	0.0930
16	32	tracking	-842.511754	67.532233	-265.587860	-7.152	-55.168	0.0600
16	33	tracking	-842.496385	67.199883	-265.533886	17.848	-55.963	0.0520
16	34	landing	-842.488658	66.844309	-265.467262	17.848	-47.963	0.0564
16	35	landing	-842.488268	66.468018	-265.387730	17.848	-47.963	0.0469
16	36	landing	-842.494946	66.073495	-265.295046	17.848	-47.963	0.0415
16	37	landing	-842.508443	65.663153	-265.189028	17.848	-47.963	0.0329
17	0	tracking	-850.645964	68.867102	-257.032114	-139.104	-4.000	0.4415
17	1	tracking	-849.991601	68.807284	-257.601772	-164.104	-0.670	0.3838
17	2	tracking	-849.422535	68.751906	-258.196524	170.896	-8.670	0.4080
17	3	tracking	-848.951149	68.710040	-258.797665	153.407	-16.670	0.3874
17	4	tracking	-848.533079	68.685017	-259.402840	178.407	-24.670	0.3618
17	5	tracking	-848.135704	68.677907	-259.999512	-156.593	-32.670	0.3656
17	6	tracking	-847.761383	68.687936	-260.584443	-159.186	-40.670	0.3560
17	7	tracking	-847.390151	68.712344	-261.142272	-134.186	-46.375	0.3239
17	8	tracking	-847.034052	68.747852	-261.683844	-150.375	-42.740	0.3022
17	9	tracking	-846.691437	68.790551	-262.210929	-150.375	-34.740	0.2895
17	10	tracking	-846.360385	68.836374	-262.725899	-150.375	-26.740	0.2766
17	11	tracking	-846.038924	68.880283	-263.231329	-150.375	-18.740	0.2896
17	12	tracking	-845.711981	68.925618	-263.710438	-125.375	-26.740	0.2586
17	13	tracking	-845.375779	68.972813	-264.145543	-100.375	-34.740	0.2364
17	14	tracking	-845.036398	69.019217	-264.522830	-75.375	-42.740	0.2803
17	15	tracking	-844.705837	69.059505	-264.835665	-50.375	-50.740	0.2507
17	16	tracking	-844.384292	69.091438	-265.093102	-51.747	-42.740	0.2143
17	17	tracking	-844.083004	69.113982	-265.293128	-26.747	-34.740	0.1975
17	18	tracking	-843.800745	69.125732	-265.443948	-26.747	-26.740	0.1912
17	19	tracking	-843.536584	69.125555	-265.553190	-26.747	-25.689	0.1841
17	20	tracking	-843.300384	69.113535	-265.623253	-1.747	-17.689	0.1737
17	21	tracking	-843.100129	69.088903	-265.661946	23.253	-9.689	0.1829
17	22	tracking	-842.935939	69.051976	-265.678117	37.878	-7.940	0.1679
17	23	tracking	-842.802291	69.003506	-265.676269	37.878	-7.940	0.1490
17	24	tracking	-842.664055	68.910338	-265.735771	62.878	-15.940	0.1340
17	25	tracking	-842.597421	68.849248	-265.739358	67.848	-23.940	0.1406
17	26	tracking	-842.548820	68.764660	-265.738169	67.848	-31.940	0.1325
17	27	tracking	-842.515218	68.649295	-265.733161	67.848	-39.940	0.1356
17	28	tracking	-842.491656	68.495732	-265.721823	42.848	-47.168	0.1412
17	29	tracking	-842.473845	68.305746	-265.701838	17.848	-47.168	0.1364
17	30	tracking	-842.456490	68.081773	-265.672197	-7.152	-47.168	0.1127
17	31	tracking	-842.433641	67.826728	-265.634037	-32.152	-47.168	0.1063
17	32	tracking	-842.411754	67.532233	-265.587860	-7.152	-55.168	0.0973
17	33	tracking	-842.396385	67.199883	-265.533886	17.848	-55.963	0.1218
17	34	landing	-842.388658	66.844309	-265.467262	17.848	-47.963	0.1486
17	35	landing	-842.388268	66.468018	-265.387730	17.848	-47.963	0.0908
17	36	landing	-842.394946	66.073495	-265.295046	17.848	-47.963	0.7351
17	37	landing	-842.408443	65.663153	-265.189028	17.848	-47.963	0.1456
18	0	tracking	-850.645964	68.867102	-257.032114	-139.104	-4.000	0.9127
18	1	tracking	-849.991601	68.807284	-257.601772	-164.104	-0.670	0.3624
18	2	tracking	-849.422535	68.751906	-258.196524	170.896	-8.670	0.1199
18	3	tracking	-848.951149	68.710040	-258.797665	153.407	-16.670	0.1092
18	4	tracking	-848.533079	68.685017	-259.402840	178.407	-24.670	0.1009
18	5	tracking	-848.135704	68.677907	-259.999512	-156.593	-32.670	0.0949
18	6	tracking	-847.761383	68.687936	-260.584443	-159.186	-40.670	0.0919
18	7	tracking	-847.390151	68.712344	-261.142272	-134.186	-46.375	0.0917
18	8	tracking	-847.034052	68.747852	-261.683844	-150.375	-42.740	0.0864
18	9	tracking	-846.691437	68.790551	-262.210929	-150.375	-34.740	0.0879
18	10	tracking	-846.360385	68.836374	-262.725899	-150.375	-26.740	0.0823
18	11	tracking	-846.038924	68.880283	-263.231329	-150.375	-18.740	0.0803
18	12	tracking	-845.711981	68.925618	-263.710438	-125.375	-26.740	0.0768
18	13	tracking	-845.375779	68.972813	-264.145543	-100.375	-34.740	0.1413
18	14	tracking	-845.036398	69.019217	-264.522830	-75.375	-42.740	0.1477
18	15	tracking	-844.705837	69.059505	-264.835665	-50.375	-50.740	0.1104
18	16	tracking	-844.384292	69.091438	-265.093102	-51.747	-42.740	0.0707
18	17	tracking	-844.083004	69.113982	-265.293128	-26.747	-34.740	0.0644
18	18	tracking	-843.800745	69.125732	-265.443948	-26.747	-26.740	0.0852
18	19	tracking	-843.536584	69.125555	-265.553190	-26.747	-25.689	0.0608
18	20	tracking	-843.300384	69.113535	-265.623253	-1.747	-17.689	0.0562
18	21	tracking	-843.100129	69.088903	-265.661946	23.253	-9.689	0.0570
18	22	tracking	-842.935939	69.051976	-265.678117	37.878	-7.940	0.0646
18	23	tracking	-842.802291	69.003506	-265.676269	37.878	-7.940	0.0537
18	24	tracking	-842.764055	69.010338	-265.735771	62.878	-15.940	0.0418
18	25	tracking	-842.697421	68.949248	-265.739358	67.848	-23.940	0.1452
18	26	tracking	-842.648820	68.864660	-265.738169	67.848	-31.940	0.1806
18	27	tracking	-842.615218	68.749295	-265.733161	67.848	-39.940	0.0663
18	28	tracking	-842.591656	68.595732	-265.721823	42.848	-47.168	0.0356
18	29	tracking	-842.573845	68.405746	-265.701838	17.848	-47.168	0.0308
18	30	tracking	-842.556490	68.181773	-265.672197	-7.152	-47.168	0.0318
18	31	tracking	-842.533641	67.926728	-265.634037	-32.152	-47.168	0.0297
18	32	tracking	-842.511754	67.632233	-265.587860	-7.152	-55.168	0.0265
18	33	tracking	-842.496385	67.299883	-265.533886	17.848	-55.963	0.0238
18	34	landing	-842.488658	66.944309	-265.467262	17.848	-47.963	0.0209
18	35	landing	-842.488268	66.568018	-265.387730	17.848	-47.963	0.0207
18	36	landing	-842.494946	66.173495	-265.295046	17.848	-47.963	0.0185
18	37	landing	-842.508443	65.763153	-265.189028	17.848	-47.963	0.0185
19	0	tracking	-850.645964	68.867102	-257.032114	-139.104	-4.000	0.2428
19	1	tracking	-849.991601	68.807284	-257.601772	-164.104	-0.670	0.1195
19	2	tracking	-849.422535	68.751906	-258.196524	170.896	-8.670	0.1164
19	3	tracking	-848.951149	68.710040	-258.797665	153.407	-16.670	0.1157
19	4	tracking	-848.533079	68.685017	-259.402840	178.407	-24.670	0.1077
19	5	tracking	-848.135704	68.677907	-259.999512	-156.593	-32.670	0.0981
19	6	tracking	-847.761383	68.687936	-260.584443	-159.186	-40.670	0.0961
19	7	tracking	-847.390151	68.712344	-261.142272	-134.186	-46.375	0.0929
19	8	tracking	-847.034052	68.747852	-261.683844	-150.375	-42.740	0.0919
19	9	tracking	-846.691437	68.790551	-262.210929	-150.375	-34.740	0.0917
19	10	tracking	-846.360385	68.836374	-262.725899	-150.375	-26.740	0.0858
19	11	tracking	-846.038924	68.880283	-263.231329	-150.375	-18.740	0.0940
19	12	tracking	-845.711981	68.925618	-263.710438	-125.375	-26.740	0.0793
19	13	tracking	-845.375779	68.972813	-264.145543	-100.375	-34.740	0.0847
19	14	tracking	-845.036398	69.019217	-264.522830	-75.375	-42.740	0.0753
19	15	tracking	-844.705837	69.059505	-264.835665	-50.375	-50.740	0.0776
19	16	tracking	-844.384292	69.091438	-265.093102	-51.747	-42.740	0.1235
19	17	tracking	-844.083004	69.113982	-265.293128	-26.747	-34.740	0.0622
19	18	tracking	-843.800745	69.125732	-265.443948	-26.747	-26.740	0.0598
19	19	tracking	-843.536584	69.125555	-265.553190	-26.747	-25.689	0.0646
19	20	tracking	-843.300384	69.113535	-265.623253	-1.747	-17.689	0.0567
19	21	tracking	-843.100129	69.088903	-265.661946	23.253	-9.689	0.0530
19	22	tracking	-842.935939	69.051976	-265.678117	37.878	-7.940	0.0518
19	23	tracking	-842.802291	69.003506	-265.676269	37.878	-7.940	0.0509
19	24	tracking	-842.664055	69.010338	-265.735771	62.878	-15.940	0.0551
19	25	tracking	-842.597421	68.949248	-265.739358	67.848	-23.940	0.0444
19	26	tracking	-842.548820	68.864660	-265.738169	67.848	-31.940	0.0413
19	27	tracking	-842.515218	68.749295	-265.733161	67.848	-39.940	0.0405
19	28	tracking	-842.491656	68.595732	-265.721823	42.848	-47.168	0.0378
19	29	tracking	-842.473845	68.405746	-265.701838	17.848	-47.168	0.0394
19	30	tracking	-842.456490	68.181773	-265.672197	-7.152	-47.168	0.0376
19	31	tracking	-842.433641	67.926728	-265.634037	-32.152	-47.168	0.0366
19	32	tracking	-842.411754	67.632233	-265.587860	-7.152	-55.168	0.0353
19	33	tracking	-842.396385	67.299883	-265.533886	17.848	-55.963	0.0328
19	34	landing	-842.388658	66.944309	-265.467262	17.848	-47.963	0.0304
19	35	landing	-842.388268	66.568018	-265.387730	17.848	-47.963	0.0296
19	36	landing	-842.394946	66.173495	-265.295046	17.848	-47.963	0.0295
19	37	landing	-842.408443	65.763153	-265.189028	17.848	-47.963	0.0277
20	0	tracking	-850.645964	68.867102	-257.032114	-139.104	-4.000	0.1690
20	1	tracking	-849.991601	68.807284	-257.601772	-164.104	-0.670	0.1169
20	2	tracking	-849.422535	68.751906	-258.196524	170.896	-8.670	0.4107
20	3	tracking	-848.951149	68.710040	-258.797665	153.407	-16.670	0.2642
20	4	tracking	-848.533079	68.685017	-259.402840	178.407	-24.670	0.2182
20	5	tracking	-848.135704	68.677907	-259.999512	-156.593	-32.670	0.2646
20	6	tracking	-847.761383	68.687936	-260.584443	-159.186	-40.670	0.2582
20	7	tracking	-847.390151	68.712344	-261.142272	-134.186	-46.375	0.1041
20	8	tracking	-847.034052	68.747852	-261.683844	-150.375	-42.740	0.0899
20	9	tracking	-846.691437	68.790551	-262.210929	-150.375	-34.740	0.0964
20	10	tracking	-846.360385	68.836374	-262.725899	-150.375	-26.740	0.0833
20	11	tracking	-846.038924	68.880283	-263.231329	-150.375	-18.740	0.0829
20	12	tracking	-845.711981	68.925618	-263.710438	-125.375	-26.740	0.0767
20	13	tracking	-845.375779	68.972813	-264.145543	-100.375	-34.740	0.0827
20	14	tracking	-845.036398	69.019217	-264.522830	-75.375	-42.740	0.0698
20	15	tracking	-844.705837	69.059505	-264.835665	-50.375	-50.740	0.0890
20	16	tracking	-844.384292	69.091438	-265.093102	-51.747	-42.740	0.0692
20	17	tracking	-844.083004	69.113982	-265.293128	-26.747	-34.740	0.0669
20	18	tracking	-843.800745	69.125732	-265.443948	-26.747	-26.740	0.0640
20	19	tracking	-843.536584	69.125555	-265.553190	-26.747	-25.689	0.0659
20	20	tracking	-843.300384	69.113535	-265.623253	-1.747	-17.689	0.0599
20	21	tracking	-843.100129	69.088903	-265.661946	23.253	-9.689	0.0566
20	22	tracking	-842.935939	69.051976	-265.678117	37.878	-7.940	0.0590
20	23	tracking	-842.802291	69.003506	-265.676269	37.878	-7.940	0.0546
20	24	tracking	-842.764055	68.910338	-265.635771	62.878	-15.940	0.0488
20	25	tracking	-842.697421	68.849248	-265.639358	67.848	-23.940	0.0402
20	26	tracking	-842.648820	68.764660	-265.638169	67.848	-31.940	0.0370
20	27	tracking	-842.615218	68.649295	-265.633161	67.848	-39.940	0.0325
20	28	tracking	-842.591656	68.495732	-265.621823	42.848	-47.168	0.0329
20	29	tracking	-842.573845	68.305746	-265.601838	17.848	-47.168	0.0305
20	30	tracking	-842.556490	68.081773	-265.572197	-7.152	-47.168	0.0280
20	31	tracking	-842.533641	67.826728	-265.534037	-32.152	-47.168	0.0367
20	32	tracking	-842.511754	67.532233	-265.487860	-7.152	-55.168	0.0253
20	33	tracking	-842.496385	67.199883	-265.433886	17.848	-55.963	0.0225
20	34	landing	-842.488658	66.844309	-265.367262	17.848	-47.963	0.0209
20	35	landing	-842.488268	66.468018	-265.287730	17.848	-47.963	0.0202
20	36	landing	-842.494946	66.073495	-265.195046	17.848	-47.963	0.0183
20	37	landing	-842.508443	65.663153	-265.089028	17.848	-47.963	0.0168
21	0	tracking	-850.645964	68.867102	-257.032114	-139.104	-4.000	0.1679
21	1	tracking	-849.991601	68.807284	-257.601772	-164.104	-0.670	0.1217
21	2	tracking	-849.422535	68.751906	-258.196524	170.896	-8.670	0.1153
21	3	tracking	-848.951149	68.710040	-258.797665	153.407	-16.670	0.1170
21	4	tracking	-848.533079	68.685017	-259.402840	178.407	-24.670	0.1000
21	5	tracking	-848.135704	68.677907	-259.999512	-156.593	-32.670	0.0948
21	6	tracking	-847.761383	68.687936	-260.584443	-159.186	-40.670	0.0957
21	7	tracking	-847.390151	68.712344	-261.142272	-134.186	-46.375	0.0889
21	8	tracking	-847.034052	68.747852	-261.683844	-150.375	-42.740	0.0875
21	9	tracking	-846.691437	68.790551	-262.210929	-150.375	-34.740	0.0895
21	10	tracking	-846.360385	68.836374	-262.725899	-150.375	-26.740	0.0804
21	11	tracking	-846.038924	68.880283	-263.231329	-150.375	-18.740	0.0773
21	12	tracking	-845.711981	68.925618	-263.710438	-125.375	-26.740	0.0922
21	13	tracking	-845.375779	68.972813	-264.145543	-100.375	-34.740	0.1252
21	14	tracking	-845.036398	69.019217	-264.522830	-75.375	-42.740	0.0743
21	15	tracking	-844.705837	69.059505	-264.835665	-50.375	-50.740	0.0689
21	16	tracking	-844.384292	69.091438	-265.093102	-51.747	-42.740	0.0687
21	17	tracking	-844.083004	69.113982	-265.293128	-26.747	-34.740	0.0624
21	18	tracking	-843.800745	69.125732	-265.443948	-26.747	-26.740	0.0632
21	19	tracking	-843.536584	69.125555	-265.553190	-26.747	-25.689	0.0596
21	20	tracking	-843.300384	69.113535	-265.623253	-1.747	-17.689	0.0554
21	21	tracking	-843.100129	69.088903	-265.661946	23.253	-9.689	0.0544
21	22	tracking	-842.935939	69.051976	-265.678117	37.878	-7.940	0.0519
21	23	tracking	-842.802291	69.003506	-265.676269	37.878	-7.940	0.0522
21	24	tracking	-842.664055	68.910338	-265.635771	62.878	-15.940	0.0840
21	25	tracking	-842.597421	68.849248	-265.639358	67.848	-23.940	0.0505
21	26	tracking	-842.548820	68.764660	-265.638169	67.848	-31.940	0.0503
21	27	tracking	-842.515218	68.649295	-265.633161	67.848	-39.940	0.0466
21	28	tracking	-842.491656	68.495732	-265.621823	42.848	-47.168	0.0423
21	29	tracking	-842.473845	68.305746	-265.601838	17.848	-47.168	0.0422
21	30	tracking	-842.456490	68.081773	-265.572197	-7.152	-47.168	0.0403
21	31	tracking	-842.433641	67.826728	-265.534037	-32.152	-47.168	0.0393
21	32	tracking	-842.411754	67.532233	-265.487860	-7.152	-55.168	0.0389
21	33	tracking	-842.396385	67.199883	-265.433886	17.848	-55.963	0.0416
21	34	landing	-842.388658	66.844309	-265.367262	17.848	-47.963	0.0354
21	35	landing	-842.388268	66.468018	-265.287730	17.848	-47.963	0.0308
21	36	landing	-842.394946	66.073495	-265.195046	17.848	-47.963	0.0312
21	37	landing	-842.408443	65.663153	-265.089028	17.848	-47.963	0.0268
22	0	tracking	-850.645964	68.867102	-257.032114	-139.104	-4.000	0.1757
22	1	tracking	-849.991601	68.807284	-257.601772	-164.104	-0.670	0.1197
22	2	tracking	-849.422535	68.751906	-258.196524	170.896	-8.670	0.1230
22	3	tracking	-848.951149	68.710040	-258.797665	153.407	-16.670	0.1117
22	4	tracking	-848.533079	68.685017	-259.402840	178.407	-24.670	0.1028
22	5	tracking	-848.135704	68.677907	-259.999512	-156.593	-32.670	0.0974
22	6	tracking	-847.761383	68.687936	-260.584443	-159.186	-40.670	0.1495
22	7	tracking	-847.390151	68.712344	-261.142272	-134.186	-46.375	0.1054
22	8	tracking	-847.034052	68.747852	-261.683844	-150.375	-42.740	0.0912
22	9	tracking	-846.691437	68.790551	-262.210929	-150.375	-34.740	0.0930
22	10	tracking	-846.360385	68.836374	-262.725899	-150.375	-26.740	0.0851
22	11	tracking	-846.038924	68.880283	-263.231329	-150.375	-18.740	0.0795
22	12	tracking	-845.711981	68.925618	-263.710438	-125.375	-26.740	0.0834
22	13	tracking	-845.375779	68.972813	-264.145543	-100.375	-34.740	0.0739
22	14	tracking	-845.036398	69.019217	-264.522830	-75.375	-42.740	0.0717
22	15	tracking	-844.705837	69.059505	-264.835665	-50.375	-50.740	0.0730
22	16	tracking	-844.384292	69.091438	-265.093102	-51.747	-42.740	0.0685
22	17	tracking	-844.083004	69.113982	-265.293128	-26.747	-34.740	0.0638
22	18	tracking	-843.800745	69.125732	-265.443948	-26.747	-26.740	0.0615
22	19	tracking	-843.536584	69.125555	-265.553190	-26.747	-25.689	0.0613
22	20	tracking	-843.300384	69.113535	-265.623253	-1.747	-17.689	0.0571
22	21	tracking	-843.100129	69.088903	-265.661946	23.253	-9.689	0.0550
22	22	tracking	-842.935939	69.051976	-265.678117	37.878	-7.940	0.0557
22	23	tracking	-842.802291	69.003506	-265.676269	37.878	-7.940	0.0525
22	24	tracking	-842.764055	69.010338	-265.635771	62.878	-15.940	0.0433
22	25	tracking	-842.697421	68.949248	-265.639358	67.848	-23.940	0.0368
22	26	tracking	-842.648820	68.864660	-265.638169	67.848	-31.940	0.0362
22	27	tracking	-842.615218	68.749295	-265.633161	67.848	-39.940	0.0460
22	28	tracking	-842.591656	68.595732	-265.621823	42.848	-47.168	0.0350
22	29	tracking	-842.573845	68.405746	-265.601838	17.848	-47.168	0.0334
22	30	tracking	-842.556490	68.181773	-265.572197	-7.152	-47.168	0.0297
22	31	tracking	-842.533641	67.926728	-265.534037	-32.152	-47.168	0.0283
22	32	tracking	-842.511754	67.632233	-265.487860	-7.152	-55.168	0.0259
22	33	tracking	-842.496385	67.299883	-265.433886	17.848	-55.963	0.0242
22	34	landing	-842.488658	66.944309	-265.367262	17.848	-47.963	0.0232
22	35	landing	-842.488268	66.568018	-265.287730	17.848	-47.963	0.0239
22	36	landing	-842.494946	66.173495	-265.195046	17.848	-47.963	0.0205
22	37	landing	-842.508443	65.763153	-265.089028	17.848	-47.963	0.0189
23	0	tracking	-850.645964	68.867102	-257.032114	-139.104	-4.000	0.1873
23	1	tracking	-849.991601	68.807284	-257.601772	-164.104	-0.670	0.1301
23	2	tracking	-849.422535	68.751906	-258.196524	170.896	-8.670	0.1294
23	3	tracking	-848.951149	68.710040	-258.797665	153.407	-16.670	0.1210
23	4	tracking	-848.533079	68.685017	-259.402840	178.407	-24.670	0.1121
23	5	tracking	-848.135704	68.677907	-259.999512	-156.593	-32.670	0.1032
23	6	tracking	-847.761383	68.687936	-260.584443	-159.186	-40.670	0.1014
23	7	tracking	-847.390151	68.712344	-261.142272	-134.186	-46.375	0.0990
23	8	tracking	-847.034052	68.747852	-261.683844	-150.375	-42.740	0.0925
23	9	tracking	-846.691437	68.790551	-262.210929	-150.375	-34.740	0.1723
23	10	tracking	-846.360385	68.836374	-262.725899	-150.375	-26.740	0.0918
23	11	tracking	-846.038924	68.880283	-263.231329	-150.375	-18.740	0.0902
23	12	tracking	-845.711981	68.925618	-263.710438	-125.375	-26.740	0.0830
23	13	tracking	-845.375779	68.972813	-264.145543	-100.375	-34.740	0.1067
23	14	tracking	-845.036398	69.019217	-264.522830	-75.375	-42.740	0.0785
23	15	tracking	-844.705837	69.059505	-264.835665	-50.375	-50.740	0.0738
23	16	tracking	-844.384292	69.091438	-265.093102	-51.747	-42.740	0.0679
23	17	tracking	-844.083004	69.113982	-265.293128	-26.747	-34.740	0.0746
23	18	tracking	-843.800745	69.125732	-265.443948	-26.747	-26.740	0.0651
23	19	tracking	-843.536584	69.125555	-265.553190	-26.747	-25.689	0.0622
23	20	tracking	-843.300384	69.113535	-265.623253	-1.747	-17.689	0.0586
23	21	tracking	-843.100129	69.088903	-265.661946	23.253	-9.689	0.1328
23	22	tracking	-842.935939	69.051976	-265.678117	37.878	-7.940	0.0573
23	23	tracking	-842.802291	69.003506	-265.676269	37.878	-7.940	0.0662
23	24	tracking	-842.664055	69.010338	-265.635771	62.878	-15.940	0.0790
23	25	tracking	-842.597421	68.949248	-265.639358	67.848	-23.940	0.0494
23	26	tracking	-842.548820	68.864660	-265.638169	67.848	-31.940	0.0445
23	27	tracking	-842.515218	68.749295	-265.633161	67.848	-39.940	0.0449
23	28	tracking	-842.491656	68.595732	-265.621823	42.848	-47.168	0.0445
23	29	tracking	-842.473845	68.405746	-265.601838	17.848	-47.168	0.0395
23	30	tracking	-842.456490	68.181773	-265.572197	-7.152	-47.168	0.0396
23	31	tracking	-842.433641	67.926728	-265.534037	-32.152	-47.168	0.0384
23	32	tracking	-842.411754	67.632233	-265.487860	-7.152	-55.168	0.0435
23	33	tracking	-842.396385	67.299883	-265.433886	17.848	-55.963	0.0342
23	34	landing	-842.388658	66.944309	-265.367262	17.848	-47.963	0.0360
23	35	landing	-842.388268	66.568018	-265.287730	17.848	-47.963	0.0294
23	36	landing	-842.394946	66.173495	-265.195046	17.848	-47.963	0.0291
23	37	landing	-842.408443	65.763153	-265.089028	17.848	-47.963	0.0293
24	0	tracking	-850.645964	68.867102	-257.032114	-139.104	-4.000	0.1831
24	1	tracking	-849.991601	68.807284	-257.601772	-164.104	-0.670	0.1828
24	2	tracking	-849.422535	68.751906	-258.196524	170.896	-8.670	0.1235
24	3	tracking	-848.951149	68.710040	-258.797665	153.407	-16.670	0.1148
24	4	tracking	-848.533079	68.685017	-259.402840	178.407	-24.670	0.1129
24	5	tracking	-848.135704	68.677907	-259.999512	-156.593	-32.670	0.1268
24	6	tracking	-847.761383	68.687936	-260.584443	-159.186	-40.670	0.1145
24	7	tracking	-847.390151	68.712344	-261.142272	-134.186	-46.375	0.1137
24	8	tracking	-847.034052	68.747852	-261.683844	-150.375	-42.740	0.1140
24	9	tracking	-846.691437	68.790551	-262.210929	-150.375	-34.740	0.1008
24	10	tracking	-846.360385	68.836374	-262.725899	-150.375	-26.740	0.0986
24	11	tracking	-846.038924	68.880283	-263.231329	-150.375	-18.740	0.0946
24	12	tracking	-845.711981	68.925618	-263.710438	-125.375	-26.740	0.0889
24	13	tracking	-845.375779	68.972813	-264.145543	-100.375	-34.740	0.0869
24	14	tracking	-845.036398	69.019217	-264.522830	-75.375	-42.740	0.0838
24	15	tracking	-844.705837	69.059505	-264.835665	-50.375	-50.740	0.0793
24	16	tracking	-844.384292	69.091438	-265.093102	-51.747	-42.740	0.0776
24	17	tracking	-844.083004	69.113982	-265.293128	-26.747	-34.740	0.0742
24	18	tracking	-843.800745	69.125732	-265.443948	-26.747	-26.740	0.0695
24	19	tracking	-843.536584	69.125555	-265.553190	-26.747	-25.689	0.0701
24	20	tracking	-843.300384	69.113535	-265.623253	-1.747	-17.689	0.0642
24	21	tracking	-843.100129	69.088903	-265.661946	23.253	-9.689	0.0597
24	22	tracking	-842.935939	69.051976	-265.678117	37.878	-7.940	0.0598
24	23	tracking	-842.802291	69.003506	-265.676269	37.878	-7.940	0.0530
24	24	tracking	-842.731562	68.911703	-265.734159	62.878	-15.940	0.0532
24	25	tracking	-842.638406	68.853481	-265.735321	67.848	-23.940	0.0502
24	26	tracking	-842.567967	68.773254	-265.731242	67.848	-31.940	0.0471
24	27	tracking	-842.516241	68.663679	-265.723115	67.848	-39.940	0.0474
24	28	tracking	-842.477281	68.517219	-265.708190	42.848	-47.168	0.0445
24	29	tracking	-842.446007	68.335306	-265.684208	17.848	-47.168	0.0440
24	30	tracking	-842.416584	68.120041	-265.650421	-7.152	-47.168	0.0423
24	31	tracking	-842.382768	67.874097	-265.608226	-32.152	-47.168	0.0393
24	32	tracking	-842.351059	67.589218	-265.558052	-7.152	-55.168	0.0789
24	33	tracking	-842.327032	67.266854	-265.500227	17.848	-55.963	0.0428
24	34	landing	-842.311612	66.921234	-265.430103	17.848	-47.963	0.0344
24	35	landing	-842.304352	66.554700	-265.347504	17.848	-47.963	0.0904
24	36	landing	-842.304864	66.169626	-265.252225	17.848	-47.963	0.0314
24	37	landing	-842.312804	65.768348	-265.144092	17.848	-47.963	0.0274
25	0	tracking	-850.645964	68.867102	-257.032114	-139.104	-4.000	0.1992
25	1	tracking	-849.991601	68.807284	-257.601772	-164.104	-0.670	0.1225
25	2	tracking	-849.422535	68.751906	-258.196524	170.896	-8.670	0.1159
25	3	tracking	-848.951149	68.710040	-258.797665	153.407	-16.670	0.1122
25	4	tracking	-848.533079	68.685017	-259.402840	178.407	-24.670	0.2202
25	5	tracking	-848.135704	68.677907	-259.999512	-156.593	-32.670	0.1322
25	6	tracking	-847.761383	68.687936	-260.584443	-159.186	-40.670	0.1245
25	7	tracking	-847.390151	68.712344	-261.142272	-134.186	-46.375	0.2036
25	8	tracking	-847.034052	68.747852	-261.683844	-150.375	-42.740	0.1019
25	9	tracking	-846.691437	68.790551	-262.210929	-150.375	-34.740	0.0936
25	10	tracking	-846.360385	68.836374	-262.725899	-150.375	-26.740	0.0892
25	11	tracking	-846.038924	68.880283	-263.231329	-150.375	-18.740	0.0850
25	12	tracking	-845.711981	68.925618	-263.710438	-125.375	-26.740	0.0819
25	13	tracking	-845.375779	68.972813	-264.145543	-100.375	-34.740	0.0815
25	14	tracking	-845.036398	69.019217	-264.522830	-75.375	-42.740	0.0732
25	15	tracking	-844.705837	69.059505	-264.835665	-50.375	-50.740	0.0715
25	16	tracking	-844.384292	69.091438	-265.093102	-51.747	-42.740	0.0700
25	17	tracking	-844.083004	69.113982	-265.293128	-26.747	-34.740	0.1487
25	18	tracking	-843.800745	69.125732	-265.443948	-26.747	-26.740	0.0659
25	19	tracking	-843.536584	69.125555	-265.553190	-26.747	-25.689	0.0640
25	20	tracking	-843.300384	69.113535	-265.623253	-1.747	-17.689	0.0579
25	21	tracking	-843.100129	69.088903	-265.661946	23.253	-9.689	0.0570
25	22	tracking	-842.935939	69.051976	-265.678117	37.878	-7.940	0.1403
25	23	tracking	-842.802291	69.003506	-265.676269	37.878	-7.940	0.0706
25	24	tracking	-842.631562	68.911703	-265.734159	62.878	-15.940	0.0531
25	25	tracking	-842.538406	68.853481	-265.735321	67.848	-23.940	0.0512
25	26	tracking	-842.467967	68.773254	-265.731242	67.848	-31.940	0.0494
25	27	tracking	-842.416241	68.663679	-265.723115	67.848	-39.940	0.0537
25	28	tracking	-842.377281	68.517219	-265.708190	42.848	-47.168	0.0454
25	29	tracking	-842.346007	68.335306	-265.684208	17.848	-47.168	0.0416
25	30	tracking	-842.316584	68.120041	-265.650421	-7.152	-47.168	0.0406
25	31	tracking	-842.282768	67.874097	-265.608226	-32.152	-47.168	0.0388
25	32	tracking	-842.251059	67.589218	-265.558052	-7.152	-55.168	0.0387
25	33	tracking	-842.227032	67.266854	-265.500227	17.848	-55.963	0.0361
25	34	landing	-842.211612	66.921234	-265.430103	17.848	-47.963	0.0334
25	35	landing	-842.204352	66.554700	-265.347504	17.848	-47.963	0.0316
25	36	landing	-842.204864	66.169626	-265.252225	17.848	-47.963	0.0283
25	37	landing	-842.212804	65.768348	-265.144092	17.848	-47.963	0.0278
26	0	tracking	-850.645964	68.867102	-257.032114	-139.104	-4.000	0.1875
26	1	tracking	-849.991601	68.807284	-257.601772	-164.104	-0.670	0.1310
26	2	tracking	-849.422535	68.751906	-258.196524	170.896	-8.670	0.1328
26	3	tracking	-848.951149	68.710040	-258.797665	153.407	-16.670	0.1137
26	4	tracking	-848.533079	68.685017	-259.402840	178.407	-24.670	0.1075
26	5	tracking	-848.135704	68.677907	-259.999512	-156.593	-32.670	0.1019
26	6	tracking	-847.761383	68.687936	-260.584443	-159.186	-40.670	0.1014
26	7	tracking	-847.390151	68.712344	-261.142272	-134.186	-46.375	0.0962
26	8	tracking	-847.034052	68.747852	-261.683844	-150.375	-42.740	0.0943
26	9	tracking	-846.691437	68.790551	-262.210929	-150.375	-34.740	0.0987
26	10	tracking	-846.360385	68.836374	-262.725899	-150.375	-26.740	0.0914
26	11	tracking	-846.038924	68.880283	-263.231329	-150.375	-18.740	0.0862
26	12	tracking	-845.711981	68.925618	-263.710438	-125.375	-26.740	0.1289
26	13	tracking	-845.375779	68.972813	-264.145543	-100.375	-34.740	0.1031
26	14	tracking	-845.036398	69.019217	-264.522830	-75.375	-42.740	0.0851
26	15	tracking	-844.705837	69.059505	-264.835665	-50.375	-50.740	0.0805
26	16	tracking	-844.384292	69.091438	-265.093102	-51.747	-42.740	0.1103
26	17	tracking	-844.083004	69.113982	-265.293128	-26.747	-34.740	0.1104
26	18	tracking	-843.800745	69.125732	-265.443948	-26.747	-26.740	0.1321
26	19	tracking	-843.536584	69.125555	-265.553190	-26.747	-25.689	0.0985
26	20	tracking	-843.300384	69.113535	-265.623253	-1.747	-17.689	0.0985
26	21	tracking	-843.100129	69.088903	-265.661946	23.253	-9.689	0.0852
26	22	tracking	-842.935939	69.051976	-265.678117	37.878	-7.940	0.0916
26	23	tracking	-842.802291	69.003506	-265.676269	37.878	-7.940	0.0783
26	24	tracking	-842.731562	69.011703	-265.734159	62.878	-15.940	0.0981
26	25	tracking	-842.638406	68.953481	-265.735321	67.848	-23.940	0.0611
26	26	tracking	-842.567967	68.873254	-265.731242	67.848	-31.940	0.0519
26	27	tracking	-842.516241	68.763679	-265.723115	67.848	-39.940	0.0452
26	28	tracking	-842.477281	68.617219	-265.708190	42.848	-47.168	0.0698
26	29	tracking	-842.446007	68.435306	-265.684208	17.848	-47.168	0.0441
26	30	tracking	-842.416584	68.220041	-265.650421	-7.152	-47.168	0.0427
26	31	tracking	-842.382768	67.974097	-265.608226	-32.152	-47.168	0.0408
26	32	tracking	-842.351059	67.689218	-265.558052	-7.152	-55.168	0.0391
26	33	tracking	-842.327032	67.366854	-265.500227	17.848	-55.963	0.0428
26	34	landing	-842.311612	67.021234	-265.430103	17.848	-47.963	0.0337
26	35	landing	-842.304352	66.654700	-265.347504	17.848	-47.963	0.0328
26	36	landing	-842.304864	66.269626	-265.252225	17.848	-47.963	0.0297
26	37	landing	-842.312804	65.868348	-265.144092	17.848	-47.963	0.0287
27	0	tracking	-850.645964	68.867102	-257.032114	-139.104	-4.000	0.1906
27	1	tracking	-849.991601	68.807284	-257.601772	-164.104	-0.670	0.1319
27	2	tracking	-849.422535	68.751906	-258.196524	170.896	-8.670	0.1637
27	3	tracking	-848.951149	68.710040	-258.797665	153.407	-16.670	0.1365
27	4	tracking	-848.533079	68.685017	-259.402840	178.407	-24.670	0.1089
27	5	tracking	-848.135704	68.677907	-259.999512	-156.593	-32.670	0.1019
27	6	tracking	-847.761383	68.687936	-260.584443	-159.186	-40.670	0.0985
27	7	tracking	-847.390151	68.712344	-261.142272	-134.186	-46.375	0.0941
27	8	tracking	-847.034052	68.747852	-261.683844	-150.375	-42.740	0.0887
27	9	tracking	-846.691437	68.790551	-262.210929	-150.375	-34.740	0.0892
27	10	tracking	-846.360385	68.836374	-262.725899	-150.375	-26.740	0.0839
27	11	tracking	-846.038924	68.880283	-263.231329	-150.375	-18.740	0.0866
27	12	tracking	-845.711981	68.925618	-263.710438	-125.375	-26.740	0.0874
27	13	tracking	-845.375779	68.972813	-264.145543	-100.375	-34.740	0.0786
27	14	tracking	-845.036398	69.019217	-264.522830	-75.375	-42.740	0.0735
27	15	tracking	-844.705837	69.059505	-264.835665	-50.375	-50.740	0.0724
27	16	tracking	-844.384292	69.091438	-265.093102	-51.747	-42.740	0.0700
27	17	tracking	-844.083004	69.113982	-265.293128	-26.747	-34.740	0.0889
27	18	tracking	-843.800745	69.125732	-265.443948	-26.747	-26.740	0.0718
27	19	tracking	-843.536584	69.125555	-265.553190	-26.747	-25.689	0.0623
27	20	tracking	-843.300384	69.113535	-265.623253	-1.747	-17.689	0.0610
27	21	tracking	-843.100129	69.088903	-265.661946	23.253	-9.689	0.0559
27	22	tracking	-842.935939	69.051976	-265.678117	37.878	-7.940	0.0543
27	23	tracking	-842.802291	69.003506	-265.676269	37.878	-7.940	0.0534
27	24	tracking	-842.631562	69.011703	-265.734159	62.878	-15.940	0.0534
27	25	tracking	-842.538406	68.953481	-265.735321	67.848	-23.940	0.0511
27	26	tracking	-842.467967	68.873254	-265.731242	67.848	-31.940	0.0519
27	27	tracking	-842.416241	68.763679	-265.723115	67.848	-39.940	0.0552
27	28	tracking	-842.377281	68.617219	-265.708190	42.848	-47.168	0.0440
27	29	tracking	-842.346007	68.435306	-265.684208	17.848	-47.168	0.0424
27	30	tracking	-842.316584	68.220041	-265.650421	-7.152	-47.168	0.0425
27	31	tracking	-842.282768	67.974097	-265.608226	-32.152	-47.168	0.1091
27	32	tracking	-842.251059	67.689218	-265.558052	-7.152	-55.168	0.0449
27	33	tracking	-842.227032	67.366854	-265.500227	17.848	-55.963	0.0378
27	34	landing	-842.211612	67.021234	-265.430103	17.848	-47.963	0.0338
27	35	landing	-842.204352	66.654700	-265.347504	17.848	-47.963	0.0317
27	36	landing	-842.204864	66.269626	-265.252225	17.848	-47.963	0.0328
27	37	landing	-842.212804	65.868348	-265.144092	17.848	-47.963	0.0283
28	0	tracking	-850.645964	68.867102	-257.032114	-139.104	-4.000	0.2067
28	1	tracking	-849.991601	68.807284	-257.601772	-164.104	-0.670	0.1723
28	2	tracking	-849.422535	68.751906	-258.196524	170.896	-8.670	0.2938
28	3	tracking	-848.951149	68.710040	-258.797665	153.407	-16.670	0.1085
28	4	tracking	-848.533079	68.685017	-259.402840	178.407	-24.670	0.1627
28	5	tracking	-848.135704	68.677907	-259.999512	-156.593	-32.670	0.0993
28	6	tracking	-847.761383	68.687936	-260.584443	-159.186	-40.670	0.0973
28	7	tracking	-847.390151	68.712344	-261.142272	-134.186	-46.375	0.0908
28	8	tracking	-847.034052	68.747852	-261.683844	-150.375	-42.740	0.0881
28	9	tracking	-846.691437	68.790551	-262.210929	-150.375	-34.740	0.1343
28	10	tracking	-846.360385	68.836374	-262.725899	-150.375	-26.740	0.0851
28	11	tracking	-846.038924	68.880283	-263.231329	-150.375	-18.740	0.0830
28	12	tracking	-845.711981	68.925618	-263.710438	-125.375	-26.740	0.0790
28	13	tracking	-845.375779	68.972813	-264.145543	-100.375	-34.740	0.0751
28	14	tracking	-845.036398	69.019217	-264.522830	-75.375	-42.740	0.0723
28	15	tracking	-844.705837	69.059505	-264.835665	-50.375	-50.740	0.0768
28	16	tracking	-844.384292	69.091438	-265.093102	-51.747	-42.740	0.0665
28	17	tracking	-844.083004	69.113982	-265.293128	-26.747	-34.740	0.0715
28	18	tracking	-843.800745	69.125732	-265.443948	-26.747	-26.740	0.0645
28	19	tracking	-843.536584	69.125555	-265.553190	-26.747	-25.689	0.0586
28	20	tracking	-843.300384	69.113535	-265.623253	-1.747	-17.689	0.0550
28	21	tracking	-843.100129	69.088903	-265.661946	23.253	-9.689	0.0551
28	22	tracking	-842.935939	69.051976	-265.678117	37.878	-7.940	0.0535
28	23	tracking	-842.802291	69.003506	-265.676269	37.878	-7.940	0.0516
28	24	tracking	-842.731562	68.911703	-265.634159	62.878	-15.940	0.0501
28	25	tracking	-842.638406	68.853481	-265.635321	67.848	-23.940	0.0492
28	26	tracking	-842.567967	68.773254	-265.631242	67.848	-31.940	0.0470
28	27	tracking	-842.516241	68.663679	-265.623115	67.848	-39.940	0.0440
28	28	tracking	-842.477281	68.517219	-265.608190	42.848	-47.168	0.0450
28	29	tracking	-842.446007	68.335306	-265.584208	17.848	-47.168	0.0413
28	30	tracking	-842.416584	68.120041	-265.550421	-7.152	-47.168	0.0397
28	31	tracking	-842.382768	67.874097	-265.508226	-32.152	-47.168	0.0382
28	32	tracking	-842.351059	67.589218	-265.458052	-7.152	-55.168	0.0370
28	33	tracking	-842.327032	67.266854	-265.400227	17.848	-55.963	0.0349
28	34	landing	-842.311612	66.921234	-265.330103	17.848	-47.963	0.0327
28	35	landing	-842.304352	66.554700	-265.247504	17.848	-47.963	0.0303
28	36	landing	-842.304864	66.169626	-265.152225	17.848	-47.963	0.0276
28	37	landing	-842.312804	65.768348	-265.044092	17.848	-47.963	0.0273
29	0	tracking	-850.645964	68.867102	-257.032114	-139.104	-4.000	0.1709
29	1	tracking	-849.991601	68.807284	-257.601772	-164.104	-0.670	0.1215
29	2	tracking	-849.422535	68.751906	-258.196524	170.896	-8.670	0.1175
29	3	tracking	-848.951149	68.710040	-258.797665	153.407	-16.670	0.1105
29	4	tracking	-848.533079	68.685017	-259.402840	178.407	-24.670	0.1119
29	5	tracking	-848.135704	68.677907	-259.999512	-156.593	-32.670	0.1074
29	6	tracking	-847.761383	68.687936	-260.584443	-159.186	-40.670	0.0941
29	7	tracking	-847.390151	68.712344	-261.142272	-134.186	-46.375	0.0930
29	8	tracking	-847.034052	68.747852	-261.683844	-150.375	-42.740	0.0902
29	9	tracking	-846.691437	68.790551	-262.210929	-150.375	-34.740	0.1042
29	10	tracking	-846.360385	68.836374	-262.725899	-150.375	-26.740	0.0835
29	11	tracking	-846.038924	68.880283	-263.231329	-150.375	-18.740	0.0812
29	12	tracking	-845.711981	68.925618	-263.710438	-125.375	-26.740	0.0771
29	13	tracking	-845.375779	68.972813	-264.145543	-100.375	-34.740	0.1487
29	14	tracking	-845.036398	69.019217	-264.522830	-75.375	-42.740	0.0733
29	15	tracking	-844.705837	69.059505	-264.835665	-50.375	-50.740	0.0721
29	16	tracking	-844.384292	69.091438	-265.093102	-51.747	-42.740	0.0667
29	17	tracking	-844.083004	69.113982	-265.293128	-26.747	-34.740	0.0641
29	18	tracking	-843.800745	69.125732	-265.443948	-26.747	-26.740	0.0834
29	19	tracking	-843.536584	69.125555	-265.553190	-26.747	-25.689	0.2539
29	20	tracking	-843.300384	69.113535	-265.623253	-1.747	-17.689	0.1806
29	21	tracking	-843.100129	69.088903	-265.661946	23.253	-9.689	0.1368
29	22	tracking	-842.935939	69.051976	-265.678117	37.878	-7.940	0.0744
29	23	tracking	-842.802291	69.003506	-265.676269	37.878	-7.940	0.0549
29	24	tracking	-842.631562	68.911703	-265.634159	62.878	-15.940	0.0558
29	25	tracking	-842.538406	68.853481	-265.635321	67.848	-23.940	0.0512
29	26	tracking	-842.467967	68.773254	-265.631242	67.848	-31.940	0.0484
29	27	tracking	-842.416241	68.663679	-265.623115	67.848	-39.940	0.0537
29	28	tracking	-842.377281	68.517219	-265.608190	42.848	-47.168	0.0492
29	29	tracking	-842.346007	68.335306	-265.584208	17.848	-47.168	0.0489
29	30	tracking	-842.316584	68.120041	-265.550421	-7.152	-47.168	0.0498
29	31	tracking	-842.282768	67.874097	-265.508226	-32.152	-47.168	0.0403
29	32	tracking	-842.251059	67.589218	-265.458052	-7.152	-55.168	0.0397
29	33	tracking	-842.227032	67.266854	-265.400227	17.848	-55.963	0.0358
29	34	landing	-842.211612	66.921234	-265.330103	17.848	-47.963	0.0373
29	35	landing	-842.204352	66.554700	-265.247504	17.848	-47.963	0.0301
29	36	landing	-842.204864	66.169626	-265.152225	17.848	-47.963	0.0301
29	37	landing	-842.212804	65.768348	-265.044092	17.848	-47.963	0.0334
30	0	tracking	-850.645964	68.867102	-257.032114	-139.104	-4.000	0.2303
30	1	tracking	-849.991601	68.807284	-257.601772	-164.104	-0.670	0.1352
30	2	tracking	-849.422535	68.751906	-258.196524	170.896	-8.670	0.1273
30	3	tracking	-848.951149	68.710040	-258.797665	153.407	-16.670	0.1194
30	4	tracking	-848.533079	68.685017	-259.402840	178.407	-24.670	0.1096
30	5	tracking	-848.135704	68.677907	-259.999512	-156.593	-32.670	0.1154
30	6	tracking	-847.761383	68.687936	-260.584443	-159.186	-40.670	0.1113
30	7	tracking	-847.390151	68.712344	-261.142272	-134.186	-46.375	0.0979
30	8	tracking	-847.034052	68.747852	-261.683844	-150.375	-42.740	0.1048
30	9	tracking	-846.691437	68.790551	-262.210929	-150.375	-34.740	0.0959
30	10	tracking	-846.360385	68.836374	-262.725899	-150.375	-26.740	0.0923
30	11	tracking	-846.038924	68.880283	-263.231329	-150.375	-18.740	0.1039
30	12	tracking	-845.711981	68.925618	-263.710438	-125.375	-26.740	0.0854
30	13	tracking	-845.375779	68.972813	-264.145543	-100.375	-34.740	0.0822
30	14	tracking	-845.036398	69.019217	-264.522830	-75.375	-42.740	0.0779
30	15	tracking	-844.705837	69.059505	-264.835665	-50.375	-50.740	0.0751
30	16	tracking	-844.384292	69.091438	-265.093102	-51.747	-42.740	0.0738
30	17	tracking	-844.083004	69.113982	-265.293128	-26.747	-34.740	0.0661
30	18	tracking	-843.800745	69.125732	-265.443948	-26.747	-26.740	0.0661
30	19	tracking	-843.536584	69.125555	-265.553190	-26.747	-25.689	0.0680
30	20	tracking	-843.300384	69.113535	-265.623253	-1.747	-17.689	0.0637
30	21	tracking	-843.100129	69.088903	-265.661946	23.253	-9.689	0.0581
30	22	tracking	-842.935939	69.051976	-265.678117	37.878	-7.940	0.0586
30	23	tracking	-842.802291	69.003506	-265.676269	37.878	-7.940	0.0552
30	24	tracking	-842.731562	69.011703	-265.634159	62.878	-15.940	0.0595
30	25	tracking	-842.638406	68.953481	-265.635321	67.848	-23.940	0.0597
30	26	tracking	-842.567967	68.873254	-265.631242	67.848	-31.940	0.0471
30	27	tracking	-842.516241	68.763679	-265.623115	67.848	-39.940	0.0569
30	28	tracking	-842.477281	68.617219	-265.608190	42.848	-47.168	0.0439
30	29	tracking	-842.446007	68.435306	-265.584208	17.848	-47.168	0.0471
30	30	tracking	-842.416584	68.220041	-265.550421	-7.152	-47.168	0.0428
30	31	tracking	-842.382768	67.974097	-265.508226	-32.152	-47.168	0.0410
30	32	tracking	-842.351059	67.689218	-265.458052	-7.152	-55.168	0.0359
30	33	tracking	-842.327032	67.366854	-265.400227	17.848	-55.963	0.0352
30	34	landing	-842.311612	67.021234	-265.330103	17.848	-47.963	0.0352
30	35	landing	-842.304352	66.654700	-265.247504	17.848	-47.963	0.0294
30	36	landing	-842.304864	66.269626	-265.152225	17.848	-47.963	0.0278
30	37	landing	-842.312804	65.868348	-265.044092	17.848	-47.963	0.0306
31	0	tracking	-850.645964	68.867102	-257.032114	-139.104	-4.000	0.4153
31	1	tracking	-849.991601	68.807284	-257.601772	-164.104	-0.670	0.2720
31	2	tracking	-849.422535	68.751906	-258.196524	170.896	-8.670	0.2463
31	3	tracking	-848.951149	68.710040	-258.797665	153.407	-16.670	0.1603
31	4	tracking	-848.533079	68.685017	-259.402840	178.407	-24.670	0.1198
31	5	tracking	-848.135704	68.677907	-259.999512	-156.593	-32.670	0.1118
31	6	tracking	-847.761383	68.687936	-260.584443	-159.186	-40.670	0.1014
31	7	tracking	-847.390151	68.712344	-261.142272	-134.186	-46.375	0.1272
31	8	tracking	-847.034052	68.747852	-261.683844	-150.375	-42.740	0.1189
31	9	tracking	-846.691437	68.790551	-262.210929	-150.375	-34.740	0.0973
31	10	tracking	-846.360385	68.836374	-262.725899	-150.375	-26.740	0.0898
31	11	tracking	-846.038924	68.880283	-263.231329	-150.375	-18.740	0.0887
31	12	tracking	-845.711981	68.925618	-263.710438	-125.375	-26.740	0.0859
31	13	tracking	-845.375779	68.972813	-264.145543	-100.375	-34.740	0.0797
31	14	tracking	-845.036398	69.019217	-264.522830	-75.375	-42.740	0.0755
31	15	tracking	-844.705837	69.059505	-264.835665	-50.375	-50.740	0.0719
31	16	tracking	-844.384292	69.091438	-265.093102	-51.747	-42.740	0.0704
31	17	tracking	-844.083004	69.113982	-265.293128	-26.747	-34.740	0.0631
31	18	tracking	-843.800745	69.125732	-265.443948	-26.747	-26.740	0.0750
31	19	tracking	-843.536584	69.125555	-265.553190	-26.747	-25.689	0.0650
31	20	tracking	-843.300384	69.113535	-265.623253	-1.747	-17.689	0.0609
31	21	tracking	-843.100129	69.088903	-265.661946	23.253	-9.689	0.0542
31	22	tracking	-842.935939	69.051976	-265.678117	37.878	-7.940	0.0548
31	23	tracking	-842.802291	69.003506	-265.676269	37.878	-7.940	0.0521
31	24	tracking	-842.631562	69.011703	-265.634159	62.878	-15.940	0.0506
31	25	tracking	-842.538406	68.953481	-265.635321	67.848	-23.940	0.0520
31	26	tracking	-842.467967	68.873254	-265.631242	67.848	-31.940	0.0460
31	27	tracking	-842.416241	68.763679	-265.623115	67.848	-39.940	0.0484
31	28	tracking	-842.377281	68.617219	-265.608190	42.848	-47.168	0.0417
31	29	tracking	-842.346007	68.435306	-265.584208	17.848	-47.168	0.0481
31	30	tracking	-842.316584	68.220041	-265.550421	-7.152	-47.168	0.0459
31	31	tracking	-842.282768	67.974097	-265.508226	-32.152	-47.168	0.0453
31	32	tracking	-842.251059	67.689218	-265.458052	-7.152	-55.168	0.0358
31	33	tracking	-842.227032	67.366854	-265.400227	17.848	-55.963	0.0367
31	34	landing	-842.211612	67.021234	-265.330103	17.848	-47.963	0.0350
31	35	landing	-842.204352	66.654700	-265.247504	17.848	-47.963	0.0273
31	36	landing	-842.204864	66.269626	-265.152225	17.848	-47.963	0.0275
31	37	landing	-842.212804	65.868348	-265.044092	17.848	-47.963	0.0304
32	0	tracking	-850.645964	68.867102	-257.032114	-139.104	-4.000	0.1753
32	1	tracking	-849.991601	68.807284	-257.601772	-164.104	-0.670	0.1540
32	2	tracking	-849.422535	68.751906	-258.196524	170.896	-8.670	0.1256
32	3	tracking	-848.951149	68.710040	-258.797665	153.407	-16.670	0.1391
32	4	tracking	-848.533079	68.685017	-259.402840	178.407	-24.670	0.1084
32	5	tracking	-848.135704	68.677907	-259.999512	-156.593	-32.670	0.1152
32	6	tracking	-847.761383	68.687936	-260.584443	-159.186	-40.670	0.1030
32	7	tracking	-847.390151	68.712344	-261.142272	-134.186	-46.375	0.1011
32	8	tracking	-847.034052	68.747852	-261.683844	-150.375	-42.740	0.1085
32	9	tracking	-846.691437	68.790551	-262.210929	-150.375	-34.740	0.0936
32	10	tracking	-846.360385	68.836374	-262.725899	-150.375	-26.740	0.0892
32	11	tracking	-846.038924	68.880283	-263.231329	-150.375	-18.740	0.1014
32	12	tracking	-845.711981	68.925618	-263.710438	-125.375	-26.740	0.0851
32	13	tracking	-845.375779	68.972813	-264.145543	-100.375	-34.740	0.0816
32	14	tracking	-845.036398	69.019217	-264.522830	-75.375	-42.740	0.0793
32	15	tracking	-844.705837	69.059505	-264.835665	-50.375	-50.740	0.1341
32	16	tracking	-844.384292	69.091438	-265.093102	-51.747	-42.740	0.2411
32	17	tracking	-844.083004	69.113982	-265.293128	-26.747	-34.740	0.1389
32	18	tracking	-843.800745	69.125732	-265.443948	-26.747	-26.740	0.1545
32	19	tracking	-843.536584	69.125555	-265.553190	-26.747	-25.689	0.1285
32	20	tracking	-843.300384	69.113535	-265.623253	-1.747	-17.689	0.0681
32	21	tracking	-843.100129	69.088903	-265.661946	23.253	-9.689	0.0547
32	22	tracking	-842.935939	69.051976	-265.678117	37.878	-7.940	0.0592
32	23	tracking	-842.802291	69.003506	-265.676269	37.878	-7.940	0.0518
32	24	tracking	-842.767039	68.874784	-265.698602	62.878	-15.940	0.0463
32	25	tracking	-842.705583	68.781808	-265.668047	67.848	-23.940	0.0489
32	26	tracking	-842.663633	68.668347	-265.635608	67.848	-31.940	0.0645
32	27	tracking	-842.637668	68.526705	-265.602059	67.848	-39.940	0.0511
32	28	tracking	-842.622065	68.349359	-265.564046	42.848	-47.168	0.0396
32	29	tracking	-842.611980	68.138517	-265.518325	17.848	-47.168	0.0413
32	30	tracking	-842.601219	67.896894	-265.463452	-7.152	-47.168	0.0346
32	31	tracking	-842.583023	67.627337	-265.400864	-32.152	-47.168	0.0352
32	32	tracking	-842.565050	67.321215	-265.331070	-7.152	-55.168	0.0334
32	33	tracking	-842.553713	66.980006	-265.254358	17.848	-55.963	0.0330
32	34	landing	-842.550164	66.618138	-265.165659	17.848	-47.963	0.0457
32	35	landing	-842.554055	66.237975	-265.064719	17.848	-47.963	0.0285
32	36	landing	-842.565074	65.841830	-264.951333	17.848	-47.963	0.0260
33	0	tracking	-850.645964	68.867102	-257.032114	-139.104	-4.000	0.2012
33	1	tracking	-849.991601	68.807284	-257.601772	-164.104	-0.670	0.1401
33	2	tracking	-849.422535	68.751906	-258.196524	170.896	-8.670	0.1173
33	3	tracking	-848.951149	68.710040	-258.797665	153.407	-16.670	0.1140
33	4	tracking	-848.533079	68.685017	-259.402840	178.407	-24.670	0.1107
33	5	tracking	-848.135704	68.677907	-259.999512	-156.593	-32.670	0.1092
33	6	tracking	-847.761383	68.687936	-260.584443	-159.186	-40.670	0.0969
33	7	tracking	-847.390151	68.712344	-261.142272	-134.186	-46.375	0.1142
33	8	tracking	-847.034052	68.747852	-261.683844	-150.375	-42.740	0.0921
33	9	tracking	-846.691437	68.790551	-262.210929	-150.375	-34.740	0.0910
33	10	tracking	-846.360385	68.836374	-262.725899	-150.375	-26.740	0.0877
33	11	tracking	-846.038924	68.880283	-263.231329	-150.375	-18.740	0.0914
33	12	tracking	-845.711981	68.925618	-263.710438	-125.375	-26.740	0.1234
33	13	tracking	-845.375779	68.972813	-264.145543	-100.375	-34.740	0.0956
33	14	tracking	-845.036398	69.019217	-264.522830	-75.375	-42.740	0.0808
33	15	tracking	-844.705837	69.059505	-264.835665	-50.375	-50.740	0.0828
33	16	tracking	-844.384292	69.091438	-265.093102	-51.747	-42.740	0.0661
33	17	tracking	-844.083004	69.113982	-265.293128	-26.747	-34.740	0.0654
33	18	tracking	-843.800745	69.125732	-265.443948	-26.747	-26.740	0.0645
33	19	tracking	-843.536584	69.125555	-265.553190	-26.747	-25.689	0.0607
33	20	tracking	-843.300384	69.113535	-265.623253	-1.747	-17.689	0.0556
33	21	tracking	-843.100129	69.088903	-265.661946	23.253	-9.689	0.0562
33	22	tracking	-842.935939	69.051976	-265.678117	37.878	-7.940	0.0537
33	23	tracking	-842.802291	69.003506	-265.676269	37.878	-7.940	0.0506
33	24	tracking	-842.667039	68.874784	-265.698602	62.878	-15.940	0.0377
33	25	tracking	-842.605583	68.781808	-265.668047	67.848	-23.940	0.0327
33	26	tracking	-842.563633	68.668347	-265.635608	67.848	-31.940	0.0301
33	27	tracking	-842.537668	68.526705	-265.602059	67.848	-39.940	0.0303
33	28	tracking	-842.522065	68.349359	-265.564046	42.848	-47.168	0.0256
33	29	tracking	-842.511980	68.138517	-265.518325	17.848	-47.168	0.0251
33	30	tracking	-842.501219	67.896894	-265.463452	-7.152	-47.168	0.1996
33	31	tracking	-842.483023	67.627337	-265.400864	-32.152	-47.168	0.0276
33	32	tracking	-842.465050	67.321215	-265.331070	-7.152	-55.168	0.0238
33	33	tracking	-842.453713	66.980006	-265.254358	17.848	-55.963	0.0209
33	34	landing	-842.450164	66.618138	-265.165659	17.848	-47.963	0.0204
33	35	landing	-842.454055	66.237975	-265.064719	17.848	-47.963	0.0263
33	36	landing	-842.465074	65.841830	-264.951333	17.848	-47.963	0.0167
34	0	tracking	-850.645964	68.867102	-257.032114	-139.104	-4.000	0.3763
34	1	tracking	-849.991601	68.807284	-257.601772	-164.104	-0.670	0.2671
34	2	tracking	-849.422535	68.751906	-258.196524	170.896	-8.670	0.1772
34	3	tracking	-848.951149	68.710040	-258.797665	153.407	-16.670	0.1175
34	4	tracking	-848.533079	68.685017	-259.402840	178.407	-24.670	0.1225
34	5	tracking	-848.135704	68.677907	-259.999512	-156.593	-32.670	0.1005
34	6	tracking	-847.761383	68.687936	-260.584443	-159.186	-40.670	0.0947
34	7	tracking	-847.390151	68.712344	-261.142272	-134.186	-46.375	0.1367
34	8	tracking	-847.034052	68.747852	-261.683844	-150.375	-42.740	0.0901
34	9	tracking	-846.691437	68.790551	-262.210929	-150.375	-34.740	0.0867
34	10	tracking	-846.360385	68.836374	-262.725899	-150.375	-26.740	0.0821
34	11	tracking	-846.038924	68.880283	-263.231329	-150.375	-18.740	0.0811
34	12	tracking	-845.711981	68.925618	-263.710438	-125.375	-26.740	0.0857
34	13	tracking	-845.375779	68.972813	-264.145543	-100.375	-34.740	0.0748
34	14	tracking	-845.036398	69.019217	-264.522830	-75.375	-42.740	0.0736
34	15	tracking	-844.705837	69.059505	-264.835665	-50.375	-50.740	0.0678
34	16	tracking	-844.384292	69.091438	-265.093102	-51.747	-42.740	0.1004
34	17	tracking	-844.083004	69.113982	-265.293128	-26.747	-34.740	0.0734
34	18	tracking	-843.800745	69.125732	-265.443948	-26.747	-26.740	0.0616
34	19	tracking	-843.536584	69.125555	-265.553190	-26.747	-25.689	0.0665
34	20	tracking	-843.300384	69.113535	-265.623253	-1.747	-17.689	0.0546
34	21	tracking	-843.100129	69.088903	-265.661946	23.253	-9.689	0.0616
34	22	tracking	-842.935939	69.051976	-265.678117	37.878	-7.940	0.0591
34	23	tracking	-842.802291	69.003506	-265.676269	37.878	-7.940	0.0500
34	24	tracking	-842.767039	68.974784	-265.698602	62.878	-15.940	0.0502
34	25	tracking	-842.705583	68.881808	-265.668047	67.848	-23.940	0.0438
34	26	tracking	-842.663633	68.768347	-265.635608	67.848	-31.940	0.0445
34	27	tracking	-842.637668	68.626705	-265.602059	67.848	-39.940	0.0389
34	28	tracking	-842.622065	68.449359	-265.564046	42.848	-47.168	0.0414
34	29	tracking	-842.611980	68.238517	-265.518325	17.848	-47.168	0.0363
34	30	tracking	-842.601219	67.996894	-265.463452	-7.152	-47.168	0.0380
34	31	tracking	-842.583023	67.727337	-265.400864	-32.152	-47.168	0.0326
34	32	tracking	-842.565050	67.421215	-265.331070	-7.152	-55.168	0.0400
34	33	tracking	-842.553713	67.080006	-265.254358	17.848	-55.963	0.0362
34	34	landing	-842.550164	66.718138	-265.165659	17.848	-47.963	0.0294
34	35	landing	-842.554055	66.337975	-265.064719	17.848	-47.963	0.0270
34	36	landing	-842.565074	65.941830	-264.951333	17.848	-47.963	0.0284
35	0	tracking	-850.645964	68.867102	-257.032114	-139.104	-4.000	0.1662
35	1	tracking	-849.991601	68.807284	-257.601772	-164.104	-0.670	0.1225
35	2	tracking	-849.422535	68.751906	-258.196524	170.896	-8.670	0.1192
35	3	tracking	-848.951149	68.710040	-258.797665	153.407	-16.670	0.2163
35	4	tracking	-848.533079	68.685017	-259.402840	178.407	-24.670	0.1066
35	5	tracking	-848.135704	68.677907	-259.999512	-156.593	-32.670	0.0957
35	6	tracking	-847.761383	68.687936	-260.584443	-159.186	-40.670	0.0916
35	7	tracking	-847.390151	68.712344	-261.142272	-134.186	-46.375	0.1044
35	8	tracking	-847.034052	68.747852	-261.683844	-150.375	-42.740	0.2291
35	9	tracking	-846.691437	68.790551	-262.210929	-150.375	-34.740	0.1977
35	10	tracking	-846.360385	68.836374	-262.725899	-150.375	-26.740	0.1765
35	11	tracking	-846.038924	68.880283	-263.231329	-150.375	-18.740	0.2075
35	12	tracking	-845.711981	68.925618	-263.710438	-125.375	-26.740	0.1984
35	13	tracking	-845.375779	68.972813	-264.145543	-100.375	-34.740	0.1709
35	14	tracking	-845.036398	69.019217	-264.522830	-75.375	-42.740	0.1448
35	15	tracking	-844.705837	69.059505	-264.835665	-50.375	-50.740	0.0785
35	16	tracking	-844.384292	69.091438	-265.093102	-51.747	-42.740	0.0674
35	17	tracking	-844.083004	69.113982	-265.293128	-26.747	-34.740	0.0636
35	18	tracking	-843.800745	69.125732	-265.443948	-26.747	-26.740	0.0566
35	19	tracking	-843.536584	69.125555	-265.553190	-26.747	-25.689	0.0589
35	20	tracking	-843.300384	69.113535	-265.623253	-1.747	-17.689	0.0578
35	21	tracking	-843.100129	69.088903	-265.661946	23.253	-9.689	0.0534
35	22	tracking	-842.935939	69.051976	-265.678117	37.878	-7.940	0.0516
35	23	tracking	-842.802291	69.003506	-265.676269	37.878	-7.940	0.0501
35	24	tracking	-842.667039	68.974784	-265.698602	62.878	-15.940	0.0340
35	25	tracking	-842.605583	68.881808	-265.668047	67.848	-23.940	0.0298
35	26	tracking	-842.563633	68.768347	-265.635608	67.848	-31.940	0.0318
35	27	tracking	-842.537668	68.626705	-265.602059	67.848	-39.940	0.0276
35	28	tracking	-842.522065	68.449359	-265.564046	42.848	-47.168	0.0248
35	29	tracking	-842.511980	68.238517	-265.518325	17.848	-47.168	0.0271
35	30	tracking	-842.501219	67.996894	-265.463452	-7.152	-47.168	0.0264
35	31	tracking	-842.483023	67.727337	-265.400864	-32.152	-47.168	0.0232
35	32	tracking	-842.465050	67.421215	-265.331070	-7.152	-55.168	0.0287
35	33	tracking	-842.453713	67.080006	-265.254358	17.848	-55.963	0.0198
35	34	landing	-842.450164	66.718138	-265.165659	17.848	-47.963	0.0187
35	35	landing	-842.454055	66.337975	-265.064719	17.848	-47.963	0.0163
35	36	landing	-842.465074	65.941830	-264.951333	17.848	-47.963	0.0186
36	0	tracking	-850.645964	68.867102	-257.032114	-139.104	-4.000	0.1650
36	1	tracking	-849.991601	68.807284	-257.601772	-164.104	-0.670	0.1164
36	2	tracking	-849.422535	68.751906	-258.196524	170.896	-8.670	0.2070
36	3	tracking	-848.951149	68.710040	-258.797665	153.407	-16.670	0.1199
36	4	tracking	-848.533079	68.685017	-259.402840	178.407	-24.670	0.1028
36	5	tracking	-848.135704	68.677907	-259.999512	-156.593	-32.670	0.1514
36	6	tracking	-847.761383	68.687936	-260.584443	-159.186	-40.670	0.0906
36	7	tracking	-847.390151	68.712344	-261.142272	-134.186	-46.375	0.0874
36	8	tracking	-847.034052	68.747852	-261.683844	-150.375	-42.740	0.0898
36	9	tracking	-846.691437	68.790551	-262.210929	-150.375	-34.740	0.0847
36	10	tracking	-846.360385	68.836374	-262.725899	-150.375	-26.740	0.0845
36	11	tracking	-846.038924	68.880283	-263.231329	-150.375	-18.740	0.0886
36	12	tracking	-845.711981	68.925618	-263.710438	-125.375	-26.740	0.0760
36	13	tracking	-845.375779	68.972813	-264.145543	-100.375	-34.740	0.0694
36	14	tracking	-845.036398	69.019217	-264.522830	-75.375	-42.740	0.0706
36	15	tracking	-844.705837	69.059505	-264.835665	-50.375	-50.740	0.0679
36	16	tracking	-844.384292	69.091438	-265.093102	-51.747	-42.740	0.0633
36	17	tracking	-844.083004	69.113982	-265.293128	-26.747	-34.740	0.0647
36	18	tracking	-843.800745	69.125732	-265.443948	-26.747	-26.740	0.0673
36	19	tracking	-843.536584	69.125555	-265.553190	-26.747	-25.689	0.0549
36	20	tracking	-843.300384	69.113535	-265.623253	-1.747	-17.689	0.0552
36	21	tracking	-843.100129	69.088903	-265.661946	23.253	-9.689	0.0524
36	22	tracking	-842.935939	69.051976	-265.678117	37.878	-7.940	0.0475
36	23	tracking	-842.802291	69.003506	-265.676269	37.878	-7.940	0.0486
36	24	tracking	-842.767039	68.874784	-265.598602	62.878	-15.940	0.0433
36	25	tracking	-842.705583	68.781808	-265.568047	67.848	-23.940	0.0453
36	26	tracking	-842.663633	68.668347	-265.535608	67.848	-31.940	0.0396
36	27	tracking	-842.637668	68.526705	-265.502059	67.848	-39.940	0.0390
36	28	tracking	-842.622065	68.349359	-265.464046	42.848	-47.168	0.0441
36	29	tracking	-842.611980	68.138517	-265.418325	17.848	-47.168	0.0458
36	30	tracking	-842.601219	67.896894	-265.363452	-7.152	-47.168	0.0390
36	31	tracking	-842.583023	67.627337	-265.300864	-32.152	-47.168	0.0695
36	32	tracking	-842.565050	67.321215	-265.231070	-7.152	-55.168	0.0263
36	33	tracking	-842.553713	66.980006	-265.154358	17.848	-55.963	0.0235
36	34	landing	-842.550164	66.618138	-265.065659	17.848	-47.963	0.0794
36	35	landing	-842.554055	66.237975	-264.964719	17.848	-47.963	0.0193
36	36	landing	-842.565074	65.841830	-264.851333	17.848	-47.963	0.0434
37	0	tracking	-850.645964	68.867102	-257.032114	-139.104	-4.000	0.2401
37	1	tracking	-849.991601	68.807284	-257.601772	-164.104	-0.670	0.1209
37	2	tracking	-849.422535	68.751906	-258.196524	170.896	-8.670	0.1084
37	3	tracking	-848.951149	68.710040	-258.797665	153.407	-16.670	0.0996
37	4	tracking	-848.533079	68.685017	-259.402840	178.407	-24.670	0.1023
37	5	tracking	-848.135704	68.677907	-259.999512	-156.593	-32.670	0.0910
37	6	tracking	-847.761383	68.687936	-260.584443	-159.186	-40.670	0.0872
37	7	tracking	-847.390151	68.712344	-261.142272	-134.186	-46.375	0.1647
37	8	tracking	-847.034052	68.747852	-261.683844	-150.375	-42.740	0.0870
37	9	tracking	-846.691437	68.790551	-262.210929	-150.375	-34.740	0.0833
37	10	tracking	-846.360385	68.836374	-262.725899	-150.375	-26.740	0.0779
37	11	tracking	-846.038924	68.880283	-263.231329	-150.375	-18.740	0.0905
37	12	tracking	-845.711981	68.925618	-263.710438	-125.375	-26.740	0.0704
37	13	tracking	-845.375779	68.972813	-264.145543	-100.375	-34.740	0.0673
37	14	tracking	-845.036398	69.019217	-264.522830	-75.375	-42.740	0.0679
37	15	tracking	-844.705837	69.059505	-264.835665	-50.375	-50.740	0.0680
37	16	tracking	-844.384292	69.091438	-265.093102	-51.747	-42.740	0.0590
37	17	tracking	-844.083004	69.113982	-265.293128	-26.747	-34.740	0.0547
37	18	tracking	-843.800745	69.125732	-265.443948	-26.747	-26.740	0.0537
37	19	tracking	-843.536584	69.125555	-265.553190	-26.747	-25.689	0.0475
37	20	tracking	-843.300384	69.113535	-265.623253	-1.747	-17.689	0.0484
37	21	tracking	-843.100129	69.088903	-265.661946	23.253	-9.689	0.0479
37	22	tracking	-842.935939	69.051976	-265.678117	37.878	-7.940	0.0408
37	23	tracking	-842.802291	69.003506	-265.676269	37.878	-7.940	0.0437
37	24	tracking	-842.667039	68.874784	-265.598602	62.878	-15.940	0.0293
37	25	tracking	-842.605583	68.781808	-265.568047	67.848	-23.940	0.0277
37	26	tracking	-842.563633	68.668347	-265.535608	67.848	-31.940	0.0239
37	27	tracking	-842.537668	68.526705	-265.502059	67.848	-39.940	0.0209
37	28	tracking	-842.522065	68.349359	-265.464046	42.848	-47.168	0.0234
37	29	tracking	-842.511980	68.138517	-265.418325	17.848	-47.168	0.0192
37	30	tracking	-842.501219	67.896894	-265.363452	-7.152	-47.168	0.0180
37	31	tracking	-842.483023	67.627337	-265.300864	-32.152	-47.168	0.0205
37	32	tracking	-842.465050	67.321215	-265.231070	-7.152	-55.168	0.0226
37	33	tracking	-842.453713	66.980006	-265.154358	17.848	-55.963	0.0150
37	34	landing	-842.450164	66.618138	-265.065659	17.848	-47.963	0.0130
37	35	landing	-842.454055	66.237975	-264.964719	17.848	-47.963	0.0121
37	36	landing	-842.465074	65.841830	-264.851333	17.848	-47.963	0.0109
38	0	tracking	-850.645964	68.867102	-257.032114	-139.104	-4.000	0.1537
38	1	tracking	-849.991601	68.807284	-257.601772	-164.104	-0.670	0.1069
38	2	tracking	-849.422535	68.751906	-258.196524	170.896	-8.670	0.1033
38	3	tracking	-848.951149	68.710040	-258.797665	153.407	-16.670	0.1031
38	4	tracking	-848.533079	68.685017	-259.402840	178.407	-24.670	0.0958
38	5	tracking	-848.135704	68.677907	-259.999512	-156.593	-32.670	0.0914
38	6	tracking	-847.761383	68.687936	-260.584443	-159.186	-40.670	0.0797
38	7	tracking	-847.390151	68.712344	-261.142272	-134.186	-46.375	0.0779
38	8	tracking	-847.034052	68.747852	-261.683844	-150.375	-42.740	0.0769
38	9	tracking	-846.691437	68.790551	-262.210929	-150.375	-34.740	0.0761
38	10	tracking	-846.360385	68.836374	-262.725899	-150.375	-26.740	0.0711
38	11	tracking	-846.038924	68.880283	-263.231329	-150.375	-18.740	0.0698
38	12	tracking	-845.711981	68.925618	-263.710438	-125.375	-26.740	0.0673
38	13	tracking	-845.375779	68.972813	-264.145543	-100.375	-34.740	0.0639
38	14	tracking	-845.036398	69.019217	-264.522830	-75.375	-42.740	0.0598
38	15	tracking	-844.705837	69.059505	-264.835665	-50.375	-50.740	0.0592
38	16	tracking	-844.384292	69.091438	-265.093102	-51.747	-42.740	0.0521
38	17	tracking	-844.083004	69.113982	-265.293128	-26.747	-34.740	0.0503
38	18	tracking	-843.800745	69.125732	-265.443948	-26.747	-26.740	0.0509
38	19	tracking	-843.536584	69.125555	-265.553190	-26.747	-25.689	0.0496
38	20	tracking	-843.300384	69.113535	-265.623253	-1.747	-17.689	0.0425
38	21	tracking	-843.100129	69.088903	-265.661946	23.253	-9.689	0.0458
38	22	tracking	-842.935939	69.051976	-265.678117	37.878	-7.940	0.0435
38	23	tracking	-842.802291	69.003506	-265.676269	37.878	-7.940	0.0453
38	24	tracking	-842.767039	68.974784	-265.598602	62.878	-15.940	0.0453
38	25	tracking	-842.705583	68.881808	-265.568047	67.848	-23.940	0.0361
38	26	tracking	-842.663633	68.768347	-265.535608	67.848	-31.940	0.0356
38	27	tracking	-842.637668	68.626705	-265.502059	67.848	-39.940	0.0312
38	28	tracking	-842.622065	68.449359	-265.464046	42.848	-47.168	0.0332
38	29	tracking	-842.611980	68.238517	-265.418325	17.848	-47.168	0.0284
38	30	tracking	-842.601219	67.996894	-265.363452	-7.152	-47.168	0.0320
38	31	tracking	-842.583023	67.727337	-265.300864	-32.152	-47.168	0.0257
38	32	tracking	-842.565050	67.421215	-265.231070	-7.152	-55.168	0.0250
38	33	tracking	-842.553713	67.080006	-265.154358	17.848	-55.963	0.0258
38	34	landing	-842.550164	66.718138	-265.065659	17.848	-47.963	0.0204
38	35	landing	-842.554055	66.337975	-264.964719	17.848	-47.963	0.0174
38	36	landing	-842.565074	65.941830	-264.851333	17.848	-47.963	0.0230
39	0	tracking	-850.645964	68.867102	-257.032114	-139.104	-4.000	0.1592
39	1	tracking	-849.991601	68.807284	-257.601772	-164.104	-0.670	0.1074
39	2	tracking	-849.422535	68.751906	-258.196524	170.896	-8.670	0.1760
39	3	tracking	-848.951149	68.710040	-258.797665	153.407	-16.670	0.1056
39	4	tracking	-848.533079	68.685017	-259.402840	178.407	-24.670	0.2192
39	5	tracking	-848.135704	68.677907	-259.999512	-156.593	-32.670	0.2095
39	6	tracking	-847.761383	68.687936	-260.584443	-159.186	-40.670	0.1863
39	7	tracking	-847.390151	68.712344	-261.142272	-134.186	-46.375	0.1674
39	8	tracking	-847.034052	68.747852	-261.683844	-150.375	-42.740	0.1904
39	9	tracking	-846.691437	68.790551	-262.210929	-150.375	-34.740	0.1641
39	10	tracking	-846.360385	68.836374	-262.725899	-150.375	-26.740	0.1514
39	11	tracking	-846.038924	68.880283	-263.231329	-150.375	-18.740	0.1452
39	12	tracking	-845.711981	68.925618	-263.710438	-125.375	-26.740	0.2108
39	13	tracking	-845.375779	68.972813	-264.145543	-100.375	-34.740	0.0874
39	14	tracking	-845.036398	69.019217	-264.522830	-75.375	-42.740	0.0631
39	15	tracking	-844.705837	69.059505	-264.835665	-50.375	-50.740	0.0592
39	16	tracking	-844.384292	69.091438	-265.093102	-51.747	-42.740	0.0518
39	17	tracking	-844.083004	69.113982	-265.293128	-26.747	-34.740	0.0502
39	18	tracking	-843.800745	69.125732	-265.443948	-26.747	-26.740	0.0513
39	19	tracking	-843.536584	69.125555	-265.553190	-26.747	-25.689	0.0499
39	20	tracking	-843.300384	69.113535	-265.623253	-1.747	-17.689	0.0432
39	21	tracking	-843.100129	69.088903	-265.661946	23.253	-9.689	0.0448
39	22	tracking	-842.935939	69.051976	-265.678117	37.878	-7.940	0.0425
39	23	tracking	-842.802291	69.003506	-265.676269	37.878	-7.940	0.0375
39	24	tracking	-842.667039	68.974784	-265.598602	62.878	-15.940	0.0303
39	25	tracking	-842.605583	68.881808	-265.568047	67.848	-23.940	0.0259
39	26	tracking	-842.563633	68.768347	-265.535608	67.848	-31.940	0.0240
39	27	tracking	-842.537668	68.626705	-265.502059	67.848	-39.940	0.0239
39	28	tracking	-842.522065	68.449359	-265.464046	42.848	-47.168	0.0198
39	29	tracking	-842.511980	68.238517	-265.418325	17.848	-47.168	0.0205
39	30	tracking	-842.501219	67.996894	-265.363452	-7.152	-47.168	0.0214
39	31	tracking	-842.483023	67.727337	-265.300864	-32.152	-47.168	0.0174
39	32	tracking	-842.465050	67.421215	-265.231070	-7.152	-55.168	0.0173
39	33	tracking	-842.453713	67.080006	-265.154358	17.848	-55.963	0.0170
39	34	landing	-842.450164	66.718138	-265.065659	17.848	-47.963	0.0217
39	35	landing	-842.454055	66.337975	-264.964719	17.848	-47.963	0.0134
39	36	landing	-842.465074	65.941830	-264.851333	17.848	-47.963	0.0137
40	0	tracking	-850.645964	68.867102	-257.032114	-139.104	-4.000	0.1684
40	1	tracking	-849.991601	68.807284	-257.601772	-164.104	-0.670	0.1253
40	2	tracking	-849.422535	68.751906	-258.196524	170.896	-8.670	0.1020
40	3	tracking	-848.951149	68.710040	-258.797665	153.407	-16.670	0.0992
40	4	tracking	-848.533079	68.685017	-259.402840	178.407	-24.670	0.0925
40	5	tracking	-848.135704	68.677907	-259.999512	-156.593	-32.670	0.0862
40	6	tracking	-847.761383	68.687936	-260.584443	-159.186	-40.670	0.0817
40	7	tracking	-847.390151	68.712344	-261.142272	-134.186	-46.375	0.0827
40	8	tracking	-847.034052	68.747852	-261.683844	-150.375	-42.740	0.0769
40	9	tracking	-846.691437	68.790551	-262.210929	-150.375	-34.740	0.0771
40	10	tracking	-846.360385	68.836374	-262.725899	-150.375	-26.740	0.0766
40	11	tracking	-846.038924	68.880283	-263.231329	-150.375	-18.740	0.0770
40	12	tracking	-845.711981	68.925618	-263.710438	-125.375	-26.740	0.0661
40	13	tracking	-845.375779	68.972813	-264.145543	-100.375	-34.740	0.0634
40	14	tracking	-845.036398	69.019217	-264.522830	-75.375	-42.740	0.0714
40	15	tracking	-844.705837	69.059505	-264.835665	-50.375	-50.740	0.0627
40	16	tracking	-844.384292	69.091438	-265.093102	-51.747	-42.740	0.0575
40	17	tracking	-844.083004	69.113982	-265.293128	-26.747	-34.740	0.0567
40	18	tracking	-843.800745	69.125732	-265.443948	-26.747	-26.740	0.0490
40	19	tracking	-843.536584	69.125555	-265.553190	-26.747	-25.689	0.0524
40	20	tracking	-843.300384	69.113535	-265.623253	-1.747	-17.689	0.0526
40	21	tracking	-843.100129	69.088903	-265.661946	23.253	-9.689	0.0473
40	22	tracking	-842.935939	69.051976	-265.678117	37.878	-7.940	0.0479
40	23	tracking	-842.802291	69.003506	-265.676269	37.878	-7.940	0.0449
40	24	tracking	-842.734533	68.876144	-265.696997	62.878	-15.940	0.0394
40	25	tracking	-842.646503	68.786003	-265.664039	67.848	-23.940	0.0383
40	26	tracking	-842.582590	68.676803	-265.628761	67.848	-31.940	0.0420
40	27	tracking	-842.538257	68.540701	-265.592194	67.848	-39.940	0.0373
40	28	tracking	-842.506879	68.369916	-265.550854	42.848	-47.168	0.0314
40	29	tracking	-842.482896	68.166202	-265.501678	17.848	-47.168	0.0312
40	30	tracking	-842.459719	67.931968	-265.443446	-7.152	-47.168	0.0327
40	31	tracking	-842.430358	67.669938	-265.377707	-32.152	-47.168	0.0267
40	32	tracking	-842.402406	67.371654	-265.304850	-7.152	-55.168	0.0287
40	33	tracking	-842.382237	67.038506	-265.225222	17.848	-55.963	0.0244
40	34	landing	-842.370823	66.684611	-265.133915	17.848	-47.963	0.0202
40	35	landing	-842.367681	66.312215	-265.030731	17.848	-47.963	0.0241
40	36	landing	-842.372387	65.923546	-264.915486	17.848	-47.963	0.0193
41	0	tracking	-850.645964	68.867102	-257.032114	-139.104	-4.000	0.1614
41	1	tracking	-849.991601	68.807284	-257.601772	-164.104	-0.670	0.1095
41	2	tracking	-849.422535	68.751906	-258.196524	170.896	-8.670	0.1072
41	3	tracking	-848.951149	68.710040	-258.797665	153.407	-16.670	0.1049
41	4	tracking	-848.533079	68.685017	-259.402840	178.407	-24.670	0.0890
41	5	tracking	-848.135704	68.677907	-259.999512	-156.593	-32.670	0.0853
41	6	tracking	-847.761383	68.687936	-260.584443	-159.186	-40.670	0.0801
41	7	tracking	-847.390151	68.712344	-261.142272	-134.186	-46.375	0.0795
41	8	tracking	-847.034052	68.747852	-261.683844	-150.375	-42.740	0.0784
41	9	tracking	-846.691437	68.790551	-262.210929	-150.375	-34.740	0.0748
41	10	tracking	-846.360385	68.836374	-262.725899	-150.375	-26.740	0.0717
41	11	tracking	-846.038924	68.880283	-263.231329	-150.375	-18.740	0.0684
41	12	tracking	-845.711981	68.925618	-263.710438	-125.375	-26.740	0.1665
41	13	tracking	-845.375779	68.972813	-264.145543	-100.375	-34.740	0.0814
41	14	tracking	-845.036398	69.019217	-264.522830	-75.375	-42.740	0.0655
41	15	tracking	-844.705837	69.059505	-264.835665	-50.375	-50.740	0.2549
41	16	tracking	-844.384292	69.091438	-265.093102	-51.747	-42.740	0.0564
41	17	tracking	-844.083004	69.113982	-265.293128	-26.747	-34.740	0.0515
41	18	tracking	-843.800745	69.125732	-265.443948	-26.747	-26.740	0.0518
41	19	tracking	-843.536584	69.125555	-265.553190	-26.747	-25.689	0.0563
41	20	tracking	-843.300384	69.113535	-265.623253	-1.747	-17.689	0.0519
41	21	tracking	-843.100129	69.088903	-265.661946	23.253	-9.689	0.0412
41	22	tracking	-842.935939	69.051976	-265.678117	37.878	-7.940	0.0429
41	23	tracking	-842.802291	69.003506	-265.676269	37.878	-7.940	0.0377
41	24	tracking	-842.634533	68.876144	-265.696997	62.878	-15.940	0.0413
41	25	tracking	-842.546503	68.786003	-265.664039	67.848	-23.940	0.0354
41	26	tracking	-842.482590	68.676803	-265.628761	67.848	-31.940	0.0359
41	27	tracking	-842.438257	68.540701	-265.592194	67.848	-39.940	0.0318
41	28	tracking	-842.406879	68.369916	-265.550854	42.848	-47.168	0.0334
41	29	tracking	-842.382896	68.166202	-265.501678	17.848	-47.168	0.0293
41	30	tracking	-842.359719	67.931968	-265.443446	-7.152	-47.168	0.0298
41	31	tracking	-842.330358	67.669938	-265.377707	-32.152	-47.168	0.0268
41	32	tracking	-842.302406	67.371654	-265.304850	-7.152	-55.168	0.0278
41	33	tracking	-842.282237	67.038506	-265.225222	17.848	-55.963	0.0248
41	34	landing	-842.270823	66.684611	-265.133915	17.848	-47.963	0.0198
41	35	landing	-842.267681	66.312215	-265.030731	17.848	-47.963	0.0182
41	36	landing	-842.272387	65.923546	-264.915486	17.848	-47.963	0.0179
42	0	tracking	-850.645964	68.867102	-257.032114	-139.104	-4.000	0.1648
42	1	tracking	-849.991601	68.807284	-257.601772	-164.104	-0.670	0.1096
42	2	tracking	-849.422535	68.751906	-258.196524	170.896	-8.670	0.1064
42	3	tracking	-848.951149	68.710040	-258.797665	153.407	-16.670	0.1634
42	4	tracking	-848.533079	68.685017	-259.402840	178.407	-24.670	0.1151
42	5	tracking	-848.135704	68.677907	-259.999512	-156.593	-32.670	0.0898
42	6	tracking	-847.761383	68.687936	-260.584443	-159.186	-40.670	0.0993
42	7	tracking	-847.390151	68.712344	-261.142272	-134.186	-46.375	0.0846
42	8	tracking	-847.034052	68.747852	-261.683844	-150.375	-42.740	0.0759
42	9	tracking	-846.691437	68.790551	-262.210929	-150.375	-34.740	0.0775
42	10	tracking	-846.360385	68.836374	-262.725899	-150.375	-26.740	0.0722
42	11	tracking	-846.038924	68.880283	-263.231329	-150.375	-18.740	0.0689
42	12	tracking	-845.711981	68.925618	-263.710438	-125.375	-26.740	0.0699
42	13	tracking	-845.375779	68.972813	-264.145543	-100.375	-34.740	0.0637
42	14	tracking	-845.036398	69.019217	-264.522830	-75.375	-42.740	0.0653
42	15	tracking	-844.705837	69.059505	-264.835665	-50.375	-50.740	0.0588
42	16	tracking	-844.384292	69.091438	-265.093102	-51.747	-42.740	0.0617
42	17	tracking	-844.083004	69.113982	-265.293128	-26.747	-34.740	0.0547
42	18	tracking	-843.800745	69.125732	-265.443948	-26.747	-26.740	0.1133
42	19	tracking	-843.536584	69.125555	-265.553190	-26.747	-25.689	0.1368
42	20	tracking	-843.300384	69.113535	-265.623253	-1.747	-17.689	0.1060
42	21	tracking	-843.100129	69.088903	-265.661946	23.253	-9.689	0.0970
42	22	tracking	-842.935939	69.051976	-265.678117	37.878	-7.940	0.0889
42	23	tracking	-842.802291	69.003506	-265.676269	37.878	-7.940	0.0786
42	24	tracking	-842.734533	68.976144	-265.696997	62.878	-15.940	1.9657
42	25	tracking	-842.646503	68.886003	-265.664039	67.848	-23.940	0.3851
42	26	tracking	-842.582590	68.776803	-265.628761	67.848	-31.940	0.1415
42	27	tracking	-842.538257	68.640701	-265.592194	67.848	-39.940	0.0799
42	28	tracking	-842.506879	68.469916	-265.550854	42.848	-47.168	0.0782
42	29	tracking	-842.482896	68.266202	-265.501678	17.848	-47.168	0.1413
42	30	tracking	-842.459719	68.031968	-265.443446	-7.152	-47.168	0.0760
42	31	tracking	-842.430358	67.769938	-265.377707	-32.152	-47.168	0.1420
42	32	tracking	-842.402406	67.471654	-265.304850	-7.152	-55.168	0.0839
42	33	tracking	-842.382237	67.138506	-265.225222	17.848	-55.963	0.0835
42	34	landing	-842.374912	66.784611	-265.135723	29.848	-47.963	0.0232
42	35	landing	-842.379720	66.412008	-265.036228	29.848	-47.963	0.0203
42	36	landing	-842.396063	66.022808	-264.926560	29.848	-47.963	0.0220
42	37	landing	-842.423422	65.619122	-264.806544	29.848	-47.963	0.0160
43	0	tracking	-850.645964	68.867102	-257.032114	-139.104	-4.000	0.1720
43	1	tracking	-849.991601	68.807284	-257.601772	-164.104	-0.670	0.1217
43	2	tracking	-849.422535	68.751906	-258.196524	170.896	-8.670	0.1195
43	3	tracking	-848.951149	68.710040	-258.797665	153.407	-16.670	0.1084
43	4	tracking	-848.533079	68.685017	-259.402840	178.407	-24.670	0.1014
43	5	tracking	-848.135704	68.677907	-259.999512	-156.593	-32.670	0.1086
43	6	tracking	-847.761383	68.687936	-260.584443	-159.186	-40.670	0.0990
43	7	tracking	-847.390151	68.712344	-261.142272	-134.186	-46.375	0.0888
43	8	tracking	-847.034052	68.747852	-261.683844	-150.375	-42.740	0.1019
43	9	tracking	-846.691437	68.790551	-262.210929	-150.375	-34.740	0.1516
43	10	tracking	-846.360385	68.836374	-262.725899	-150.375	-26.740	0.0805
43	11	tracking	-846.038924	68.880283	-263.231329	-150.375	-18.740	0.0796
43	12	tracking	-845.711981	68.925618	-263.710438	-125.375	-26.740	0.0763
43	13	tracking	-845.375779	68.972813	-264.145543	-100.375	-34.740	0.0913
43	14	tracking	-845.036398	69.019217	-264.522830	-75.375	-42.740	0.0702
43	15	tracking	-844.705837	69.059505	-264.835665	-50.375	-50.740	0.0680
43	16	tracking	-844.384292	69.091438	-265.093102	-51.747	-42.740	0.0665
43	17	tracking	-844.083004	69.113982	-265.293128	-26.747	-34.740	0.0573
43	18	tracking	-843.800745	69.125732	-265.443948	-26.747	-26.740	0.0585
43	19	tracking	-843.536584	69.125555	-265.553190	-26.747	-25.689	0.0619
43	20	tracking	-843.300384	69.113535	-265.623253	-1.747	-17.689	0.0540
43	21	tracking	-843.100129	69.088903	-265.661946	23.253	-9.689	0.0703
43	22	tracking	-842.935939	69.051976	-265.678117	37.878	-7.940	0.0513
43	23	tracking	-842.802291	69.003506	-265.676269	37.878	-7.940	0.0446
43	24	tracking	-842.634533	68.976144	-265.696997	62.878	-15.940	0.2371
43	25	tracking	-842.546503	68.886003	-265.664039	67.848	-23.940	0.1388
43	26	tracking	-842.482590	68.776803	-265.628761	67.848	-31.940	0.1510
43	27	tracking	-842.438257	68.640701	-265.592194	67.848	-39.940	0.1302
43	28	tracking	-842.406879	68.469916	-265.550854	42.848	-47.168	0.1240
43	29	tracking	-842.382896	68.266202	-265.501678	17.848	-47.168	0.1155
43	30	tracking	-842.359719	68.031968	-265.443446	-7.152	-47.168	0.1131
43	31	tracking	-842.330358	67.769938	-265.377707	-32.152	-47.168	0.1114
43	32	tracking	-842.302406	67.471654	-265.304850	-7.152	-55.168	0.1083
43	33	tracking	-842.282237	67.138506	-265.225222	17.848	-55.963	0.1204
43	34	landing	-842.278813	66.784611	-265.138593	42.848	-47.963	0.0285
43	35	landing	-842.291095	66.411719	-265.044876	42.848	-47.963	0.0215
43	36	landing	-842.318274	66.021774	-264.943870	42.848	-47.963	0.0207
43	37	landing	-842.359686	65.616806	-264.835335	42.848	-47.963	0.0217
44	0	tracking	-850.645964	68.867102	-257.032114	-139.104	-4.000	0.1728
44	1	tracking	-849.991601	68.807284	-257.601772	-164.104	-0.670	0.1302
44	2	tracking	-849.422535	68.751906	-258.196524	170.896	-8.670	0.1086
44	3	tracking	-848.951149	68.710040	-258.797665	153.407	-16.670	0.1026
44	4	tracking	-848.533079	68.685017	-259.402840	178.407	-24.670	0.0962
44	5	tracking	-848.135704	68.677907	-259.999512	-156.593	-32.670	0.1014
44	6	tracking	-847.761383	68.687936	-260.584443	-159.186	-40.670	0.0876
44	7	tracking	-847.390151	68.712344	-261.142272	-134.186	-46.375	0.0855
44	8	tracking	-847.034052	68.747852	-261.683844	-150.375	-42.740	0.0824
44	9	tracking	-846.691437	68.790551	-262.210929	-150.375	-34.740	0.0823
44	10	tracking	-846.360385	68.836374	-262.725899	-150.375	-26.740	0.0777
44	11	tracking	-846.038924	68.880283	-263.231329	-150.375	-18.740	0.0771
44	12	tracking	-845.711981	68.925618	-263.710438	-125.375	-26.740	0.0724
44	13	tracking	-845.375779	68.972813	-264.145543	-100.375	-34.740	0.0712
44	14	tracking	-845.036398	69.019217	-264.522830	-75.375	-42.740	0.0662
44	15	tracking	-844.705837	69.059505	-264.835665	-50.375	-50.740	0.0656
44	16	tracking	-844.384292	69.091438	-265.093102	-51.747	-42.740	0.0693
44	17	tracking	-844.083004	69.113982	-265.293128	-26.747	-34.740	0.0587
44	18	tracking	-843.800745	69.125732	-265.443948	-26.747	-26.740	0.0587
44	19	tracking	-843.536584	69.125555	-265.553190	-26.747	-25.689	0.0538
44	20	tracking	-843.300384	69.113535	-265.623253	-1.747	-17.689	0.0576
44	21	tracking	-843.100129	69.088903	-265.661946	23.253	-9.689	0.0501
44	22	tracking	-842.935939	69.051976	-265.678117	37.878	-7.940	0.0458
44	23	tracking	-842.802291	69.003506	-265.676269	37.878	-7.940	0.0422
44	24	tracking	-842.734533	68.876144	-265.596997	62.878	-15.940	0.0415
44	25	tracking	-842.646503	68.786003	-265.564039	67.848	-23.940	0.0360
44	26	tracking	-842.582590	68.676803	-265.528761	67.848	-31.940	0.0403
44	27	tracking	-842.538257	68.540701	-265.492194	67.848	-39.940	0.0361
44	28	tracking	-842.506879	68.369916	-265.450854	42.848	-47.168	0.0358
44	29	tracking	-842.482896	68.166202	-265.401678	17.848	-47.168	0.0292
44	30	tracking	-842.459719	67.931968	-265.343446	-7.152	-47.168	0.0275
44	31	tracking	-842.430358	67.669938	-265.277707	-32.152	-47.168	0.0294
44	32	tracking	-842.402406	67.371654	-265.204850	-7.152	-55.168	0.0268
44	33	tracking	-842.382237	67.038506	-265.125222	17.848	-55.963	0.0243
44	34	landing	-842.370823	66.684611	-265.033915	17.848	-47.963	0.0246
44	35	landing	-842.367681	66.312215	-264.930731	17.848	-47.963	0.0189
44	36	landing	-842.372387	65.923546	-264.815486	17.848	-47.963	0.0181
45	0	tracking	-850.645964	68.867102	-257.032114	-139.104	-4.000	0.1676
45	1	tracking	-849.991601	68.807284	-257.601772	-164.104	-0.670	0.1343
45	2	tracking	-849.422535	68.751906	-258.196524	170.896	-8.670	0.1308
45	3	tracking	-848.951149	68.710040	-258.797665	153.407	-16.670	0.1044
45	4	tracking	-848.533079	68.685017	-259.402840	178.407	-24.670	0.1658
45	5	tracking	-848.135704	68.677907	-259.999512	-156.593	-32.670	0.2751
45	6	tracking	-847.761383	68.687936	-260.584443	-159.186	-40.670	0.1707
45	7	tracking	-847.390151	68.712344	-261.142272	-134.186	-46.375	0.1786
45	8	tracking	-847.034052	68.747852	-261.683844	-150.375	-42.740	0.1158
45	9	tracking	-846.691437	68.790551	-262.210929	-150.375	-34.740	0.0874
45	10	tracking	-846.360385	68.836374	-262.725899	-150.375	-26.740	0.0818
45	11	tracking	-846.038924	68.880283	-263.231329	-150.375	-18.740	0.1276
45	12	tracking	-845.711981	68.925618	-263.710438	-125.375	-26.740	0.1621
45	13	tracking	-845.375779	68.972813	-264.145543	-100.375	-34.740	0.0744
45	14	tracking	-845.036398	69.019217	-264.522830	-75.375	-42.740	0.0605
45	15	tracking	-844.705837	69.059505	-264.835665	-50.375	-50.740	0.0625
45	16	tracking	-844.384292	69.091438	-265.093102	-51.747	-42.740	0.0591
45	17	tracking	-844.083004	69.113982	-265.293128	-26.747	-34.740	0.0637
45	18	tracking	-843.800745	69.125732	-265.443948	-26.747	-26.740	0.0578
45	19	tracking	-843.536584	69.125555	-265.553190	-26.747	-25.689	0.0516
45	20	tracking	-843.300384	69.113535	-265.623253	-1.747	-17.689	0.0535
45	21	tracking	-843.100129	69.088903	-265.661946	23.253	-9.689	0.0559
45	22	tracking	-842.935939	69.051976	-265.678117	37.878	-7.940	0.0543
45	23	tracking	-842.802291	69.003506	-265.676269	37.878	-7.940	0.0493
45	24	tracking	-842.634533	68.876144	-265.596997	62.878	-15.940	0.1173
45	25	tracking	-842.546503	68.786003	-265.564039	67.848	-23.940	0.0809
45	26	tracking	-842.482590	68.676803	-265.528761	67.848	-31.940	0.0809
45	27	tracking	-842.438257	68.540701	-265.492194	67.848	-39.940	0.0730
45	28	tracking	-842.406879	68.369916	-265.450854	42.848	-47.168	0.0703
45	29	tracking	-842.382896	68.166202	-265.401678	17.848	-47.168	0.0735
45	30	tracking	-842.359719	67.931968	-265.343446	-7.152	-47.168	0.0698
45	31	tracking	-842.330358	67.669938	-265.277707	-32.152	-47.168	0.0705
45	32	tracking	-842.302406	67.371654	-265.204850	-7.152	-55.168	0.0691
45	33	tracking	-842.282237	67.038506	-265.125222	17.848	-55.963	0.0587
45	34	landing	-842.274912	66.684611	-265.035723	29.848	-47.963	0.0249
45	35	landing	-842.279720	66.312008	-264.936228	29.848	-47.963	0.0195
45	36	landing	-842.296063	65.922808	-264.826560	29.848	-47.963	0.0180
46	0	tracking	-850.645964	68.867102	-257.032114	-139.104	-4.000	0.1714
46	1	tracking	-849.991601	68.807284	-257.601772	-164.104	-0.670	0.1182
46	2	tracking	-849.422535	68.751906	-258.196524	170.896	-8.670	0.1055
46	3	tracking	-848.951149	68.710040	-258.797665	153.407	-16.670	0.0994
46	4	tracking	-848.533079	68.685017	-259.402840	178.407	-24.670	0.1143
46	5	tracking	-848.135704	68.677907	-259.999512	-156.593	-32.670	0.0911
46	6	tracking	-847.761383	68.687936	-260.584443	-159.186	-40.670	0.0853
46	7	tracking	-847.390151	68.712344	-261.142272	-134.186	-46.375	0.0846
46	8	tracking	-847.034052	68.747852	-261.683844	-150.375	-42.740	0.0816
46	9	tracking	-846.691437	68.790551	-262.210929	-150.375	-34.740	0.0806
46	10	tracking	-846.360385	68.836374	-262.725899	-150.375	-26.740	0.0746
46	11	tracking	-846.038924	68.880283	-263.231329	-150.375	-18.740	0.0746
46	12	tracking	-845.711981	68.925618	-263.710438	-125.375	-26.740	0.0914
46	13	tracking	-845.375779	68.972813	-264.145543	-100.375	-34.740	0.0692
46	14	tracking	-845.036398	69.019217	-264.522830	-75.375	-42.740	0.0600
46	15	tracking	-844.705837	69.059505	-264.835665	-50.375	-50.740	0.0588
46	16	tracking	-844.384292	69.091438	-265.093102	-51.747	-42.740	0.0609
46	17	tracking	-844.083004	69.113982	-265.293128	-26.747	-34.740	0.0569
46	18	tracking	-843.800745	69.125732	-265.443948	-26.747	-26.740	0.0558
46	19	tracking	-843.536584	69.125555	-265.553190	-26.747	-25.689	0.0481
46	20	tracking	-843.300384	69.113535	-265.623253	-1.747	-17.689	0.0489
46	21	tracking	-843.100129	69.088903	-265.661946	23.253	-9.689	0.0531
46	22	tracking	-842.935939	69.051976	-265.678117	37.878	-7.940	0.0527
46	23	tracking	-842.802291	69.003506	-265.676269	37.878	-7.940	0.0476
46	24	tracking	-842.734533	68.976144	-265.596997	62.878	-15.940	0.1740
46	25	tracking	-842.646503	68.886003	-265.564039	67.848	-23.940	0.0528
46	26	tracking	-842.582590	68.776803	-265.528761	67.848	-31.940	0.0349
46	27	tracking	-842.538257	68.640701	-265.492194	67.848	-39.940	0.0347
46	28	tracking	-842.506879	68.469916	-265.450854	42.848	-47.168	0.0284
46	29	tracking	-842.482896	68.266202	-265.401678	17.848	-47.168	0.0358
46	30	tracking	-842.459719	68.031968	-265.343446	-7.152	-47.168	0.0268
46	31	tracking	-842.430358	67.769938	-265.277707	-32.152	-47.168	0.0253
46	32	tracking	-842.402406	67.471654	-265.204850	-7.152	-55.168	0.0294
46	33	tracking	-842.382237	67.138506	-265.125222	17.848	-55.963	0.0272
46	34	tracking	-842.369390	66.772690	-265.038365	17.848	-55.963	0.0217
46	35	landing	-842.365025	66.388742	-264.938982	17.848	-47.963	0.0214
46	36	landing	-842.368698	65.988910	-264.826945	17.848	-47.963	0.0173
47	0	tracking	-850.645964	68.867102	-257.032114	-139.104	-4.000	0.1514
47	1	tracking	-849.991601	68.807284	-257.601772	-164.104	-0.670	0.1126
47	2	tracking	-849.422535	68.751906	-258.196524	170.896	-8.670	0.1226
47	3	tracking	-848.951149	68.710040	-258.797665	153.407	-16.670	0.1349
47	4	tracking	-848.533079	68.685017	-259.402840	178.407	-24.670	0.0966
47	5	tracking	-848.135704	68.677907	-259.999512	-156.593	-32.670	0.0975
47	6	tracking	-847.761383	68.687936	-260.584443	-159.186	-40.670	0.1133
47	7	tracking	-847.390151	68.712344	-261.142272	-134.186	-46.375	0.1180
47	8	tracking	-847.034052	68.747852	-261.683844	-150.375	-42.740	0.0922
47	9	tracking	-846.691437	68.790551	-262.210929	-150.375	-34.740	0.0872
47	10	tracking	-846.360385	68.836374	-262.725899	-150.375	-26.740	0.0749
47	11	tracking	-846.038924	68.880283	-263.231329	-150.375	-18.740	0.0728
47	12	tracking	-845.711981	68.925618	-263.710438	-125.375	-26.740	0.0659
47	13	tracking	-845.375779	68.972813	-264.145543	-100.375	-34.740	0.0679
47	14	tracking	-845.036398	69.019217	-264.522830	-75.375	-42.740	0.0620
47	15	tracking	-844.705837	69.059505	-264.835665	-50.375	-50.740	0.0607
47	16	tracking	-844.384292	69.091438	-265.093102	-51.747	-42.740	0.0723
47	17	tracking	-844.083004	69.113982	-265.293128	-26.747	-34.740	0.0764
47	18	tracking	-843.800745	69.125732	-265.443948	-26.747	-26.740	0.0527
47	19	tracking	-843.536584	69.125555	-265.553190	-26.747	-25.689	0.0529
47	20	tracking	-843.300384	69.113535	-265.623253	-1.747	-17.689	0.0479
47	21	tracking	-843.100129	69.088903	-265.661946	23.253	-9.689	0.0452
47	22	tracking	-842.935939	69.051976	-265.678117	37.878	-7.940	0.0455
47	23	tracking	-842.802291	69.003506	-265.676269	37.878	-7.940	0.0418
47	24	tracking	-842.634533	68.976144	-265.596997	62.878	-15.940	0.4496
47	25	tracking	-842.546503	68.886003	-265.564039	67.848	-23.940	0.0620
47	26	tracking	-842.482590	68.776803	-265.528761	67.848	-31.940	0.0441
47	27	tracking	-842.438257	68.640701	-265.492194	67.848	-39.940	0.0413
47	28	tracking	-842.406879	68.469916	-265.450854	42.848	-47.168	0.0306
47	29	tracking	-842.382896	68.266202	-265.401678	17.848	-47.168	0.0300
47	30	tracking	-842.359719	68.031968	-265.343446	-7.152	-47.168	0.0326
47	31	tracking	-842.330358	67.769938	-265.277707	-32.152	-47.168	0.0255
47	32	tracking	-842.302406	67.471654	-265.204850	-7.152	-55.168	0.0279
47	33	tracking	-842.282237	67.138506	-265.125222	17.848	-55.963	0.0363
47	34	tracking	-842.269390	66.772690	-265.038365	17.848	-55.963	0.0209
47	35	landing	-842.265025	66.388742	-264.938982	17.848	-47.963	0.0223
47	36	landing	-842.268698	65.988910	-264.826945	17.848	-47.963	0.0603
48	0	tracking	-850.645964	68.867102	-257.032114	-139.104	-4.000	0.1859
48	1	tracking	-849.991601	68.807284	-257.601772	-164.104	-0.670	0.1193
48	2	tracking	-849.422535	68.751906	-258.196524	170.896	-8.670	0.1065
48	3	tracking	-848.951149	68.710040	-258.797665	153.407	-16.670	0.1001
48	4	tracking	-848.533079	68.685017	-259.402840	178.407	-24.670	0.1059
48	5	tracking	-848.135704	68.677907	-259.999512	-156.593	-32.670	0.0922
48	6	tracking	-847.761383	68.687936	-260.584443	-159.186	-40.670	0.0879
48	7	tracking	-847.390151	68.712344	-261.142272	-134.186	-46.375	0.0844
48	8	tracking	-847.034052	68.747852	-261.683844	-150.375	-42.740	0.0851
48	9	tracking	-846.691437	68.790551	-262.210929	-150.375	-34.740	0.0825
48	10	tracking	-846.360385	68.836374	-262.725899	-150.375	-26.740	0.0979
48	11	tracking	-846.038924	68.880283	-263.231329	-150.375	-18.740	0.0841
48	12	tracking	-845.711981	68.925618	-263.710438	-125.375	-26.740	0.0779
48	13	tracking	-845.375779	68.972813	-264.145543	-100.375	-34.740	0.0771
48	14	tracking	-845.036398	69.019217	-264.522830	-75.375	-42.740	0.0710
48	15	tracking	-844.705837	69.059505	-264.835665	-50.375	-50.740	0.0678
48	16	tracking	-844.384292	69.091438	-265.093102	-51.747	-42.740	0.0652
48	17	tracking	-844.083004	69.113982	-265.293128	-26.747	-34.740	0.0635
48	18	tracking	-843.800745	69.125732	-265.443948	-26.747	-26.740	0.0604
48	19	tracking	-843.536584	69.125555	-265.553190	-26.747	-25.689	0.0571
48	20	tracking	-843.300384	69.113535	-265.623253	-1.747	-17.689	0.0518
48	21	tracking	-843.100129	69.088903	-265.661946	23.253	-9.689	0.0448
48	22	tracking	-842.935939	69.051976	-265.678117	37.878	-7.940	0.0565
48	23	tracking	-842.802291	69.003506	-265.676269	37.878	-7.940	0.0429
48	24	tracking	-842.764106	68.910360	-265.700105	62.878	-15.940	0.0398
48	25	tracking	-842.697769	68.849455	-265.671811	67.848	-23.940	0.0305
48	26	tracking	-842.649823	68.765392	-265.642058	67.848	-31.940	0.0337
48	27	tracking	-842.617328	68.651141	-265.611385	67.848	-39.940	0.0272
48	28	tracking	-842.595253	68.499604	-265.576641	42.848	-47.168	0.0319
48	29	tracking	-842.579076	68.312894	-265.534839	17.848	-47.168	0.0241
48	30	tracking	-842.563031	68.093643	-265.484589	-7.152	-47.168	0.0218
48	31	tracking	-842.540738	67.844706	-265.427095	-32.152	-47.168	0.0249
48	32	tracking	-842.519220	67.557770	-265.362677	-7.152	-55.168	0.0365
48	33	tracking	-842.504473	67.234343	-265.291540	17.848	-55.963	0.0186
48	34	landing	-842.497558	66.888663	-265.208823	17.848	-47.963	0.0167
48	35	landing	-842.498125	66.523116	-265.114227	17.848	-47.963	0.0189
48	36	landing	-842.505859	66.140055	-265.007491	17.848	-47.963	0.0144
48	37	landing	-842.520469	65.741755	-264.888414	17.848	-47.963	0.0145
49	0	tracking	-850.645964	68.867102	-257.032114	-139.104	-4.000	0.2127
49	1	tracking	-849.991601	68.807284	-257.601772	-164.104	-0.670	0.1131
49	2	tracking	-849.422535	68.751906	-258.196524	170.896	-8.670	0.1034
49	3	tracking	-848.951149	68.710040	-258.797665	153.407	-16.670	0.0982
49	4	tracking	-848.533079	68.685017	-259.402840	178.407	-24.670	0.0912
49	5	tracking	-848.135704	68.677907	-259.999512	-156.593	-32.670	0.0894
49	6	tracking	-847.761383	68.687936	-260.584443	-159.186	-40.670	0.0853
49	7	tracking	-847.390151	68.712344	-261.142272	-134.186	-46.375	0.0821
49	8	tracking	-847.034052	68.747852	-261.683844	-150.375	-42.740	0.0804
49	9	tracking	-846.691437	68.790551	-262.210929	-150.375	-34.740	0.0788
49	10	tracking	-846.360385	68.836374	-262.725899	-150.375	-26.740	0.0753
49	11	tracking	-846.038924	68.880283	-263.231329	-150.375	-18.740	0.0803
49	12	tracking	-845.711981	68.925618	-263.710438	-125.375	-26.740	0.0666
49	13	tracking	-845.375779	68.972813	-264.145543	-100.375	-34.740	0.0634
49	14	tracking	-845.036398	69.019217	-264.522830	-75.375	-42.740	0.0624
49	15	tracking	-844.705837	69.059505	-264.835665	-50.375	-50.740	0.0794
49	16	tracking	-844.384292	69.091438	-265.093102	-51.747	-42.740	0.0650
49	17	tracking	-844.083004	69.113982	-265.293128	-26.747	-34.740	0.0589
49	18	tracking	-843.800745	69.125732	-265.443948	-26.747	-26.740	0.0506
49	19	tracking	-843.536584	69.125555	-265.553190	-26.747	-25.689	0.0529
49	20	tracking	-843.300384	69.113535	-265.623253	-1.747	-17.689	0.0486
49	21	tracking	-843.100129	69.088903	-265.661946	23.253	-9.689	0.0477
49	22	tracking	-842.935939	69.051976	-265.678117	37.878	-7.940	0.0406
49	23	tracking	-842.802291	69.003506	-265.676269	37.878	-7.940	0.0425
49	24	tracking	-842.664106	68.910360	-265.700105	62.878	-15.940	0.0382
49	25	tracking	-842.597769	68.849455	-265.671811	67.848	-23.940	0.0406
49	26	tracking	-842.549823	68.765392	-265.642058	67.848	-31.940	0.0396
49	27	tracking	-842.517328	68.651141	-265.611385	67.848	-39.940	0.0379
49	28	tracking	-842.495253	68.499604	-265.576641	42.848	-47.168	0.0308
49	29	tracking	-842.479076	68.312894	-265.534839	17.848	-47.168	0.0333
49	30	tracking	-842.463031	68.093643	-265.484589	-7.152	-47.168	0.0288
49	31	tracking	-842.440738	67.844706	-265.427095	-32.152	-47.168	0.0316
49	32	tracking	-842.419220	67.557770	-265.362677	-7.152	-55.168	0.0282
49	33	tracking	-842.404473	67.234343	-265.291540	17.848	-55.963	0.0258
49	34	landing	-842.397558	66.888663	-265.208823	17.848	-47.963	0.0272
49	35	landing	-842.398125	66.523116	-265.114227	17.848	-47.963	0.0212
49	36	landing	-842.405859	66.140055	-265.007491	17.848	-47.963	0.0197
49	37	landing	-842.420469	65.741755	-264.888414	17.848	-47.963	0.0858
50	0	tracking	-850.645964	68.867102	-257.032114	-139.104	-4.000	0.2288
50	1	tracking	-849.991601	68.807284	-257.601772	-164.104	-0.670	0.1239
50	2	tracking	-849.422535	68.751906	-258.196524	170.896	-8.670	0.1569
50	3	tracking	-848.951149	68.710040	-258.797665	153.407	-16.670	0.1334
50	4	tracking	-848.533079	68.685017	-259.402840	178.407	-24.670	0.1486
50	5	tracking	-848.135704	68.677907	-259.999512	-156.593	-32.670	0.1498
50	6	tracking	-847.761383	68.687936	-260.584443	-159.186	-40.670	0.1432
50	7	tracking	-847.390151	68.712344	-261.142272	-134.186	-46.375	0.1453
50	8	tracking	-847.034052	68.747852	-261.683844	-150.375	-42.740	0.1269
50	9	tracking	-846.691437	68.790551	-262.210929	-150.375	-34.740	0.0974
50	10	tracking	-846.360385	68.836374	-262.725899	-150.375	-26.740	0.1142
50	11	tracking	-846.038924	68.880283	-263.231329	-150.375	-18.740	0.1149
50	12	tracking	-845.711981	68.925618	-263.710438	-125.375	-26.740	0.1040
50	13	tracking	-845.375779	68.972813	-264.145543	-100.375	-34.740	0.1297
50	14	tracking	-845.036398	69.019217	-264.522830	-75.375	-42.740	0.0999
50	15	tracking	-844.705837	69.059505	-264.835665	-50.375	-50.740	0.1527
50	16	tracking	-844.384292	69.091438	-265.093102	-51.747	-42.740	0.1145
50	17	tracking	-844.083004	69.113982	-265.293128	-26.747	-34.740	0.1172
50	18	tracking	-843.800745	69.125732	-265.443948	-26.747	-26.740	0.1156
50	19	tracking	-843.536584	69.125555	-265.553190	-26.747	-25.689	0.1028
50	20	tracking	-843.300384	69.113535	-265.623253	-1.747	-17.689	0.0913
50	21	tracking	-843.100129	69.088903	-265.661946	23.253	-9.689	0.0866
50	22	tracking	-842.935939	69.051976	-265.678117	37.878	-7.940	0.0994
50	23	tracking	-842.802291	69.003506	-265.676269	37.878	-7.940	0.0810
50	24	tracking	-842.764106	69.010360	-265.700105	62.878	-15.940	0.0651
50	25	tracking	-842.697769	68.949455	-265.671811	67.848	-23.940	0.0466
50	26	tracking	-842.649823	68.865392	-265.642058	67.848	-31.940	0.0438
50	27	tracking	-842.617328	68.751141	-265.611385	67.848	-39.940	0.0386
50	28	tracking	-842.595253	68.599604	-265.576641	42.848	-47.168	0.0379
50	29	tracking	-842.579076	68.412894	-265.534839	17.848	-47.168	0.0440
50	30	tracking	-842.563031	68.193643	-265.484589	-7.152	-47.168	0.0367
50	31	tracking	-842.540738	67.944706	-265.427095	-32.152	-47.168	0.0337
50	32	tracking	-842.519220	67.657770	-265.362677	-7.152	-55.168	0.0370
50	33	tracking	-842.504473	67.334343	-265.291540	17.848	-55.963	0.0319
50	34	landing	-842.497558	66.988663	-265.208823	17.848	-47.963	0.0280
50	35	landing	-842.498125	66.623116	-265.114227	17.848	-47.963	0.0238
50	36	landing	-842.505859	66.240055	-265.007491	17.848	-47.963	0.0313
50	37	landing	-842.520469	65.841755	-264.888414	17.848	-47.963	0.0212
51	0	tracking	-850.645964	68.867102	-257.032114	-139.104	-4.000	0.2471
51	1	tracking	-849.991601	68.807284	-257.601772	-164.104	-0.670	0.2040
51	2	tracking	-849.422535	68.751906	-258.196524	170.896	-8.670	0.1815
51	3	tracking	-848.951149	68.710040	-258.797665	153.407	-16.670	0.1550
51	4	tracking	-848.533079	68.685017	-259.402840	178.407	-24.670	0.1626
51	5	tracking	-848.135704	68.677907	-259.999512	-156.593	-32.670	0.1497
51	6	tracking	-847.761383	68.687936	-260.584443	-159.186	-40.670	0.1332
51	7	tracking	-847.390151	68.712344	-261.142272	-134.186	-46.375	0.1405
51	8	tracking	-847.034052	68.747852	-261.683844	-150.375	-42.740	0.1789
51	9	tracking	-846.691437	68.790551	-262.210929	-150.375	-34.740	0.0991
51	10	tracking	-846.360385	68.836374	-262.725899	-150.375	-26.740	0.0808
51	11	tracking	-846.038924	68.880283	-263.231329	-150.375	-18.740	0.1256
51	12	tracking	-845.711981	68.925618	-263.710438	-125.375	-26.740	0.0725
51	13	tracking	-845.375779	68.972813	-264.145543	-100.375	-34.740	0.0737
51	14	tracking	-845.036398	69.019217	-264.522830	-75.375	-42.740	0.0674
51	15	tracking	-844.705837	69.059505	-264.835665	-50.375	-50.740	0.0668
51	16	tracking	-844.384292	69.091438	-265.093102	-51.747	-42.740	0.0660
51	17	tracking	-844.083004	69.113982	-265.293128	-26.747	-34.740	0.0644
51	18	tracking	-843.800745	69.125732	-265.443948	-26.747	-26.740	0.0658
51	19	tracking	-843.536584	69.125555	-265.553190	-26.747	-25.689	0.0619
51	20	tracking	-843.300384	69.113535	-265.623253	-1.747	-17.689	0.0527
51	21	tracking	-843.100129	69.088903	-265.661946	23.253	-9.689	0.0549
51	22	tracking	-842.935939	69.051976	-265.678117	37.878	-7.940	0.0536
51	23	tracking	-842.802291	69.003506	-265.676269	37.878	-7.940	0.0483
51	24	tracking	-842.664106	69.010360	-265.700105	62.878	-15.940	0.0536
51	25	tracking	-842.597769	68.949455	-265.671811	67.848	-23.940	0.0412
51	26	tracking	-842.549823	68.865392	-265.642058	67.848	-31.940	0.0405
51	27	tracking	-842.517328	68.751141	-265.611385	67.848	-39.940	0.0342
51	28	tracking	-842.495253	68.599604	-265.576641	42.848	-47.168	0.0468
51	29	tracking	-842.479076	68.412894	-265.534839	17.848	-47.168	0.1644
51	30	tracking	-842.463031	68.193643	-265.484589	-7.152	-47.168	0.0793
51	31	tracking	-842.440738	67.944706	-265.427095	-32.152	-47.168	0.0309
51	32	tracking	-842.419220	67.657770	-265.362677	-7.152	-55.168	0.0272
51	33	tracking	-842.404473	67.334343	-265.291540	17.848	-55.963	0.0372
51	34	landing	-842.397558	66.988663	-265.208823	17.848	-47.963	0.0262
51	35	landing	-842.398125	66.623116	-265.114227	17.848	-47.963	0.0771
51	36	landing	-842.405859	66.240055	-265.007491	17.848	-47.963	0.0229
51	37	landing	-842.420469	65.841755	-264.888414	17.848	-47.963	0.0175
52	0	tracking	-850.645964	68.867102	-257.032114	-139.104	-4.000	0.1643
52	1	tracking	-849.991601	68.807284	-257.601772	-164.104	-0.670	0.1173
52	2	tracking	-849.422535	68.751906	-258.196524	170.896	-8.670	0.1107
52	3	tracking	-848.951149	68.710040	-258.797665	153.407	-16.670	0.1104
52	4	tracking	-848.533079	68.685017	-259.402840	178.407	-24.670	0.1181
52	5	tracking	-848.135704	68.677907	-259.999512	-156.593	-32.670	0.0901
52	6	tracking	-847.761383	68.687936	-260.584443	-159.186	-40.670	0.0870
52	7	tracking	-847.390151	68.712344	-261.142272	-134.186	-46.375	0.0968
52	8	tracking	-847.034052	68.747852	-261.683844	-150.375	-42.740	0.0789
52	9	tracking	-846.691437	68.790551	-262.210929	-150.375	-34.740	0.0779
52	10	tracking	-846.360385	68.836374	-262.725899	-150.375	-26.740	0.0724
52	11	tracking	-846.038924	68.880283	-263.231329	-150.375	-18.740	0.0851
52	12	tracking	-845.711981	68.925618	-263.710438	-125.375	-26.740	0.0744
52	13	tracking	-845.375779	68.972813	-264.145543	-100.375	-34.740	0.0670
52	14	tracking	-845.036398	69.019217	-264.522830	-75.375	-42.740	0.0654
52	15	tracking	-844.705837	69.059505	-264.835665	-50.375	-50.740	0.0632
52	16	tracking	-844.384292	69.091438	-265.093102	-51.747	-42.740	0.0594
52	17	tracking	-844.083004	69.113982	-265.293128	-26.747	-34.740	0.0697
52	18	tracking	-843.800745	69.125732	-265.443948	-26.747	-26.740	0.0539
52	19	tracking	-843.536584	69.125555	-265.553190	-26.747	-25.689	0.0538
52	20	tracking	-843.300384	69.113535	-265.623253	-1.747	-17.689	0.0525
52	21	tracking	-843.100129	69.088903	-265.661946	23.253	-9.689	0.0451
52	22	tracking	-842.935939	69.051976	-265.678117	37.878	-7.940	0.0461
52	23	tracking	-842.802291	69.003506	-265.676269	37.878	-7.940	0.0406
52	24	tracking	-842.764106	68.910360	-265.600105	62.878	-15.940	0.0831
52	25	tracking	-842.697769	68.849455	-265.571811	67.848	-23.940	0.0660
52	26	tracking	-842.649823	68.765392	-265.542058	67.848	-31.940	0.0605
52	27	tracking	-842.617328	68.651141	-265.511385	67.848	-39.940	0.0627
52	28	tracking	-842.595253	68.499604	-265.476641	42.848	-47.168	0.0529
52	29	tracking	-842.579076	68.312894	-265.434839	17.848	-47.168	0.0549
52	30	tracking	-842.563031	68.093643	-265.384589	-7.152	-47.168	0.0554
52	31	tracking	-842.540738	67.844706	-265.327095	-32.152	-47.168	0.0551
52	32	tracking	-842.519220	67.557770	-265.262677	-7.152	-55.168	0.0613
52	33	tracking	-842.504473	67.234343	-265.191540	17.848	-55.963	0.0614
52	34	landing	-842.501441	66.888663	-265.110540	29.848	-47.963	0.1036
52	35	landing	-842.509596	66.522935	-265.019452	29.848	-47.963	0.0222
52	36	landing	-842.528490	66.139410	-264.918026	29.848	-47.963	0.0229
52	37	landing	-842.557731	65.740318	-264.806036	29.848	-47.963	0.0188
53	0	tracking	-850.645964	68.867102	-257.032114	-139.104	-4.000	0.3504
53	1	tracking	-849.991601	68.807284	-257.601772	-164.104	-0.670	0.1497
53	2	tracking	-849.422535	68.751906	-258.196524	170.896	-8.670	0.1516
53	3	tracking	-848.951149	68.710040	-258.797665	153.407	-16.670	0.1251
53	4	tracking	-848.533079	68.685017	-259.402840	178.407	-24.670	0.0973
53	5	tracking	-848.135704	68.677907	-259.999512	-156.593	-32.670	0.1270
53	6	tracking	-847.761383	68.687936	-260.584443	-159.186	-40.670	0.1635
53	7	tracking	-847.390151	68.712344	-261.142272	-134.186	-46.375	0.1025
53	8	tracking	-847.034052	68.747852	-261.683844	-150.375	-42.740	0.0893
53	9	tracking	-846.691437	68.790551	-262.210929	-150.375	-34.740	0.0814
53	10	tracking	-846.360385	68.836374	-262.725899	-150.375	-26.740	0.0773
53	11	tracking	-846.038924	68.880283	-263.231329	-150.375	-18.740	0.0739
53	12	tracking	-845.711981	68.925618	-263.710438	-125.375	-26.740	0.0862
53	13	tracking	-845.375779	68.972813	-264.145543	-100.375	-34.740	0.1208
53	14	tracking	-845.036398	69.019217	-264.522830	-75.375	-42.740	0.1025
53	15	tracking	-844.705837	69.059505	-264.835665	-50.375	-50.740	0.0661
53	16	tracking	-844.384292	69.091438	-265.093102	-51.747	-42.740	0.0609
53	17	tracking	-844.083004	69.113982	-265.293128	-26.747	-34.740	0.0536
53	18	tracking	-843.800745	69.125732	-265.443948	-26.747	-26.740	0.0549
53	19	tracking	-843.536584	69.125555	-265.553190	-26.747	-25.689	0.0564
53	20	tracking	-843.300384	69.113535	-265.623253	-1.747	-17.689	0.0476
53	21	tracking	-843.100129	69.088903	-265.661946	23.253	-9.689	0.0430
53	22	tracking	-842.935939	69.051976	-265.678117	37.878	-7.940	0.0468
53	23	tracking	-842.802291	69.003506	-265.676269	37.878	-7.940	0.0414
53	24	tracking	-842.664106	68.910360	-265.600105	62.878	-15.940	0.0879
53	25	tracking	-842.597769	68.849455	-265.571811	67.848	-23.940	0.0886
53	26	tracking	-842.549823	68.765392	-265.542058	67.848	-31.940	0.0695
53	27	tracking	-842.517328	68.651141	-265.511385	67.848	-39.940	0.1040
53	28	tracking	-842.495253	68.499604	-265.476641	42.848	-47.168	0.0688
53	29	tracking	-842.479076	68.312894	-265.434839	17.848	-47.168	0.0656
53	30	tracking	-842.463031	68.093643	-265.384589	-7.152	-47.168	0.0645
53	31	tracking	-842.440738	67.844706	-265.327095	-32.152	-47.168	0.0581
53	32	tracking	-842.419220	67.557770	-265.262677	-7.152	-55.168	0.0820
53	33	tracking	-842.404473	67.234343	-265.191540	17.848	-55.963	0.0632
53	34	landing	-842.401441	66.888663	-265.110540	29.848	-47.963	0.0201
53	35	landing	-842.409596	66.522935	-265.019452	29.848	-47.963	0.0211
53	36	landing	-842.428490	66.139410	-264.918026	29.848	-47.963	0.0160
53	37	landing	-842.457731	65.740318	-264.806036	29.848	-47.963	0.0133
54	0	tracking	-850.645964	68.867102	-257.032114	-139.104	-4.000	0.1655
54	1	tracking	-849.991601	68.807284	-257.601772	-164.104	-0.670	0.1107
54	2	tracking	-849.422535	68.751906	-258.196524	170.896	-8.670	0.1055
54	3	tracking	-848.951149	68.710040	-258.797665	153.407	-16.670	0.0977
54	4	tracking	-848.533079	68.685017	-259.402840	178.407	-24.670	0.0912
54	5	tracking	-848.135704	68.677907	-259.999512	-156.593	-32.670	0.0869
54	6	tracking	-847.761383	68.687936	-260.584443	-159.186	-40.670	0.0819
54	7	tracking	-847.390151	68.712344	-261.142272	-134.186	-46.375	0.1035
54	8	tracking	-847.034052	68.747852	-261.683844	-150.375	-42.740	0.1974
54	9	tracking	-846.691437	68.790551	-262.210929	-150.375	-34.740	0.0872
54	10	tracking	-846.360385	68.836374	-262.725899	-150.375	-26.740	0.1363
54	11	tracking	-846.038924	68.880283	-263.231329	-150.375	-18.740	0.0815
54	12	tracking	-845.711981	68.925618	-263.710438	-125.375	-26.740	0.0808
54	13	tracking	-845.375779	68.972813	-264.145543	-100.375	-34.740	0.0665
54	14	tracking	-845.036398	69.019217	-264.522830	-75.375	-42.740	0.0654
54	15	tracking	-844.705837	69.059505	-264.835665	-50.375	-50.740	0.0596
54	16	tracking	-844.384292	69.091438	-265.093102	-51.747	-42.740	0.0678
54	17	tracking	-844.083004	69.113982	-265.293128	-26.747	-34.740	0.0574
54	18	tracking	-843.800745	69.125732	-265.443948	-26.747	-26.740	0.0496
54	19	tracking	-843.536584	69.125555	-265.553190	-26.747	-25.689	0.0526
54	20	tracking	-843.300384	69.113535	-265.623253	-1.747	-17.689	0.0721
54	21	tracking	-843.100129	69.088903	-265.661946	23.253	-9.689	0.0429
54	22	tracking	-842.935939	69.051976	-265.678117	37.878	-7.940	0.0405
54	23	tracking	-842.802291	69.003506	-265.676269	37.878	-7.940	0.0567
54	24	tracking	-842.764106	69.010360	-265.600105	62.878	-15.940	0.0784
54	25	tracking	-842.697769	68.949455	-265.571811	67.848	-23.940	0.0750
54	26	tracking	-842.649823	68.865392	-265.542058	67.848	-31.940	0.0665
54	27	tracking	-842.617328	68.751141	-265.511385	67.848	-39.940	0.0587
54	28	tracking	-842.595253	68.599604	-265.476641	42.848	-47.168	0.0515
54	29	tracking	-842.579076	68.412894	-265.434839	17.848	-47.168	0.1035
54	30	tracking	-842.563031	68.193643	-265.384589	-7.152	-47.168	0.0550
54	31	tracking	-842.540738	67.944706	-265.327095	-32.152	-47.168	0.0458
54	32	tracking	-842.519220	67.657770	-265.262677	-7.152	-55.168	0.0535
54	33	tracking	-842.504473	67.334343	-265.191540	17.848	-55.963	0.0518
54	34	landing	-842.501441	66.988663	-265.110540	29.848	-47.963	0.0375
54	35	landing	-842.509596	66.622935	-265.019452	29.848	-47.963	0.0264
54	36	landing	-842.528490	66.239410	-264.918026	29.848	-47.963	0.0248
54	37	landing	-842.557731	65.840318	-264.806036	29.848	-47.963	0.0202
55	0	tracking	-850.645964	68.867102	-257.032114	-139.104	-4.000	0.1589
55	1	tracking	-849.991601	68.807284	-257.601772	-164.104	-0.670	0.1227
55	2	tracking	-849.422535	68.751906	-258.196524	170.896	-8.670	0.1103
55	3	tracking	-848.951149	68.710040	-258.797665	153.407	-16.670	0.1083
55	4	tracking	-848.533079	68.685017	-259.402840	178.407	-24.670	0.0950
55	5	tracking	-848.135704	68.677907	-259.999512	-156.593	-32.670	0.0894
55	6	tracking	-847.761383	68.687936	-260.584443	-159.186	-40.670	0.0846
55	7	tracking	-847.390151	68.712344	-261.142272	-134.186	-46.375	0.0835
55	8	tracking	-847.034052	68.747852	-261.683844	-150.375	-42.740	0.0927
55	9	tracking	-846.691437	68.790551	-262.210929	-150.375	-34.740	0.0861
55	10	tracking	-846.360385	68.836374	-262.725899	-150.375	-26.740	0.0789
55	11	tracking	-846.038924	68.880283	-263.231329	-150.375	-18.740	0.0807
55	12	tracking	-845.711981	68.925618	-263.710438	-125.375	-26.740	0.0701
55	13	tracking	-845.375779	68.972813	-264.145543	-100.375	-34.740	0.1095
55	14	tracking	-845.036398	69.019217	-264.522830	-75.375	-42.740	0.0701
55	15	tracking	-844.705837	69.059505	-264.835665	-50.375	-50.740	0.0608
55	16	tracking	-844.384292	69.091438	-265.093102	-51.747	-42.740	0.0599
55	17	tracking	-844.083004	69.113982	-265.293128	-26.747	-34.740	0.0504
55	18	tracking	-843.800745	69.125732	-265.443948	-26.747	-26.740	0.0540
55	19	tracking	-843.536584	69.125555	-265.553190	-26.747	-25.689	0.0540
55	20	tracking	-843.300384	69.113535	-265.623253	-1.747	-17.689	0.0431
55	21	tracking	-843.100129	69.088903	-265.661946	23.253	-9.689	0.0498
55	22	tracking	-842.935939	69.051976	-265.678117	37.878	-7.940	0.0461
55	23	tracking	-842.802291	69.003506	-265.676269	37.878	-7.940	0.0388
55	24	tracking	-842.664106	69.010360	-265.600105	62.878	-15.940	0.0850
55	25	tracking	-842.597769	68.949455	-265.571811	67.848	-23.940	0.0730
55	26	tracking	-842.549823	68.865392	-265.542058	67.848	-31.940	0.0694
55	27	tracking	-842.517328	68.751141	-265.511385	67.848	-39.940	0.0713
55	28	tracking	-842.495253	68.599604	-265.476641	42.848	-47.168	0.0653
55	29	tracking	-842.479076	68.412894	-265.434839	17.848	-47.168	0.0664
55	30	tracking	-842.463031	68.193643	-265.384589	-7.152	-47.168	0.0770
55	31	tracking	-842.440738	67.944706	-265.327095	-32.152	-47.168	0.0768
55	32	tracking	-842.419220	67.657770	-265.262677	-7.152	-55.168	0.0609
55	33	tracking	-842.404473	67.334343	-265.191540	17.848	-55.963	0.0605
55	34	landing	-842.401441	66.988663	-265.110540	29.848	-47.963	0.0213
55	35	landing	-842.409596	66.622935	-265.019452	29.848	-47.963	0.0181
55	36	landing	-842.428490	66.239410	-264.918026	29.848	-47.963	0.0157
55	37	landing	-842.457731	65.840318	-264.806036	29.848	-47.963	0.0177
56	0	tracking	-850.645964	68.867102	-257.032114	-139.104	-4.000	0.1569
56	1	tracking	-849.991601	68.807284	-257.601772	-164.104	-0.670	0.1105
56	2	tracking	-849.422535	68.751906	-258.196524	170.896	-8.670	0.1164
56	3	tracking	-848.951149	68.710040	-258.797665	153.407	-16.670	0.0990
56	4	tracking	-848.533079	68.685017	-259.402840	178.407	-24.670	0.0933
56	5	tracking	-848.135704	68.677907	-259.999512	-156.593	-32.670	0.0858
56	6	tracking	-847.761383	68.687936	-260.584443	-159.186	-40.670	0.0846
56	7	tracking	-847.390151	68.712344	-261.142272	-134.186	-46.375	0.1095
56	8	tracking	-847.034052	68.747852	-261.683844	-150.375	-42.740	0.0816
56	9	tracking	-846.691437	68.790551	-262.210929	-150.375	-34.740	0.0789
56	10	tracking	-846.360385	68.836374	-262.725899	-150.375	-26.740	0.0753
56	11	tracking	-846.038924	68.880283	-263.231329	-150.375	-18.740	0.0710
56	12	tracking	-845.711981	68.925618	-263.710438	-125.375	-26.740	0.0753
56	13	tracking	-845.375779	68.972813	-264.145543	-100.375	-34.740	0.0729
56	14	tracking	-845.036398	69.019217	-264.522830	-75.375	-42.740	0.0725
56	15	tracking	-844.705837	69.059505	-264.835665	-50.375	-50.740	0.0634
56	16	tracking	-844.384292	69.091438	-265.093102	-51.747	-42.740	0.0583
56	17	tracking	-844.083004	69.113982	-265.293128	-26.747	-34.740	0.0534
56	18	tracking	-843.800745	69.125732	-265.443948	-26.747	-26.740	0.0551
56	19	tracking	-843.536584	69.125555	-265.553190	-26.747	-25.689	0.0654
56	20	tracking	-843.300384	69.113535	-265.623253	-1.747	-17.689	0.0457
56	21	tracking	-843.100129	69.088903	-265.661946	23.253	-9.689	0.0517
56	22	tracking	-842.935939	69.051976	-265.678117	37.878	-7.940	0.0472
56	23	tracking	-842.802291	69.003506	-265.676269	37.878	-7.940	0.0403
56	24	tracking	-842.731600	68.911720	-265.698500	62.878	-15.940	0.0448
56	25	tracking	-842.638701	68.853657	-265.667798	67.848	-23.940	0.0366
56	26	tracking	-842.568827	68.773887	-265.635192	67.848	-31.940	0.0409
56	27	tracking	-842.518046	68.665260	-265.601467	67.848	-39.940	0.0400
56	28	tracking	-842.480326	68.520478	-265.563305	42.848	-47.168	0.0368
56	29	tracking	-842.450403	68.341230	-265.517856	17.848	-47.168	0.0293
56	30	tracking	-842.422062	68.129837	-265.463967	-7.152	-47.168	0.0336
56	31	tracking	-842.388670	67.888993	-265.403003	-32.152	-47.168	0.0267
56	32	tracking	-842.357224	67.610537	-265.335184	-7.152	-55.168	0.0278
56	33	tracking	-842.333703	67.295872	-265.260790	17.848	-55.963	0.0310
56	34	landing	-842.318983	66.958893	-265.175133	17.848	-47.963	0.0231
56	35	landing	-842.312577	66.601856	-265.077978	17.848	-47.963	0.0208
56	36	landing	-842.314055	66.227018	-264.969095	17.848	-47.963	0.0224
56	37	landing	-842.323032	65.836590	-264.848288	17.848	-47.963	0.0445
57	0	tracking	-850.645964	68.867102	-257.032114	-139.104	-4.000	0.1560
57	1	tracking	-849.991601	68.807284	-257.601772	-164.104	-0.670	0.1182
57	2	tracking	-849.422535	68.751906	-258.196524	170.896	-8.670	0.1498
57	3	tracking	-848.951149	68.710040	-258.797665	153.407	-16.670	0.1126
57	4	tracking	-848.533079	68.685017	-259.402840	178.407	-24.670	0.0970
57	5	tracking	-848.135704	68.677907	-259.999512	-156.593	-32.670	0.0906
57	6	tracking	-847.761383	68.687936	-260.584443	-159.186	-40.670	0.0936
57	7	tracking	-847.390151	68.712344	-261.142272	-134.186	-46.375	0.0869
57	8	tracking	-847.034052	68.747852	-261.683844	-150.375	-42.740	0.0811
57	9	tracking	-846.691437	68.790551	-262.210929	-150.375	-34.740	0.0803
57	10	tracking	-846.360385	68.836374	-262.725899	-150.375	-26.740	0.0759
57	11	tracking	-846.038924	68.880283	-263.231329	-150.375	-18.740	0.0787
57	12	tracking	-845.711981	68.925618	-263.710438	-125.375	-26.740	0.0667
57	13	tracking	-845.375779	68.972813	-264.145543	-100.375	-34.740	0.0698
57	14	tracking	-845.036398	69.019217	-264.522830	-75.375	-42.740	0.0642
57	15	tracking	-844.705837	69.059505	-264.835665	-50.375	-50.740	0.0625
57	16	tracking	-844.384292	69.091438	-265.093102	-51.747	-42.740	0.0590
57	17	tracking	-844.083004	69.113982	-265.293128	-26.747	-34.740	0.0567
57	18	tracking	-843.800745	69.125732	-265.443948	-26.747	-26.740	0.0606
57	19	tracking	-843.536584	69.125555	-265.553190	-26.747	-25.689	0.0545
57	20	tracking	-843.300384	69.113535	-265.623253	-1.747	-17.689	0.0505
57	21	tracking	-843.100129	69.088903	-265.661946	23.253	-9.689	0.0439
57	22	tracking	-842.935939	69.051976	-265.678117	37.878	-7.940	0.0460
57	23	tracking	-842.802291	69.003506	-265.676269	37.878	-7.940	0.0386
57	24	tracking	-842.631600	68.911720	-265.698500	62.878	-15.940	0.0471
57	25	tracking	-842.538701	68.853657	-265.667798	67.848	-23.940	0.0426
57	26	tracking	-842.468827	68.773887	-265.635192	67.848	-31.940	0.0349
57	27	tracking	-842.418046	68.665260	-265.601467	67.848	-39.940	0.0420
57	28	tracking	-842.380326	68.520478	-265.563305	42.848	-47.168	0.0325
57	29	tracking	-842.350403	68.341230	-265.517856	17.848	-47.168	0.0353
57	30	tracking	-842.322062	68.129837	-265.463967	-7.152	-47.168	0.0708
57	31	tracking	-842.288670	67.888993	-265.403003	-32.152	-47.168	0.0277
57	32	tracking	-842.257224	67.610537	-265.335184	-7.152	-55.168	0.0331
57	33	tracking	-842.233703	67.295872	-265.260790	17.848	-55.963	0.0237
57	34	landing	-842.218983	66.958893	-265.175133	17.848	-47.963	0.0222
57	35	landing	-842.212577	66.601856	-265.077978	17.848	-47.963	0.0190
57	36	landing	-842.214055	66.227018	-264.969095	17.848	-47.963	0.0182
57	37	landing	-842.223032	65.836590	-264.848288	17.848	-47.963	0.0169
58	0	tracking	-850.645964	68.867102	-257.032114	-139.104	-4.000	0.1610
58	1	tracking	-849.991601	68.807284	-257.601772	-164.104	-0.670	0.1176
58	2	tracking	-849.422535	68.751906	-258.196524	170.896	-8.670	0.2236
58	3	tracking	-848.951149	68.710040	-258.797665	153.407	-16.670	0.1169
58	4	tracking	-848.533079	68.685017	-259.402840	178.407	-24.670	0.1123
58	5	tracking	-848.135704	68.677907	-259.999512	-156.593	-32.670	0.1056
58	6	tracking	-847.761383	68.687936	-260.584443	-159.186	-40.670	0.0930
58	7	tracking	-847.390151	68.712344	-261.142272	-134.186	-46.375	0.0940
58	8	tracking	-847.034052	68.747852	-261.683844	-150.375	-42.740	0.0929
58	9	tracking	-846.691437	68.790551	-262.210929	-150.375	-34.740	0.1603
58	10	tracking	-846.360385	68.836374	-262.725899	-150.375	-26.740	0.0966
58	11	tracking	-846.038924	68.880283	-263.231329	-150.375	-18.740	0.0922
58	12	tracking	-845.711981	68.925618	-263.710438	-125.375	-26.740	0.0950
58	13	tracking	-845.375779	68.972813	-264.145543	-100.375	-34.740	0.0763
58	14	tracking	-845.036398	69.019217	-264.522830	-75.375	-42.740	0.0703
58	15	tracking	-844.705837	69.059505	-264.835665	-50.375	-50.740	0.0638
58	16	tracking	-844.384292	69.091438	-265.093102	-51.747	-42.740	0.0834
58	17	tracking	-844.083004	69.113982	-265.293128	-26.747	-34.740	0.0646
58	18	tracking	-843.800745	69.125732	-265.443948	-26.747	-26.740	0.0661
58	19	tracking	-843.536584	69.125555	-265.553190	-26.747	-25.689	0.0492
58	20	tracking	-843.300384	69.113535	-265.623253	-1.747	-17.689	0.0525
58	21	tracking	-843.100129	69.088903	-265.661946	23.253	-9.689	0.0479
58	22	tracking	-842.935939	69.051976	-265.678117	37.878	-7.940	0.0478
58	23	tracking	-842.802291	69.003506	-265.676269	37.878	-7.940	0.0782
58	24	tracking	-842.731600	69.011720	-265.698500	62.878	-15.940	0.0485
58	25	tracking	-842.638701	68.953657	-265.667798	67.848	-23.940	0.0376
58	26	tracking	-842.568827	68.873887	-265.635192	67.848	-31.940	0.0409
58	27	tracking	-842.518046	68.765260	-265.601467	67.848	-39.940	0.0329
58	28	tracking	-842.480326	68.620478	-265.563305	42.848	-47.168	0.0323
58	29	tracking	-842.450403	68.441230	-265.517856	17.848	-47.168	0.0352
58	30	tracking	-842.422062	68.229837	-265.463967	-7.152	-47.168	0.0285
58	31	tracking	-842.388670	67.988993	-265.403003	-32.152	-47.168	0.0325
58	32	tracking	-842.357224	67.710537	-265.335184	-7.152	-55.168	0.0268
58	33	tracking	-842.333703	67.395872	-265.260790	17.848	-55.963	0.0290
58	34	landing	-842.318983	67.058893	-265.175133	17.848	-47.963	0.0235
58	35	landing	-842.312577	66.701856	-265.077978	17.848	-47.963	0.0211
58	36	landing	-842.314055	66.327018	-264.969095	17.848	-47.963	0.0193
58	37	landing	-842.323032	65.936590	-264.848288	17.848	-47.963	0.0171
59	0	tracking	-850.645964	68.867102	-257.032114	-139.104	-4.000	0.1669
59	1	tracking	-849.991601	68.807284	-257.601772	-164.104	-0.670	0.1161
59	2	tracking	-849.422535	68.751906	-258.196524	170.896	-8.670	0.1161
59	3	tracking	-848.951149	68.710040	-258.797665	153.407	-16.670	0.1004
59	4	tracking	-848.533079	68.685017	-259.402840	178.407	-24.670	0.1834
59	5	tracking	-848.135704	68.677907	-259.999512	-156.593	-32.670	0.1066
59	6	tracking	-847.761383	68.687936	-260.584443	-159.186	-40.670	0.0915
59	7	tracking	-847.390151	68.712344	-261.142272	-134.186	-46.375	0.0856
59	8	tracking	-847.034052	68.747852	-261.683844	-150.375	-42.740	0.0981
59	9	tracking	-846.691437	68.790551	-262.210929	-150.375	-34.740	0.0826
59	10	tracking	-846.360385	68.836374	-262.725899	-150.375	-26.740	0.0805
59	11	tracking	-846.038924	68.880283	-263.231329	-150.375	-18.740	0.0720
59	12	tracking	-845.711981	68.925618	-263.710438	-125.375	-26.740	0.0692
59	13	tracking	-845.375779	68.972813	-264.145543	-100.375	-34.740	0.0659
59	14	tracking	-845.036398	69.019217	-264.522830	-75.375	-42.740	0.0663
59	15	tracking	-844.705837	69.059505	-264.835665	-50.375	-50.740	0.0620
59	16	tracking	-844.384292	69.091438	-265.093102	-51.747	-42.740	0.0931
59	17	tracking	-844.083004	69.113982	-265.293128	-26.747	-34.740	0.0516
59	18	tracking	-843.800745	69.125732	-265.443948	-26.747	-26.740	0.0542
59	19	tracking	-843.536584	69.125555	-265.553190	-26.747	-25.689	0.0540
59	20	tracking	-843.300384	69.113535	-265.623253	-1.747	-17.689	0.0443
59	21	tracking	-843.100129	69.088903	-265.661946	23.253	-9.689	0.0510
59	22	tracking	-842.935939	69.051976	-265.678117	37.878	-7.940	0.0447
59	23	tracking	-842.802291	69.003506	-265.676269	37.878	-7.940	0.0418
59	24	tracking	-842.631600	69.011720	-265.698500	62.878	-15.940	0.0586
59	25	tracking	-842.538701	68.953657	-265.667798	67.848	-23.940	0.0378
59	26	tracking	-842.468827	68.873887	-265.635192	67.848	-31.940	0.0379
59	27	tracking	-842.418046	68.765260	-265.601467	67.848	-39.940	0.0334
59	28	tracking	-842.380326	68.620478	-265.563305	42.848	-47.168	0.0366
59	29	tracking	-842.350403	68.441230	-265.517856	17.848	-47.168	0.0304
59	30	tracking	-842.322062	68.229837	-265.463967	-7.152	-47.168	0.0359
59	31	tracking	-842.288670	67.988993	-265.403003	-32.152	-47.168	0.0322
59	32	tracking	-842.257224	67.710537	-265.335184	-7.152	-55.168	0.0356
59	33	tracking	-842.233703	67.395872	-265.260790	17.848	-55.963	0.0250
59	34	landing	-842.218983	67.058893	-265.175133	17.848	-47.963	0.0227
59	35	landing	-842.212577	66.701856	-265.077978	17.848	-47.963	0.0493
59	36	landing	-842.214055	66.327018	-264.969095	17.848	-47.963	0.0188
59	37	landing	-842.223032	65.936590	-264.848288	17.848	-47.963	0.0173
60	0	tracking	-850.645964	68.867102	-257.032114	-139.104	-4.000	0.1655
60	1	tracking	-849.991601	68.807284	-257.601772	-164.104	-0.670	0.1106
60	2	tracking	-849.422535	68.751906	-258.196524	170.896	-8.670	0.1065
60	3	tracking	-848.951149	68.710040	-258.797665	153.407	-16.670	0.1038
60	4	tracking	-848.533079	68.685017	-259.402840	178.407	-24.670	0.2404
60	5	tracking	-848.135704	68.677907	-259.999512	-156.593	-32.670	0.4338
60	6	tracking	-847.761383	68.687936	-260.584443	-159.186	-40.670	0.2100
60	7	tracking	-847.390151	68.712344	-261.142272	-134.186	-46.375	0.1823
60	8	tracking	-847.034052	68.747852	-261.683844	-150.375	-42.740	0.1995
60	9	tracking	-846.691437	68.790551	-262.210929	-150.375	-34.740	0.3605
60	10	tracking	-846.360385	68.836374	-262.725899	-150.375	-26.740	0.1865
60	11	tracking	-846.038924	68.880283	-263.231329	-150.375	-18.740	0.1780
60	12	tracking	-845.711981	68.925618	-263.710438	-125.375	-26.740	0.2093
60	13	tracking	-845.375779	68.972813	-264.145543	-100.375	-34.740	0.1406
60	14	tracking	-845.036398	69.019217	-264.522830	-75.375	-42.740	0.1209
60	15	tracking	-844.705837	69.059505	-264.835665	-50.375	-50.740	0.1458
60	16	tracking	-844.384292	69.091438	-265.093102	-51.747	-42.740	0.1284
60	17	tracking	-844.083004	69.113982	-265.293128	-26.747	-34.740	0.0920
60	18	tracking	-843.800745	69.125732	-265.443948	-26.747	-26.740	0.0567
60	19	tracking	-843.536584	69.125555	-265.553190	-26.747	-25.689	0.0531
60	20	tracking	-843.300384	69.113535	-265.623253	-1.747	-17.689	0.0749
60	21	tracking	-843.100129	69.088903	-265.661946	23.253	-9.689	0.0547
60	22	tracking	-842.935939	69.051976	-265.678117	37.878	-7.940	0.0416
60	23	tracking	-842.802291	69.003506	-265.676269	37.878	-7.940	0.0853
60	24	tracking	-842.731600	68.911720	-265.598500	62.878	-15.940	0.1564
60	25	tracking	-842.638701	68.853657	-265.567798	67.848	-23.940	0.1469
60	26	tracking	-842.568827	68.773887	-265.535192	67.848	-31.940	0.2466
60	27	tracking	-842.518046	68.665260	-265.501467	67.848	-39.940	0.1102
60	28	tracking	-842.480326	68.520478	-265.463305	42.848	-47.168	0.0976
60	29	tracking	-842.450403	68.341230	-265.417856	17.848	-47.168	0.1461
60	30	tracking	-842.422062	68.129837	-265.363967	-7.152	-47.168	0.1192
60	31	tracking	-842.388670	67.888993	-265.303003	-32.152	-47.168	0.1242
60	32	tracking	-842.357224	67.610537	-265.235184	-7.152	-55.168	0.1462
60	33	tracking	-842.333703	67.295872	-265.160790	17.848	-55.963	0.1222
60	34	landing	-842.326586	66.958893	-265.079584	42.848	-47.963	0.0350
60	35	landing	-842.334863	66.601354	-264.991469	42.848	-47.963	0.0227
60	36	landing	-842.357760	66.225219	-264.896225	42.848	-47.963	0.0166
60	37	landing	-842.394655	65.832559	-264.793581	42.848	-47.963	0.0282
61	0	tracking	-850.645964	68.867102	-257.032114	-139.104	-4.000	0.1999
61	1	tracking	-849.991601	68.807284	-257.601772	-164.104	-0.670	0.1235
61	2	tracking	-849.422535	68.751906	-258.196524	170.896	-8.670	0.1441
61	3	tracking	-848.951149	68.710040	-258.797665	153.407	-16.670	0.1111
61	4	tracking	-848.533079	68.685017	-259.402840	178.407	-24.670	0.1007
61	5	tracking	-848.135704	68.677907	-259.999512	-156.593	-32.670	0.0930
61	6	tracking	-847.761383	68.687936	-260.584443	-159.186	-40.670	0.0906
61	7	tracking	-847.390151	68.712344	-261.142272	-134.186	-46.375	0.0995
61	8	tracking	-847.034052	68.747852	-261.683844	-150.375	-42.740	0.1323
61	9	tracking	-846.691437	68.790551	-262.210929	-150.375	-34.740	0.1028
61	10	tracking	-846.360385	68.836374	-262.725899	-150.375	-26.740	0.0764
61	11	tracking	-846.038924	68.880283	-263.231329	-150.375	-18.740	0.0751
61	12	tracking	-845.711981	68.925618	-263.710438	-125.375	-26.740	0.0703
61	13	tracking	-845.375779	68.972813	-264.145543	-100.375	-34.740	0.0688
61	14	tracking	-845.036398	69.019217	-264.522830	-75.375	-42.740	0.0632
61	15	tracking	-844.705837	69.059505	-264.835665	-50.375	-50.740	0.0619
61	16	tracking	-844.384292	69.091438	-265.093102	-51.747	-42.740	0.0587
61	17	tracking	-844.083004	69.113982	-265.293128	-26.747	-34.740	0.0703
61	18	tracking	-843.800745	69.125732	-265.443948	-26.747	-26.740	0.0768
61	19	tracking	-843.536584	69.125555	-265.553190	-26.747	-25.689	0.0548
61	20	tracking	-843.300384	69.113535	-265.623253	-1.747	-17.689	0.0464
61	21	tracking	-843.100129	69.088903	-265.661946	23.253	-9.689	0.0499
61	22	tracking	-842.935939	69.051976	-265.678117	37.878	-7.940	0.0437
61	23	tracking	-842.802291	69.003506	-265.676269	37.878	-7.940	0.0414
61	24	tracking	-842.631600	68.911720	-265.598500	62.878	-15.940	0.3254
61	25	tracking	-842.538701	68.853657	-265.567798	67.848	-23.940	0.2252
61	26	tracking	-842.468827	68.773887	-265.535192	67.848	-31.940	0.2130
61	27	tracking	-842.418046	68.665260	-265.501467	67.848	-39.940	0.2054
61	28	tracking	-842.380326	68.520478	-265.463305	42.848	-47.168	0.2075
61	29	tracking	-842.350403	68.341230	-265.417856	17.848	-47.168	0.2063
61	30	tracking	-842.322062	68.129837	-265.363967	-7.152	-47.168	0.2048
61	31	tracking	-842.288670	67.888993	-265.303003	-32.152	-47.168	0.2214
61	32	tracking	-842.257224	67.610537	-265.235184	-7.152	-55.168	0.2364
61	33	tracking	-842.233703	67.295872	-265.160790	17.848	-55.963	0.1830
61	34	landing	-842.226586	66.958893	-265.079584	42.848	-47.963	0.0445
61	35	landing	-842.234863	66.601354	-264.991469	42.848	-47.963	0.0435
61	36	landing	-842.257760	66.225219	-264.896225	42.848	-47.963	0.0351
61	37	landing	-842.294655	65.832559	-264.793581	42.848	-47.963	0.0342
62	0	tracking	-850.645964	68.867102	-257.032114	-139.104	-4.000	0.2780
62	1	tracking	-849.991601	68.807284	-257.601772	-164.104	-0.670	0.2209
62	2	tracking	-849.422535	68.751906	-258.196524	170.896	-8.670	0.2014
62	3	tracking	-848.951149	68.710040	-258.797665	153.407	-16.670	0.1977
62	4	tracking	-848.533079	68.685017	-259.402840	178.407	-24.670	0.1841
62	5	tracking	-848.135704	68.677907	-259.999512	-156.593	-32.670	0.1444
62	6	tracking	-847.761383	68.687936	-260.584443	-159.186	-40.670	0.1663
62	7	tracking	-847.390151	68.712344	-261.142272	-134.186	-46.375	0.1686
62	8	tracking	-847.034052	68.747852	-261.683844	-150.375	-42.740	0.1549
62	9	tracking	-846.691437	68.790551	-262.210929	-150.375	-34.740	0.1510
62	10	tracking	-846.360385	68.836374	-262.725899	-150.375	-26.740	0.1290
62	11	tracking	-846.038924	68.880283	-263.231329	-150.375	-18.740	0.1409
62	12	tracking	-845.711981	68.925618	-263.710438	-125.375	-26.740	0.1346
62	13	tracking	-845.375779	68.972813	-264.145543	-100.375	-34.740	0.1263
62	14	tracking	-845.036398	69.019217	-264.522830	-75.375	-42.740	0.1302
62	15	tracking	-844.705837	69.059505	-264.835665	-50.375	-50.740	0.1219
62	16	tracking	-844.384292	69.091438	-265.093102	-51.747	-42.740	0.1010
62	17	tracking	-844.083004	69.113982	-265.293128	-26.747	-34.740	0.1089
62	18	tracking	-843.800745	69.125732	-265.443948	-26.747	-26.740	0.2245
62	19	tracking	-843.536584	69.125555	-265.553190	-26.747	-25.689	0.1143
62	20	tracking	-843.300384	69.113535	-265.623253	-1.747	-17.689	0.1096
62	21	tracking	-843.100129	69.088903	-265.661946	23.253	-9.689	0.1015
62	22	tracking	-842.935939	69.051976	-265.678117	37.878	-7.940	0.0856
62	23	tracking	-842.802291	69.003506	-265.676269	37.878	-7.940	0.0810
62	24	tracking	-842.731600	69.011720	-265.598500	62.878	-15.940	0.2140
62	25	tracking	-842.638701	68.953657	-265.567798	67.848	-23.940	0.2572
62	26	tracking	-842.568827	68.873887	-265.535192	67.848	-31.940	0.2131
62	27	tracking	-842.518046	68.765260	-265.501467	67.848	-39.940	0.1908
62	28	tracking	-842.480326	68.620478	-265.463305	42.848	-47.168	0.1782
62	29	tracking	-842.450403	68.441230	-265.417856	17.848	-47.168	0.1885
62	30	tracking	-842.422062	68.229837	-265.363967	-7.152	-47.168	0.1817
62	31	tracking	-842.388670	67.988993	-265.303003	-32.152	-47.168	0.1780
62	32	tracking	-842.357224	67.710537	-265.235184	-7.152	-55.168	0.1929
62	33	tracking	-842.333703	67.395872	-265.160790	17.848	-55.963	0.1325
62	34	landing	-842.326586	67.058893	-265.079584	42.848	-47.963	0.0705
62	35	landing	-842.334863	66.701354	-264.991469	42.848	-47.963	0.0349
62	36	landing	-842.357760	66.325219	-264.896225	42.848	-47.963	0.0463
62	37	landing	-842.394655	65.932559	-264.793581	42.848	-47.963	0.0339
63	0	tracking	-850.645964	68.867102	-257.032114	-139.104	-4.000	0.3092
63	1	tracking	-849.991601	68.807284	-257.601772	-164.104	-0.670	0.2325
63	2	tracking	-849.422535	68.751906	-258.196524	170.896	-8.670	0.1259
63	3	tracking	-848.951149	68.710040	-258.797665	153.407	-16.670	0.1127
63	4	tracking	-848.533079	68.685017	-259.402840	178.407	-24.670	0.1066
63	5	tracking	-848.135704	68.677907	-259.999512	-156.593	-32.670	0.0967
63	6	tracking	-847.761383	68.687936	-260.584443	-159.186	-40.670	0.0947
63	7	tracking	-847.390151	68.712344	-261.142272	-134.186	-46.375	0.0891
63	8	tracking	-847.034052	68.747852	-261.683844	-150.375	-42.740	0.0867
63	9	tracking	-846.691437	68.790551	-262.210929	-150.375	-34.740	0.0786
63	10	tracking	-846.360385	68.836374	-262.725899	-150.375	-26.740	0.0812
63	11	tracking	-846.038924	68.880283	-263.231329	-150.375	-18.740	0.0741
63	12	tracking	-845.711981	68.925618	-263.710438	-125.375	-26.740	0.0717
63	13	tracking	-845.375779	68.972813	-264.145543	-100.375	-34.740	0.0697
63	14	tracking	-845.036398	69.019217	-264.522830	-75.375	-42.740	0.0784
63	15	tracking	-844.705837	69.059505	-264.835665	-50.375	-50.740	0.0694
63	16	tracking	-844.384292	69.091438	-265.093102	-51.747	-42.740	0.0632
63	17	tracking	-844.083004	69.113982	-265.293128	-26.747	-34.740	0.0654
63	18	tracking	-843.800745	69.125732	-265.443948	-26.747	-26.740	0.0532
63	19	tracking	-843.536584	69.125555	-265.553190	-26.747	-25.689	0.1105
63	20	tracking	-843.300384	69.113535	-265.623253	-1.747	-17.689	0.0525
63	21	tracking	-843.100129	69.088903	-265.661946	23.253	-9.689	0.0449
63	22	tracking	-842.935939	69.051976	-265.678117	37.878	-7.940	0.0485
63	23	tracking	-842.802291	69.003506	-265.676269	37.878	-7.940	0.0402
63	24	tracking	-842.631600	69.011720	-265.598500	62.878	-15.940	0.1202
63	25	tracking	-842.538701	68.953657	-265.567798	67.848	-23.940	0.1078
63	26	tracking	-842.468827	68.873887	-265.535192	67.848	-31.940	0.1084
63	27	tracking	-842.418046	68.765260	-265.501467	67.848	-39.940	0.1013
63	28	tracking	-842.380326	68.620478	-265.463305	42.848	-47.168	0.1023
63	29	tracking	-842.350403	68.441230	-265.417856	17.848	-47.168	0.1027
63	30	tracking	-842.322062	68.229837	-265.363967	-7.152	-47.168	0.1082
63	31	tracking	-842.288670	67.988993	-265.303003	-32.152	-47.168	0.1022
63	32	tracking	-842.257224	67.710537	-265.235184	-7.152	-55.168	0.0907
63	33	tracking	-842.233703	67.395872	-265.160790	17.848	-55.963	0.0929
63	34	landing	-842.226586	67.058893	-265.079584	42.848	-47.963	0.0226
63	35	landing	-842.234863	66.701354	-264.991469	42.848	-47.963	0.0189
63	36	landing	-842.257760	66.325219	-264.896225	42.848	-47.963	0.0211
63	37	landing	-842.294655	65.932559	-264.793581	42.848	-47.963	0.0162
