-1	0	tracking	-850.645964	68.867102	-257.032114	-139.104	-4.000	11.8225
-1	1	tracking	-849.991601	68.807284	-257.601772	-164.104	-0.670	1.8956
-1	2	tracking	-849.422535	68.751906	-258.196524	170.896	-8.670	1.3560
-1	3	tracking	-848.951149	68.710040	-258.797665	153.407	-16.670	0.9038
-1	4	tracking	-848.533079	68.685017	-259.402840	178.407	-24.670	0.7008
-1	5	tracking	-848.135704	68.677907	-259.999512	-156.593	-32.670	0.6929
-1	6	tracking	-847.761383	68.687936	-260.584443	-159.186	-40.670	0.5994
-1	7	tracking	-847.390151	68.712344	-261.142272	-134.186	-46.375	0.5884
-1	8	tracking	-847.034052	68.747852	-261.683844	-150.375	-42.740	0.5595
-1	9	tracking	-846.691437	68.790551	-262.210929	-150.375	-34.740	0.5544
-1	10	tracking	-846.360385	68.836374	-262.725899	-150.375	-26.740	0.4512
-1	11	tracking	-846.038924	68.880283	-263.231329	-150.375	-18.740	0.5904
-1	12	tracking	-845.711981	68.925618	-263.710438	-125.375	-26.740	0.3862
-1	13	tracking	-845.375779	68.972813	-264.145543	-100.375	-34.740	0.3126
-1	14	tracking	-845.036398	69.019217	-264.522830	-75.375	-42.740	0.2663
-1	15	tracking	-844.705837	69.059505	-264.835665	-50.375	-50.740	0.2803
-1	16	tracking	-844.384292	69.091438	-265.093102	-51.747	-42.740	0.4219
-1	17	tracking	-844.083004	69.113982	-265.293128	-26.747	-34.740	0.2373
-1	18	tracking	-843.800745	69.125732	-265.443948	-26.747	-26.740	0.2480
-1	19	tracking	-843.536584	69.125555	-265.553190	-26.747	-25.689	0.2178
-1	20	tracking	-843.300384	69.113535	-265.623253	-1.747	-17.689	0.2262
-1	21	tracking	-843.100129	69.088903	-265.661946	23.253	-9.689	0.2564
-1	22	tracking	-842.935939	69.051976	-265.678117	37.878	-7.940	0.2008
-1	23	tracking	-842.802291	69.003506	-265.676269	37.878	-7.940	0.1806
-1	24	tracking	-842.699176	68.943190	-265.666444	62.878	-15.940	0.1681
-1	25	tracking	-842.621629	68.867454	-265.651857	67.848	-23.940	0.1617
-1	26	tracking	-842.565079	68.770355	-265.633754	67.848	-31.940	0.1457
-1	27	tracking	-842.525759	68.644315	-265.613118	67.848	-39.940	0.1456
-1	28	tracking	-842.497919	68.481735	-265.586975	42.848	-47.168	0.2080
-1	29	tracking	-842.476678	68.284429	-265.552612	17.848	-47.168	0.1630
-1	30	tracking	-842.456107	68.054867	-265.508875	-7.152	-47.168	0.1326
-1	31	tracking	-842.429727	67.795885	-265.457098	-32.152	-47.168	0.1355
-1	32	tracking	-842.404562	67.499061	-265.397731	-7.152	-55.168	0.1595
-1	33	tracking	-842.386576	67.165890	-265.331058	17.848	-55.963	0.1294
-1	34	landing	-842.376815	66.810754	-265.252196	17.848	-47.963	0.1537
-1	35	landing	-842.374883	66.436026	-265.160919	17.848	-47.963	0.0998
-1	36	landing	-842.380430	66.044063	-265.057020	17.848	-47.963	0.0980
-1	37	landing	-842.393135	65.637154	-264.940337	17.848	-47.963	0.1034
0	0	tracking	-850.712875	68.799418	-257.100983	-139.104	-4.000	0.3491
0	1	tracking	-850.073193	68.723999	-257.688813	-164.104	-0.670	0.2830
0	2	tracking	-849.517440	68.654849	-258.301206	170.896	-8.670	0.2745
0	3	tracking	-849.058572	68.600863	-258.919376	153.407	-16.670	0.2602
0	4	tracking	-848.651694	68.565254	-259.541115	178.407	-24.670	0.2705
0	5	tracking	-848.263789	68.549013	-260.153709	-156.593	-32.670	0.7041
0	6	tracking	-847.897518	68.551279	-260.753843	-159.186	-40.670	0.2906
0	7	tracking	-847.532770	68.569224	-261.325888	-134.186	-46.375	0.2877
0	8	tracking	-847.181984	68.599453	-261.880941	-150.375	-42.740	0.2557
0	9	tracking	-846.843618	68.637932	-262.420892	-150.375	-34.740	0.2290
0	10	tracking	-846.516001	68.680101	-262.947943	-150.375	-26.740	0.3366
0	11	tracking	-846.197238	68.720768	-263.464775	-150.375	-18.740	0.4298
0	12	tracking	-845.872142	68.763391	-263.954437	-125.375	-26.740	0.5076
0	13	tracking	-845.536987	68.808480	-264.399055	-100.375	-34.740	0.3081
0	14	tracking	-845.197941	68.853520	-264.784662	-75.375	-42.740	0.1903
0	15	tracking	-844.867311	68.893108	-265.104606	-50.375	-50.740	0.2047
0	16	tracking	-844.545386	68.924815	-265.368126	-51.747	-42.740	0.1598
0	17	tracking	-844.243607	68.947447	-265.573270	-26.747	-34.740	0.1696
0	18	tracking	-843.960792	68.959461	-265.728415	-26.747	-26.740	0.1740
0	19	tracking	-843.696048	68.959659	-265.841337	-26.747	-25.689	0.1497
0	20	tracking	-843.459325	68.948049	-265.914536	-1.747	-17.689	0.1524
0	21	tracking	-843.258640	68.923808	-265.955935	23.253	-9.689	0.1547
0	22	tracking	-843.094102	68.887244	-265.974474	37.878	-7.940	0.2575
0	23	tracking	-842.960159	68.839106	-265.974716	37.878	-7.940	0.1996
0	24	tracking	-842.856780	68.779094	-265.966755	62.878	-15.940	0.1323
0	25	tracking	-842.778983	68.703637	-265.953835	67.848	-23.940	0.1950
0	26	tracking	-842.722191	68.606788	-265.937223	67.848	-31.940	0.1193
0	27	tracking	-842.682629	68.480963	-265.917928	67.848	-39.940	0.1209
0	28	tracking	-842.654549	68.318547	-265.893007	42.848	-47.168	0.1059
0	29	tracking	-842.633077	68.121335	-265.859783	17.848	-47.168	0.1024
0	30	tracking	-842.612307	67.891784	-265.817127	-7.152	-47.168	0.1021
0	31	tracking	-842.585786	67.632731	-265.766367	-32.152	-47.168	0.0877
0	32	tracking	-842.560502	67.335752	-265.707962	-7.152	-55.168	0.0826
0	33	tracking	-842.542393	67.002348	-265.642199	17.848	-55.963	0.0868
0	34	landing	-842.532507	66.646914	-265.564196	17.848	-47.963	0.0513
0	35	landing	-842.530449	66.271831	-265.473732	17.848	-47.963	0.0469
0	36	landing	-842.535869	65.879459	-265.370598	17.848	-47.963	0.0879
1	0	tracking	-850.612875	68.799418	-257.100983	-139.104	-4.000	0.3768
1	1	tracking	-849.973193	68.723999	-257.688813	-164.104	-0.670	0.3099
1	2	tracking	-849.417440	68.654849	-258.301206	170.896	-8.670	0.2881
1	3	tracking	-848.958572	68.600863	-258.919376	153.407	-16.670	0.2932
1	4	tracking	-848.551694	68.565254	-259.541115	178.407	-24.670	0.2650
1	5	tracking	-848.163789	68.549013	-260.153709	-156.593	-32.670	2.9972
1	6	tracking	-847.797518	68.551279	-260.753843	-159.186	-40.670	0.2997
1	7	tracking	-847.432770	68.569224	-261.325888	-134.186	-46.375	0.2203
1	8	tracking	-847.081984	68.599453	-261.880941	-150.375	-42.740	0.2373
1	9	tracking	-846.743618	68.637932	-262.420892	-150.375	-34.740	0.2414
1	10	tracking	-846.416001	68.680101	-262.947943	-150.375	-26.740	0.2460
1	11	tracking	-846.097238	68.720768	-263.464775	-150.375	-18.740	0.5122
1	12	tracking	-845.772142	68.763391	-263.954437	-125.375	-26.740	0.2428
1	13	tracking	-845.436987	68.808480	-264.399055	-100.375	-34.740	0.2305
1	14	tracking	-845.097941	68.853520	-264.784662	-75.375	-42.740	0.1837
1	15	tracking	-844.767311	68.893108	-265.104606	-50.375	-50.740	0.1728
1	16	tracking	-844.445386	68.924815	-265.368126	-51.747	-42.740	0.1698
1	17	tracking	-844.143607	68.947447	-265.573270	-26.747	-34.740	0.4183
1	18	tracking	-843.860792	68.959461	-265.728415	-26.747	-26.740	0.1689
1	19	tracking	-843.596048	68.959659	-265.841337	-26.747	-25.689	0.1670
1	20	tracking	-843.359325	68.948049	-265.914536	-1.747	-17.689	0.1643
1	21	tracking	-843.158640	68.923808	-265.955935	23.253	-9.689	0.1466
1	22	tracking	-842.994102	68.887244	-265.974474	37.878	-7.940	0.1407
1	23	tracking	-842.860159	68.839106	-265.974716	37.878	-7.940	0.1312
1	24	tracking	-842.756780	68.779094	-265.966755	62.878	-15.940	0.1226
1	25	tracking	-842.678983	68.703637	-265.953835	67.848	-23.940	0.1292
1	26	tracking	-842.622191	68.606788	-265.937223	67.848	-31.940	0.2101
1	27	tracking	-842.582629	68.480963	-265.917928	67.848	-39.940	0.1307
1	28	tracking	-842.554549	68.318547	-265.893007	42.848	-47.168	0.1063
1	29	tracking	-842.533077	68.121335	-265.859783	17.848	-47.168	0.1226
1	30	tracking	-842.512307	67.891784	-265.817127	-7.152	-47.168	0.0968
1	31	tracking	-842.485786	67.632731	-265.766367	-32.152	-47.168	0.1182
1	32	tracking	-842.460502	67.335752	-265.707962	-7.152	-55.168	0.0921
1	33	tracking	-842.442393	67.002348	-265.642199	17.848	-55.963	0.0881
1	34	landing	-842.432507	66.646914	-265.564196	17.848	-47.963	0.0864
1	35	landing	-842.430449	66.271831	-265.473732	17.848	-47.963	0.0780
1	36	landing	-842.435869	65.879459	-265.370598	17.848	-47.963	0.0653
2	0	tracking	-850.712875	68.899418	-257.100983	-139.104	-4.000	0.5388
2	1	tracking	-850.073193	68.823999	-257.688813	-164.104	-0.670	0.2925
2	2	tracking	-849.517440	68.754849	-258.301206	170.896	-8.670	0.3770
2	3	tracking	-849.058572	68.700863	-258.919376	153.407	-16.670	0.2370
2	4	tracking	-848.651694	68.665254	-259.541115	178.407	-24.670	0.2279
2	5	tracking	-848.263789	68.649013	-260.153709	-156.593	-32.670	0.2103
2	6	tracking	-847.897518	68.651279	-260.753843	-159.186	-40.670	0.2268
2	7	tracking	-847.532770	68.669224	-261.325888	-134.186	-46.375	0.2074
2	8	tracking	-847.181984	68.699453	-261.880941	-150.375	-42.740	0.2088
2	9	tracking	-846.843618	68.737932	-262.420892	-150.375	-34.740	0.1952
2	10	tracking	-846.516001	68.780101	-262.947943	-150.375	-26.740	0.1852
2	11	tracking	-846.197238	68.820768	-263.464775	-150.375	-18.740	0.2272
2	12	tracking	-845.872142	68.863391	-263.954437	-125.375	-26.740	0.2166
2	13	tracking	-845.536987	68.908480	-264.399055	-100.375	-34.740	0.1726
2	14	tracking	-845.197941	68.953520	-264.784662	-75.375	-42.740	0.1610
2	15	tracking	-844.867311	68.993108	-265.104606	-50.375	-50.740	0.1647
2	16	tracking	-844.545386	69.024815	-265.368126	-51.747	-42.740	0.1497
2	17	tracking	-844.243607	69.047447	-265.573270	-26.747	-34.740	0.1562
2	18	tracking	-843.960792	69.059461	-265.728415	-26.747	-26.740	0.1630
2	19	tracking	-843.696048	69.059659	-265.841337	-26.747	-25.689	0.1440
2	20	tracking	-843.459325	69.048049	-265.914536	-1.747	-17.689	0.1311
2	21	tracking	-843.258640	69.023808	-265.955935	23.253	-9.689	0.1267
2	22	tracking	-843.094102	68.987244	-265.974474	37.878	-7.940	0.1174
2	23	tracking	-842.960159	68.939106	-265.974716	37.878	-7.940	0.1088
2	24	tracking	-842.856780	68.879094	-265.966755	62.878	-15.940	0.1621
2	25	tracking	-842.778983	68.803637	-265.953835	67.848	-23.940	0.3226
2	26	tracking	-842.722191	68.706788	-265.937223	67.848	-31.940	0.1956
2	27	tracking	-842.682629	68.580963	-265.917928	67.848	-39.940	0.1065
2	28	tracking	-842.654549	68.418547	-265.893007	42.848	-47.168	0.0891
2	29	tracking	-842.633077	68.221335	-265.859783	17.848	-47.168	0.0875
2	30	tracking	-842.612307	67.991784	-265.817127	-7.152	-47.168	0.0880
2	31	tracking	-842.585786	67.732731	-265.766367	-32.152	-47.168	0.0868
2	32	tracking	-842.560502	67.435752	-265.707962	-7.152	-55.168	0.0826
2	33	tracking	-842.542393	67.102348	-265.642199	17.848	-55.963	0.0706
2	34	landing	-842.532507	66.746914	-265.564196	17.848	-47.963	0.0457
2	35	landing	-842.530449	66.371831	-265.473732	17.848	-47.963	0.0434
2	36	landing	-842.535869	65.979459	-265.370598	17.848	-47.963	0.0517
3	0	tracking	-850.612875	68.899418	-257.100983	-139.104	-4.000	0.3813
3	1	tracking	-849.973193	68.823999	-257.688813	-164.104	-0.670	0.3062
3	2	tracking	-849.417440	68.754849	-258.301206	170.896	-8.670	0.2726
3	3	tracking	-848.958572	68.700863	-258.919376	153.407	-16.670	0.2600
3	4	tracking	-848.551694	68.665254	-259.541115	178.407	-24.670	0.2531
3	5	tracking	-848.163789	68.649013	-260.153709	-156.593	-32.670	0.6410
3	6	tracking	-847.797518	68.651279	-260.753843	-159.186	-40.670	0.2506
3	7	tracking	-847.432770	68.669224	-261.325888	-134.186	-46.375	0.2322
3	8	tracking	-847.081984	68.699453	-261.880941	-150.375	-42.740	0.2797
3	9	tracking	-846.743618	68.737932	-262.420892	-150.375	-34.740	0.2179
3	10	tracking	-846.416001	68.780101	-262.947943	-150.375	-26.740	0.2165
3	11	tracking	-846.097238	68.820768	-263.464775	-150.375	-18.740	0.2156
3	12	tracking	-845.772142	68.863391	-263.954437	-125.375	-26.740	0.3500
3	13	tracking	-845.436987	68.908480	-264.399055	-100.375	-34.740	0.1850
3	14	tracking	-845.097941	68.953520	-264.784662	-75.375	-42.740	0.1820
3	15	tracking	-844.767311	68.993108	-265.104606	-50.375	-50.740	0.1693
3	16	tracking	-844.445386	69.024815	-265.368126	-51.747	-42.740	0.1707
3	17	tracking	-844.143607	69.047447	-265.573270	-26.747	-34.740	0.1596
3	18	tracking	-843.860792	69.059461	-265.728415	-26.747	-26.740	0.1662
3	19	tracking	-843.596048	69.059659	-265.841337	-26.747	-25.689	0.1519
3	20	tracking	-843.359325	69.048049	-265.914536	-1.747	-17.689	0.1594
3	21	tracking	-843.158640	69.023808	-265.955935	23.253	-9.689	0.1495
3	22	tracking	-842.994102	68.987244	-265.974474	37.878	-7.940	0.1313
3	23	tracking	-842.860159	68.939106	-265.974716	37.878	-7.940	0.1278
3	24	tracking	-842.756780	68.879094	-265.966755	62.878	-15.940	0.1241
3	25	tracking	-842.678983	68.803637	-265.953835	67.848	-23.940	0.1171
3	26	tracking	-842.622191	68.706788	-265.937223	67.848	-31.940	0.1071
3	27	tracking	-842.582629	68.580963	-265.917928	67.848	-39.940	0.1056
3	28	tracking	-842.554549	68.418547	-265.893007	42.848	-47.168	0.1070
3	29	tracking	-842.533077	68.221335	-265.859783	17.848	-47.168	0.1052
3	30	tracking	-842.512307	67.991784	-265.817127	-7.152	-47.168	0.1041
3	31	tracking	-842.485786	67.732731	-265.766367	-32.152	-47.168	0.0892
3	32	tracking	-842.460502	67.435752	-265.707962	-7.152	-55.168	0.0891
3	33	tracking	-842.442393	67.102348	-265.642199	17.848	-55.963	0.0841
3	34	landing	-842.432507	66.746914	-265.564196	17.848	-47.963	0.0624
3	35	landing	-842.430449	66.371831	-265.473732	17.848	-47.963	0.0535
3	36	landing	-842.435869	65.979459	-265.370598	17.848	-47.963	0.0623
4	0	tracking	-850.712875	68.799418	-257.000983	-139.104	-4.000	0.2958
4	1	tracking	-850.073193	68.723999	-257.588813	-164.104	-0.670	0.2536
4	2	tracking	-849.517440	68.654849	-258.201206	170.896	-8.670	0.2272
4	3	tracking	-849.058572	68.600863	-258.819376	153.407	-16.670	0.3296
4	4	tracking	-848.651694	68.565254	-259.441115	178.407	-24.670	0.2334
4	5	tracking	-848.263789	68.549013	-260.053709	-156.593	-32.670	0.2342
4	6	tracking	-847.897518	68.551279	-260.653843	-159.186	-40.670	0.5545
4	7	tracking	-847.532770	68.569224	-261.225888	-134.186	-46.375	0.2496
4	8	tracking	-847.181984	68.599453	-261.780941	-150.375	-42.740	0.5218
4	9	tracking	-846.843618	68.637932	-262.320892	-150.375	-34.740	0.2843
4	10	tracking	-846.516001	68.680101	-262.847943	-150.375	-26.740	0.1578
4	11	tracking	-846.197238	68.720768	-263.364775	-150.375	-18.740	0.1575
4	12	tracking	-845.872142	68.763391	-263.854437	-125.375	-26.740	0.2013
4	13	tracking	-845.536987	68.808480	-264.299055	-100.375	-34.740	0.1387
4	14	tracking	-845.197941	68.853520	-264.684662	-75.375	-42.740	0.1245
4	15	tracking	-844.867311	68.893108	-265.004606	-50.375	-50.740	0.1217
4	16	tracking	-844.545386	68.924815	-265.268126	-51.747	-42.740	0.1644
4	17	tracking	-844.243607	68.947447	-265.473270	-26.747	-34.740	0.1091
4	18	tracking	-843.960792	68.959461	-265.628415	-26.747	-26.740	0.0989
4	19	tracking	-843.696048	68.959659	-265.741337	-26.747	-25.689	0.0967
4	20	tracking	-843.459325	68.948049	-265.814536	-1.747	-17.689	0.0966
4	21	tracking	-843.258640	68.923808	-265.855935	23.253	-9.689	0.1031
4	22	tracking	-843.094102	68.887244	-265.874474	37.878	-7.940	0.0915
4	23	tracking	-842.960159	68.839106	-265.874716	37.878	-7.940	0.0950
4	24	tracking	-842.856780	68.779094	-265.866755	62.878	-15.940	0.0875
4	25	tracking	-842.778983	68.703637	-265.853835	67.848	-23.940	0.0820
4	26	tracking	-842.722191	68.606788	-265.837223	67.848	-31.940	0.0742
4	27	tracking	-842.682629	68.480963	-265.817928	67.848	-39.940	0.0709
4	28	tracking	-842.654549	68.318547	-265.793007	42.848	-47.168	0.0683
4	29	tracking	-842.633077	68.121335	-265.759783	17.848	-47.168	0.0824
4	30	tracking	-842.612307	67.891784	-265.717127	-7.152	-47.168	0.0635
4	31	tracking	-842.585786	67.632731	-265.666367	-32.152	-47.168	0.0589
4	32	tracking	-842.560502	67.335752	-265.607962	-7.152	-55.168	0.0872
4	33	tracking	-842.542393	67.002348	-265.542199	17.848	-55.963	0.0523
4	34	landing	-842.532507	66.646914	-265.464196	17.848	-47.963	0.0347
4	35	landing	-842.530449	66.271831	-265.373732	17.848	-47.963	0.0300
4	36	landing	-842.535869	65.879459	-265.270598	17.848	-47.963	0.0295
5	0	tracking	-850.612875	68.799418	-257.000983	-139.104	-4.000	0.5735
5	1	tracking	-849.973193	68.723999	-257.588813	-164.104	-0.670	0.2074
5	2	tracking	-849.417440	68.654849	-258.201206	170.896	-8.670	0.2846
5	3	tracking	-848.958572	68.600863	-258.819376	153.407	-16.670	0.2035
5	4	tracking	-848.551694	68.565254	-259.441115	178.407	-24.670	0.1853
5	5	tracking	-848.163789	68.549013	-260.053709	-156.593	-32.670	0.2550
5	6	tracking	-847.797518	68.551279	-260.653843	-159.186	-40.670	0.3330
5	7	tracking	-847.432770	68.569224	-261.225888	-134.186	-46.375	0.2679
5	8	tracking	-847.081984	68.599453	-261.780941	-150.375	-42.740	0.2529
5	9	tracking	-846.743618	68.637932	-262.320892	-150.375	-34.740	0.2646
5	10	tracking	-846.416001	68.680101	-262.847943	-150.375	-26.740	0.2561
5	11	tracking	-846.097238	68.720768	-263.364775	-150.375	-18.740	0.2446
5	12	tracking	-845.772142	68.763391	-263.854437	-125.375	-26.740	0.1491
5	13	tracking	-845.436987	68.808480	-264.299055	-100.375	-34.740	0.1295
5	14	tracking	-845.097941	68.853520	-264.684662	-75.375	-42.740	0.1203
5	15	tracking	-844.767311	68.893108	-265.004606	-50.375	-50.740	0.1367
5	16	tracking	-844.445386	68.924815	-265.268126	-51.747	-42.740	0.1179
5	17	tracking	-844.143607	68.947447	-265.473270	-26.747	-34.740	0.1163
5	18	tracking	-843.860792	68.959461	-265.628415	-26.747	-26.740	0.1136
5	19	tracking	-843.596048	68.959659	-265.741337	-26.747	-25.689	0.1057
5	20	tracking	-843.359325	68.948049	-265.814536	-1.747	-17.689	0.1081
5	21	tracking	-843.158640	68.923808	-265.855935	23.253	-9.689	0.1045
5	22	tracking	-842.994102	68.887244	-265.874474	37.878	-7.940	0.1249
5	23	tracking	-842.860159	68.839106	-265.874716	37.878	-7.940	0.1400
5	24	tracking	-842.756780	68.779094	-265.866755	62.878	-15.940	0.1005
5	25	tracking	-842.678983	68.703637	-265.853835	67.848	-23.940	0.0836
5	26	tracking	-842.622191	68.606788	-265.837223	67.848	-31.940	0.0768
5	27	tracking	-842.582629	68.480963	-265.817928	67.848	-39.940	0.0740
5	28	tracking	-842.554549	68.318547	-265.793007	42.848	-47.168	0.1344
5	29	tracking	-842.533077	68.121335	-265.759783	17.848	-47.168	0.0806
5	30	tracking	-842.512307	67.891784	-265.717127	-7.152	-47.168	0.0672
5	31	tracking	-842.485786	67.632731	-265.666367	-32.152	-47.168	0.0628
5	32	tracking	-842.460502	67.335752	-265.607962	-7.152	-55.168	0.0664
5	33	tracking	-842.442393	67.002348	-265.542199	17.848	-55.963	0.0635
5	34	landing	-842.432507	66.646914	-265.464196	17.848	-47.963	0.0500
5	35	landing	-842.430449	66.271831	-265.373732	17.848	-47.963	0.0493
5	36	landing	-842.435869	65.879459	-265.270598	17.848	-47.963	0.0533
6	0	tracking	-850.712875	68.899418	-257.000983	-139.104	-4.000	0.2349
6	1	tracking	-850.073193	68.823999	-257.588813	-164.104	-0.670	0.1853
6	2	tracking	-849.517440	68.754849	-258.201206	170.896	-8.670	0.1774
6	3	tracking	-849.058572	68.700863	-258.819376	153.407	-16.670	0.1596
6	4	tracking	-848.651694	68.665254	-259.441115	178.407	-24.670	0.1472
6	5	tracking	-848.263789	68.649013	-260.053709	-156.593	-32.670	0.2489
6	6	tracking	-847.897518	68.651279	-260.653843	-159.186	-40.670	0.3191
6	7	tracking	-847.532770	68.669224	-261.225888	-134.186	-46.375	0.2188
6	8	tracking	-847.181984	68.699453	-261.780941	-150.375	-42.740	0.2074
6	9	tracking	-846.843618	68.737932	-262.320892	-150.375	-34.740	0.2141
6	10	tracking	-846.516001	68.780101	-262.847943	-150.375	-26.740	0.1981
6	11	tracking	-846.197238	68.820768	-263.364775	-150.375	-18.740	0.2904
6	12	tracking	-845.872142	68.863391	-263.854437	-125.375	-26.740	0.1987
6	13	tracking	-845.536987	68.908480	-264.299055	-100.375	-34.740	0.2009
6	14	tracking	-845.197941	68.953520	-264.684662	-75.375	-42.740	0.1642
6	15	tracking	-844.867311	68.993108	-265.004606	-50.375	-50.740	0.1549
6	16	tracking	-844.545386	69.024815	-265.268126	-51.747	-42.740	2.3951
6	17	tracking	-844.243607	69.047447	-265.473270	-26.747	-34.740	0.3912
6	18	tracking	-843.960792	69.059461	-265.628415	-26.747	-26.740	0.3093
6	19	tracking	-843.696048	69.059659	-265.741337	-26.747	-25.689	0.3717
6	20	tracking	-843.459325	69.048049	-265.814536	-1.747	-17.689	0.1852
6	21	tracking	-843.258640	69.023808	-265.855935	23.253	-9.689	0.1471
6	22	tracking	-843.094102	68.987244	-265.874474	37.878	-7.940	0.1365
6	23	tracking	-842.960159	68.939106	-265.874716	37.878	-7.940	0.1138
6	24	tracking	-842.856780	68.879094	-265.866755	62.878	-15.940	0.1252
6	25	tracking	-842.778983	68.803637	-265.853835	67.848	-23.940	0.1009
6	26	tracking	-842.722191	68.706788	-265.837223	67.848	-31.940	0.1093
6	27	tracking	-842.682629	68.580963	-265.817928	67.848	-39.940	0.0942
6	28	tracking	-842.654549	68.418547	-265.793007	42.848	-47.168	0.0959
6	29	tracking	-842.633077	68.221335	-265.759783	17.848	-47.168	0.0847
6	30	tracking	-842.612307	67.991784	-265.717127	-7.152	-47.168	0.1771
6	31	tracking	-842.585786	67.732731	-265.666367	-32.152	-47.168	0.0883
6	32	tracking	-842.560502	67.435752	-265.607962	-7.152	-55.168	0.0941
6	33	tracking	-842.542393	67.102348	-265.542199	17.848	-55.963	0.0588
6	34	landing	-842.532507	66.746914	-265.464196	17.848	-47.963	0.0511
6	35	landing	-842.530449	66.371831	-265.373732	17.848	-47.963	0.0463
6	36	landing	-842.535869	65.979459	-265.270598	17.848	-47.963	0.0400
7	0	tracking	-850.612875	68.899418	-257.000983	-139.104	-4.000	0.5625
7	1	tracking	-849.973193	68.823999	-257.588813	-164.104	-0.670	0.4928
7	2	tracking	-849.417440	68.754849	-258.201206	170.896	-8.670	0.5165
7	3	tracking	-848.958572	68.700863	-258.819376	153.407	-16.670	0.4268
7	4	tracking	-848.551694	68.665254	-259.441115	178.407	-24.670	0.4456
7	5	tracking	-848.163789	68.649013	-260.053709	-156.593	-32.670	0.4402
7	6	tracking	-847.797518	68.651279	-260.653843	-159.186	-40.670	0.4260
7	7	tracking	-847.432770	68.669224	-261.225888	-134.186	-46.375	0.4189
7	8	tracking	-847.081984	68.699453	-261.780941	-150.375	-42.740	0.4199
7	9	tracking	-846.743618	68.737932	-262.320892	-150.375	-34.740	0.3799
7	10	tracking	-846.416001	68.780101	-262.847943	-150.375	-26.740	0.3990
7	11	tracking	-846.097238	68.820768	-263.364775	-150.375	-18.740	0.3497
7	12	tracking	-845.772142	68.863391	-263.854437	-125.375	-26.740	0.3563
7	13	tracking	-845.436987	68.908480	-264.299055	-100.375	-34.740	0.3962
7	14	tracking	-845.097941	68.953520	-264.684662	-75.375	-42.740	0.2320
7	15	tracking	-844.767311	68.993108	-265.004606	-50.375	-50.740	0.1850
7	16	tracking	-844.445386	69.024815	-265.268126	-51.747	-42.740	0.1586
7	17	tracking	-844.143607	69.047447	-265.473270	-26.747	-34.740	0.1596
7	18	tracking	-843.860792	69.059461	-265.628415	-26.747	-26.740	0.1462
7	19	tracking	-843.596048	69.059659	-265.741337	-26.747	-25.689	0.1595
7	20	tracking	-843.359325	69.048049	-265.814536	-1.747	-17.689	0.1472
7	21	tracking	-843.158640	69.023808	-265.855935	23.253	-9.689	0.1634
7	22	tracking	-842.994102	68.987244	-265.874474	37.878	-7.940	0.1458
7	23	tracking	-842.860159	68.939106	-265.874716	37.878	-7.940	0.1310
7	24	tracking	-842.756780	68.879094	-265.866755	62.878	-15.940	0.1213
7	25	tracking	-842.678983	68.803637	-265.853835	67.848	-23.940	0.1288
7	26	tracking	-842.622191	68.706788	-265.837223	67.848	-31.940	0.1168
7	27	tracking	-842.582629	68.580963	-265.817928	67.848	-39.940	0.1160
7	28	tracking	-842.554549	68.418547	-265.793007	42.848	-47.168	0.1128
7	29	tracking	-842.533077	68.221335	-265.759783	17.848	-47.168	0.1073
7	30	tracking	-842.512307	67.991784	-265.717127	-7.152	-47.168	0.0944
7	31	tracking	-842.485786	67.732731	-265.666367	-32.152	-47.168	0.0789
7	32	tracking	-842.460502	67.435752	-265.607962	-7.152	-55.168	0.0558
7	33	tracking	-842.442393	67.102348	-265.542199	17.848	-55.963	0.0520
7	34	landing	-842.432507	66.746914	-265.464196	17.848	-47.963	0.0448
7	35	landing	-842.430449	66.371831	-265.373732	17.848	-47.963	0.0414
7	36	landing	-842.435869	65.979459	-265.270598	17.848	-47.963	0.0396
8	0	tracking	-850.675217	68.799697	-257.103313	-139.104	-4.000	0.2005
8	1	tracking	-850.001151	68.724570	-257.696135	-164.104	-0.670	0.1578
8	2	tracking	-849.415186	68.656225	-258.315623	170.896	-8.670	0.1417
8	3	tracking	-848.930394	68.603882	-258.942099	153.407	-16.670	0.1366
8	4	tracking	-848.500465	68.570916	-259.572992	178.407	-24.670	0.1291
8	5	tracking	-848.091441	68.558465	-260.195083	-156.593	-32.670	0.1255
8	6	tracking	-847.705899	68.565819	-260.804874	-159.186	-40.670	0.1178
8	7	tracking	-847.323171	68.590181	-261.386310	-134.186	-46.375	0.1123
8	8	tracking	-846.955865	68.627863	-261.950611	-150.375	-42.740	0.1166
8	9	tracking	-846.602351	68.674347	-262.499554	-150.375	-34.740	0.1080
8	10	tracking	-846.260593	68.725248	-263.035751	-150.375	-26.740	0.1098
8	11	tracking	-845.928568	68.775088	-263.561893	-150.375	-18.740	0.1098
8	12	tracking	-845.590648	68.827541	-264.060568	-125.375	-26.740	0.1013
8	13	tracking	-845.242934	68.883311	-264.513424	-100.375	-34.740	0.0984
8	14	tracking	-844.891791	68.939889	-264.906134	-75.375	-42.740	0.0917
8	15	tracking	-844.549949	68.991650	-265.232048	-50.375	-50.740	0.0910
8	16	tracking	-844.217620	69.035902	-265.500561	-51.747	-42.740	0.0877
8	17	tracking	-843.906384	69.071115	-265.709783	-26.747	-34.740	0.0957
8	18	tracking	-843.615071	69.095287	-265.868415	-26.747	-26.740	0.1015
8	19	tracking	-843.342806	69.106928	-265.984549	-26.747	-25.689	0.0857
8	20	tracking	-843.099388	69.105826	-266.060814	-1.747	-17.689	0.0786
8	21	tracking	-842.892648	69.091037	-266.105157	23.253	-9.689	0.0773
8	22	tracking	-842.722585	69.062940	-266.126486	37.878	-7.940	0.0797
8	23	tracking	-842.583600	69.022387	-266.129366	37.878	-7.940	0.0766
8	24	tracking	-842.475575	68.969295	-266.123834	62.878	-15.940	0.2439
8	25	tracking	-842.393513	68.900282	-266.113128	67.848	-23.940	0.1553
8	26	tracking	-842.332827	68.809551	-266.098529	67.848	-31.940	0.1541
8	27	tracking	-842.289727	68.689631	-266.081054	67.848	-39.940	0.1477
8	28	tracking	-842.258452	68.532964	-266.057801	42.848	-47.168	0.1563
8	29	tracking	-842.234094	68.341256	-266.026189	17.848	-47.168	0.1374
8	30	tracking	-842.210778	68.116883	-265.985168	-7.152	-47.168	0.2190
8	31	tracking	-842.182110	67.862644	-265.936063	-32.152	-47.168	0.1114
8	32	tracking	-842.154935	67.570189	-265.879299	-7.152	-55.168	0.0698
8	33	tracking	-842.135088	67.241004	-265.815165	17.848	-55.963	0.0612
8	34	landing	-842.123578	66.889420	-265.738849	17.848	-47.963	0.0533
8	35	landing	-842.119992	66.517806	-265.650133	17.848	-47.963	0.0798
8	36	landing	-842.123972	66.128522	-265.548807	17.848	-47.963	0.0589
8	37	landing	-842.135189	65.723875	-265.434702	17.848	-47.963	0.0452
9	0	tracking	-850.575217	68.799697	-257.103313	-139.104	-4.000	0.2113
9	1	tracking	-849.901151	68.724570	-257.696135	-164.104	-0.670	0.1609
9	2	tracking	-849.315186	68.656225	-258.315623	170.896	-8.670	0.1415
9	3	tracking	-848.830394	68.603882	-258.942099	153.407	-16.670	0.1332
9	4	tracking	-848.400465	68.570916	-259.572992	178.407	-24.670	0.1275
9	5	tracking	-847.991441	68.558465	-260.195083	-156.593	-32.670	0.1386
9	6	tracking	-847.605899	68.565819	-260.804874	-159.186	-40.670	0.1312
9	7	tracking	-847.223171	68.590181	-261.386310	-134.186	-46.375	0.1160
9	8	tracking	-846.855865	68.627863	-261.950611	-150.375	-42.740	0.1062
9	9	tracking	-846.502351	68.674347	-262.499554	-150.375	-34.740	0.1084
9	10	tracking	-846.160593	68.725248	-263.035751	-150.375	-26.740	0.1140
9	11	tracking	-845.828568	68.775088	-263.561893	-150.375	-18.740	0.1330
9	12	tracking	-845.490648	68.827541	-264.060568	-125.375	-26.740	0.1046
9	13	tracking	-845.142934	68.883311	-264.513424	-100.375	-34.740	0.0961
9	14	tracking	-844.791791	68.939889	-264.906134	-75.375	-42.740	0.1011
9	15	tracking	-844.449949	68.991650	-265.232048	-50.375	-50.740	0.0861
9	16	tracking	-844.117620	69.035902	-265.500561	-51.747	-42.740	0.0957
9	17	tracking	-843.806384	69.071115	-265.709783	-26.747	-34.740	0.0860
9	18	tracking	-843.515071	69.095287	-265.868415	-26.747	-26.740	0.0784
9	19	tracking	-843.242806	69.106928	-265.984549	-26.747	-25.689	0.0757
9	20	tracking	-842.999388	69.105826	-266.060814	-1.747	-17.689	0.0829
9	21	tracking	-842.792648	69.091037	-266.105157	23.253	-9.689	0.0730
9	22	tracking	-842.622585	69.062940	-266.126486	37.878	-7.940	0.0691
9	23	tracking	-842.483600	69.022387	-266.129366	37.878	-7.940	0.0751
9	24	tracking	-842.375575	68.969295	-266.123834	62.878	-15.940	0.0686
9	25	tracking	-842.293513	68.900282	-266.113128	67.848	-23.940	0.0674
9	26	tracking	-842.232827	68.809551	-266.098529	67.848	-31.940	0.0618
9	27	tracking	-842.189727	68.689631	-266.081054	67.848	-39.940	0.0605
9	28	tracking	-842.158452	68.532964	-266.057801	42.848	-47.168	0.0595
9	29	tracking	-842.134094	68.341256	-266.026189	17.848	-47.168	0.0588
9	30	tracking	-842.110778	68.116883	-265.985168	-7.152	-47.168	0.0560
9	31	tracking	-842.082110	67.862644	-265.936063	-32.152	-47.168	0.0588
9	32	tracking	-842.054935	67.570189	-265.879299	-7.152	-55.168	0.0551
9	33	tracking	-842.035088	67.241004	-265.815165	17.848	-55.963	0.0492
9	34	landing	-842.023578	66.889420	-265.738849	17.848	-47.963	0.1213
9	35	landing	-842.019992	66.517806	-265.650133	17.848	-47.963	0.0509
9	36	landing	-842.023972	66.128522	-265.548807	17.848	-47.963	0.0386
9	37	landing	-842.035189	65.723875	-265.434702	17.848	-47.963	0.0371
10	0	tracking	-850.675217	68.899697	-257.103313	-139.104	-4.000	0.1734
10	1	tracking	-850.001151	68.824570	-257.696135	-164.104	-0.670	0.1599
10	2	tracking	-849.415186	68.756225	-258.315623	170.896	-8.670	0.1519
10	3	tracking	-848.930394	68.703882	-258.942099	153.407	-16.670	0.1253
10	4	tracking	-848.500465	68.670916	-259.572992	178.407	-24.670	0.1086
10	5	tracking	-848.091441	68.658465	-260.195083	-156.593	-32.670	0.1199
10	6	tracking	-847.705899	68.665819	-260.804874	-159.186	-40.670	0.1000
10	7	tracking	-847.323171	68.690181	-261.386310	-134.186	-46.375	0.1035
10	8	tracking	-846.955865	68.727863	-261.950611	-150.375	-42.740	0.0939
10	9	tracking	-846.602351	68.774347	-262.499554	-150.375	-34.740	0.1011
10	10	tracking	-846.260593	68.825248	-263.035751	-150.375	-26.740	0.0936
10	11	tracking	-845.928568	68.875088	-263.561893	-150.375	-18.740	0.1095
10	12	tracking	-845.590648	68.927541	-264.060568	-125.375	-26.740	0.0890
10	13	tracking	-845.242934	68.983311	-264.513424	-100.375	-34.740	0.0790
10	14	tracking	-844.891791	69.039889	-264.906134	-75.375	-42.740	0.0786
10	15	tracking	-844.549949	69.091650	-265.232048	-50.375	-50.740	0.1083
10	16	tracking	-844.217620	69.135902	-265.500561	-51.747	-42.740	0.0745
10	17	tracking	-843.906384	69.171115	-265.709783	-26.747	-34.740	0.0738
10	18	tracking	-843.615071	69.195287	-265.868415	-26.747	-26.740	0.0702
10	19	tracking	-843.342806	69.206928	-265.984549	-26.747	-25.689	0.1125
10	20	tracking	-843.099388	69.205826	-266.060814	-1.747	-17.689	0.0685
10	21	tracking	-842.892648	69.191037	-266.105157	23.253	-9.689	0.0627
10	22	tracking	-842.722585	69.162940	-266.126486	37.878	-7.940	0.0605
10	23	tracking	-842.583600	69.122387	-266.129366	37.878	-7.940	0.0608
10	24	tracking	-842.475575	69.069295	-266.123834	62.878	-15.940	0.0578
10	25	tracking	-842.393513	69.000282	-266.113128	67.848	-23.940	0.0545
10	26	tracking	-842.332827	68.909551	-266.098529	67.848	-31.940	0.0521
10	27	tracking	-842.289727	68.789631	-266.081054	67.848	-39.940	0.0526
10	28	tracking	-842.258452	68.632964	-266.057801	42.848	-47.168	0.0508
10	29	tracking	-842.234094	68.441256	-266.026189	17.848	-47.168	0.0616
10	30	tracking	-842.210778	68.216883	-265.985168	-7.152	-47.168	0.0473
10	31	tracking	-842.182110	67.962644	-265.936063	-32.152	-47.168	0.0872
10	32	tracking	-842.154935	67.670189	-265.879299	-7.152	-55.168	0.0464
10	33	tracking	-842.135088	67.341004	-265.815165	17.848	-55.963	0.0427
10	34	landing	-842.123578	66.989420	-265.738849	17.848	-47.963	0.0392
10	35	landing	-842.119992	66.617806	-265.650133	17.848	-47.963	0.0352
10	36	landing	-842.123972	66.228522	-265.548807	17.848	-47.963	0.0362
10	37	landing	-842.135189	65.823875	-265.434702	17.848	-47.963	0.0325
11	0	tracking	-850.575217	68.899697	-257.103313	-139.104	-4.000	0.1696
11	1	tracking	-849.901151	68.824570	-257.696135	-164.104	-0.670	0.1324
11	2	tracking	-849.315186	68.756225	-258.315623	170.896	-8.670	0.1204
11	3	tracking	-848.830394	68.703882	-258.942099	153.407	-16.670	0.1149
11	4	tracking	-848.400465	68.670916	-259.572992	178.407	-24.670	0.1111
11	5	tracking	-847.991441	68.658465	-260.195083	-156.593	-32.670	0.1049
11	6	tracking	-847.605899	68.665819	-260.804874	-159.186	-40.670	0.0990
11	7	tracking	-847.223171	68.690181	-261.386310	-134.186	-46.375	0.0964
11	8	tracking	-846.855865	68.727863	-261.950611	-150.375	-42.740	0.0928
11	9	tracking	-846.502351	68.774347	-262.499554	-150.375	-34.740	0.1064
11	10	tracking	-846.160593	68.825248	-263.035751	-150.375	-26.740	0.0912
11	11	tracking	-845.828568	68.875088	-263.561893	-150.375	-18.740	0.0860
11	12	tracking	-845.490648	68.927541	-264.060568	-125.375	-26.740	0.0828
11	13	tracking	-845.142934	68.983311	-264.513424	-100.375	-34.740	0.0870
11	14	tracking	-844.791791	69.039889	-264.906134	-75.375	-42.740	0.0785
11	15	tracking	-844.449949	69.091650	-265.232048	-50.375	-50.740	0.0749
11	16	tracking	-844.117620	69.135902	-265.500561	-51.747	-42.740	0.0712
11	17	tracking	-843.806384	69.171115	-265.709783	-26.747	-34.740	0.0739
11	18	tracking	-843.515071	69.195287	-265.868415	-26.747	-26.740	0.0696
11	19	tracking	-843.242806	69.206928	-265.984549	-26.747	-25.689	0.0695
11	20	tracking	-842.999388	69.205826	-266.060814	-1.747	-17.689	0.0663
11	21	tracking	-842.792648	69.191037	-266.105157	23.253	-9.689	0.0641
11	22	tracking	-842.622585	69.162940	-266.126486	37.878	-7.940	0.0613
11	23	tracking	-842.483600	69.122387	-266.129366	37.878	-7.940	0.0596
11	24	tracking	-842.375575	69.069295	-266.123834	62.878	-15.940	0.0568
11	25	tracking	-842.293513	69.000282	-266.113128	67.848	-23.940	0.0614
11	26	tracking	-842.232827	68.909551	-266.098529	67.848	-31.940	0.0533
11	27	tracking	-842.189727	68.789631	-266.081054	67.848	-39.940	0.0505
11	28	tracking	-842.158452	68.632964	-266.057801	42.848	-47.168	0.0522
11	29	tracking	-842.134094	68.441256	-266.026189	17.848	-47.168	0.0501
11	30	tracking	-842.110778	68.216883	-265.985168	-7.152	-47.168	0.0453
11	31	tracking	-842.082110	67.962644	-265.936063	-32.152	-47.168	0.0481
11	32	tracking	-842.054935	67.670189	-265.879299	-7.152	-55.168	0.0434
11	33	tracking	-842.035088	67.341004	-265.815165	17.848	-55.963	0.0419
11	34	tracking	-842.022174	66.977390	-265.743209	17.848	-55.963	0.0902
11	35	landing	-842.017394	66.594134	-265.658202	17.848	-47.963	0.0447
11	36	landing	-842.020372	66.193614	-265.559989	17.848	-47.963	0.0340
11	37	landing	-842.030763	65.778156	-265.448448	17.848	-47.963	0.0350
12	0	tracking	-850.675217	68.799697	-257.003313	-139.104	-4.000	0.2456
12	1	tracking	-850.001151	68.724570	-257.596135	-164.104	-0.670	0.1355
12	2	tracking	-849.415186	68.656225	-258.215623	170.896	-8.670	0.1229
12	3	tracking	-848.930394	68.603882	-258.842099	153.407	-16.670	0.1669
12	4	tracking	-848.500465	68.570916	-259.472992	178.407	-24.670	0.1109
12	5	tracking	-848.091441	68.558465	-260.095083	-156.593	-32.670	0.1336
12	6	tracking	-847.705899	68.565819	-260.704874	-159.186	-40.670	0.1767
12	7	tracking	-847.323171	68.590181	-261.286310	-134.186	-46.375	0.1044
12	8	tracking	-846.955865	68.627863	-261.850611	-150.375	-42.740	0.1134
12	9	tracking	-846.602351	68.674347	-262.399554	-150.375	-34.740	0.1008
12	10	tracking	-846.260593	68.725248	-262.935751	-150.375	-26.740	0.1841
12	11	tracking	-845.928568	68.775088	-263.461893	-150.375	-18.740	0.1148
12	12	tracking	-845.590648	68.827541	-263.960568	-125.375	-26.740	0.1016
12	13	tracking	-845.242934	68.883311	-264.413424	-100.375	-34.740	0.0973
12	14	tracking	-844.891791	68.939889	-264.806134	-75.375	-42.740	0.1007
12	15	tracking	-844.549949	68.991650	-265.132048	-50.375	-50.740	0.3031
12	16	tracking	-844.217620	69.035902	-265.400561	-51.747	-42.740	0.1899
12	17	tracking	-843.906384	69.071115	-265.609783	-26.747	-34.740	0.1989
12	18	tracking	-843.615071	69.095287	-265.768415	-26.747	-26.740	0.1253
12	19	tracking	-843.342806	69.106928	-265.884549	-26.747	-25.689	0.1075
12	20	tracking	-843.099388	69.105826	-265.960814	-1.747	-17.689	0.0717
12	21	tracking	-842.892648	69.091037	-266.005157	23.253	-9.689	0.1108
12	22	tracking	-842.722585	69.062940	-266.026486	37.878	-7.940	0.0810
12	23	tracking	-842.583600	69.022387	-266.029366	37.878	-7.940	0.1685
12	24	tracking	-842.475575	68.969295	-266.023834	62.878	-15.940	0.1273
12	25	tracking	-842.393513	68.900282	-266.013128	67.848	-23.940	0.1880
12	26	tracking	-842.332827	68.809551	-265.998529	67.848	-31.940	0.0655
12	27	tracking	-842.289727	68.689631	-265.981054	67.848	-39.940	0.0572
12	28	tracking	-842.258452	68.532964	-265.957801	42.848	-47.168	0.0447
12	29	tracking	-842.234094	68.341256	-265.926189	17.848	-47.168	0.0502
12	30	tracking	-842.210778	68.116883	-265.885168	-7.152	-47.168	0.0423
12	31	tracking	-842.182110	67.862644	-265.836063	-32.152	-47.168	0.0437
12	32	tracking	-842.154935	67.570189	-265.779299	-7.152	-55.168	0.0488
12	33	tracking	-842.135088	67.241004	-265.715165	17.848	-55.963	0.0397
12	34	landing	-842.123578	66.889420	-265.638849	17.848	-47.963	0.0476
12	35	landing	-842.119992	66.517806	-265.550133	17.848	-47.963	0.0320
12	36	landing	-842.123972	66.128522	-265.448807	17.848	-47.963	0.0480
12	37	landing	-842.135189	65.723875	-265.334702	17.848	-47.963	0.0339
13	0	tracking	-850.575217	68.799697	-257.003313	-139.104	-4.000	0.2386
13	1	tracking	-849.901151	68.724570	-257.596135	-164.104	-0.670	0.1494
13	2	tracking	-849.315186	68.656225	-258.215623	170.896	-8.670	0.1212
13	3	tracking	-848.830394	68.603882	-258.842099	153.407	-16.670	0.1359
13	4	tracking	-848.400465	68.570916	-259.472992	178.407	-24.670	0.1073
13	5	tracking	-847.991441	68.558465	-260.095083	-156.593	-32.670	0.1083
13	6	tracking	-847.605899	68.565819	-260.704874	-159.186	-40.670	0.0919
13	7	tracking	-847.223171	68.590181	-261.286310	-134.186	-46.375	0.0965
13	8	tracking	-846.855865	68.627863	-261.850611	-150.375	-42.740	0.1001
13	9	tracking	-846.502351	68.674347	-262.399554	-150.375	-34.740	0.1055
13	10	tracking	-846.160593	68.725248	-262.935751	-150.375	-26.740	0.0872
13	11	tracking	-845.828568	68.775088	-263.461893	-150.375	-18.740	0.0868
13	12	tracking	-845.490648	68.827541	-263.960568	-125.375	-26.740	0.0805
13	13	tracking	-845.142934	68.883311	-264.413424	-100.375	-34.740	0.0786
13	14	tracking	-844.791791	68.939889	-264.806134	-75.375	-42.740	0.0828
13	15	tracking	-844.449949	68.991650	-265.132048	-50.375	-50.740	0.0780
13	16	tracking	-844.117620	69.035902	-265.400561	-51.747	-42.740	0.0666
13	17	tracking	-843.806384	69.071115	-265.609783	-26.747	-34.740	0.0673
13	18	tracking	-843.515071	69.095287	-265.768415	-26.747	-26.740	0.0608
13	19	tracking	-843.242806	69.106928	-265.884549	-26.747	-25.689	0.0679
13	20	tracking	-842.999388	69.105826	-265.960814	-1.747	-17.689	0.0607
13	21	tracking	-842.792648	69.091037	-266.005157	23.253	-9.689	0.0603
13	22	tracking	-842.622585	69.062940	-266.026486	37.878	-7.940	0.0525
13	23	tracking	-842.483600	69.022387	-266.029366	37.878	-7.940	0.0543
13	24	tracking	-842.375575	68.969295	-266.023834	62.878	-15.940	0.0522
13	25	tracking	-842.293513	68.900282	-266.013128	67.848	-23.940	0.0436
13	26	tracking	-842.232827	68.809551	-265.998529	67.848	-31.940	0.0490
13	27	tracking	-842.189727	68.689631	-265.981054	67.848	-39.940	0.0419
13	28	tracking	-842.158452	68.532964	-265.957801	42.848	-47.168	0.0439
13	29	tracking	-842.134094	68.341256	-265.926189	17.848	-47.168	0.0381
13	30	tracking	-842.110778	68.116883	-265.885168	-7.152	-47.168	0.0424
13	31	tracking	-842.082110	67.862644	-265.836063	-32.152	-47.168	0.0364
13	32	tracking	-842.054935	67.570189	-265.779299	-7.152	-55.168	0.0412
13	33	tracking	-842.035088	67.241004	-265.715165	17.848	-55.963	0.0334
13	34	landing	-842.023578	66.889420	-265.638849	17.848	-47.963	0.0412
13	35	landing	-842.019992	66.517806	-265.550133	17.848	-47.963	0.0283
13	36	landing	-842.023972	66.128522	-265.448807	17.848	-47.963	0.0255
13	37	landing	-842.035189	65.723875	-265.334702	17.848	-47.963	0.0226
14	0	tracking	-850.675217	68.899697	-257.003313	-139.104	-4.000	0.1741
14	1	tracking	-850.001151	68.824570	-257.596135	-164.104	-0.670	0.1377
14	2	tracking	-849.415186	68.756225	-258.215623	170.896	-8.670	0.1229
14	3	tracking	-848.930394	68.703882	-258.842099	153.407	-16.670	0.1070
14	4	tracking	-848.500465	68.670916	-259.472992	178.407	-24.670	0.0996
14	5	tracking	-848.091441	68.658465	-260.095083	-156.593	-32.670	0.0925
14	6	tracking	-847.705899	68.665819	-260.704874	-159.186	-40.670	0.0903
14	7	tracking	-847.323171	68.690181	-261.286310	-134.186	-46.375	0.0926
14	8	tracking	-846.955865	68.727863	-261.850611	-150.375	-42.740	0.0860
14	9	tracking	-846.602351	68.774347	-262.399554	-150.375	-34.740	0.0858
14	10	tracking	-846.260593	68.825248	-262.935751	-150.375	-26.740	0.0758
14	11	tracking	-845.928568	68.875088	-263.461893	-150.375	-18.740	0.0771
14	12	tracking	-845.590648	68.927541	-263.960568	-125.375	-26.740	0.0786
14	13	tracking	-845.242934	68.983311	-264.413424	-100.375	-34.740	0.0708
14	14	tracking	-844.891791	69.039889	-264.806134	-75.375	-42.740	0.0726
14	15	tracking	-844.549949	69.091650	-265.132048	-50.375	-50.740	0.0604
14	16	tracking	-844.217620	69.135902	-265.400561	-51.747	-42.740	0.1645
14	17	tracking	-843.906384	69.171115	-265.609783	-26.747	-34.740	0.0841
14	18	tracking	-843.615071	69.195287	-265.768415	-26.747	-26.740	0.0669
14	19	tracking	-843.342806	69.206928	-265.884549	-26.747	-25.689	0.0624
14	20	tracking	-843.099388	69.205826	-265.960814	-1.747	-17.689	0.0600
14	21	tracking	-842.892648	69.191037	-266.005157	23.253	-9.689	0.1552
14	22	tracking	-842.722585	69.162940	-266.026486	37.878	-7.940	0.0601
14	23	tracking	-842.583600	69.122387	-266.029366	37.878	-7.940	0.0499
14	24	tracking	-842.475575	69.069295	-266.023834	62.878	-15.940	0.0523
14	25	tracking	-842.393513	69.000282	-266.013128	67.848	-23.940	0.0480
14	26	tracking	-842.332827	68.909551	-265.998529	67.848	-31.940	0.0375
14	27	tracking	-842.289727	68.789631	-265.981054	67.848	-39.940	0.0441
14	28	tracking	-842.258452	68.632964	-265.957801	42.848	-47.168	0.0357
14	29	tracking	-842.234094	68.441256	-265.926189	17.848	-47.168	0.0400
14	30	tracking	-842.210778	68.216883	-265.885168	-7.152	-47.168	0.0321
14	31	tracking	-842.182110	67.962644	-265.836063	-32.152	-47.168	0.0384
14	32	tracking	-842.154935	67.670189	-265.779299	-7.152	-55.168	0.0289
14	33	tracking	-842.135088	67.341004	-265.715165	17.848	-55.963	0.0268
14	34	landing	-842.123578	66.989420	-265.638849	17.848	-47.963	0.0348
14	35	landing	-842.119992	66.617806	-265.550133	17.848	-47.963	0.0224
14	36	landing	-842.123972	66.228522	-265.448807	17.848	-47.963	0.0206
14	37	landing	-842.135189	65.823875	-265.334702	17.848	-47.963	0.0271
15	0	tracking	-850.575217	68.899697	-257.003313	-139.104	-4.000	0.2245
15	1	tracking	-849.901151	68.824570	-257.596135	-164.104	-0.670	0.1228
15	2	tracking	-849.315186	68.756225	-258.215623	170.896	-8.670	0.1214
15	3	tracking	-848.830394	68.703882	-258.842099	153.407	-16.670	0.1178
15	4	tracking	-848.400465	68.670916	-259.472992	178.407	-24.670	0.0999
15	5	tracking	-847.991441	68.658465	-260.095083	-156.593	-32.670	0.0920
15	6	tracking	-847.605899	68.665819	-260.704874	-159.186	-40.670	0.0954
15	7	tracking	-847.223171	68.690181	-261.286310	-134.186	-46.375	0.0866
15	8	tracking	-846.855865	68.727863	-261.850611	-150.375	-42.740	0.0839
15	9	tracking	-846.502351	68.774347	-262.399554	-150.375	-34.740	0.0813
15	10	tracking	-846.160593	68.825248	-262.935751	-150.375	-26.740	0.0792
15	11	tracking	-845.828568	68.875088	-263.461893	-150.375	-18.740	0.0789
15	12	tracking	-845.490648	68.927541	-263.960568	-125.375	-26.740	0.0731
15	13	tracking	-845.142934	68.983311	-264.413424	-100.375	-34.740	0.0706
15	14	tracking	-844.791791	69.039889	-264.806134	-75.375	-42.740	0.0717
15	15	tracking	-844.449949	69.091650	-265.132048	-50.375	-50.740	0.1492
15	16	tracking	-844.117620	69.135902	-265.400561	-51.747	-42.740	0.0591
15	17	tracking	-843.806384	69.171115	-265.609783	-26.747	-34.740	0.1188
15	18	tracking	-843.515071	69.195287	-265.768415	-26.747	-26.740	0.1716
15	19	tracking	-843.242806	69.206928	-265.884549	-26.747	-25.689	0.2565
15	20	tracking	-842.999388	69.205826	-265.960814	-1.747	-17.689	0.1238
15	21	tracking	-842.792648	69.191037	-266.005157	23.253	-9.689	0.1283
15	22	tracking	-842.622585	69.162940	-266.026486	37.878	-7.940	0.1192
15	23	tracking	-842.483600	69.122387	-266.029366	37.878	-7.940	0.0932
15	24	tracking	-842.375575	69.069295	-266.023834	62.878	-15.940	0.1010
15	25	tracking	-842.293513	69.000282	-266.013128	67.848	-23.940	0.1035
15	26	tracking	-842.232827	68.909551	-265.998529	67.848	-31.940	0.0843
15	27	tracking	-842.189727	68.789631	-265.981054	67.848	-39.940	0.1973
15	28	tracking	-842.158452	68.632964	-265.957801	42.848	-47.168	0.0770
15	29	tracking	-842.134094	68.441256	-265.926189	17.848	-47.168	0.0856
15	30	tracking	-842.110778	68.216883	-265.885168	-7.152	-47.168	0.0659
15	31	tracking	-842.082110	67.962644	-265.836063	-32.152	-47.168	0.1633
15	32	tracking	-842.054935	67.670189	-265.779299	-7.152	-55.168	0.0865
15	33	tracking	-842.035088	67.341004	-265.715165	17.848	-55.963	0.0325
15	34	landing	-842.023578	66.989420	-265.638849	17.848	-47.963	0.0585
15	35	landing	-842.019992	66.617806	-265.550133	17.848	-47.963	0.0286
15	36	landing	-842.023972	66.228522	-265.448807	17.848	-47.963	0.0228
15	37	landing	-842.035189	65.823875	-265.334702	17.848	-47.963	0.0335
16	0	tracking	-850.715197	68.834717	-257.098302	-139.104	-4.000	0.2009
16	1	tracking	-850.078540	68.790427	-257.680388	-164.104	-0.670	0.1166
16	2	tracking	-849.524962	68.748687	-258.284421	170.896	-8.670	0.1016
16	3	tracking	-849.066725	68.718822	-258.892532	153.407	-16.670	0.0935
16	4	tracking	-848.660341	68.704459	-259.502826	178.407	-24.670	0.0995
16	5	tracking	-848.273719	68.706898	-260.103271	-156.593	-32.670	0.0891
16	6	tracking	-847.909226	68.725523	-260.690912	-159.186	-40.670	0.0905
16	7	tracking	-847.547168	68.757686	-261.250751	-134.186	-46.375	0.0807
16	8	tracking	-847.199550	68.800099	-261.793573	-150.375	-42.740	0.0790
16	9	tracking	-846.864749	68.849047	-262.321319	-150.375	-34.740	0.0995
16	10	tracking	-846.540810	68.900787	-262.836614	-150.375	-26.740	0.0822
16	11	tracking	-846.225840	68.950352	-263.342064	-150.375	-18.740	0.0785
16	12	tracking	-845.904913	69.001035	-263.821024	-125.375	-26.740	0.0824
16	13	tracking	-845.574341	69.053222	-264.255948	-100.375	-34.740	0.0720
16	14	tracking	-845.240256	69.104191	-264.633146	-75.375	-42.740	0.0655
16	15	tracking	-844.914737	69.148424	-264.946170	-50.375	-50.740	0.0624
16	16	tracking	-844.598040	69.183716	-265.204055	-51.747	-42.740	0.0536
16	17	tracking	-844.301285	69.209079	-265.404906	-26.747	-34.740	0.0497
16	18	tracking	-844.023280	69.223187	-265.556886	-26.747	-26.740	0.0544
16	19	tracking	-843.763105	69.224957	-265.667551	-26.747	-25.689	0.0524
16	20	tracking	-843.530470	69.214554	-265.739315	-1.747	-17.689	0.0448
16	21	tracking	-843.333228	69.191291	-265.779901	23.253	-9.689	0.0524
16	22	tracking	-843.171501	69.155529	-265.798046	37.878	-7.940	0.0513
16	23	tracking	-843.039855	69.108050	-265.798203	37.878	-7.940	0.0459
16	24	tracking	-842.938292	69.048546	-265.790284	62.878	-15.940	0.0508
16	25	tracking	-842.861937	68.973452	-265.777473	67.848	-23.940	0.0426
16	26	tracking	-842.806300	68.876838	-265.761012	67.848	-31.940	0.0362
16	27	tracking	-842.767676	68.751137	-265.741888	67.848	-39.940	0.0433
16	28	tracking	-842.740381	68.588754	-265.717172	42.848	-47.168	0.0507
16	29	tracking	-842.719593	68.391505	-265.684183	17.848	-47.168	0.0379
16	30	tracking	-842.699438	68.161867	-265.641775	-7.152	-47.168	0.0430
16	31	tracking	-842.673481	67.902688	-265.591263	-32.152	-47.168	0.0379
16	32	tracking	-842.648703	67.605541	-265.533110	-7.152	-55.168	0.0279
16	33	tracking	-842.631038	67.271931	-265.467593	17.848	-55.963	0.0243
16	34	landing	-842.621542	66.916273	-265.389828	17.848	-47.963	0.0318
16	35	landing	-842.619828	66.540952	-265.299586	17.848	-47.963	0.0204
16	36	landing	-842.625552	66.148337	-265.196658	17.848	-47.963	0.0199
16	37	landing	-842.638402	65.740728	-265.080882	17.848	-47.963	0.0251
17	0	tracking	-850.615197	68.834717	-257.098302	-139.104	-4.000	0.1816
17	1	tracking	-849.978540	68.790427	-257.680388	-164.104	-0.670	0.1159
17	2	tracking	-849.424962	68.748687	-258.284421	170.896	-8.670	0.1105
17	3	tracking	-848.966725	68.718822	-258.892532	153.407	-16.670	0.1042
17	4	tracking	-848.560341	68.704459	-259.502826	178.407	-24.670	0.1301
17	5	tracking	-848.173719	68.706898	-260.103271	-156.593	-32.670	0.0979
17	6	tracking	-847.809226	68.725523	-260.690912	-159.186	-40.670	0.5948
17	7	tracking	-847.447168	68.757686	-261.250751	-134.186	-46.375	0.0801
17	8	tracking	-847.099550	68.800099	-261.793573	-150.375	-42.740	0.0885
17	9	tracking	-846.764749	68.849047	-262.321319	-150.375	-34.740	0.0667
17	10	tracking	-846.440810	68.900787	-262.836614	-150.375	-26.740	0.0772
17	11	tracking	-846.125840	68.950352	-263.342064	-150.375	-18.740	0.0590
17	12	tracking	-845.804913	69.001035	-263.821024	-125.375	-26.740	0.0553
17	13	tracking	-845.474341	69.053222	-264.255948	-100.375	-34.740	0.0605
17	14	tracking	-845.140256	69.104191	-264.633146	-75.375	-42.740	0.0485
17	15	tracking	-844.814737	69.148424	-264.946170	-50.375	-50.740	0.0459
17	16	tracking	-844.498040	69.183716	-265.204055	-51.747	-42.740	0.0464
17	17	tracking	-844.201285	69.209079	-265.404906	-26.747	-34.740	0.0468
17	18	tracking	-843.923280	69.223187	-265.556886	-26.747	-26.740	0.0424
17	19	tracking	-843.663105	69.224957	-265.667551	-26.747	-25.689	0.0403
17	20	tracking	-843.430470	69.214554	-265.739315	-1.747	-17.689	0.0565
17	21	tracking	-843.233228	69.191291	-265.779901	23.253	-9.689	0.0451
17	22	tracking	-843.071501	69.155529	-265.798046	37.878	-7.940	0.0339
17	23	tracking	-842.939855	69.108050	-265.798203	37.878	-7.940	0.0342
17	24	tracking	-842.838292	69.048546	-265.790284	62.878	-15.940	0.0304
17	25	tracking	-842.761937	68.973452	-265.777473	67.848	-23.940	0.0290
17	26	tracking	-842.706300	68.876838	-265.761012	67.848	-31.940	0.0351
17	27	tracking	-842.667676	68.751137	-265.741888	67.848	-39.940	0.0301
17	28	tracking	-842.640381	68.588754	-265.717172	42.848	-47.168	0.0254
17	29	tracking	-842.619593	68.391505	-265.684183	17.848	-47.168	0.0323
17	30	tracking	-842.599438	68.161867	-265.641775	-7.152	-47.168	0.0241
17	31	tracking	-842.573481	67.902688	-265.591263	-32.152	-47.168	0.0219
17	32	tracking	-842.548703	67.605541	-265.533110	-7.152	-55.168	0.0210
17	33	tracking	-842.531038	67.271931	-265.467593	17.848	-55.963	0.0234
17	34	landing	-842.521542	66.916273	-265.389828	17.848	-47.963	0.0192
17	35	landing	-842.519828	66.540952	-265.299586	17.848	-47.963	0.0160
17	36	landing	-842.525552	66.148337	-265.196658	17.848	-47.963	0.0159
17	37	landing	-842.538402	65.740728	-265.080882	17.848	-47.963	0.0315
18	0	tracking	-850.715197	68.934717	-257.098302	-139.104	-4.000	0.1217
18	1	tracking	-850.078540	68.890427	-257.680388	-164.104	-0.670	0.0911
18	2	tracking	-849.524962	68.848687	-258.284421	170.896	-8.670	0.0846
18	3	tracking	-849.066725	68.818822	-258.892532	153.407	-16.670	0.0784
18	4	tracking	-848.660341	68.804459	-259.502826	178.407	-24.670	0.0720
18	5	tracking	-848.273719	68.806898	-260.103271	-156.593	-32.670	0.0691
18	6	tracking	-847.909226	68.825523	-260.690912	-159.186	-40.670	0.0659
18	7	tracking	-847.547168	68.857686	-261.250751	-134.186	-46.375	0.0629
18	8	tracking	-847.199550	68.900099	-261.793573	-150.375	-42.740	0.0623
18	9	tracking	-846.864749	68.949047	-262.321319	-150.375	-34.740	0.0641
18	10	tracking	-846.540810	69.000787	-262.836614	-150.375	-26.740	0.0722
18	11	tracking	-846.225840	69.050352	-263.342064	-150.375	-18.740	0.0607
18	12	tracking	-845.904913	69.101035	-263.821024	-125.375	-26.740	0.0650
18	13	tracking	-845.574341	69.153222	-264.255948	-100.375	-34.740	0.0527
18	14	tracking	-845.240256	69.204191	-264.633146	-75.375	-42.740	0.0508
18	15	tracking	-844.914737	69.248424	-264.946170	-50.375	-50.740	0.0604
18	16	tracking	-844.598040	69.283716	-265.204055	-51.747	-42.740	0.0460
18	17	tracking	-844.301285	69.309079	-265.404906	-26.747	-34.740	0.0489
18	18	tracking	-844.023280	69.323187	-265.556886	-26.747	-26.740	0.0431
18	19	tracking	-843.763105	69.324957	-265.667551	-26.747	-25.689	0.0407
18	20	tracking	-843.530470	69.314554	-265.739315	-1.747	-17.689	0.0392
18	21	tracking	-843.333228	69.291291	-265.779901	23.253	-9.689	0.0382
18	22	tracking	-843.171501	69.255529	-265.798046	37.878	-7.940	0.0375
18	23	tracking	-843.039855	69.208050	-265.798203	37.878	-7.940	0.0343
18	24	tracking	-842.938292	69.148546	-265.790284	62.878	-15.940	0.0353
18	25	tracking	-842.861937	69.073452	-265.777473	67.848	-23.940	0.0329
18	26	tracking	-842.806300	68.976838	-265.761012	67.848	-31.940	0.0323
18	27	tracking	-842.767676	68.851137	-265.741888	67.848	-39.940	0.0388
18	28	tracking	-842.740381	68.688754	-265.717172	42.848	-47.168	0.0286
18	29	tracking	-842.719593	68.491505	-265.684183	17.848	-47.168	0.0276
18	30	tracking	-842.699438	68.261867	-265.641775	-7.152	-47.168	0.0259
18	31	tracking	-842.673481	68.002688	-265.591263	-32.152	-47.168	0.0246
18	32	tracking	-842.648703	67.705541	-265.533110	-7.152	-55.168	0.0233
18	33	tracking	-842.631038	67.371931	-265.467593	17.848	-55.963	0.0236
18	34	landing	-842.621542	67.016273	-265.389828	17.848	-47.963	0.0220
18	35	landing	-842.619828	66.640952	-265.299586	17.848	-47.963	0.0185
18	36	landing	-842.625552	66.248337	-265.196658	17.848	-47.963	0.0165
18	37	landing	-842.638402	65.840728	-265.080882	17.848	-47.963	0.0168
19	0	tracking	-850.615197	68.934717	-257.098302	-139.104	-4.000	0.1223
19	1	tracking	-849.978540	68.890427	-257.680388	-164.104	-0.670	0.1148
19	2	tracking	-849.424962	68.848687	-258.284421	170.896	-8.670	0.0850
19	3	tracking	-848.966725	68.818822	-258.892532	153.407	-16.670	0.0776
19	4	tracking	-848.560341	68.804459	-259.502826	178.407	-24.670	0.0690
19	5	tracking	-848.173719	68.806898	-260.103271	-156.593	-32.670	0.0653
19	6	tracking	-847.809226	68.825523	-260.690912	-159.186	-40.670	0.0641
19	7	tracking	-847.447168	68.857686	-261.250751	-134.186	-46.375	0.0600
19	8	tracking	-847.099550	68.900099	-261.793573	-150.375	-42.740	0.0674
19	9	tracking	-846.764749	68.949047	-262.321319	-150.375	-34.740	0.0611
19	10	tracking	-846.440810	69.000787	-262.836614	-150.375	-26.740	0.0543
19	11	tracking	-846.125840	69.050352	-263.342064	-150.375	-18.740	0.0542
19	12	tracking	-845.804913	69.101035	-263.821024	-125.375	-26.740	0.0507
19	13	tracking	-845.474341	69.153222	-264.255948	-100.375	-34.740	0.0520
19	14	tracking	-845.140256	69.204191	-264.633146	-75.375	-42.740	0.0441
19	15	tracking	-844.814737	69.248424	-264.946170	-50.375	-50.740	0.0419
19	16	tracking	-844.498040	69.283716	-265.204055	-51.747	-42.740	0.0578
19	17	tracking	-844.201285	69.309079	-265.404906	-26.747	-34.740	0.0459
19	18	tracking	-843.923280	69.323187	-265.556886	-26.747	-26.740	0.0396
19	19	tracking	-843.663105	69.324957	-265.667551	-26.747	-25.689	0.0361
19	20	tracking	-843.430470	69.314554	-265.739315	-1.747	-17.689	0.0349
19	21	tracking	-843.233228	69.291291	-265.779901	23.253	-9.689	0.0336
19	22	tracking	-843.071501	69.255529	-265.798046	37.878	-7.940	0.0382
19	23	tracking	-842.939855	69.208050	-265.798203	37.878	-7.940	0.0432
19	24	tracking	-842.838292	69.148546	-265.790284	62.878	-15.940	0.0319
19	25	tracking	-842.761937	69.073452	-265.777473	67.848	-23.940	0.0284
19	26	tracking	-842.706300	68.976838	-265.761012	67.848	-31.940	0.0266
19	27	tracking	-842.667676	68.851137	-265.741888	67.848	-39.940	0.0249
19	28	tracking	-842.640381	68.688754	-265.717172	42.848	-47.168	0.0234
19	29	tracking	-842.619593	68.491505	-265.684183	17.848	-47.168	0.0222
19	30	tracking	-842.599438	68.261867	-265.641775	-7.152	-47.168	0.0212
19	31	tracking	-842.573481	68.002688	-265.591263	-32.152	-47.168	0.0202
19	32	tracking	-842.548703	67.705541	-265.533110	-7.152	-55.168	0.0187
19	33	tracking	-842.531038	67.371931	-265.467593	17.848	-55.963	0.0170
19	34	landing	-842.521542	67.016273	-265.389828	17.848	-47.963	0.0178
19	35	landing	-842.519828	66.640952	-265.299586	17.848	-47.963	0.0144
19	36	landing	-842.525552	66.248337	-265.196658	17.848	-47.963	0.0138
19	37	landing	-842.538402	65.840728	-265.080882	17.848	-47.963	0.0139
20	0	tracking	-850.715197	68.834717	-256.998302	-139.104	-4.000	0.1164
20	1	tracking	-850.078540	68.790427	-257.580388	-164.104	-0.670	0.1245
20	2	tracking	-849.524962	68.748687	-258.184421	170.896	-8.670	0.0971
20	3	tracking	-849.066725	68.718822	-258.792532	153.407	-16.670	0.0801
20	4	tracking	-848.660341	68.704459	-259.402826	178.407	-24.670	0.0713
20	5	tracking	-848.273719	68.706898	-260.003271	-156.593	-32.670	0.0762
20	6	tracking	-847.909226	68.725523	-260.590912	-159.186	-40.670	0.0706
20	7	tracking	-847.547168	68.757686	-261.150751	-134.186	-46.375	0.0691
20	8	tracking	-847.199550	68.800099	-261.693573	-150.375	-42.740	0.0666
20	9	tracking	-846.864749	68.849047	-262.221319	-150.375	-34.740	0.0683
20	10	tracking	-846.540810	68.900787	-262.736614	-150.375	-26.740	0.0639
20	11	tracking	-846.225840	68.950352	-263.242064	-150.375	-18.740	0.0631
20	12	tracking	-845.904913	69.001035	-263.721024	-125.375	-26.740	0.0594
20	13	tracking	-845.574341	69.053222	-264.155948	-100.375	-34.740	0.0567
20	14	tracking	-845.240256	69.104191	-264.533146	-75.375	-42.740	0.0540
20	15	tracking	-844.914737	69.148424	-264.846170	-50.375	-50.740	0.0512
20	16	tracking	-844.598040	69.183716	-265.104055	-51.747	-42.740	0.0534
20	17	tracking	-844.301285	69.209079	-265.304906	-26.747	-34.740	0.0480
20	18	tracking	-844.023280	69.223187	-265.456886	-26.747	-26.740	0.0456
20	19	tracking	-843.763105	69.224957	-265.567551	-26.747	-25.689	0.1050
20	20	tracking	-843.530470	69.214554	-265.639315	-1.747	-17.689	0.0807
20	21	tracking	-843.333228	69.191291	-265.679901	23.253	-9.689	0.1192
20	22	tracking	-843.171501	69.155529	-265.698046	37.878	-7.940	0.0549
20	23	tracking	-843.039855	69.108050	-265.698203	37.878	-7.940	0.0391
20	24	tracking	-842.938292	69.048546	-265.690284	62.878	-15.940	0.0397
20	25	tracking	-842.861937	68.973452	-265.677473	67.848	-23.940	0.0335
20	26	tracking	-842.806300	68.876838	-265.661012	67.848	-31.940	0.0303
20	27	tracking	-842.767676	68.751137	-265.641888	67.848	-39.940	0.0292
20	28	tracking	-842.740381	68.588754	-265.617172	42.848	-47.168	0.0278
20	29	tracking	-842.719593	68.391505	-265.584183	17.848	-47.168	0.0368
20	30	tracking	-842.699438	68.161867	-265.541775	-7.152	-47.168	0.0311
20	31	tracking	-842.673481	67.902688	-265.491263	-32.152	-47.168	0.0243
20	32	tracking	-842.648703	67.605541	-265.433110	-7.152	-55.168	0.0246
20	33	tracking	-842.631038	67.271931	-265.367593	17.848	-55.963	0.0216
20	34	landing	-842.621542	66.916273	-265.289828	17.848	-47.963	0.0213
20	35	landing	-842.619828	66.540952	-265.199586	17.848	-47.963	0.0182
20	36	landing	-842.625552	66.148337	-265.096658	17.848	-47.963	0.0176
20	37	landing	-842.638402	65.740728	-264.980882	17.848	-47.963	0.0161
21	0	tracking	-850.615197	68.834717	-256.998302	-139.104	-4.000	0.1064
21	1	tracking	-849.978540	68.790427	-257.580388	-164.104	-0.670	0.0849
21	2	tracking	-849.424962	68.748687	-258.184421	170.896	-8.670	0.0803
21	3	tracking	-848.966725	68.718822	-258.792532	153.407	-16.670	0.1507
21	4	tracking	-848.560341	68.704459	-259.402826	178.407	-24.670	0.2148
21	5	tracking	-848.173719	68.706898	-260.003271	-156.593	-32.670	0.1296
21	6	tracking	-847.809226	68.725523	-260.590912	-159.186	-40.670	0.0694
21	7	tracking	-847.447168	68.757686	-261.150751	-134.186	-46.375	0.0609
21	8	tracking	-847.099550	68.800099	-261.693573	-150.375	-42.740	0.0580
21	9	tracking	-846.764749	68.849047	-262.221319	-150.375	-34.740	0.0652
21	10	tracking	-846.440810	68.900787	-262.736614	-150.375	-26.740	0.0556
21	11	tracking	-846.125840	68.950352	-263.242064	-150.375	-18.740	0.0688
21	12	tracking	-845.804913	69.001035	-263.721024	-125.375	-26.740	0.0537
21	13	tracking	-845.474341	69.053222	-264.155948	-100.375	-34.740	0.0512
21	14	tracking	-845.140256	69.104191	-264.533146	-75.375	-42.740	0.0486
21	15	tracking	-844.814737	69.148424	-264.846170	-50.375	-50.740	0.0505
21	16	tracking	-844.498040	69.183716	-265.104055	-51.747	-42.740	0.0459
21	17	tracking	-844.201285	69.209079	-265.304906	-26.747	-34.740	0.0441
21	18	tracking	-843.923280	69.223187	-265.456886	-26.747	-26.740	0.0425
21	19	tracking	-843.663105	69.224957	-265.567551	-26.747	-25.689	0.0409
21	20	tracking	-843.430470	69.214554	-265.639315	-1.747	-17.689	0.0383
21	21	tracking	-843.233228	69.191291	-265.679901	23.253	-9.689	0.0417
21	22	tracking	-843.071501	69.155529	-265.698046	37.878	-7.940	0.0340
21	23	tracking	-842.939855	69.108050	-265.698203	37.878	-7.940	0.0323
21	24	tracking	-842.838292	69.048546	-265.690284	62.878	-15.940	0.0303
21	25	tracking	-842.761937	68.973452	-265.677473	67.848	-23.940	0.0286
21	26	tracking	-842.706300	68.876838	-265.661012	67.848	-31.940	0.0271
21	27	tracking	-842.667676	68.751137	-265.641888	67.848	-39.940	0.0262
21	28	tracking	-842.640381	68.588754	-265.617172	42.848	-47.168	0.0263
21	29	tracking	-842.619593	68.391505	-265.584183	17.848	-47.168	0.0247
21	30	tracking	-842.599438	68.161867	-265.541775	-7.152	-47.168	0.0221
21	31	tracking	-842.573481	67.902688	-265.491263	-32.152	-47.168	0.0212
21	32	tracking	-842.548703	67.605541	-265.433110	-7.152	-55.168	0.0230
21	33	tracking	-842.531038	67.271931	-265.367593	17.848	-55.963	0.0203
21	34	landing	-842.521542	66.916273	-265.289828	17.848	-47.963	0.0183
21	35	landing	-842.519828	66.540952	-265.199586	17.848	-47.963	0.0162
21	36	landing	-842.525552	66.148337	-265.096658	17.848	-47.963	0.0154
21	37	landing	-842.538402	65.740728	-264.980882	17.848	-47.963	0.0161
22	0	tracking	-850.715197	68.934717	-256.998302	-139.104	-4.000	0.1245
22	1	tracking	-850.078540	68.890427	-257.580388	-164.104	-0.670	0.0889
22	2	tracking	-849.524962	68.848687	-258.184421	170.896	-8.670	0.0837
22	3	tracking	-849.066725	68.818822	-258.792532	153.407	-16.670	0.0760
22	4	tracking	-848.660341	68.804459	-259.402826	178.407	-24.670	0.0732
22	5	tracking	-848.273719	68.806898	-260.003271	-156.593	-32.670	0.0677
22	6	tracking	-847.909226	68.825523	-260.590912	-159.186	-40.670	0.0668
22	7	tracking	-847.547168	68.857686	-261.150751	-134.186	-46.375	0.0670
22	8	tracking	-847.199550	68.900099	-261.693573	-150.375	-42.740	0.0624
22	9	tracking	-846.864749	68.949047	-262.221319	-150.375	-34.740	0.0630
22	10	tracking	-846.540810	69.000787	-262.736614	-150.375	-26.740	0.0596
22	11	tracking	-846.225840	69.050352	-263.242064	-150.375	-18.740	0.0585
22	12	tracking	-845.904913	69.101035	-263.721024	-125.375	-26.740	0.0543
22	13	tracking	-845.574341	69.153222	-264.155948	-100.375	-34.740	0.0513
22	14	tracking	-845.240256	69.204191	-264.533146	-75.375	-42.740	0.0496
22	15	tracking	-844.914737	69.248424	-264.846170	-50.375	-50.740	0.0475
22	16	tracking	-844.598040	69.283716	-265.104055	-51.747	-42.740	0.0459
22	17	tracking	-844.301285	69.309079	-265.304906	-26.747	-34.740	0.0441
22	18	tracking	-844.023280	69.323187	-265.456886	-26.747	-26.740	0.0422
22	19	tracking	-843.763105	69.324957	-265.567551	-26.747	-25.689	0.0432
22	20	tracking	-843.530470	69.314554	-265.639315	-1.747	-17.689	0.0480
22	21	tracking	-843.333228	69.291291	-265.679901	23.253	-9.689	0.0450
22	22	tracking	-843.171501	69.255529	-265.698046	37.878	-7.940	0.0442
22	23	tracking	-843.039855	69.208050	-265.698203	37.878	-7.940	0.0413
22	24	tracking	-842.938292	69.148546	-265.690284	62.878	-15.940	0.0354
22	25	tracking	-842.861937	69.073452	-265.677473	67.848	-23.940	0.0429
22	26	tracking	-842.806300	68.976838	-265.661012	67.848	-31.940	0.0334
22	27	tracking	-842.767676	68.851137	-265.641888	67.848	-39.940	0.0306
22	28	tracking	-842.740381	68.688754	-265.617172	42.848	-47.168	0.0328
22	29	tracking	-842.719593	68.491505	-265.584183	17.848	-47.168	0.0266
22	30	tracking	-842.699438	68.261867	-265.541775	-7.152	-47.168	0.0258
22	31	tracking	-842.673481	68.002688	-265.491263	-32.152	-47.168	0.0246
22	32	tracking	-842.648703	67.705541	-265.433110	-7.152	-55.168	0.0262
22	33	tracking	-842.631038	67.371931	-265.367593	17.848	-55.963	0.0225
22	34	landing	-842.621542	67.016273	-265.289828	17.848	-47.963	0.0211
22	35	landing	-842.619828	66.640952	-265.199586	17.848	-47.963	0.0181
22	36	landing	-842.625552	66.248337	-265.096658	17.848	-47.963	0.0171
22	37	landing	-842.638402	65.840728	-264.980882	17.848	-47.963	0.0164
23	0	tracking	-850.615197	68.934717	-256.998302	-139.104	-4.000	0.1203
23	1	tracking	-849.978540	68.890427	-257.580388	-164.104	-0.670	0.0935
23	2	tracking	-849.424962	68.848687	-258.184421	170.896	-8.670	0.0877
23	3	tracking	-848.966725	68.818822	-258.792532	153.407	-16.670	0.0786
23	4	tracking	-848.560341	68.804459	-259.402826	178.407	-24.670	0.0719
23	5	tracking	-848.173719	68.806898	-260.003271	-156.593	-32.670	0.0676
23	6	tracking	-847.809226	68.825523	-260.590912	-159.186	-40.670	0.0678
23	7	tracking	-847.447168	68.857686	-261.150751	-134.186	-46.375	0.0636
23	8	tracking	-847.099550	68.900099	-261.693573	-150.375	-42.740	0.0617
23	9	tracking	-846.764749	68.949047	-262.221319	-150.375	-34.740	0.0623
23	10	tracking	-846.440810	69.000787	-262.736614	-150.375	-26.740	0.0580
23	11	tracking	-846.125840	69.050352	-263.242064	-150.375	-18.740	0.0720
23	12	tracking	-845.804913	69.101035	-263.721024	-125.375	-26.740	0.0702
23	13	tracking	-845.474341	69.153222	-264.155948	-100.375	-34.740	0.0625
23	14	tracking	-845.140256	69.204191	-264.533146	-75.375	-42.740	0.0683
23	15	tracking	-844.814737	69.248424	-264.846170	-50.375	-50.740	0.0590
23	16	tracking	-844.498040	69.283716	-265.104055	-51.747	-42.740	0.0566
23	17	tracking	-844.201285	69.309079	-265.304906	-26.747	-34.740	0.1974
23	18	tracking	-843.923280	69.323187	-265.456886	-26.747	-26.740	0.1357
23	19	tracking	-843.663105	69.324957	-265.567551	-26.747	-25.689	0.1064
23	20	tracking	-843.430470	69.314554	-265.639315	-1.747	-17.689	0.1160
23	21	tracking	-843.233228	69.291291	-265.679901	23.253	-9.689	0.0888
23	22	tracking	-843.071501	69.255529	-265.698046	37.878	-7.940	0.1047
23	23	tracking	-842.939855	69.208050	-265.698203	37.878	-7.940	0.0972
23	24	tracking	-842.838292	69.148546	-265.690284	62.878	-15.940	0.0843
23	25	tracking	-842.761937	69.073452	-265.677473	67.848	-23.940	0.0913
23	26	tracking	-842.706300	68.976838	-265.661012	67.848	-31.940	0.0692
23	27	tracking	-842.667676	68.851137	-265.641888	67.848	-39.940	0.0782
23	28	tracking	-842.640381	68.688754	-265.617172	42.848	-47.168	0.0548
23	29	tracking	-842.619593	68.491505	-265.584183	17.848	-47.168	0.0539
23	30	tracking	-842.599438	68.261867	-265.541775	-7.152	-47.168	0.0662
23	31	tracking	-842.573481	68.002688	-265.491263	-32.152	-47.168	0.1297
23	32	tracking	-842.548703	67.705541	-265.433110	-7.152	-55.168	0.0474
23	33	tracking	-842.531038	67.371931	-265.367593	17.848	-55.963	0.0221
23	34	landing	-842.521542	67.016273	-265.289828	17.848	-47.963	0.0198
23	35	landing	-842.519828	66.640952	-265.199586	17.848	-47.963	0.0180
23	36	landing	-842.525552	66.248337	-265.096658	17.848	-47.963	0.0242
23	37	landing	-842.538402	65.840728	-264.980882	17.848	-47.963	0.0168
24	0	tracking	-850.677539	68.834996	-257.100632	-139.104	-4.000	0.1616
24	1	tracking	-850.006497	68.790998	-257.687711	-164.104	-0.670	0.1041
24	2	tracking	-849.422708	68.750064	-258.298846	170.896	-8.670	0.0887
24	3	tracking	-848.938550	68.721846	-258.915275	153.407	-16.670	0.0954
24	4	tracking	-848.509119	68.710136	-259.534743	178.407	-24.670	0.0889
24	5	tracking	-848.101378	68.716382	-260.144713	-156.593	-32.670	0.0775
24	6	tracking	-847.717611	68.740121	-260.742043	-159.186	-40.670	0.0735
24	7	tracking	-847.337565	68.778736	-261.311306	-134.186	-46.375	0.0683
24	8	tracking	-846.973417	68.828642	-261.863409	-150.375	-42.740	0.0659
24	9	tracking	-846.623234	68.886134	-262.400574	-150.375	-34.740	0.0633
24	10	tracking	-846.284924	68.947162	-262.925433	-150.375	-26.740	0.0624
24	11	tracking	-845.956465	69.006467	-263.440605	-150.375	-18.740	0.0633
24	12	tracking	-845.622478	69.067565	-263.928969	-125.375	-26.740	0.0884
24	13	tracking	-845.279099	69.131040	-264.372486	-100.375	-34.740	0.0589
24	14	tracking	-844.932546	69.194313	-264.757064	-75.375	-42.740	0.0532
24	15	tracking	-844.595295	69.251751	-265.076148	-50.375	-50.740	0.0555
24	16	tracking	-844.267529	69.300881	-265.338947	-51.747	-42.740	0.0475
24	17	tracking	-843.960611	69.340366	-265.543580	-26.747	-34.740	0.0447
24	18	tracking	-843.673374	69.368376	-265.698578	-26.747	-26.740	0.0446
24	19	tracking	-843.405066	69.383185	-265.812118	-26.747	-25.689	0.0423
24	20	tracking	-843.165195	69.384728	-265.886739	-1.747	-17.689	0.0406
24	21	tracking	-842.961382	69.372198	-265.930158	23.253	-9.689	0.0394
24	22	tracking	-842.793628	69.346044	-265.951047	37.878	-7.940	0.0383
24	23	tracking	-842.656462	69.307167	-265.953843	37.878	-7.940	0.0362
24	24	tracking	-842.549790	69.255505	-265.948374	62.878	-15.940	0.0355
24	25	tracking	-842.468729	69.187705	-265.937807	67.848	-23.940	0.0335
24	26	tracking	-842.408787	69.098012	-265.923391	67.848	-31.940	0.0334
24	27	tracking	-842.366247	68.978987	-265.906123	67.848	-39.940	0.0305
24	28	tracking	-842.335415	68.823102	-265.883112	42.848	-47.168	0.0289
24	29	tracking	-842.311431	68.632079	-265.851781	17.848	-47.168	0.0282
24	30	tracking	-842.288456	68.408303	-265.811072	-7.152	-47.168	0.0284
24	31	tracking	-842.260122	68.154584	-265.762291	-32.152	-47.168	0.0246
24	32	tracking	-842.233251	67.862574	-265.705864	-7.152	-55.168	0.0236
24	33	tracking	-842.213661	67.533768	-265.642069	17.848	-55.963	0.0233
24	34	tracking	-842.200964	67.170471	-265.570452	17.848	-55.963	0.0210
24	35	landing	-842.196366	66.787477	-265.485786	17.848	-47.963	0.0204
24	36	landing	-842.199494	66.387170	-265.387910	17.848	-47.963	0.0172
24	37	landing	-842.210010	65.971881	-265.276700	17.848	-47.963	0.0163
25	0	tracking	-850.577539	68.834996	-257.100632	-139.104	-4.000	0.1398
25	1	tracking	-849.906497	68.790998	-257.687711	-164.104	-0.670	0.1065
25	2	tracking	-849.322708	68.750064	-258.298846	170.896	-8.670	0.0922
25	3	tracking	-848.838550	68.721846	-258.915275	153.407	-16.670	0.0858
25	4	tracking	-848.409119	68.710136	-259.534743	178.407	-24.670	0.0824
25	5	tracking	-848.001378	68.716382	-260.144713	-156.593	-32.670	0.0763
25	6	tracking	-847.617611	68.740121	-260.742043	-159.186	-40.670	0.0707
25	7	tracking	-847.237565	68.778736	-261.311306	-134.186	-46.375	0.0672
25	8	tracking	-846.873417	68.828642	-261.863409	-150.375	-42.740	0.0672
25	9	tracking	-846.523234	68.886134	-262.400574	-150.375	-34.740	0.0657
25	10	tracking	-846.184924	68.947162	-262.925433	-150.375	-26.740	0.0682
25	11	tracking	-845.856465	69.006467	-263.440605	-150.375	-18.740	0.0695
25	12	tracking	-845.522478	69.067565	-263.928969	-125.375	-26.740	0.0633
25	13	tracking	-845.179099	69.131040	-264.372486	-100.375	-34.740	0.0600
25	14	tracking	-844.832546	69.194313	-264.757064	-75.375	-42.740	0.0606
25	15	tracking	-844.495295	69.251751	-265.076148	-50.375	-50.740	0.1204
25	16	tracking	-844.167529	69.300881	-265.338947	-51.747	-42.740	0.0666
25	17	tracking	-843.860611	69.340366	-265.543580	-26.747	-34.740	0.0488
25	18	tracking	-843.573374	69.368376	-265.698578	-26.747	-26.740	0.0882
25	19	tracking	-843.305066	69.383185	-265.812118	-26.747	-25.689	0.0455
25	20	tracking	-843.065195	69.384728	-265.886739	-1.747	-17.689	0.0522
25	21	tracking	-842.861382	69.372198	-265.930158	23.253	-9.689	0.0480
25	22	tracking	-842.693628	69.346044	-265.951047	37.878	-7.940	0.0421
25	23	tracking	-842.556462	69.307167	-265.953843	37.878	-7.940	0.0403
25	24	tracking	-842.449790	69.255505	-265.948374	62.878	-15.940	0.0391
25	25	tracking	-842.368729	69.187705	-265.937807	67.848	-23.940	0.0381
25	26	tracking	-842.308787	69.098012	-265.923391	67.848	-31.940	0.0382
25	27	tracking	-842.266247	68.978987	-265.906123	67.848	-39.940	0.0331
25	28	tracking	-842.235415	68.823102	-265.883112	42.848	-47.168	0.0336
25	29	tracking	-842.211431	68.632079	-265.851781	17.848	-47.168	0.0321
25	30	tracking	-842.188456	68.408303	-265.811072	-7.152	-47.168	0.0339
25	31	tracking	-842.160122	68.154584	-265.762291	-32.152	-47.168	0.0294
25	32	tracking	-842.133251	67.862574	-265.705864	-7.152	-55.168	0.0289
25	33	tracking	-842.113661	67.533768	-265.642069	17.848	-55.963	0.0264
25	34	tracking	-842.100964	67.170471	-265.570452	17.848	-55.963	0.0216
25	35	landing	-842.096366	66.787477	-265.485786	17.848	-47.963	0.0213
25	36	landing	-842.099494	66.387170	-265.387910	17.848	-47.963	0.0175
25	37	landing	-842.110010	65.971881	-265.276700	17.848	-47.963	0.0173
26	0	tracking	-850.677539	68.934996	-257.100632	-139.104	-4.000	0.1675
26	1	tracking	-850.006497	68.890998	-257.687711	-164.104	-0.670	0.0979
26	2	tracking	-849.422708	68.850064	-258.298846	170.896	-8.670	0.1083
26	3	tracking	-848.938550	68.821846	-258.915275	153.407	-16.670	0.1680
26	4	tracking	-848.509119	68.810136	-259.534743	178.407	-24.670	0.1275
26	5	tracking	-848.101378	68.816382	-260.144713	-156.593	-32.670	0.0787
26	6	tracking	-847.717611	68.840121	-260.742043	-159.186	-40.670	0.0712
26	7	tracking	-847.337565	68.878736	-261.311306	-134.186	-46.375	0.0673
26	8	tracking	-846.973417	68.928642	-261.863409	-150.375	-42.740	0.0644
26	9	tracking	-846.623234	68.986134	-262.400574	-150.375	-34.740	0.0620
26	10	tracking	-846.284924	69.047162	-262.925433	-150.375	-26.740	0.0600
26	11	tracking	-845.956465	69.106467	-263.440605	-150.375	-18.740	0.0624
26	12	tracking	-845.622478	69.167565	-263.928969	-125.375	-26.740	0.0707
26	13	tracking	-845.279099	69.231040	-264.372486	-100.375	-34.740	0.0723
26	14	tracking	-844.932546	69.294313	-264.757064	-75.375	-42.740	0.0518
26	15	tracking	-844.595295	69.351751	-265.076148	-50.375	-50.740	0.0485
26	16	tracking	-844.267529	69.400881	-265.338947	-51.747	-42.740	0.0483
26	17	tracking	-843.960611	69.440366	-265.543580	-26.747	-34.740	0.0459
26	18	tracking	-843.673374	69.468376	-265.698578	-26.747	-26.740	0.0444
26	19	tracking	-843.405066	69.483185	-265.812118	-26.747	-25.689	0.0423
26	20	tracking	-843.165195	69.484728	-265.886739	-1.747	-17.689	0.0408
26	21	tracking	-842.961382	69.472198	-265.930158	23.253	-9.689	0.0541
26	22	tracking	-842.793628	69.446044	-265.951047	37.878	-7.940	0.0402
26	23	tracking	-842.656462	69.407167	-265.953843	37.878	-7.940	0.0377
26	24	tracking	-842.549790	69.355505	-265.948374	62.878	-15.940	0.0361
26	25	tracking	-842.468729	69.287705	-265.937807	67.848	-23.940	0.0369
26	26	tracking	-842.408787	69.198012	-265.923391	67.848	-31.940	0.0338
26	27	tracking	-842.366247	69.078987	-265.906123	67.848	-39.940	0.0326
26	28	tracking	-842.335415	68.923102	-265.883112	42.848	-47.168	0.0303
26	29	tracking	-842.311431	68.732079	-265.851781	17.848	-47.168	0.0283
26	30	tracking	-842.288456	68.508303	-265.811072	-7.152	-47.168	0.0265
26	31	tracking	-842.260122	68.254584	-265.762291	-32.152	-47.168	0.0262
26	32	tracking	-842.233251	67.962574	-265.705864	-7.152	-55.168	0.0264
26	33	tracking	-842.213661	67.633768	-265.642069	17.848	-55.963	0.0237
26	34	tracking	-842.200964	67.270471	-265.570452	17.848	-55.963	0.0208
26	35	landing	-842.196366	66.887477	-265.485786	17.848	-47.963	0.0216
26	36	landing	-842.199494	66.487170	-265.387910	17.848	-47.963	0.0177
26	37	landing	-842.210010	66.071881	-265.276700	17.848	-47.963	0.0171
26	38	landing	-842.227598	65.643850	-265.152089	17.848	-47.963	0.0356
27	0	tracking	-850.577539	68.934996	-257.100632	-139.104	-4.000	0.1407
27	1	tracking	-849.906497	68.890998	-257.687711	-164.104	-0.670	0.0996
27	2	tracking	-849.322708	68.850064	-258.298846	170.896	-8.670	0.1110
27	3	tracking	-848.838550	68.821846	-258.915275	153.407	-16.670	0.1135
27	4	tracking	-848.409119	68.810136	-259.534743	178.407	-24.670	0.1222
27	5	tracking	-848.001378	68.816382	-260.144713	-156.593	-32.670	0.0859
27	6	tracking	-847.617611	68.840121	-260.742043	-159.186	-40.670	0.1317
27	7	tracking	-847.237565	68.878736	-261.311306	-134.186	-46.375	0.0684
27	8	tracking	-846.873417	68.928642	-261.863409	-150.375	-42.740	0.0696
27	9	tracking	-846.523234	68.986134	-262.400574	-150.375	-34.740	0.0731
27	10	tracking	-846.184924	69.047162	-262.925433	-150.375	-26.740	0.0695
27	11	tracking	-845.856465	69.106467	-263.440605	-150.375	-18.740	0.0932
27	12	tracking	-845.522478	69.167565	-263.928969	-125.375	-26.740	0.0725
27	13	tracking	-845.179099	69.231040	-264.372486	-100.375	-34.740	0.0764
27	14	tracking	-844.832546	69.294313	-264.757064	-75.375	-42.740	0.0618
27	15	tracking	-844.495295	69.351751	-265.076148	-50.375	-50.740	0.0575
27	16	tracking	-844.167529	69.400881	-265.338947	-51.747	-42.740	0.0581
27	17	tracking	-843.860611	69.440366	-265.543580	-26.747	-34.740	0.0658
27	18	tracking	-843.573374	69.468376	-265.698578	-26.747	-26.740	0.0956
27	19	tracking	-843.305066	69.483185	-265.812118	-26.747	-25.689	0.0927
27	20	tracking	-843.065195	69.484728	-265.886739	-1.747	-17.689	0.0883
27	21	tracking	-842.861382	69.472198	-265.930158	23.253	-9.689	0.0472
27	22	tracking	-842.693628	69.446044	-265.951047	37.878	-7.940	0.0468
27	23	tracking	-842.556462	69.407167	-265.953843	37.878	-7.940	0.0388
27	24	tracking	-842.449790	69.355505	-265.948374	62.878	-15.940	0.0381
27	25	tracking	-842.368729	69.287705	-265.937807	67.848	-23.940	0.0363
27	26	tracking	-842.308787	69.198012	-265.923391	67.848	-31.940	0.0369
27	27	tracking	-842.266247	69.078987	-265.906123	67.848	-39.940	0.0439
27	28	tracking	-842.235415	68.923102	-265.883112	42.848	-47.168	0.0298
27	29	tracking	-842.211431	68.732079	-265.851781	17.848	-47.168	0.0280
27	30	tracking	-842.188456	68.508303	-265.811072	-7.152	-47.168	0.1238
27	31	tracking	-842.160122	68.254584	-265.762291	-32.152	-47.168	0.0276
27	32	tracking	-842.133251	67.962574	-265.705864	-7.152	-55.168	0.0245
27	33	tracking	-842.113661	67.633768	-265.642069	17.848	-55.963	0.0265
27	34	tracking	-842.100964	67.270471	-265.570452	17.848	-55.963	0.0206
27	35	landing	-842.096366	66.887477	-265.485786	17.848	-47.963	0.0195
27	36	landing	-842.099494	66.487170	-265.387910	17.848	-47.963	0.0171
27	37	landing	-842.110010	66.071881	-265.276700	17.848	-47.963	0.0165
27	38	landing	-842.127598	65.643850	-265.152089	17.848	-47.963	0.0147
28	0	tracking	-850.677539	68.834996	-257.000632	-139.104	-4.000	0.1272
28	1	tracking	-850.006497	68.790998	-257.587711	-164.104	-0.670	0.0980
28	2	tracking	-849.422708	68.750064	-258.198846	170.896	-8.670	0.0843
28	3	tracking	-848.938550	68.721846	-258.815275	153.407	-16.670	0.1362
28	4	tracking	-848.509119	68.710136	-259.434743	178.407	-24.670	0.0768
28	5	tracking	-848.101378	68.716382	-260.044713	-156.593	-32.670	0.0724
28	6	tracking	-847.717611	68.740121	-260.642043	-159.186	-40.670	0.0736
28	7	tracking	-847.337565	68.778736	-261.211306	-134.186	-46.375	0.0651
28	8	tracking	-846.973417	68.828642	-261.763409	-150.375	-42.740	0.0616
28	9	tracking	-846.623234	68.886134	-262.300574	-150.375	-34.740	0.0592
28	10	tracking	-846.284924	68.947162	-262.825433	-150.375	-26.740	0.0562
28	11	tracking	-845.956465	69.006467	-263.340605	-150.375	-18.740	0.0590
28	12	tracking	-845.622478	69.067565	-263.828969	-125.375	-26.740	0.0547
28	13	tracking	-845.279099	69.131040	-264.272486	-100.375	-34.740	0.0513
28	14	tracking	-844.932546	69.194313	-264.657064	-75.375	-42.740	0.0497
28	15	tracking	-844.595295	69.251751	-264.976148	-50.375	-50.740	0.0459
28	16	tracking	-844.267529	69.300881	-265.238947	-51.747	-42.740	0.0438
28	17	tracking	-843.960611	69.340366	-265.443580	-26.747	-34.740	0.0419
28	18	tracking	-843.673374	69.368376	-265.598578	-26.747	-26.740	0.0407
28	19	tracking	-843.405066	69.383185	-265.712118	-26.747	-25.689	0.0408
28	20	tracking	-843.165195	69.384728	-265.786739	-1.747	-17.689	0.0372
28	21	tracking	-842.961382	69.372198	-265.830158	23.253	-9.689	0.0356
28	22	tracking	-842.793628	69.346044	-265.851047	37.878	-7.940	0.0358
28	23	tracking	-842.656462	69.307167	-265.853843	37.878	-7.940	0.0331
28	24	tracking	-842.549790	69.255505	-265.848374	62.878	-15.940	0.0415
28	25	tracking	-842.468729	69.187705	-265.837807	67.848	-23.940	0.0400
28	26	tracking	-842.408787	69.098012	-265.823391	67.848	-31.940	0.0437
28	27	tracking	-842.366247	68.978987	-265.806123	67.848	-39.940	0.0369
28	28	tracking	-842.335415	68.823102	-265.783112	42.848	-47.168	0.0359
28	29	tracking	-842.311431	68.632079	-265.751781	17.848	-47.168	0.0274
28	30	tracking	-842.288456	68.408303	-265.711072	-7.152	-47.168	0.0325
28	31	tracking	-842.260122	68.154584	-265.662291	-32.152	-47.168	0.0240
28	32	tracking	-842.233251	67.862574	-265.605864	-7.152	-55.168	0.0227
28	33	tracking	-842.213661	67.533768	-265.542069	17.848	-55.963	0.0279
28	34	tracking	-842.200964	67.170471	-265.470452	17.848	-55.963	0.0202
28	35	landing	-842.196366	66.787477	-265.385786	17.848	-47.963	0.0261
28	36	landing	-842.199494	66.387170	-265.287910	17.848	-47.963	0.0164
28	37	landing	-842.210010	65.971881	-265.176700	17.848	-47.963	0.0159
29	0	tracking	-850.577539	68.834996	-257.000632	-139.104	-4.000	0.1795
29	1	tracking	-849.906497	68.790998	-257.587711	-164.104	-0.670	0.1166
29	2	tracking	-849.322708	68.750064	-258.198846	170.896	-8.670	0.1104
29	3	tracking	-848.838550	68.721846	-258.815275	153.407	-16.670	0.0924
29	4	tracking	-848.409119	68.710136	-259.434743	178.407	-24.670	0.0887
29	5	tracking	-848.001378	68.716382	-260.044713	-156.593	-32.670	0.0859
29	6	tracking	-847.617611	68.740121	-260.642043	-159.186	-40.670	0.1740
29	7	tracking	-847.237565	68.778736	-261.211306	-134.186	-46.375	0.0786
29	8	tracking	-846.873417	68.828642	-261.763409	-150.375	-42.740	0.0834
29	9	tracking	-846.523234	68.886134	-262.300574	-150.375	-34.740	0.0763
29	10	tracking	-846.184924	68.947162	-262.825433	-150.375	-26.740	0.1212
29	11	tracking	-845.856465	69.006467	-263.340605	-150.375	-18.740	0.0913
29	12	tracking	-845.522478	69.067565	-263.828969	-125.375	-26.740	0.1077
29	13	tracking	-845.179099	69.131040	-264.272486	-100.375	-34.740	0.0643
29	14	tracking	-844.832546	69.194313	-264.657064	-75.375	-42.740	0.0625
29	15	tracking	-844.495295	69.251751	-264.976148	-50.375	-50.740	0.0565
29	16	tracking	-844.167529	69.300881	-265.238947	-51.747	-42.740	0.1567
29	17	tracking	-843.860611	69.340366	-265.443580	-26.747	-34.740	0.0612
29	18	tracking	-843.573374	69.368376	-265.598578	-26.747	-26.740	0.0462
29	19	tracking	-843.305066	69.383185	-265.712118	-26.747	-25.689	0.0521
29	20	tracking	-843.065195	69.384728	-265.786739	-1.747	-17.689	0.0476
29	21	tracking	-842.861382	69.372198	-265.830158	23.253	-9.689	0.0384
29	22	tracking	-842.693628	69.346044	-265.851047	37.878	-7.940	0.0442
29	23	tracking	-842.556462	69.307167	-265.853843	37.878	-7.940	0.0464
29	24	tracking	-842.449790	69.255505	-265.848374	62.878	-15.940	0.0662
29	25	tracking	-842.368729	69.187705	-265.837807	67.848	-23.940	0.0406
29	26	tracking	-842.308787	69.098012	-265.823391	67.848	-31.940	0.0319
29	27	tracking	-842.266247	68.978987	-265.806123	67.848	-39.940	0.0358
29	28	tracking	-842.235415	68.823102	-265.783112	42.848	-47.168	0.0274
29	29	tracking	-842.211431	68.632079	-265.751781	17.848	-47.168	0.0395
29	30	tracking	-842.188456	68.408303	-265.711072	-7.152	-47.168	0.0315
29	31	tracking	-842.160122	68.154584	-265.662291	-32.152	-47.168	0.0317
29	32	tracking	-842.133251	67.862574	-265.605864	-7.152	-55.168	0.0233
29	33	tracking	-842.113661	67.533768	-265.542069	17.848	-55.963	0.0286
29	34	tracking	-842.100964	67.170471	-265.470452	17.848	-55.963	0.0202
29	35	landing	-842.096366	66.787477	-265.385786	17.848	-47.963	0.0183
29	36	landing	-842.099494	66.387170	-265.287910	17.848	-47.963	0.0236
29	37	landing	-842.110010	65.971881	-265.176700	17.848	-47.963	0.0167
30	0	tracking	-850.677539	68.934996	-257.000632	-139.104	-4.000	0.1355
30	1	tracking	-850.006497	68.890998	-257.587711	-164.104	-0.670	0.1114
30	2	tracking	-849.422708	68.850064	-258.198846	170.896	-8.670	0.1081
30	3	tracking	-848.938550	68.821846	-258.815275	153.407	-16.670	0.0909
30	4	tracking	-848.509119	68.810136	-259.434743	178.407	-24.670	0.0868
30	5	tracking	-848.101378	68.816382	-260.044713	-156.593	-32.670	0.1126
30	6	tracking	-847.717611	68.840121	-260.642043	-159.186	-40.670	0.0805
30	7	tracking	-847.337565	68.878736	-261.211306	-134.186	-46.375	0.0783
30	8	tracking	-846.973417	68.928642	-261.763409	-150.375	-42.740	0.0740
30	9	tracking	-846.623234	68.986134	-262.300574	-150.375	-34.740	0.0716
30	10	tracking	-846.284924	69.047162	-262.825433	-150.375	-26.740	0.0810
30	11	tracking	-845.956465	69.106467	-263.340605	-150.375	-18.740	0.0750
30	12	tracking	-845.622478	69.167565	-263.828969	-125.375	-26.740	0.0709
30	13	tracking	-845.279099	69.231040	-264.272486	-100.375	-34.740	0.0670
30	14	tracking	-844.932546	69.294313	-264.657064	-75.375	-42.740	0.0633
30	15	tracking	-844.595295	69.351751	-264.976148	-50.375	-50.740	0.0598
30	16	tracking	-844.267529	69.400881	-265.238947	-51.747	-42.740	0.0582
30	17	tracking	-843.960611	69.440366	-265.443580	-26.747	-34.740	0.0576
30	18	tracking	-843.673374	69.468376	-265.598578	-26.747	-26.740	0.0479
30	19	tracking	-843.405066	69.483185	-265.712118	-26.747	-25.689	0.0533
30	20	tracking	-843.165195	69.484728	-265.786739	-1.747	-17.689	0.0540
30	21	tracking	-842.961382	69.472198	-265.830158	23.253	-9.689	0.0518
30	22	tracking	-842.793628	69.446044	-265.851047	37.878	-7.940	0.0607
30	23	tracking	-842.656462	69.407167	-265.853843	37.878	-7.940	0.0536
30	24	tracking	-842.549790	69.355505	-265.848374	62.878	-15.940	0.0448
30	25	tracking	-842.468729	69.287705	-265.837807	67.848	-23.940	0.0352
30	26	tracking	-842.408787	69.198012	-265.823391	67.848	-31.940	0.0436
30	27	tracking	-842.366247	69.078987	-265.806123	67.848	-39.940	0.0400
30	28	tracking	-842.335415	68.923102	-265.783112	42.848	-47.168	0.0478
30	29	tracking	-842.311431	68.732079	-265.751781	17.848	-47.168	0.0296
30	30	tracking	-842.288456	68.508303	-265.711072	-7.152	-47.168	0.0517
30	31	tracking	-842.260122	68.254584	-265.662291	-32.152	-47.168	0.0320
30	32	tracking	-842.233251	67.962574	-265.605864	-7.152	-55.168	0.0330
30	33	tracking	-842.213661	67.633768	-265.542069	17.848	-55.963	0.0292
30	34	tracking	-842.200964	67.270471	-265.470452	17.848	-55.963	0.0324
30	35	landing	-842.196366	66.887477	-265.385786	17.848	-47.963	0.0202
30	36	landing	-842.199494	66.487170	-265.287910	17.848	-47.963	0.0181
30	37	landing	-842.210010	66.071881	-265.176700	17.848	-47.963	0.0244
30	38	landing	-842.227598	65.643850	-265.052089	17.848	-47.963	0.0143
31	0	tracking	-850.577539	68.934996	-257.000632	-139.104	-4.000	0.1441
31	1	tracking	-849.906497	68.890998	-257.587711	-164.104	-0.670	0.1101
31	2	tracking	-849.322708	68.850064	-258.198846	170.896	-8.670	0.1007
31	3	tracking	-848.838550	68.821846	-258.815275	153.407	-16.670	0.1018
31	4	tracking	-848.409119	68.810136	-259.434743	178.407	-24.670	0.0944
31	5	tracking	-848.001378	68.816382	-260.044713	-156.593	-32.670	0.0866
31	6	tracking	-847.617611	68.840121	-260.642043	-159.186	-40.670	0.0789
31	7	tracking	-847.237565	68.878736	-261.211306	-134.186	-46.375	0.1857
31	8	tracking	-846.873417	68.928642	-261.763409	-150.375	-42.740	0.1680
31	9	tracking	-846.523234	68.986134	-262.300574	-150.375	-34.740	0.1317
31	10	tracking	-846.184924	69.047162	-262.825433	-150.375	-26.740	0.1232
31	11	tracking	-845.856465	69.106467	-263.340605	-150.375	-18.740	0.1408
31	12	tracking	-845.522478	69.167565	-263.828969	-125.375	-26.740	0.1267
31	13	tracking	-845.179099	69.231040	-264.272486	-100.375	-34.740	0.1157
31	14	tracking	-844.832546	69.294313	-264.657064	-75.375	-42.740	0.1158
31	15	tracking	-844.495295	69.351751	-264.976148	-50.375	-50.740	0.1016
31	16	tracking	-844.167529	69.400881	-265.238947	-51.747	-42.740	0.1022
31	17	tracking	-843.860611	69.440366	-265.443580	-26.747	-34.740	0.1042
31	18	tracking	-843.573374	69.468376	-265.598578	-26.747	-26.740	0.0864
31	19	tracking	-843.305066	69.483185	-265.712118	-26.747	-25.689	0.1106
31	20	tracking	-843.065195	69.484728	-265.786739	-1.747	-17.689	0.0884
31	21	tracking	-842.861382	69.472198	-265.830158	23.253	-9.689	0.0827
31	22	tracking	-842.693628	69.446044	-265.851047	37.878	-7.940	0.0712
31	23	tracking	-842.556462	69.407167	-265.853843	37.878	-7.940	0.0793
31	24	tracking	-842.449790	69.355505	-265.848374	62.878	-15.940	0.0783
31	25	tracking	-842.368729	69.287705	-265.837807	67.848	-23.940	0.0674
31	26	tracking	-842.308787	69.198012	-265.823391	67.848	-31.940	0.0773
31	27	tracking	-842.266247	69.078987	-265.806123	67.848	-39.940	0.0752
31	28	tracking	-842.235415	68.923102	-265.783112	42.848	-47.168	0.0579
31	29	tracking	-842.211431	68.732079	-265.751781	17.848	-47.168	0.0745
31	30	tracking	-842.188456	68.508303	-265.711072	-7.152	-47.168	0.0590
31	31	tracking	-842.160122	68.254584	-265.662291	-32.152	-47.168	0.0691
31	32	tracking	-842.133251	67.962574	-265.605864	-7.152	-55.168	0.0531
31	33	tracking	-842.113661	67.633768	-265.542069	17.848	-55.963	0.0528
31	34	tracking	-842.100964	67.270471	-265.470452	17.848	-55.963	0.0626
31	35	landing	-842.096366	66.887477	-265.385786	17.848	-47.963	0.0519
31	36	landing	-842.099494	66.487170	-265.287910	17.848	-47.963	0.0486
31	37	landing	-842.110010	66.071881	-265.176700	17.848	-47.963	0.0343
31	38	landing	-842.127598	65.643850	-265.052089	17.848	-47.963	0.0314
32	0	tracking	-850.714387	68.799208	-257.063597	-139.104	-4.000	0.2393
32	1	tracking	-850.076702	68.723569	-257.615837	-164.104	-0.670	0.2099
32	2	tracking	-849.522357	68.653748	-258.194209	170.896	-8.670	0.1717
32	3	tracking	-849.063742	68.598235	-258.780065	153.407	-16.670	0.1698
32	4	tracking	-848.657032	68.559900	-259.370951	178.407	-24.670	0.1575
32	5	tracking	-848.270022	68.539435	-259.954330	-156.593	-32.670	0.1500
32	6	tracking	-847.905146	68.535756	-260.526865	-159.186	-40.670	0.1515
32	7	tracking	-847.542728	68.545958	-261.073262	-134.186	-46.375	0.1763
32	8	tracking	-847.194676	68.567070	-261.604306	-150.375	-42.740	0.1395
32	9	tracking	-846.859318	68.595668	-262.121859	-150.375	-34.740	0.1353
32	10	tracking	-846.535097	68.627276	-262.627694	-150.375	-26.740	0.1483
32	11	tracking	-846.220214	68.656795	-263.124119	-150.375	-18.740	0.1239
32	12	tracking	-845.899734	68.687605	-263.594777	-125.375	-26.740	0.1226
32	13	tracking	-845.569598	68.720382	-264.022296	-100.375	-34.740	0.1174
32	14	tracking	-845.235656	68.752590	-264.392832	-75.375	-42.740	0.1257
32	15	tracking	-844.910026	68.778682	-264.699724	-50.375	-50.740	0.1110
32	16	tracking	-844.592789	68.796802	-264.951798	-51.747	-42.740	0.1082
32	17	tracking	-844.295203	68.806243	-265.146775	-26.747	-34.740	0.1320
32	18	tracking	-844.016043	68.805846	-265.292700	-26.747	-26.740	0.0617
32	19	tracking	-843.754436	68.794457	-265.397171	-26.747	-25.689	0.0592
32	20	tracking	-843.520496	68.772288	-265.462443	-1.747	-17.689	0.0558
32	21	tracking	-843.322473	68.738602	-265.496358	23.253	-9.689	0.0433
32	22	tracking	-843.160581	68.693620	-265.507875	37.878	-7.940	0.0598
32	23	tracking	-843.029258	68.637985	-265.501523	37.878	-7.940	0.0454
32	24	tracking	-842.928567	68.571221	-265.487506	62.878	-15.940	0.0560
32	25	tracking	-842.853473	68.489596	-265.469064	67.848	-23.940	0.0488
32	26	tracking	-842.799341	68.387035	-265.447430	67.848	-31.940	0.0369
32	27	tracking	-842.762365	68.255871	-265.423572	67.848	-39.940	0.0512
32	28	tracking	-842.736737	68.088465	-265.394426	42.848	-47.168	0.0488
32	29	tracking	-842.717541	67.886704	-265.357153	17.848	-47.168	0.0447
32	30	tracking	-842.698756	67.653119	-265.310532	-7.152	-47.168	0.0365
32	31	tracking	-842.673804	67.390554	-265.255926	-32.152	-47.168	0.0335
32	32	tracking	-842.649882	67.090532	-265.193801	-7.152	-55.168	0.0487
32	33	tracking	-842.633075	66.754543	-265.124448	17.848	-55.963	0.0293
32	34	landing	-842.624450	66.396983	-265.042932	17.848	-47.963	0.0373
32	35	landing	-842.623617	66.020220	-264.949025	17.848	-47.963	0.0212
32	36	landing	-842.630225	65.626596	-264.842524	17.848	-47.963	0.0173
33	0	tracking	-850.614387	68.799208	-257.063597	-139.104	-4.000	0.1447
33	1	tracking	-849.976702	68.723569	-257.615837	-164.104	-0.670	0.1364
33	2	tracking	-849.422357	68.653748	-258.194209	170.896	-8.670	0.0954
33	3	tracking	-848.963742	68.598235	-258.780065	153.407	-16.670	0.1043
33	4	tracking	-848.557032	68.559900	-259.370951	178.407	-24.670	0.0930
33	5	tracking	-848.170022	68.539435	-259.954330	-156.593	-32.670	0.0780
33	6	tracking	-847.805146	68.535756	-260.526865	-159.186	-40.670	0.0740
33	7	tracking	-847.442728	68.545958	-261.073262	-134.186	-46.375	0.0639
33	8	tracking	-847.094676	68.567070	-261.604306	-150.375	-42.740	0.0700
33	9	tracking	-846.759318	68.595668	-262.121859	-150.375	-34.740	0.0705
33	10	tracking	-846.435097	68.627276	-262.627694	-150.375	-26.740	0.0640
33	11	tracking	-846.120214	68.656795	-263.124119	-150.375	-18.740	0.0635
33	12	tracking	-845.799734	68.687605	-263.594777	-125.375	-26.740	0.0516
33	13	tracking	-845.469598	68.720382	-264.022296	-100.375	-34.740	0.0484
33	14	tracking	-845.135656	68.752590	-264.392832	-75.375	-42.740	0.0554
33	15	tracking	-844.810026	68.778682	-264.699724	-50.375	-50.740	0.0526
33	16	tracking	-844.492789	68.796802	-264.951798	-51.747	-42.740	0.0423
33	17	tracking	-844.195203	68.806243	-265.146775	-26.747	-34.740	0.0482
33	18	tracking	-843.916043	68.805846	-265.292700	-26.747	-26.740	0.0409
33	19	tracking	-843.654436	68.794457	-265.397171	-26.747	-25.689	0.0448
33	20	tracking	-843.420496	68.772288	-265.462443	-1.747	-17.689	0.0432
33	21	tracking	-843.222473	68.738602	-265.496358	23.253	-9.689	0.0352
33	22	tracking	-843.060581	68.693620	-265.507875	37.878	-7.940	0.0410
33	23	tracking	-842.929258	68.637985	-265.501523	37.878	-7.940	0.0316
33	24	tracking	-842.828567	68.571221	-265.487506	62.878	-15.940	0.0300
33	25	tracking	-842.753473	68.489596	-265.469064	67.848	-23.940	0.0370
33	26	tracking	-842.699341	68.387035	-265.447430	67.848	-31.940	0.0347
33	27	tracking	-842.662365	68.255871	-265.423572	67.848	-39.940	0.0392
33	28	tracking	-842.636737	68.088465	-265.394426	42.848	-47.168	0.0311
33	29	tracking	-842.617541	67.886704	-265.357153	17.848	-47.168	0.0373
33	30	tracking	-842.598756	67.653119	-265.310532	-7.152	-47.168	0.0249
33	31	tracking	-842.573804	67.390554	-265.255926	-32.152	-47.168	0.0202
33	32	tracking	-842.549882	67.090532	-265.193801	-7.152	-55.168	0.0389
33	33	tracking	-842.533075	66.754543	-265.124448	17.848	-55.963	0.0165
33	34	landing	-842.524450	66.396983	-265.042932	17.848	-47.963	0.0144
33	35	landing	-842.523617	66.020220	-264.949025	17.848	-47.963	0.0123
33	36	landing	-842.530225	65.626596	-264.842524	17.848	-47.963	0.0106
34	0	tracking	-850.714387	68.899208	-257.063597	-139.104	-4.000	0.1424
34	1	tracking	-850.076702	68.823569	-257.615837	-164.104	-0.670	0.1096
34	2	tracking	-849.522357	68.753748	-258.194209	170.896	-8.670	0.0989
34	3	tracking	-849.063742	68.698235	-258.780065	153.407	-16.670	0.0918
34	4	tracking	-848.657032	68.659900	-259.370951	178.407	-24.670	0.0856
34	5	tracking	-848.270022	68.639435	-259.954330	-156.593	-32.670	0.0833
34	6	tracking	-847.905146	68.635756	-260.526865	-159.186	-40.670	0.0800
34	7	tracking	-847.542728	68.645958	-261.073262	-134.186	-46.375	0.0782
34	8	tracking	-847.194676	68.667070	-261.604306	-150.375	-42.740	0.0793
34	9	tracking	-846.859318	68.695668	-262.121859	-150.375	-34.740	0.0777
34	10	tracking	-846.535097	68.727276	-262.627694	-150.375	-26.740	0.0785
34	11	tracking	-846.220214	68.756795	-263.124119	-150.375	-18.740	0.0767
34	12	tracking	-845.899734	68.787605	-263.594777	-125.375	-26.740	0.0714
34	13	tracking	-845.569598	68.820382	-264.022296	-100.375	-34.740	0.0629
34	14	tracking	-845.235656	68.852590	-264.392832	-75.375	-42.740	0.0758
34	15	tracking	-844.910026	68.878682	-264.699724	-50.375	-50.740	0.0506
34	16	tracking	-844.592789	68.896802	-264.951798	-51.747	-42.740	0.0595
34	17	tracking	-844.295203	68.906243	-265.146775	-26.747	-34.740	0.0576
34	18	tracking	-844.016043	68.905846	-265.292700	-26.747	-26.740	0.0445
34	19	tracking	-843.754436	68.894457	-265.397171	-26.747	-25.689	0.0546
34	20	tracking	-843.520496	68.872288	-265.462443	-1.747	-17.689	0.0518
34	21	tracking	-843.322473	68.838602	-265.496358	23.253	-9.689	0.0724
34	22	tracking	-843.160581	68.793620	-265.507875	37.878	-7.940	0.0644
34	23	tracking	-843.029258	68.737985	-265.501523	37.878	-7.940	0.0376
34	24	tracking	-842.928567	68.671221	-265.487506	62.878	-15.940	0.0445
34	25	tracking	-842.853473	68.589596	-265.469064	67.848	-23.940	0.0433
34	26	tracking	-842.799341	68.487035	-265.447430	67.848	-31.940	0.0336
34	27	tracking	-842.762365	68.355871	-265.423572	67.848	-39.940	0.0408
34	28	tracking	-842.736737	68.188465	-265.394426	42.848	-47.168	0.0311
34	29	tracking	-842.717541	67.986704	-265.357153	17.848	-47.168	0.0396
34	30	tracking	-842.698756	67.753119	-265.310532	-7.152	-47.168	0.0270
34	31	tracking	-842.673804	67.490554	-265.255926	-32.152	-47.168	0.0307
34	32	tracking	-842.649882	67.190532	-265.193801	-7.152	-55.168	0.0479
34	33	tracking	-842.633075	66.854543	-265.124448	17.848	-55.963	0.0239
34	34	landing	-842.624450	66.496983	-265.042932	17.848	-47.963	0.0201
34	35	landing	-842.623617	66.120220	-264.949025	17.848	-47.963	0.0189
34	36	landing	-842.630225	65.726596	-264.842524	17.848	-47.963	0.0165
35	0	tracking	-850.614387	68.899208	-257.063597	-139.104	-4.000	0.1332
35	1	tracking	-849.976702	68.823569	-257.615837	-164.104	-0.670	0.1140
35	2	tracking	-849.422357	68.753748	-258.194209	170.896	-8.670	0.0906
35	3	tracking	-848.963742	68.698235	-258.780065	153.407	-16.670	0.0852
35	4	tracking	-848.557032	68.659900	-259.370951	178.407	-24.670	0.1252
35	5	tracking	-848.170022	68.639435	-259.954330	-156.593	-32.670	0.0787
35	6	tracking	-847.805146	68.635756	-260.526865	-159.186	-40.670	0.0643
35	7	tracking	-847.442728	68.645958	-261.073262	-134.186	-46.375	0.0723
35	8	tracking	-847.094676	68.667070	-261.604306	-150.375	-42.740	0.0665
35	9	tracking	-846.759318	68.695668	-262.121859	-150.375	-34.740	0.0658
35	10	tracking	-846.435097	68.727276	-262.627694	-150.375	-26.740	0.0605
35	11	tracking	-846.120214	68.756795	-263.124119	-150.375	-18.740	0.0585
35	12	tracking	-845.799734	68.787605	-263.594777	-125.375	-26.740	0.0492
35	13	tracking	-845.469598	68.820382	-264.022296	-100.375	-34.740	0.0535
35	14	tracking	-845.135656	68.852590	-264.392832	-75.375	-42.740	0.0509
35	15	tracking	-844.810026	68.878682	-264.699724	-50.375	-50.740	0.0426
35	16	tracking	-844.492789	68.896802	-264.951798	-51.747	-42.740	0.0472
35	17	tracking	-844.195203	68.906243	-265.146775	-26.747	-34.740	0.0455
35	18	tracking	-843.916043	68.905846	-265.292700	-26.747	-26.740	0.2485
35	19	tracking	-843.654436	68.894457	-265.397171	-26.747	-25.689	0.0796
35	20	tracking	-843.420496	68.872288	-265.462443	-1.747	-17.689	0.0554
35	21	tracking	-843.222473	68.838602	-265.496358	23.253	-9.689	0.0586
35	22	tracking	-843.060581	68.793620	-265.507875	37.878	-7.940	0.0362
35	23	tracking	-842.929258	68.737985	-265.501523	37.878	-7.940	0.0432
35	24	tracking	-842.828567	68.671221	-265.487506	62.878	-15.940	0.0271
35	25	tracking	-842.753473	68.589596	-265.469064	67.848	-23.940	0.0260
35	26	tracking	-842.699341	68.487035	-265.447430	67.848	-31.940	0.0328
35	27	tracking	-842.662365	68.355871	-265.423572	67.848	-39.940	0.0237
35	28	tracking	-842.636737	68.188465	-265.394426	42.848	-47.168	0.0305
35	29	tracking	-842.617541	67.986704	-265.357153	17.848	-47.168	0.0206
35	30	tracking	-842.598756	67.753119	-265.310532	-7.152	-47.168	0.0189
35	31	tracking	-842.573804	67.490554	-265.255926	-32.152	-47.168	0.0261
35	32	tracking	-842.549882	67.190532	-265.193801	-7.152	-55.168	0.0173
35	33	tracking	-842.533075	66.854543	-265.124448	17.848	-55.963	0.0337
35	34	landing	-842.524450	66.496983	-265.042932	17.848	-47.963	0.0127
35	35	landing	-842.523617	66.120220	-264.949025	17.848	-47.963	0.0199
35	36	landing	-842.530225	65.726596	-264.842524	17.848	-47.963	0.0116
36	0	tracking	-850.714387	68.799208	-256.963597	-139.104	-4.000	1.7618
36	1	tracking	-850.076702	68.723569	-257.515837	-164.104	-0.670	0.2439
36	2	tracking	-849.522357	68.653748	-258.094209	170.896	-8.670	0.2773
36	3	tracking	-849.063742	68.598235	-258.680065	153.407	-16.670	0.2467
36	4	tracking	-848.657032	68.559900	-259.270951	178.407	-24.670	0.1545
36	5	tracking	-848.270022	68.539435	-259.854330	-156.593	-32.670	0.1755
36	6	tracking	-847.905146	68.535756	-260.426865	-159.186	-40.670	0.1688
36	7	tracking	-847.542728	68.545958	-260.973262	-134.186	-46.375	0.1784
36	8	tracking	-847.194676	68.567070	-261.504306	-150.375	-42.740	0.1746
36	9	tracking	-846.859318	68.595668	-262.021859	-150.375	-34.740	0.1497
36	10	tracking	-846.535097	68.627276	-262.527694	-150.375	-26.740	0.1731
36	11	tracking	-846.220214	68.656795	-263.024119	-150.375	-18.740	0.1405
36	12	tracking	-845.899734	68.687605	-263.494777	-125.375	-26.740	0.2054
36	13	tracking	-845.569598	68.720382	-263.922296	-100.375	-34.740	0.1261
36	14	tracking	-845.235656	68.752590	-264.292832	-75.375	-42.740	0.2098
36	15	tracking	-844.910026	68.778682	-264.599724	-50.375	-50.740	0.1248
36	16	tracking	-844.592789	68.796802	-264.851798	-51.747	-42.740	0.2248
36	17	tracking	-844.295203	68.806243	-265.046775	-26.747	-34.740	0.1262
36	18	tracking	-844.016043	68.805846	-265.192700	-26.747	-26.740	0.1159
36	19	tracking	-843.754436	68.794457	-265.297171	-26.747	-25.689	0.1595
36	20	tracking	-843.520496	68.772288	-265.362443	-1.747	-17.689	0.1103
36	21	tracking	-843.322473	68.738602	-265.396358	23.253	-9.689	0.1163
36	22	tracking	-843.160581	68.693620	-265.407875	37.878	-7.940	0.1297
36	23	tracking	-843.029258	68.637985	-265.401523	37.878	-7.940	0.1045
36	24	tracking	-842.928567	68.571221	-265.387506	62.878	-15.940	0.1079
36	25	tracking	-842.853473	68.489596	-265.369064	67.848	-23.940	0.1226
36	26	tracking	-842.799341	68.387035	-265.347430	67.848	-31.940	0.1012
36	27	tracking	-842.762365	68.255871	-265.323572	67.848	-39.940	0.1045
36	28	tracking	-842.736737	68.088465	-265.294426	42.848	-47.168	0.0974
36	29	tracking	-842.717541	67.886704	-265.257153	17.848	-47.168	0.0961
36	30	tracking	-842.698756	67.653119	-265.210532	-7.152	-47.168	0.0943
36	31	tracking	-842.673804	67.390554	-265.155926	-32.152	-47.168	0.1007
36	32	tracking	-842.649882	67.090532	-265.093801	-7.152	-55.168	0.1615
36	33	tracking	-842.633075	66.754543	-265.024448	17.848	-55.963	0.1085
36	34	landing	-842.632191	66.396983	-264.947463	42.848	-47.963	0.0183
36	35	landing	-842.646357	66.019756	-264.862748	42.848	-47.963	0.0167
36	36	landing	-842.674908	65.624950	-264.770095	42.848	-47.963	0.0223
37	0	tracking	-850.614387	68.799208	-256.963597	-139.104	-4.000	0.2789
37	1	tracking	-849.976702	68.723569	-257.515837	-164.104	-0.670	0.1465
37	2	tracking	-849.422357	68.653748	-258.094209	170.896	-8.670	0.1640
37	3	tracking	-848.963742	68.598235	-258.680065	153.407	-16.670	0.1458
37	4	tracking	-848.557032	68.559900	-259.270951	178.407	-24.670	0.1243
37	5	tracking	-848.170022	68.539435	-259.854330	-156.593	-32.670	0.1328
37	6	tracking	-847.805146	68.535756	-260.426865	-159.186	-40.670	0.1254
37	7	tracking	-847.442728	68.545958	-260.973262	-134.186	-46.375	0.1126
37	8	tracking	-847.094676	68.567070	-261.504306	-150.375	-42.740	0.1235
37	9	tracking	-846.759318	68.595668	-262.021859	-150.375	-34.740	0.1145
37	10	tracking	-846.435097	68.627276	-262.527694	-150.375	-26.740	0.1357
37	11	tracking	-846.120214	68.656795	-263.024119	-150.375	-18.740	0.1102
37	12	tracking	-845.799734	68.687605	-263.494777	-125.375	-26.740	0.1289
37	13	tracking	-845.469598	68.720382	-263.922296	-100.375	-34.740	0.0995
37	14	tracking	-845.135656	68.752590	-264.292832	-75.375	-42.740	0.0963
37	15	tracking	-844.810026	68.778682	-264.599724	-50.375	-50.740	0.1019
37	16	tracking	-844.492789	68.796802	-264.851798	-51.747	-42.740	0.0903
37	17	tracking	-844.195203	68.806243	-265.046775	-26.747	-34.740	0.0893
37	18	tracking	-843.916043	68.805846	-265.192700	-26.747	-26.740	0.0885
37	19	tracking	-843.654436	68.794457	-265.297171	-26.747	-25.689	0.1009
37	20	tracking	-843.420496	68.772288	-265.362443	-1.747	-17.689	0.0888
37	21	tracking	-843.222473	68.738602	-265.396358	23.253	-9.689	0.0832
37	22	tracking	-843.060581	68.693620	-265.407875	37.878	-7.940	0.0820
37	23	tracking	-842.929258	68.637985	-265.401523	37.878	-7.940	0.0793
37	24	tracking	-842.828567	68.571221	-265.387506	62.878	-15.940	0.0778
37	25	tracking	-842.753473	68.489596	-265.369064	67.848	-23.940	0.0943
37	26	tracking	-842.699341	68.387035	-265.347430	67.848	-31.940	0.0747
37	27	tracking	-842.662365	68.255871	-265.323572	67.848	-39.940	0.0723
37	28	tracking	-842.636737	68.088465	-265.294426	42.848	-47.168	0.0732
37	29	tracking	-842.617541	67.886704	-265.257153	17.848	-47.168	0.0939
37	30	tracking	-842.598756	67.653119	-265.210532	-7.152	-47.168	0.0677
37	31	tracking	-842.573804	67.390554	-265.155926	-32.152	-47.168	0.0676
37	32	tracking	-842.549882	67.090532	-265.093801	-7.152	-55.168	0.0589
37	33	tracking	-842.533075	66.754543	-265.024448	17.848	-55.963	0.0679
37	34	landing	-842.532191	66.396983	-264.947463	42.848	-47.963	0.0230
37	35	landing	-842.546357	66.019756	-264.862748	42.848	-47.963	0.0132
37	36	landing	-842.574908	65.624950	-264.770095	42.848	-47.963	0.0130
38	0	tracking	-850.714387	68.899208	-256.963597	-139.104	-4.000	0.2285
38	1	tracking	-850.076702	68.823569	-257.515837	-164.104	-0.670	0.1599
38	2	tracking	-849.522357	68.753748	-258.094209	170.896	-8.670	0.1462
38	3	tracking	-849.063742	68.698235	-258.680065	153.407	-16.670	0.1535
38	4	tracking	-848.657032	68.659900	-259.270951	178.407	-24.670	0.1361
38	5	tracking	-848.270022	68.639435	-259.854330	-156.593	-32.670	0.1331
38	6	tracking	-847.905146	68.635756	-260.426865	-159.186	-40.670	0.1414
38	7	tracking	-847.542728	68.645958	-260.973262	-134.186	-46.375	0.1459
38	8	tracking	-847.194676	68.667070	-261.504306	-150.375	-42.740	0.2553
38	9	tracking	-846.859318	68.695668	-262.021859	-150.375	-34.740	0.2635
38	10	tracking	-846.535097	68.727276	-262.527694	-150.375	-26.740	0.1453
38	11	tracking	-846.220214	68.756795	-263.024119	-150.375	-18.740	0.1177
38	12	tracking	-845.899734	68.787605	-263.494777	-125.375	-26.740	0.1869
38	13	tracking	-845.569598	68.820382	-263.922296	-100.375	-34.740	0.2292
38	14	tracking	-845.235656	68.852590	-264.292832	-75.375	-42.740	0.1162
38	15	tracking	-844.910026	68.878682	-264.599724	-50.375	-50.740	0.1268
38	16	tracking	-844.592789	68.896802	-264.851798	-51.747	-42.740	0.1161
38	17	tracking	-844.295203	68.906243	-265.046775	-26.747	-34.740	0.1024
38	18	tracking	-844.016043	68.905846	-265.192700	-26.747	-26.740	0.1094
38	19	tracking	-843.754436	68.894457	-265.297171	-26.747	-25.689	0.0998
38	20	tracking	-843.520496	68.872288	-265.362443	-1.747	-17.689	0.0998
38	21	tracking	-843.322473	68.838602	-265.396358	23.253	-9.689	0.1164
38	22	tracking	-843.160581	68.793620	-265.407875	37.878	-7.940	0.1533
38	23	tracking	-843.029258	68.737985	-265.401523	37.878	-7.940	0.1146
38	24	tracking	-842.928567	68.671221	-265.387506	62.878	-15.940	0.0973
38	25	tracking	-842.853473	68.589596	-265.369064	67.848	-23.940	0.0925
38	26	tracking	-842.799341	68.487035	-265.347430	67.848	-31.940	0.1634
38	27	tracking	-842.762365	68.355871	-265.323572	67.848	-39.940	0.1113
38	28	tracking	-842.736737	68.188465	-265.294426	42.848	-47.168	0.0862
38	29	tracking	-842.717541	67.986704	-265.257153	17.848	-47.168	0.0811
38	30	tracking	-842.698756	67.753119	-265.210532	-7.152	-47.168	0.0853
38	31	tracking	-842.673804	67.490554	-265.155926	-32.152	-47.168	0.0756
38	32	tracking	-842.649882	67.190532	-265.093801	-7.152	-55.168	0.0774
38	33	tracking	-842.633075	66.854543	-265.024448	17.848	-55.963	0.0761
38	34	landing	-842.632191	66.496983	-264.947463	42.848	-47.963	0.0158
38	35	landing	-842.646357	66.119756	-264.862748	42.848	-47.963	0.0228
38	36	landing	-842.674908	65.724950	-264.770095	42.848	-47.963	0.0120
39	0	tracking	-850.614387	68.899208	-256.963597	-139.104	-4.000	0.1876
39	1	tracking	-849.976702	68.823569	-257.515837	-164.104	-0.670	0.1568
39	2	tracking	-849.422357	68.753748	-258.094209	170.896	-8.670	0.1245
39	3	tracking	-848.963742	68.698235	-258.680065	153.407	-16.670	0.1464
39	4	tracking	-848.557032	68.659900	-259.270951	178.407	-24.670	0.1318
39	5	tracking	-848.170022	68.639435	-259.854330	-156.593	-32.670	0.1075
39	6	tracking	-847.805146	68.635756	-260.426865	-159.186	-40.670	0.1148
39	7	tracking	-847.442728	68.645958	-260.973262	-134.186	-46.375	0.1058
39	8	tracking	-847.094676	68.667070	-261.504306	-150.375	-42.740	0.1079
39	9	tracking	-846.759318	68.695668	-262.021859	-150.375	-34.740	0.1049
39	10	tracking	-846.435097	68.727276	-262.527694	-150.375	-26.740	0.1188
39	11	tracking	-846.120214	68.756795	-263.024119	-150.375	-18.740	0.1001
39	12	tracking	-845.799734	68.787605	-263.494777	-125.375	-26.740	0.1005
39	13	tracking	-845.469598	68.820382	-263.922296	-100.375	-34.740	0.1017
39	14	tracking	-845.135656	68.852590	-264.292832	-75.375	-42.740	0.2170
39	15	tracking	-844.810026	68.878682	-264.599724	-50.375	-50.740	0.2577
39	16	tracking	-844.492789	68.896802	-264.851798	-51.747	-42.740	0.2651
39	17	tracking	-844.195203	68.906243	-265.046775	-26.747	-34.740	0.0923
39	18	tracking	-843.916043	68.905846	-265.192700	-26.747	-26.740	0.0921
39	19	tracking	-843.654436	68.894457	-265.297171	-26.747	-25.689	0.1000
39	20	tracking	-843.420496	68.872288	-265.362443	-1.747	-17.689	0.0791
39	21	tracking	-843.222473	68.838602	-265.396358	23.253	-9.689	0.1058
39	22	tracking	-843.060581	68.793620	-265.407875	37.878	-7.940	0.1562
39	23	tracking	-842.929258	68.737985	-265.401523	37.878	-7.940	0.0777
39	24	tracking	-842.828567	68.671221	-265.387506	62.878	-15.940	0.0787
39	25	tracking	-842.753473	68.589596	-265.369064	67.848	-23.940	0.0712
39	26	tracking	-842.699341	68.487035	-265.347430	67.848	-31.940	0.0732
39	27	tracking	-842.662365	68.355871	-265.323572	67.848	-39.940	0.0722
39	28	tracking	-842.636737	68.188465	-265.294426	42.848	-47.168	0.0772
39	29	tracking	-842.617541	67.986704	-265.257153	17.848	-47.168	0.0673
39	30	tracking	-842.598756	67.753119	-265.210532	-7.152	-47.168	0.0636
39	31	tracking	-842.573804	67.490554	-265.155926	-32.152	-47.168	0.0545
39	32	tracking	-842.549882	67.190532	-265.093801	-7.152	-55.168	0.0538
39	33	tracking	-842.533075	66.854543	-265.024448	17.848	-55.963	0.0597
39	34	landing	-842.532191	66.496983	-264.947463	42.848	-47.963	0.0230
39	35	landing	-842.546357	66.119756	-264.862748	42.848	-47.963	0.0224
39	36	landing	-842.574908	65.724950	-264.770095	42.848	-47.963	0.0140
40	0	tracking	-850.676676	68.799495	-257.065989	-139.104	-4.000	0.2497
40	1	tracking	-850.004538	68.724156	-257.623348	-164.104	-0.670	0.0964
40	2	tracking	-849.419931	68.655159	-258.208991	170.896	-8.670	0.1537
40	3	tracking	-848.935370	68.601329	-258.803357	153.407	-16.670	0.1164
40	4	tracking	-848.505591	68.565702	-259.403623	178.407	-24.670	0.0881
40	5	tracking	-848.097433	68.549122	-259.996735	-156.593	-32.670	0.0922
40	6	tracking	-847.713247	68.550656	-260.579166	-159.186	-40.670	0.0760
40	7	tracking	-847.332796	68.567433	-261.135186	-134.186	-46.375	0.0711
40	8	tracking	-846.968165	68.596179	-261.675703	-150.375	-42.740	0.1196
40	9	tracking	-846.617598	68.632973	-262.202465	-150.375	-34.740	0.0812
40	10	tracking	-846.279293	68.673240	-262.717444	-150.375	-26.740	0.0720
40	11	tracking	-845.951197	68.711864	-263.223183	-150.375	-18.740	0.0624
40	12	tracking	-845.618083	68.752237	-263.702751	-125.375	-26.740	0.0578
40	13	tracking	-845.276081	68.794847	-264.138320	-100.375	-34.740	0.0552
40	14	tracking	-844.931036	68.837333	-264.515891	-75.375	-42.740	0.0576
40	15	tracking	-844.595100	68.874326	-264.828708	-50.375	-50.740	0.0704
40	16	tracking	-844.268411	68.903537	-265.085849	-51.747	-42.740	0.0479
40	17	tracking	-843.962330	68.923868	-265.285194	-26.747	-34.740	0.0466
40	18	tracking	-843.675595	68.933828	-265.435000	-26.747	-26.740	0.0596
40	19	tracking	-843.407256	68.932228	-265.542961	-26.747	-25.689	0.0480
40	20	tracking	-843.167321	68.919069	-265.611471	-1.747	-17.689	0.0465
40	21	tracking	-842.963892	68.893496	-265.648418	23.253	-9.689	0.0490
40	22	tracking	-842.797086	68.855785	-265.662763	37.878	-7.940	0.0485
40	23	tracking	-842.661291	68.806666	-265.659051	37.878	-7.940	0.0467
40	24	tracking	-842.556484	68.745847	-265.647453	62.878	-15.940	0.0294
40	25	tracking	-842.477610	68.669754	-265.631213	67.848	-23.940	0.0283
40	26	tracking	-842.420019	68.572438	-265.611579	67.848	-31.940	0.0326
40	27	tracking	-842.379885	68.446317	-265.589532	67.848	-39.940	0.0247
40	28	tracking	-842.351392	68.283788	-265.562057	42.848	-47.168	0.0315
40	29	tracking	-842.329599	68.086657	-265.526411	17.848	-47.168	0.0234
40	30	tracking	-842.308524	67.857386	-265.481439	-7.152	-47.168	0.0209
40	31	tracking	-842.281650	67.598799	-265.428489	-32.152	-47.168	0.0268
40	32	tracking	-842.256035	67.302480	-265.368000	-7.152	-55.168	0.0204
40	33	tracking	-842.237670	66.969914	-265.300262	17.848	-55.963	0.0186
40	34	landing	-842.227589	66.615449	-265.220396	17.848	-47.963	0.0150
40	35	landing	-842.225387	66.241447	-265.128178	17.848	-47.963	0.0135
40	36	landing	-842.230704	65.850251	-265.023403	17.848	-47.963	0.0125
41	0	tracking	-850.576676	68.799495	-257.065989	-139.104	-4.000	0.1826
41	1	tracking	-849.904538	68.724156	-257.623348	-164.104	-0.670	0.0969
41	2	tracking	-849.319931	68.655159	-258.208991	170.896	-8.670	0.1460
41	3	tracking	-848.835370	68.601329	-258.803357	153.407	-16.670	0.1482
41	4	tracking	-848.405591	68.565702	-259.403623	178.407	-24.670	0.1045
41	5	tracking	-847.997433	68.549122	-259.996735	-156.593	-32.670	0.0749
41	6	tracking	-847.613247	68.550656	-260.579166	-159.186	-40.670	0.0719
41	7	tracking	-847.232796	68.567433	-261.135186	-134.186	-46.375	0.0859
41	8	tracking	-846.868165	68.596179	-261.675703	-150.375	-42.740	0.0873
41	9	tracking	-846.517598	68.632973	-262.202465	-150.375	-34.740	0.0628
41	10	tracking	-846.179293	68.673240	-262.717444	-150.375	-26.740	0.0592
41	11	tracking	-845.851197	68.711864	-263.223183	-150.375	-18.740	0.0671
41	12	tracking	-845.518083	68.752237	-263.702751	-125.375	-26.740	0.0614
41	13	tracking	-845.176081	68.794847	-264.138320	-100.375	-34.740	0.0601
41	14	tracking	-844.831036	68.837333	-264.515891	-75.375	-42.740	0.0615
41	15	tracking	-844.495100	68.874326	-264.828708	-50.375	-50.740	0.0544
41	16	tracking	-844.168411	68.903537	-265.085849	-51.747	-42.740	0.0435
41	17	tracking	-843.862330	68.923868	-265.285194	-26.747	-34.740	0.0513
41	18	tracking	-843.575595	68.933828	-265.435000	-26.747	-26.740	0.1299
41	19	tracking	-843.307256	68.932228	-265.542961	-26.747	-25.689	0.0417
41	20	tracking	-843.067321	68.919069	-265.611471	-1.747	-17.689	0.0449
41	21	tracking	-842.863892	68.893496	-265.648418	23.253	-9.689	0.0418
41	22	tracking	-842.697086	68.855785	-265.662763	37.878	-7.940	0.0375
41	23	tracking	-842.561291	68.806666	-265.659051	37.878	-7.940	0.0389
41	24	tracking	-842.456484	68.745847	-265.647453	62.878	-15.940	0.0294
41	25	tracking	-842.377610	68.669754	-265.631213	67.848	-23.940	0.0367
41	26	tracking	-842.320019	68.572438	-265.611579	67.848	-31.940	0.0265
41	27	tracking	-842.279885	68.446317	-265.589532	67.848	-39.940	0.0259
41	28	tracking	-842.251392	68.283788	-265.562057	42.848	-47.168	0.0238
41	29	tracking	-842.229599	68.086657	-265.526411	17.848	-47.168	0.0351
41	30	tracking	-842.208524	67.857386	-265.481439	-7.152	-47.168	0.0263
41	31	tracking	-842.181650	67.598799	-265.428489	-32.152	-47.168	0.0590
41	32	tracking	-842.156035	67.302480	-265.368000	-7.152	-55.168	0.0639
41	33	tracking	-842.137670	66.969914	-265.300262	17.848	-55.963	0.0211
41	34	landing	-842.127589	66.615449	-265.220396	17.848	-47.963	0.0363
41	35	landing	-842.125387	66.241447	-265.128178	17.848	-47.963	0.0157
41	36	landing	-842.130704	65.850251	-265.023403	17.848	-47.963	0.0126
42	0	tracking	-850.676676	68.899495	-257.065989	-139.104	-4.000	0.1677
42	1	tracking	-850.004538	68.824156	-257.623348	-164.104	-0.670	0.1092
42	2	tracking	-849.419931	68.755159	-258.208991	170.896	-8.670	0.0964
42	3	tracking	-848.935370	68.701329	-258.803357	153.407	-16.670	0.0973
42	4	tracking	-848.505591	68.665702	-259.403623	178.407	-24.670	0.0909
42	5	tracking	-848.097433	68.649122	-259.996735	-156.593	-32.670	0.0741
42	6	tracking	-847.713247	68.650656	-260.579166	-159.186	-40.670	0.0709
42	7	tracking	-847.332796	68.667433	-261.135186	-134.186	-46.375	0.0845
42	8	tracking	-846.968165	68.696179	-261.675703	-150.375	-42.740	0.0725
42	9	tracking	-846.617598	68.732973	-262.202465	-150.375	-34.740	0.0669
42	10	tracking	-846.279293	68.773240	-262.717444	-150.375	-26.740	0.0625
42	11	tracking	-845.951197	68.811864	-263.223183	-150.375	-18.740	0.0624
42	12	tracking	-845.618083	68.852237	-263.702751	-125.375	-26.740	0.1602
42	13	tracking	-845.276081	68.894847	-264.138320	-100.375	-34.740	0.0842
42	14	tracking	-844.931036	68.937333	-264.515891	-75.375	-42.740	0.0543
42	15	tracking	-844.595100	68.974326	-264.828708	-50.375	-50.740	0.0428
42	16	tracking	-844.268411	69.003537	-265.085849	-51.747	-42.740	0.0475
42	17	tracking	-843.962330	69.023868	-265.285194	-26.747	-34.740	0.0496
42	18	tracking	-843.675595	69.033828	-265.435000	-26.747	-26.740	0.0377
42	19	tracking	-843.407256	69.032228	-265.542961	-26.747	-25.689	0.0527
42	20	tracking	-843.167321	69.019069	-265.611471	-1.747	-17.689	0.0502
42	21	tracking	-842.963892	68.993496	-265.648418	23.253	-9.689	0.0363
42	22	tracking	-842.797086	68.955785	-265.662763	37.878	-7.940	0.0479
42	23	tracking	-842.661291	68.906666	-265.659051	37.878	-7.940	0.0308
42	24	tracking	-842.556484	68.845847	-265.647453	62.878	-15.940	0.0301
42	25	tracking	-842.477610	68.769754	-265.631213	67.848	-23.940	0.0345
42	26	tracking	-842.420019	68.672438	-265.611579	67.848	-31.940	0.0328
42	27	tracking	-842.379885	68.546317	-265.589532	67.848	-39.940	0.0343
42	28	tracking	-842.351392	68.383788	-265.562057	42.848	-47.168	0.0240
42	29	tracking	-842.329599	68.186657	-265.526411	17.848	-47.168	0.0220
42	30	tracking	-842.308524	67.957386	-265.481439	-7.152	-47.168	0.0304
42	31	tracking	-842.281650	67.698799	-265.428489	-32.152	-47.168	0.0198
42	32	tracking	-842.256035	67.402480	-265.368000	-7.152	-55.168	0.0273
42	33	tracking	-842.237670	67.069914	-265.300262	17.848	-55.963	0.0185
42	34	landing	-842.227589	66.715449	-265.220396	17.848	-47.963	0.0169
42	35	landing	-842.225387	66.341447	-265.128178	17.848	-47.963	0.0223
42	36	landing	-842.230704	65.950251	-265.023403	17.848	-47.963	0.0474
43	0	tracking	-850.576676	68.899495	-257.065989	-139.104	-4.000	0.1521
43	1	tracking	-849.904538	68.824156	-257.623348	-164.104	-0.670	0.1112
43	2	tracking	-849.319931	68.755159	-258.208991	170.896	-8.670	0.1174
43	3	tracking	-848.835370	68.701329	-258.803357	153.407	-16.670	0.0860
43	4	tracking	-848.405591	68.665702	-259.403623	178.407	-24.670	0.0803
43	5	tracking	-847.997433	68.649122	-259.996735	-156.593	-32.670	0.0807
43	6	tracking	-847.613247	68.650656	-260.579166	-159.186	-40.670	0.0796
43	7	tracking	-847.232796	68.667433	-261.135186	-134.186	-46.375	0.1184
43	8	tracking	-846.868165	68.696179	-261.675703	-150.375	-42.740	0.0780
43	9	tracking	-846.517598	68.732973	-262.202465	-150.375	-34.740	0.0764
43	10	tracking	-846.179293	68.773240	-262.717444	-150.375	-26.740	0.0852
43	11	tracking	-845.851197	68.811864	-263.223183	-150.375	-18.740	0.0567
43	12	tracking	-845.518083	68.852237	-263.702751	-125.375	-26.740	0.0612
43	13	tracking	-845.176081	68.894847	-264.138320	-100.375	-34.740	0.0611
43	14	tracking	-844.831036	68.937333	-264.515891	-75.375	-42.740	0.0548
43	15	tracking	-844.495100	68.974326	-264.828708	-50.375	-50.740	0.0540
43	16	tracking	-844.168411	69.003537	-265.085849	-51.747	-42.740	0.0417
43	17	tracking	-843.862330	69.023868	-265.285194	-26.747	-34.740	0.0488
43	18	tracking	-843.575595	69.033828	-265.435000	-26.747	-26.740	0.0494
43	19	tracking	-843.307256	69.032228	-265.542961	-26.747	-25.689	0.0370
43	20	tracking	-843.067321	69.019069	-265.611471	-1.747	-17.689	0.0501
43	21	tracking	-842.863892	68.993496	-265.648418	23.253	-9.689	0.0512
43	22	tracking	-842.697086	68.955785	-265.662763	37.878	-7.940	0.0330
43	23	tracking	-842.561291	68.906666	-265.659051	37.878	-7.940	0.0413
43	24	tracking	-842.456484	68.845847	-265.647453	62.878	-15.940	0.0306
43	25	tracking	-842.377610	68.769754	-265.631213	67.848	-23.940	0.0386
43	26	tracking	-842.320019	68.672438	-265.611579	67.848	-31.940	0.0269
43	27	tracking	-842.279885	68.546317	-265.589532	67.848	-39.940	0.0354
43	28	tracking	-842.251392	68.383788	-265.562057	42.848	-47.168	0.0245
43	29	tracking	-842.229599	68.186657	-265.526411	17.848	-47.168	0.0497
43	30	tracking	-842.208524	67.957386	-265.481439	-7.152	-47.168	0.0220
43	31	tracking	-842.181650	67.698799	-265.428489	-32.152	-47.168	0.0360
43	32	tracking	-842.156035	67.402480	-265.368000	-7.152	-55.168	0.0229
43	33	tracking	-842.137670	67.069914	-265.300262	17.848	-55.963	0.0179
43	34	landing	-842.127589	66.715449	-265.220396	17.848	-47.963	0.0381
43	35	landing	-842.125387	66.341447	-265.128178	17.848	-47.963	0.0136
43	36	landing	-842.130704	65.950251	-265.023403	17.848	-47.963	0.0125
44	0	tracking	-850.676676	68.799495	-256.965989	-139.104	-4.000	0.1275
44	1	tracking	-850.004538	68.724156	-257.523348	-164.104	-0.670	0.1012
44	2	tracking	-849.419931	68.655159	-258.108991	170.896	-8.670	0.0902
44	3	tracking	-848.935370	68.601329	-258.703357	153.407	-16.670	0.0957
44	4	tracking	-848.505591	68.565702	-259.303623	178.407	-24.670	0.0816
44	5	tracking	-848.097433	68.549122	-259.896735	-156.593	-32.670	0.0730
44	6	tracking	-847.713247	68.550656	-260.479166	-159.186	-40.670	0.0695
44	7	tracking	-847.332796	68.567433	-261.035186	-134.186	-46.375	0.0722
44	8	tracking	-846.968165	68.596179	-261.575703	-150.375	-42.740	0.0826
44	9	tracking	-846.617598	68.632973	-262.102465	-150.375	-34.740	0.0739
44	10	tracking	-846.279293	68.673240	-262.617444	-150.375	-26.740	0.0694
44	11	tracking	-845.951197	68.711864	-263.123183	-150.375	-18.740	0.0639
44	12	tracking	-845.618083	68.752237	-263.602751	-125.375	-26.740	0.0587
44	13	tracking	-845.276081	68.794847	-264.038320	-100.375	-34.740	0.0455
44	14	tracking	-844.931036	68.837333	-264.415891	-75.375	-42.740	0.0641
44	15	tracking	-844.595100	68.874326	-264.728708	-50.375	-50.740	0.0505
44	16	tracking	-844.268411	68.903537	-264.985849	-51.747	-42.740	0.0481
44	17	tracking	-843.962330	68.923868	-265.185194	-26.747	-34.740	0.0379
44	18	tracking	-843.675595	68.933828	-265.335000	-26.747	-26.740	0.0611
44	19	tracking	-843.407256	68.932228	-265.442961	-26.747	-25.689	0.0500
44	20	tracking	-843.167321	68.919069	-265.511471	-1.747	-17.689	0.0389
44	21	tracking	-842.963892	68.893496	-265.548418	23.253	-9.689	0.0473
44	22	tracking	-842.797086	68.855785	-265.562763	37.878	-7.940	0.0321
44	23	tracking	-842.661291	68.806666	-265.559051	37.878	-7.940	0.0453
44	24	tracking	-842.556484	68.745847	-265.547453	62.878	-15.940	0.0290
44	25	tracking	-842.477610	68.669754	-265.531213	67.848	-23.940	0.0422
44	26	tracking	-842.420019	68.572438	-265.511579	67.848	-31.940	0.0259
44	27	tracking	-842.379885	68.446317	-265.489532	67.848	-39.940	0.0328
44	28	tracking	-842.351392	68.283788	-265.462057	42.848	-47.168	0.0240
44	29	tracking	-842.329599	68.086657	-265.426411	17.848	-47.168	0.0308
44	30	tracking	-842.308524	67.857386	-265.381439	-7.152	-47.168	0.0214
44	31	tracking	-842.281650	67.598799	-265.328489	-32.152	-47.168	0.0194
44	32	tracking	-842.256035	67.302480	-265.268000	-7.152	-55.168	0.0246
44	33	tracking	-842.237670	66.969914	-265.200262	17.848	-55.963	0.0258
44	34	landing	-842.227589	66.615449	-265.120396	17.848	-47.963	0.0290
44	35	landing	-842.225387	66.241447	-265.028178	17.848	-47.963	0.0153
44	36	landing	-842.230704	65.850251	-264.923403	17.848	-47.963	0.0142
45	0	tracking	-850.576676	68.799495	-256.965989	-139.104	-4.000	0.1548
45	1	tracking	-849.904538	68.724156	-257.523348	-164.104	-0.670	0.0991
45	2	tracking	-849.319931	68.655159	-258.108991	170.896	-8.670	0.0878
45	3	tracking	-848.835370	68.601329	-258.703357	153.407	-16.670	0.0881
45	4	tracking	-848.405591	68.565702	-259.303623	178.407	-24.670	0.0795
45	5	tracking	-847.997433	68.549122	-259.896735	-156.593	-32.670	0.0767
45	6	tracking	-847.613247	68.550656	-260.479166	-159.186	-40.670	0.0737
45	7	tracking	-847.232796	68.567433	-261.035186	-134.186	-46.375	0.0716
45	8	tracking	-846.868165	68.596179	-261.575703	-150.375	-42.740	0.0710
45	9	tracking	-846.517598	68.632973	-262.102465	-150.375	-34.740	0.0718
45	10	tracking	-846.179293	68.673240	-262.617444	-150.375	-26.740	0.0615
45	11	tracking	-845.851197	68.711864	-263.123183	-150.375	-18.740	0.0511
45	12	tracking	-845.518083	68.752237	-263.602751	-125.375	-26.740	0.0549
45	13	tracking	-845.176081	68.794847	-264.038320	-100.375	-34.740	0.0635
45	14	tracking	-844.831036	68.837333	-264.415891	-75.375	-42.740	0.0507
45	15	tracking	-844.495100	68.874326	-264.728708	-50.375	-50.740	0.0533
45	16	tracking	-844.168411	68.903537	-264.985849	-51.747	-42.740	0.0479
45	17	tracking	-843.862330	68.923868	-265.185194	-26.747	-34.740	0.0481
45	18	tracking	-843.575595	68.933828	-265.335000	-26.747	-26.740	0.0363
45	19	tracking	-843.307256	68.932228	-265.442961	-26.747	-25.689	0.0500
45	20	tracking	-843.067321	68.919069	-265.511471	-1.747	-17.689	0.0478
45	21	tracking	-842.863892	68.893496	-265.548418	23.253	-9.689	0.0322
45	22	tracking	-842.697086	68.855785	-265.562763	37.878	-7.940	0.0462
45	23	tracking	-842.561291	68.806666	-265.559051	37.878	-7.940	0.0306
45	24	tracking	-842.456484	68.745847	-265.547453	62.878	-15.940	0.0527
45	25	tracking	-842.377610	68.669754	-265.531213	67.848	-23.940	0.0437
45	26	tracking	-842.320019	68.572438	-265.511579	67.848	-31.940	0.0437
45	27	tracking	-842.279885	68.446317	-265.489532	67.848	-39.940	0.0378
45	28	tracking	-842.251392	68.283788	-265.462057	42.848	-47.168	0.0330
45	29	tracking	-842.229599	68.086657	-265.426411	17.848	-47.168	0.0232
45	30	tracking	-842.208524	67.857386	-265.381439	-7.152	-47.168	0.0281
45	31	tracking	-842.181650	67.598799	-265.328489	-32.152	-47.168	0.0197
45	32	tracking	-842.156035	67.302480	-265.268000	-7.152	-55.168	0.0188
45	33	tracking	-842.137670	66.969914	-265.200262	17.848	-55.963	0.0259
45	34	landing	-842.127589	66.615449	-265.120396	17.848	-47.963	0.0151
45	35	landing	-842.125387	66.241447	-265.028178	17.848	-47.963	0.0131
45	36	landing	-842.130704	65.850251	-264.923403	17.848	-47.963	0.0286
46	0	tracking	-850.676676	68.899495	-256.965989	-139.104	-4.000	0.1379
46	1	tracking	-850.004538	68.824156	-257.523348	-164.104	-0.670	0.1131
46	2	tracking	-849.419931	68.755159	-258.108991	170.896	-8.670	0.1182
46	3	tracking	-848.935370	68.701329	-258.703357	153.407	-16.670	0.1076
46	4	tracking	-848.505591	68.665702	-259.303623	178.407	-24.670	0.1063
46	5	tracking	-848.097433	68.649122	-259.896735	-156.593	-32.670	0.0890
46	6	tracking	-847.713247	68.650656	-260.479166	-159.186	-40.670	0.0762
46	7	tracking	-847.332796	68.667433	-261.035186	-134.186	-46.375	0.0722
46	8	tracking	-846.968165	68.696179	-261.575703	-150.375	-42.740	0.0625
46	9	tracking	-846.617598	68.732973	-262.102465	-150.375	-34.740	0.0632
46	10	tracking	-846.279293	68.773240	-262.617444	-150.375	-26.740	0.0677
46	11	tracking	-845.951197	68.811864	-263.123183	-150.375	-18.740	0.0658
46	12	tracking	-845.618083	68.852237	-263.602751	-125.375	-26.740	0.0663
46	13	tracking	-845.276081	68.894847	-264.038320	-100.375	-34.740	0.0604
46	14	tracking	-844.931036	68.937333	-264.415891	-75.375	-42.740	0.0655
46	15	tracking	-844.595100	68.974326	-264.728708	-50.375	-50.740	0.0464
46	16	tracking	-844.268411	69.003537	-264.985849	-51.747	-42.740	0.0608
46	17	tracking	-843.962330	69.023868	-265.185194	-26.747	-34.740	0.0552
46	18	tracking	-843.675595	69.033828	-265.335000	-26.747	-26.740	0.0417
46	19	tracking	-843.407256	69.032228	-265.442961	-26.747	-25.689	0.0544
46	20	tracking	-843.167321	69.019069	-265.511471	-1.747	-17.689	0.0572
46	21	tracking	-842.963892	68.993496	-265.548418	23.253	-9.689	0.0331
46	22	tracking	-842.797086	68.955785	-265.562763	37.878	-7.940	0.0484
46	23	tracking	-842.661291	68.906666	-265.559051	37.878	-7.940	0.0308
46	24	tracking	-842.556484	68.845847	-265.547453	62.878	-15.940	0.0416
46	25	tracking	-842.477610	68.769754	-265.531213	67.848	-23.940	0.0389
46	26	tracking	-842.420019	68.672438	-265.511579	67.848	-31.940	0.0440
46	27	tracking	-842.379885	68.546317	-265.489532	67.848	-39.940	0.0261
46	28	tracking	-842.351392	68.383788	-265.462057	42.848	-47.168	0.0404
46	29	tracking	-842.329599	68.186657	-265.426411	17.848	-47.168	0.0241
46	30	tracking	-842.308524	67.957386	-265.381439	-7.152	-47.168	0.0317
46	31	tracking	-842.281650	67.698799	-265.328489	-32.152	-47.168	0.0211
46	32	tracking	-842.256035	67.402480	-265.268000	-7.152	-55.168	0.0199
46	33	tracking	-842.237670	67.069914	-265.200262	17.848	-55.963	0.0261
46	34	landing	-842.227589	66.715449	-265.120396	17.848	-47.963	0.0241
46	35	landing	-842.225387	66.341447	-265.028178	17.848	-47.963	0.0184
46	36	landing	-842.230704	65.950251	-264.923403	17.848	-47.963	0.0210
47	0	tracking	-850.576676	68.899495	-256.965989	-139.104	-4.000	0.1333
47	1	tracking	-849.904538	68.824156	-257.523348	-164.104	-0.670	0.0919
47	2	tracking	-849.319931	68.755159	-258.108991	170.896	-8.670	0.0914
47	3	tracking	-848.835370	68.701329	-258.703357	153.407	-16.670	0.0827
47	4	tracking	-848.405591	68.665702	-259.303623	178.407	-24.670	0.0846
47	5	tracking	-847.997433	68.649122	-259.896735	-156.593	-32.670	0.0793
47	6	tracking	-847.613247	68.650656	-260.479166	-159.186	-40.670	0.0780
47	7	tracking	-847.232796	68.667433	-261.035186	-134.186	-46.375	0.0740
47	8	tracking	-846.868165	68.696179	-261.575703	-150.375	-42.740	0.0729
47	9	tracking	-846.517598	68.732973	-262.102465	-150.375	-34.740	0.0726
47	10	tracking	-846.179293	68.773240	-262.617444	-150.375	-26.740	0.0724
47	11	tracking	-845.851197	68.811864	-263.123183	-150.375	-18.740	0.0788
47	12	tracking	-845.518083	68.852237	-263.602751	-125.375	-26.740	0.0642
47	13	tracking	-845.176081	68.894847	-264.038320	-100.375	-34.740	0.0462
47	14	tracking	-844.831036	68.937333	-264.415891	-75.375	-42.740	0.0554
47	15	tracking	-844.495100	68.974326	-264.728708	-50.375	-50.740	0.0517
47	16	tracking	-844.168411	69.003537	-264.985849	-51.747	-42.740	0.0556
47	17	tracking	-843.862330	69.023868	-265.185194	-26.747	-34.740	0.0392
47	18	tracking	-843.575595	69.033828	-265.335000	-26.747	-26.740	0.0528
47	19	tracking	-843.307256	69.032228	-265.442961	-26.747	-25.689	0.0466
47	20	tracking	-843.067321	69.019069	-265.511471	-1.747	-17.689	0.0351
47	21	tracking	-842.863892	68.993496	-265.548418	23.253	-9.689	0.0442
47	22	tracking	-842.697086	68.955785	-265.562763	37.878	-7.940	0.0378
47	23	tracking	-842.561291	68.906666	-265.559051	37.878	-7.940	0.0442
47	24	tracking	-842.456484	68.845847	-265.547453	62.878	-15.940	0.0334
47	25	tracking	-842.377610	68.769754	-265.531213	67.848	-23.940	0.0362
47	26	tracking	-842.320019	68.672438	-265.511579	67.848	-31.940	0.0268
47	27	tracking	-842.279885	68.546317	-265.489532	67.848	-39.940	0.0329
47	28	tracking	-842.251392	68.383788	-265.462057	42.848	-47.168	0.0250
47	29	tracking	-842.229599	68.186657	-265.426411	17.848	-47.168	0.0301
47	30	tracking	-842.208524	67.957386	-265.381439	-7.152	-47.168	0.0235
47	31	tracking	-842.181650	67.698799	-265.328489	-32.152	-47.168	0.0310
47	32	tracking	-842.156035	67.402480	-265.268000	-7.152	-55.168	0.0199
47	33	tracking	-842.137670	67.069914	-265.200262	17.848	-55.963	0.0189
47	34	landing	-842.127589	66.715449	-265.120396	17.848	-47.963	0.0299
47	35	landing	-842.125387	66.341447	-265.028178	17.848	-47.963	0.0138
47	36	landing	-842.130704	65.950251	-264.923403	17.848	-47.963	0.0132
48	0	corrected	-850.715562	68.834507	-257.059905	-138.104	-4.000	6.1246
48	1	tracking	-850.078270	68.788723	-257.605433	-163.104	1.163	0.1704
48	2	tracking	-849.522475	68.742385	-258.175991	171.896	-6.837	0.2608
48	3	tracking	-849.061017	68.705538	-258.754051	154.157	-14.837	0.2038
48	4	tracking	-848.650956	68.682466	-259.337075	179.074	-22.837	0.2023
48	5	tracking	-848.260625	68.674888	-259.912653	-156.010	-30.837	0.1252
48	6	tracking	-847.892458	68.682487	-260.477731	-158.686	-38.837	0.1244
48	7	tracking	-847.527238	68.702829	-261.016834	-133.769	-45.542	0.1384
48	8	tracking	-847.176749	68.732932	-261.540686	-150.042	-42.073	0.1301
48	9	tracking	-846.839409	68.769300	-262.051054	-150.125	-34.240	0.1425
48	10	tracking	-846.513564	68.807839	-262.549938	-150.208	-26.407	0.1345
48	11	tracking	-846.197353	68.843851	-263.039805	-150.292	-18.573	0.1316
48	12	tracking	-845.876123	68.880493	-263.504313	-125.375	-26.573	0.1103
48	13	tracking	-845.545985	68.918248	-263.926231	-100.375	-34.573	0.1187
48	14	tracking	-845.212559	68.954715	-264.291911	-75.375	-42.573	0.1009
48	15	tracking	-844.887699	68.984483	-264.594733	-50.375	-50.573	0.1218
48	16	tracking	-844.571484	69.005726	-264.843444	-51.747	-42.740	0.1049
48	17	tracking	-844.274994	69.017814	-265.035796	-26.747	-34.740	0.1014
48	18	tracking	-843.996985	69.019672	-265.179725	-26.747	-26.740	0.1016
48	19	tracking	-843.736548	69.010208	-265.282707	-26.747	-25.689	0.1001
48	20	tracking	-843.503661	68.989692	-265.346953	-1.747	-17.689	0.0969
48	21	tracking	-843.306471	68.957441	-265.380195	23.253	-9.689	0.1758
48	22	tracking	-843.145191	68.913712	-265.391281	37.878	-7.940	0.0981
48	23	tracking	-843.014309	68.859172	-265.384679	37.878	-7.940	0.1025
48	24	tracking	-842.913896	68.793367	-265.370498	62.878	-15.940	0.0833
48	25	tracking	-842.838965	68.712591	-265.351944	67.848	-23.940	0.0874
48	26	tracking	-842.784918	68.610794	-265.330235	67.848	-31.940	0.0751
48	27	tracking	-842.747976	68.480331	-265.306327	67.848	-39.940	0.0693
48	28	tracking	-842.722359	68.313578	-265.277157	42.848	-47.168	0.0878
48	29	tracking	-842.703166	68.112430	-265.239889	17.848	-47.168	0.0694
48	30	tracking	-842.684385	67.879417	-265.193297	-7.152	-47.168	0.0637
48	31	tracking	-842.659451	67.617385	-265.138738	-32.152	-47.168	0.0623
48	32	tracking	-842.635547	67.317861	-265.076675	-7.152	-55.168	0.0605
48	33	tracking	-842.618751	66.982339	-265.007394	17.848	-55.963	0.0613
48	34	tracking	-842.608698	66.613140	-264.930409	17.848	-55.963	0.0578
48	35	tracking	-842.605076	66.212632	-264.845246	17.848	-55.963	0.0568
48	36	landing	-842.618377	65.795972	-264.751546	42.848	-47.963	0.0208
49	0	corrected	-850.616709	68.834507	-257.060916	-139.104	-4.000	4.3865
49	1	tracking	-849.981949	68.788723	-257.607758	-164.104	1.163	0.1817
49	2	tracking	-849.429866	68.742369	-258.179164	170.896	-6.837	0.1442
49	3	tracking	-848.972546	68.705445	-258.757374	153.407	-14.837	0.1487
49	4	tracking	-848.566957	68.682183	-259.340311	178.407	-22.837	0.1429
49	5	tracking	-848.181262	68.674264	-259.915879	-156.593	-30.837	0.1807
49	6	tracking	-847.817748	68.681345	-260.480955	-159.186	-38.837	0.1341
49	7	tracking	-847.457051	68.700977	-261.020212	-134.186	-45.542	0.1795
49	8	tracking	-847.110916	68.730221	-261.544219	-150.375	-42.073	0.1433
49	9	tracking	-846.777709	68.765643	-262.054724	-150.375	-34.240	0.1982
49	10	tracking	-846.455765	68.803137	-262.553647	-150.375	-26.407	0.1265
49	11	tracking	-846.143186	68.838039	-263.043428	-150.375	-18.573	0.1174
49	12	tracking	-845.825329	68.873481	-263.507761	-125.375	-26.573	0.1160
49	13	tracking	-845.498286	68.909991	-263.929506	-100.375	-34.573	0.1161
49	14	tracking	-845.167706	68.945133	-264.295057	-75.375	-42.573	0.2003
49	15	tracking	-844.845456	68.973460	-264.597824	-50.375	-50.573	0.1159
49	16	tracking	-844.531625	68.993201	-264.846534	-51.747	-42.740	0.2675
49	17	tracking	-844.237287	69.003783	-265.038935	-26.747	-34.740	0.2689
49	18	tracking	-843.961212	69.004182	-265.182944	-26.747	-26.740	0.2139
49	19	tracking	-843.702515	68.993313	-265.286028	-26.747	-25.689	0.2127
49	20	tracking	-843.471178	68.971486	-265.350391	-1.747	-17.689	0.2394
49	21	tracking	-843.275360	68.938043	-265.383758	23.253	-9.689	0.2539
49	22	tracking	-843.115290	68.893237	-265.394972	37.878	-7.940	0.0973
49	23	tracking	-842.985475	68.837726	-265.388499	37.878	-7.940	0.1074
49	24	tracking	-842.885999	68.771019	-265.374439	62.878	-15.940	0.0904
49	25	tracking	-842.811890	68.689386	-265.355999	67.848	-23.940	0.0776
49	26	tracking	-842.758565	68.586754	-265.334395	67.848	-31.940	0.0749
49	27	tracking	-842.722258	68.455463	-265.310585	67.848	-39.940	0.0738
49	28	tracking	-842.697201	68.287884	-265.281508	42.848	-47.168	0.0752
49	29	tracking	-842.678506	68.085923	-265.244320	17.848	-47.168	0.0734
49	30	tracking	-842.660169	67.852122	-265.197789	-7.152	-47.168	0.0825
49	31	tracking	-842.635621	67.589333	-265.143270	-32.152	-47.168	0.0686
49	32	tracking	-842.612061	67.289073	-265.081234	-7.152	-55.168	0.0684
49	33	tracking	-842.595573	66.952835	-265.011968	17.848	-55.963	0.0729
49	34	tracking	-842.585800	66.582948	-264.934983	17.848	-55.963	0.0658
49	35	landing	-842.592411	66.194240	-264.849873	42.848	-47.963	0.0338
49	36	landing	-842.614515	65.788637	-264.756561	42.848	-47.963	0.0151
50	0	corrected	-850.715562	68.934507	-257.059905	-138.104	-4.000	4.2738
50	1	tracking	-850.078270	68.888723	-257.605433	-163.104	1.163	0.1488
50	2	tracking	-849.522475	68.842385	-258.175991	171.896	-6.837	0.1246
50	3	tracking	-849.061017	68.805538	-258.754051	154.157	-14.837	0.1299
50	4	tracking	-848.650956	68.782466	-259.337075	179.074	-22.837	0.1336
50	5	tracking	-848.260625	68.774888	-259.912653	-156.010	-30.837	0.1161
50	6	tracking	-847.892458	68.782487	-260.477731	-158.686	-38.837	0.1218
50	7	tracking	-847.527238	68.802829	-261.016834	-133.769	-45.542	0.1159
50	8	tracking	-847.176749	68.832932	-261.540686	-150.042	-42.073	0.1093
50	9	tracking	-846.839409	68.869300	-262.051054	-150.125	-34.240	0.1156
50	10	tracking	-846.513564	68.907839	-262.549938	-150.208	-26.407	0.1267
50	11	tracking	-846.197353	68.943851	-263.039805	-150.292	-18.573	0.1055
50	12	tracking	-845.876123	68.980493	-263.504313	-125.375	-26.573	0.1161
50	13	tracking	-845.545985	69.018248	-263.926231	-100.375	-34.573	0.1123
50	14	tracking	-845.212559	69.054715	-264.291911	-75.375	-42.573	0.1443
50	15	tracking	-844.887699	69.084483	-264.594733	-50.375	-50.573	0.1056
50	16	tracking	-844.571484	69.105726	-264.843444	-51.747	-42.740	0.1087
50	17	tracking	-844.274994	69.117814	-265.035796	-26.747	-34.740	0.1103
50	18	tracking	-843.996985	69.119672	-265.179725	-26.747	-26.740	0.0931
50	19	tracking	-843.736548	69.110208	-265.282707	-26.747	-25.689	0.1006
50	20	tracking	-843.503661	69.089692	-265.346953	-1.747	-17.689	0.1143
50	21	tracking	-843.306471	69.057441	-265.380195	23.253	-9.689	0.0891
50	22	tracking	-843.145191	69.013712	-265.391281	37.878	-7.940	0.0999
50	23	tracking	-843.014309	68.959172	-265.384679	37.878	-7.940	0.1381
50	24	tracking	-842.913896	68.893367	-265.370498	62.878	-15.940	0.0892
50	25	tracking	-842.838965	68.812591	-265.351944	67.848	-23.940	0.0869
50	26	tracking	-842.784918	68.710794	-265.330235	67.848	-31.940	0.0712
50	27	tracking	-842.747976	68.580331	-265.306327	67.848	-39.940	0.0735
50	28	tracking	-842.722359	68.413578	-265.277157	42.848	-47.168	0.0676
50	29	tracking	-842.703166	68.212430	-265.239889	17.848	-47.168	0.0667
50	30	tracking	-842.684385	67.979417	-265.193297	-7.152	-47.168	0.0698
50	31	tracking	-842.659451	67.717385	-265.138738	-32.152	-47.168	0.0729
50	32	tracking	-842.635547	67.417861	-265.076675	-7.152	-55.168	0.0737
50	33	tracking	-842.618751	67.082339	-265.007394	17.848	-55.963	0.0777
50	34	tracking	-842.608698	66.713140	-264.930409	17.848	-55.963	0.0768
50	35	tracking	-842.605076	66.312632	-264.845246	17.848	-55.963	0.0529
50	36	landing	-842.618377	65.895972	-264.751546	42.848	-47.963	0.0327
51	0	corrected	-850.616709	68.934507	-257.060916	-139.104	-4.000	2.8717
51	1	tracking	-849.981949	68.888723	-257.607758	-164.104	1.163	0.1632
51	2	tracking	-849.429866	68.842369	-258.179164	170.896	-6.837	0.1439
51	3	tracking	-848.972546	68.805445	-258.757374	153.407	-14.837	0.1263
51	4	tracking	-848.566957	68.782183	-259.340311	178.407	-22.837	0.1306
51	5	tracking	-848.181262	68.774264	-259.915879	-156.593	-30.837	0.1192
51	6	tracking	-847.817748	68.781345	-260.480955	-159.186	-38.837	0.1102
51	7	tracking	-847.457051	68.800977	-261.020212	-134.186	-45.542	0.1264
51	8	tracking	-847.110916	68.830221	-261.544219	-150.375	-42.073	0.1274
51	9	tracking	-846.777709	68.865643	-262.054724	-150.375	-34.240	0.1164
51	10	tracking	-846.455765	68.903137	-262.553647	-150.375	-26.407	0.1286
51	11	tracking	-846.143186	68.938039	-263.043428	-150.375	-18.573	0.1175
51	12	tracking	-845.825329	68.973481	-263.507761	-125.375	-26.573	0.0953
51	13	tracking	-845.498286	69.009991	-263.929506	-100.375	-34.573	0.1049
51	14	tracking	-845.167706	69.045133	-264.295057	-75.375	-42.573	0.0977
51	15	tracking	-844.845456	69.073460	-264.597824	-50.375	-50.573	0.1118
51	16	tracking	-844.531625	69.093201	-264.846534	-51.747	-42.740	0.0955
51	17	tracking	-844.237287	69.103783	-265.038935	-26.747	-34.740	0.0945
51	18	tracking	-843.961212	69.104182	-265.182944	-26.747	-26.740	0.1088
51	19	tracking	-843.702515	69.093313	-265.286028	-26.747	-25.689	0.1013
51	20	tracking	-843.471178	69.071486	-265.350391	-1.747	-17.689	0.1334
51	21	tracking	-843.275360	69.038043	-265.383758	23.253	-9.689	0.1016
51	22	tracking	-843.115290	68.993237	-265.394972	37.878	-7.940	0.0919
51	23	tracking	-842.985475	68.937726	-265.388499	37.878	-7.940	0.1048
51	24	tracking	-842.885999	68.871019	-265.374439	62.878	-15.940	0.1031
51	25	tracking	-842.811890	68.789386	-265.355999	67.848	-23.940	0.0801
51	26	tracking	-842.758565	68.686754	-265.334395	67.848	-31.940	0.0982
51	27	tracking	-842.722258	68.555463	-265.310585	67.848	-39.940	0.1182
51	28	tracking	-842.697201	68.387884	-265.281508	42.848	-47.168	0.1173
51	29	tracking	-842.678506	68.185923	-265.244320	17.848	-47.168	0.1039
51	30	tracking	-842.660169	67.952122	-265.197789	-7.152	-47.168	0.0803
51	31	tracking	-842.635621	67.689333	-265.143270	-32.152	-47.168	0.0771
51	32	tracking	-842.612061	67.389073	-265.081234	-7.152	-55.168	0.0930
51	33	tracking	-842.595573	67.052835	-265.011968	17.848	-55.963	0.0913
51	34	tracking	-842.585800	66.682948	-264.934983	17.848	-55.963	0.1029
51	35	landing	-842.592411	66.294240	-264.849873	42.848	-47.963	0.0162
51	36	landing	-842.614515	65.888637	-264.756561	42.848	-47.963	0.0140
52	0	corrected	-850.716709	68.834507	-256.960916	-139.104	-4.000	9.9801
52	1	tracking	-850.081949	68.788464	-257.507761	-164.104	4.000	0.1168
52	2	tracking	-849.530267	68.733816	-258.081679	170.896	-2.003	0.0827
52	3	tracking	-849.074749	68.683499	-258.665015	153.407	-10.003	0.0905
52	4	tracking	-848.670864	68.644407	-259.255988	178.407	-18.003	0.0845
52	5	tracking	-848.285275	68.620151	-259.841978	-156.593	-26.003	0.0708
52	6	tracking	-847.920635	68.611845	-260.419547	-159.186	-34.003	0.0666
52	7	tracking	-847.556986	68.618096	-260.971830	-134.186	-42.003	0.1881
52	8	tracking	-847.207118	68.635867	-261.509384	-150.375	-40.073	0.1834
52	9	tracking	-846.869492	68.661369	-262.033878	-150.375	-32.740	0.1252
52	10	tracking	-846.542658	68.689950	-262.546942	-150.375	-25.407	0.1781
52	11	tracking	-846.225003	68.716373	-263.050586	-150.375	-18.073	0.1132
52	12	tracking	-845.901209	68.744548	-263.528276	-125.375	-26.073	0.0655
52	13	tracking	-845.567205	68.775375	-263.962229	-100.375	-34.073	0.0610
52	14	tracking	-845.229039	68.806484	-264.338295	-75.375	-42.073	0.0567
52	15	tracking	-844.899131	68.832418	-264.649687	-50.375	-50.073	0.0453
52	16	tracking	-844.577713	68.850918	-264.905479	-51.747	-42.740	0.0528
52	17	tracking	-844.276213	68.861106	-265.103396	-26.747	-34.740	0.0525
52	18	tracking	-843.993408	68.861659	-265.251627	-26.747	-26.740	0.0467
52	19	tracking	-843.728422	68.851358	-265.357893	-26.747	-25.689	0.0342
52	20	tracking	-843.491464	68.830305	-265.424517	-1.747	-17.689	0.0402
52	21	tracking	-843.290834	68.797675	-265.459446	23.253	-9.689	0.0320
52	22	tracking	-843.126720	68.753674	-265.471736	37.878	-7.940	0.0381
52	23	tracking	-842.993497	68.698945	-265.465971	37.878	-7.940	0.0366
52	24	tracking	-842.891195	68.633050	-265.452435	62.878	-15.940	0.0290
52	25	tracking	-842.814725	68.552285	-265.434397	67.848	-23.940	0.0366
52	26	tracking	-842.759409	68.450589	-265.413107	67.848	-31.940	0.0276
52	27	tracking	-842.721404	68.320301	-265.389544	67.848	-39.940	0.0327
52	28	tracking	-842.694870	68.153778	-265.360649	42.848	-47.168	0.0236
52	29	tracking	-842.674866	67.952883	-265.323606	17.848	-47.168	0.0308
52	30	tracking	-842.655363	67.720122	-265.277213	-7.152	-47.168	0.0376
52	31	tracking	-842.629787	67.458334	-265.222834	-32.152	-47.168	0.0208
52	32	tracking	-842.605312	67.159053	-265.160931	-7.152	-55.168	0.0720
52	33	tracking	-842.588005	66.823767	-265.091795	17.848	-55.963	0.0249
52	34	landing	-842.578925	66.466858	-265.010505	17.848	-47.963	0.0211
52	35	landing	-842.577673	66.090688	-264.916837	17.848	-47.963	0.0147
52	36	landing	-842.583896	65.697596	-264.810587	17.848	-47.963	0.0129
53	0	corrected	-850.616709	68.834507	-256.960916	-139.104	-4.000	8.8890
53	1	tracking	-849.981949	68.788464	-257.507761	-164.104	4.000	0.1015
53	2	tracking	-849.430267	68.733816	-258.081679	170.896	-2.003	0.0813
53	3	tracking	-848.974749	68.683499	-258.665015	153.407	-10.003	0.1564
53	4	tracking	-848.570864	68.644407	-259.255988	178.407	-18.003	0.0779
53	5	tracking	-848.185275	68.620151	-259.841978	-156.593	-26.003	0.0772
53	6	tracking	-847.820635	68.611845	-260.419547	-159.186	-34.003	0.0611
53	7	tracking	-847.456986	68.618096	-260.971830	-134.186	-42.003	0.0712
53	8	tracking	-847.107118	68.635867	-261.509384	-150.375	-40.073	0.0823
53	9	tracking	-846.769492	68.661369	-262.033878	-150.375	-32.740	0.0492
53	10	tracking	-846.442658	68.689950	-262.546942	-150.375	-25.407	0.0553
53	11	tracking	-846.125003	68.716373	-263.050586	-150.375	-18.073	0.0598
53	12	tracking	-845.801209	68.744548	-263.528276	-125.375	-26.073	0.0483
53	13	tracking	-845.467205	68.775375	-263.962229	-100.375	-34.073	0.0388
53	14	tracking	-845.129039	68.806484	-264.338295	-75.375	-42.073	0.0493
53	15	tracking	-844.799131	68.832418	-264.649687	-50.375	-50.073	0.0473
53	16	tracking	-844.477713	68.850918	-264.905479	-51.747	-42.740	0.0331
53	17	tracking	-844.176213	68.861106	-265.103396	-26.747	-34.740	0.0405
53	18	tracking	-843.893408	68.861659	-265.251627	-26.747	-26.740	0.1617
53	19	tracking	-843.628422	68.851358	-265.357893	-26.747	-25.689	0.0780
53	20	tracking	-843.391464	68.830305	-265.424517	-1.747	-17.689	0.0928
53	21	tracking	-843.190834	68.797675	-265.459446	23.253	-9.689	0.0559
53	22	tracking	-843.026720	68.753674	-265.471736	37.878	-7.940	0.0879
53	23	tracking	-842.893497	68.698945	-265.465971	37.878	-7.940	0.0706
53	24	tracking	-842.791195	68.633050	-265.452435	62.878	-15.940	0.0279
53	25	tracking	-842.714725	68.552285	-265.434397	67.848	-23.940	0.0412
53	26	tracking	-842.659409	68.450589	-265.413107	67.848	-31.940	0.0213
53	27	tracking	-842.621404	68.320301	-265.389544	67.848	-39.940	0.0343
53	28	tracking	-842.594870	68.153778	-265.360649	42.848	-47.168	0.0184
53	29	tracking	-842.574866	67.952883	-265.323606	17.848	-47.168	0.0174
53	30	tracking	-842.555363	67.720122	-265.277213	-7.152	-47.168	0.0299
53	31	tracking	-842.529787	67.458334	-265.222834	-32.152	-47.168	0.0197
53	32	tracking	-842.505312	67.159053	-265.160931	-7.152	-55.168	0.0223
53	33	tracking	-842.488005	66.823767	-265.091795	17.848	-55.963	0.1032
53	34	landing	-842.478925	66.466858	-265.010505	17.848	-47.963	0.0174
53	35	landing	-842.477673	66.090688	-264.916837	17.848	-47.963	0.0116
53	36	landing	-842.483896	65.697596	-264.810587	17.848	-47.963	0.0083
54	0	corrected	-850.716709	68.934507	-256.960916	-139.104	-4.000	9.9190
54	1	tracking	-850.081949	68.888464	-257.507761	-164.104	4.000	0.1315
54	2	tracking	-849.530267	68.833816	-258.081679	170.896	-2.003	0.1243
54	3	tracking	-849.074749	68.783499	-258.665015	153.407	-10.003	0.0891
54	4	tracking	-848.670864	68.744407	-259.255988	178.407	-18.003	0.1769
54	5	tracking	-848.285275	68.720151	-259.841978	-156.593	-26.003	0.1246
54	6	tracking	-847.920635	68.711845	-260.419547	-159.186	-34.003	0.0906
54	7	tracking	-847.556986	68.718096	-260.971830	-134.186	-42.003	0.0739
54	8	tracking	-847.207118	68.735867	-261.509384	-150.375	-40.073	0.0712
54	9	tracking	-846.869492	68.761369	-262.033878	-150.375	-32.740	0.0604
54	10	tracking	-846.542658	68.789950	-262.546942	-150.375	-25.407	0.0551
54	11	tracking	-846.225003	68.816373	-263.050586	-150.375	-18.073	0.1042
54	12	tracking	-845.901209	68.844548	-263.528276	-125.375	-26.073	0.0618
54	13	tracking	-845.567205	68.875375	-263.962229	-100.375	-34.073	0.0589
54	14	tracking	-845.229039	68.906484	-264.338295	-75.375	-42.073	0.0657
54	15	tracking	-844.899131	68.932418	-264.649687	-50.375	-50.073	0.0516
54	16	tracking	-844.577713	68.950918	-264.905479	-51.747	-42.740	0.0612
54	17	tracking	-844.276213	68.961106	-265.103396	-26.747	-34.740	0.0595
54	18	tracking	-843.993408	68.961659	-265.251627	-26.747	-26.740	0.0604
54	19	tracking	-843.728422	68.951358	-265.357893	-26.747	-25.689	0.0436
54	20	tracking	-843.491464	68.930305	-265.424517	-1.747	-17.689	0.0486
54	21	tracking	-843.290834	68.897675	-265.459446	23.253	-9.689	0.0466
54	22	tracking	-843.126720	68.853674	-265.471736	37.878	-7.940	0.0438
54	23	tracking	-842.993497	68.798945	-265.465971	37.878	-7.940	0.0408
54	24	tracking	-842.891195	68.733050	-265.452435	62.878	-15.940	0.0363
54	25	tracking	-842.814725	68.652285	-265.434397	67.848	-23.940	0.0399
54	26	tracking	-842.759409	68.550589	-265.413107	67.848	-31.940	0.0301
54	27	tracking	-842.721404	68.420301	-265.389544	67.848	-39.940	0.0395
54	28	tracking	-842.694870	68.253778	-265.360649	42.848	-47.168	0.0285
54	29	tracking	-842.674866	68.052883	-265.323606	17.848	-47.168	0.0575
54	30	tracking	-842.655363	67.820122	-265.277213	-7.152	-47.168	0.0254
54	31	tracking	-842.629787	67.558334	-265.222834	-32.152	-47.168	0.0244
54	32	tracking	-842.605312	67.259053	-265.160931	-7.152	-55.168	0.0294
54	33	tracking	-842.588005	66.923767	-265.091795	17.848	-55.963	0.0356
54	34	landing	-842.578925	66.566858	-265.010505	17.848	-47.963	0.0161
54	35	landing	-842.577673	66.190688	-264.916837	17.848	-47.963	0.0269
54	36	landing	-842.583896	65.797596	-264.810587	17.848	-47.963	0.0133
55	0	corrected	-850.616709	68.934507	-256.960916	-139.104	-4.000	9.9641
55	1	tracking	-849.981949	68.888464	-257.507761	-164.104	4.000	0.0964
55	2	tracking	-849.430267	68.833816	-258.081679	170.896	-2.003	0.0811
55	3	tracking	-848.974749	68.783499	-258.665015	153.407	-10.003	0.0765
55	4	tracking	-848.570864	68.744407	-259.255988	178.407	-18.003	0.0727
55	5	tracking	-848.185275	68.720151	-259.841978	-156.593	-26.003	0.0735
55	6	tracking	-847.820635	68.711845	-260.419547	-159.186	-34.003	0.0681
55	7	tracking	-847.456986	68.718096	-260.971830	-134.186	-42.003	0.0662
55	8	tracking	-847.107118	68.735867	-261.509384	-150.375	-40.073	0.0695
55	9	tracking	-846.769492	68.761369	-262.033878	-150.375	-32.740	0.0542
55	10	tracking	-846.442658	68.789950	-262.546942	-150.375	-25.407	0.1572
55	11	tracking	-846.125003	68.816373	-263.050586	-150.375	-18.073	0.0862
55	12	tracking	-845.801209	68.844548	-263.528276	-125.375	-26.073	0.0542
55	13	tracking	-845.467205	68.875375	-263.962229	-100.375	-34.073	0.0411
55	14	tracking	-845.129039	68.906484	-264.338295	-75.375	-42.073	0.0455
55	15	tracking	-844.799131	68.932418	-264.649687	-50.375	-50.073	0.0445
55	16	tracking	-844.477713	68.950918	-264.905479	-51.747	-42.740	0.0353
55	17	tracking	-844.176213	68.961106	-265.103396	-26.747	-34.740	0.0533
55	18	tracking	-843.893408	68.961659	-265.251627	-26.747	-26.740	0.0478
55	19	tracking	-843.628422	68.951358	-265.357893	-26.747	-25.689	0.0323
55	20	tracking	-843.391464	68.930305	-265.424517	-1.747	-17.689	0.0376
55	21	tracking	-843.190834	68.897675	-265.459446	23.253	-9.689	0.0281
55	22	tracking	-843.026720	68.853674	-265.471736	37.878	-7.940	0.0346
55	23	tracking	-842.893497	68.798945	-265.465971	37.878	-7.940	0.0256
55	24	tracking	-842.791195	68.733050	-265.452435	62.878	-15.940	0.0242
55	25	tracking	-842.714725	68.652285	-265.434397	67.848	-23.940	0.0246
55	26	tracking	-842.659409	68.550589	-265.413107	67.848	-31.940	0.0223
55	27	tracking	-842.621404	68.420301	-265.389544	67.848	-39.940	0.0287
55	28	tracking	-842.594870	68.253778	-265.360649	42.848	-47.168	0.0194
55	29	tracking	-842.574866	68.052883	-265.323606	17.848	-47.168	0.0189
55	30	tracking	-842.555363	67.820122	-265.277213	-7.152	-47.168	0.0248
55	31	tracking	-842.529787	67.558334	-265.222834	-32.152	-47.168	0.0157
55	32	tracking	-842.505312	67.259053	-265.160931	-7.152	-55.168	0.0137
55	33	tracking	-842.488005	66.923767	-265.091795	17.848	-55.963	0.0208
55	34	landing	-842.478925	66.566858	-265.010505	17.848	-47.963	0.0104
55	35	landing	-842.477673	66.190688	-264.916837	17.848	-47.963	0.0093
55	36	landing	-842.483896	65.797596	-264.810587	17.848	-47.963	0.0086
56	0	tracking	-850.678997	68.834794	-257.063308	-139.104	-4.000	0.6459
56	1	tracking	-850.009883	68.790584	-257.614926	-164.104	-0.670	0.2301
56	2	tracking	-849.427453	68.749000	-258.192225	170.896	-8.670	0.1608
56	3	tracking	-848.943531	68.719300	-258.776562	153.407	-16.670	0.1440
56	4	tracking	-848.514255	68.704942	-259.365431	178.407	-24.670	0.1734
56	5	tracking	-848.107379	68.707082	-259.946458	-156.593	-32.670	0.1345
56	6	tracking	-847.724965	68.725037	-260.516470	-159.186	-40.670	0.1140
56	7	tracking	-847.347185	68.756111	-261.060362	-134.186	-46.375	0.1126
56	8	tracking	-846.985700	68.797133	-261.588727	-150.375	-42.740	0.1120
56	9	tracking	-846.638714	68.844402	-262.103292	-150.375	-34.740	0.1168
56	10	tracking	-846.304098	68.894250	-262.606528	-150.375	-26.740	0.1167
56	11	tracking	-845.979800	68.941787	-263.100904	-150.375	-18.740	0.1161
56	12	tracking	-845.650855	68.990240	-263.569790	-125.375	-26.740	0.1122
56	13	tracking	-845.313430	69.039973	-263.995685	-100.375	-34.740	0.1737
56	14	tracking	-844.973452	69.088285	-264.364894	-75.375	-42.740	0.1071
56	15	tracking	-844.642718	69.129828	-264.670829	-50.375	-50.740	0.1115
56	16	tracking	-844.321335	69.162534	-264.922367	-51.747	-42.740	0.0998
56	17	tracking	-844.020346	69.185513	-265.117445	-26.747	-34.740	0.1003
56	18	tracking	-843.738479	69.197489	-265.264104	-26.747	-26.740	0.0891
56	19	tracking	-843.474760	69.197390	-265.369824	-26.747	-25.689	0.0854
56	20	tracking	-843.238959	69.185375	-265.436908	-1.747	-17.689	0.0841
56	21	tracking	-843.039014	69.160720	-265.473050	23.253	-9.689	0.0824
56	22	tracking	-842.875058	69.123759	-265.487005	37.878	-7.940	0.0830
56	23	tracking	-842.741595	69.075253	-265.483212	37.878	-7.940	0.0792
56	24	tracking	-842.638636	69.014899	-265.471659	62.878	-15.940	0.0823
56	25	tracking	-842.561231	68.939131	-265.455531	67.848	-23.940	0.0885
56	26	tracking	-842.504822	68.842012	-265.436048	67.848	-31.940	0.0787
56	27	tracking	-842.465651	68.715979	-265.414174	67.848	-39.940	0.0774
56	28	tracking	-842.437965	68.553448	-265.386904	42.848	-47.168	0.0849
56	29	tracking	-842.416877	68.356249	-265.351491	17.848	-47.168	0.0756
56	30	tracking	-842.396434	68.126862	-265.306765	-7.152	-47.168	0.0758
56	31	tracking	-842.370140	67.868121	-265.254060	-32.152	-47.168	0.0751
56	32	tracking	-842.345045	67.571607	-265.193819	-7.152	-55.168	0.0716
56	33	tracking	-842.327135	67.238811	-265.126324	17.848	-55.963	0.0681
56	34	landing	-842.325107	66.884099	-265.051170	42.848	-47.963	0.0191
56	35	landing	-842.338087	66.509369	-264.968265	42.848	-47.963	0.0154
56	36	landing	-842.365415	66.116716	-264.877403	42.848	-47.963	0.0148
56	37	landing	-842.406554	65.708306	-264.778344	42.848	-47.963	0.0133
57	0	tracking	-850.578997	68.834794	-257.063308	-139.104	-4.000	0.1969
57	1	tracking	-849.909883	68.790584	-257.614926	-164.104	-0.670	0.1507
57	2	tracking	-849.327453	68.749000	-258.192225	170.896	-8.670	0.1447
57	3	tracking	-848.843531	68.719300	-258.776562	153.407	-16.670	0.1405
57	4	tracking	-848.414255	68.704942	-259.365431	178.407	-24.670	0.2405
57	5	tracking	-848.007379	68.707082	-259.946458	-156.593	-32.670	0.3110
57	6	tracking	-847.624965	68.725037	-260.516470	-159.186	-40.670	0.3330
57	7	tracking	-847.247185	68.756111	-261.060362	-134.186	-46.375	0.1575
57	8	tracking	-846.885700	68.797133	-261.588727	-150.375	-42.740	0.1318
57	9	tracking	-846.538714	68.844402	-262.103292	-150.375	-34.740	0.1235
57	10	tracking	-846.204098	68.894250	-262.606528	-150.375	-26.740	0.1183
57	11	tracking	-845.879800	68.941787	-263.100904	-150.375	-18.740	0.1170
57	12	tracking	-845.550855	68.990240	-263.569790	-125.375	-26.740	0.1177
57	13	tracking	-845.213430	69.039973	-263.995685	-100.375	-34.740	0.1099
57	14	tracking	-844.873452	69.088285	-264.364894	-75.375	-42.740	0.1092
57	15	tracking	-844.542718	69.129828	-264.670829	-50.375	-50.740	0.1152
57	16	tracking	-844.221335	69.162534	-264.922367	-51.747	-42.740	0.2526
57	17	tracking	-843.920346	69.185513	-265.117445	-26.747	-34.740	0.2596
57	18	tracking	-843.638479	69.197489	-265.264104	-26.747	-26.740	0.2293
57	19	tracking	-843.374760	69.197390	-265.369824	-26.747	-25.689	0.2299
57	20	tracking	-843.138959	69.185375	-265.436908	-1.747	-17.689	0.2289
57	21	tracking	-842.939014	69.160720	-265.473050	23.253	-9.689	0.2114
57	22	tracking	-842.775058	69.123759	-265.487005	37.878	-7.940	0.2409
57	23	tracking	-842.641595	69.075253	-265.483212	37.878	-7.940	0.1024
57	24	tracking	-842.538636	69.014899	-265.471659	62.878	-15.940	0.0859
57	25	tracking	-842.461231	68.939131	-265.455531	67.848	-23.940	0.0833
57	26	tracking	-842.404822	68.842012	-265.436048	67.848	-31.940	0.0847
57	27	tracking	-842.365651	68.715979	-265.414174	67.848	-39.940	0.0807
57	28	tracking	-842.337965	68.553448	-265.386904	42.848	-47.168	0.0801
57	29	tracking	-842.316877	68.356249	-265.351491	17.848	-47.168	0.0786
57	30	tracking	-842.296434	68.126862	-265.306765	-7.152	-47.168	0.0788
57	31	tracking	-842.270140	67.868121	-265.254060	-32.152	-47.168	0.0776
57	32	tracking	-842.245045	67.571607	-265.193819	-7.152	-55.168	0.0757
57	33	tracking	-842.227135	67.238811	-265.126324	17.848	-55.963	0.0717
57	34	landing	-842.225107	66.884099	-265.051170	42.848	-47.963	0.0205
57	35	landing	-842.238087	66.509369	-264.968265	42.848	-47.963	0.0166
57	36	landing	-842.265415	66.116716	-264.877403	42.848	-47.963	0.0187
57	37	landing	-842.306554	65.708306	-264.778344	42.848	-47.963	0.0145
58	0	tracking	-850.678997	68.934794	-257.063308	-139.104	-4.000	0.2003
58	1	tracking	-850.009883	68.890584	-257.614926	-164.104	-0.670	0.1684
58	2	tracking	-849.427453	68.849000	-258.192225	170.896	-8.670	0.1454
58	3	tracking	-848.943531	68.819300	-258.776562	153.407	-16.670	0.1410
58	4	tracking	-848.514255	68.804942	-259.365431	178.407	-24.670	0.1296
58	5	tracking	-848.107379	68.807082	-259.946458	-156.593	-32.670	0.1237
58	6	tracking	-847.724965	68.825037	-260.516470	-159.186	-40.670	0.1209
58	7	tracking	-847.347185	68.856111	-261.060362	-134.186	-46.375	0.1182
58	8	tracking	-846.985700	68.897133	-261.588727	-150.375	-42.740	0.1165
58	9	tracking	-846.638714	68.944402	-262.103292	-150.375	-34.740	0.1157
58	10	tracking	-846.304098	68.994250	-262.606528	-150.375	-26.740	0.1107
58	11	tracking	-845.979800	69.041787	-263.100904	-150.375	-18.740	0.1079
58	12	tracking	-845.650855	69.090240	-263.569790	-125.375	-26.740	0.1124
58	13	tracking	-845.313430	69.139973	-263.995685	-100.375	-34.740	0.1021
58	14	tracking	-844.973452	69.188285	-264.364894	-75.375	-42.740	0.0968
58	15	tracking	-844.642718	69.229828	-264.670829	-50.375	-50.740	0.0944
58	16	tracking	-844.321335	69.262534	-264.922367	-51.747	-42.740	0.0944
58	17	tracking	-844.020346	69.285513	-265.117445	-26.747	-34.740	0.0989
58	18	tracking	-843.738479	69.297489	-265.264104	-26.747	-26.740	0.0897
58	19	tracking	-843.474760	69.297390	-265.369824	-26.747	-25.689	0.0911
58	20	tracking	-843.238959	69.285375	-265.436908	-1.747	-17.689	0.0840
58	21	tracking	-843.039014	69.260720	-265.473050	23.253	-9.689	0.0840
58	22	tracking	-842.875058	69.223759	-265.487005	37.878	-7.940	0.0828
58	23	tracking	-842.741595	69.175253	-265.483212	37.878	-7.940	0.0836
58	24	tracking	-842.638636	69.114899	-265.471659	62.878	-15.940	0.0810
58	25	tracking	-842.561231	69.039131	-265.455531	67.848	-23.940	0.4847
58	26	tracking	-842.504822	68.942012	-265.436048	67.848	-31.940	0.2278
58	27	tracking	-842.465651	68.815979	-265.414174	67.848	-39.940	0.1653
58	28	tracking	-842.437965	68.653448	-265.386904	42.848	-47.168	0.1057
58	29	tracking	-842.416877	68.456249	-265.351491	17.848	-47.168	0.0949
58	30	tracking	-842.396434	68.226862	-265.306765	-7.152	-47.168	0.0768
58	31	tracking	-842.370140	67.968121	-265.254060	-32.152	-47.168	0.0784
58	32	tracking	-842.345045	67.671607	-265.193819	-7.152	-55.168	0.0920
58	33	tracking	-842.327135	67.338811	-265.126324	17.848	-55.963	0.0836
58	34	landing	-842.325107	66.984099	-265.051170	42.848	-47.963	0.0223
58	35	landing	-842.338087	66.609369	-264.968265	42.848	-47.963	0.0164
58	36	landing	-842.365415	66.216716	-264.877403	42.848	-47.963	0.0154
58	37	landing	-842.406554	65.808306	-264.778344	42.848	-47.963	0.0146
59	0	tracking	-850.578997	68.934794	-257.063308	-139.104	-4.000	0.1925
59	1	tracking	-849.909883	68.890584	-257.614926	-164.104	-0.670	0.1509
59	2	tracking	-849.327453	68.849000	-258.192225	170.896	-8.670	0.1414
59	3	tracking	-848.843531	68.819300	-258.776562	153.407	-16.670	0.1463
59	4	tracking	-848.414255	68.804942	-259.365431	178.407	-24.670	0.1356
59	5	tracking	-848.007379	68.807082	-259.946458	-156.593	-32.670	0.1294
59	6	tracking	-847.624965	68.825037	-260.516470	-159.186	-40.670	0.1172
59	7	tracking	-847.247185	68.856111	-261.060362	-134.186	-46.375	0.1156
59	8	tracking	-846.885700	68.897133	-261.588727	-150.375	-42.740	0.1174
59	9	tracking	-846.538714	68.944402	-262.103292	-150.375	-34.740	0.1142
59	10	tracking	-846.204098	68.994250	-262.606528	-150.375	-26.740	0.1086
59	11	tracking	-845.879800	69.041787	-263.100904	-150.375	-18.740	0.1087
59	12	tracking	-845.550855	69.090240	-263.569790	-125.375	-26.740	0.1047
59	13	tracking	-845.213430	69.139973	-263.995685	-100.375	-34.740	0.1041
59	14	tracking	-844.873452	69.188285	-264.364894	-75.375	-42.740	0.1059
59	15	tracking	-844.542718	69.229828	-264.670829	-50.375	-50.740	0.0944
59	16	tracking	-844.221335	69.262534	-264.922367	-51.747	-42.740	0.0929
59	17	tracking	-843.920346	69.285513	-265.117445	-26.747	-34.740	0.0940
59	18	tracking	-843.638479	69.297489	-265.264104	-26.747	-26.740	0.0909
59	19	tracking	-843.374760	69.297390	-265.369824	-26.747	-25.689	0.0875
59	20	tracking	-843.138959	69.285375	-265.436908	-1.747	-17.689	0.0952
59	21	tracking	-842.939014	69.260720	-265.473050	23.253	-9.689	0.0927
59	22	tracking	-842.775058	69.223759	-265.487005	37.878	-7.940	0.0842
59	23	tracking	-842.641595	69.175253	-265.483212	37.878	-7.940	0.0842
59	24	tracking	-842.538636	69.114899	-265.471659	62.878	-15.940	0.0847
59	25	tracking	-842.461231	69.039131	-265.455531	67.848	-23.940	0.0826
59	26	tracking	-842.404822	68.942012	-265.436048	67.848	-31.940	0.0844
59	27	tracking	-842.365651	68.815979	-265.414174	67.848	-39.940	0.0806
59	28	tracking	-842.337965	68.653448	-265.386904	42.848	-47.168	0.0787
59	29	tracking	-842.316877	68.456249	-265.351491	17.848	-47.168	0.0774
59	30	tracking	-842.296434	68.226862	-265.306765	-7.152	-47.168	0.0771
59	31	tracking	-842.270140	67.968121	-265.254060	-32.152	-47.168	0.0763
59	32	tracking	-842.245045	67.671607	-265.193819	-7.152	-55.168	0.0741
59	33	tracking	-842.227135	67.338811	-265.126324	17.848	-55.963	0.0725
59	34	landing	-842.225107	66.984099	-265.051170	42.848	-47.963	0.0235
59	35	landing	-842.238087	66.609369	-264.968265	42.848	-47.963	0.0172
59	36	landing	-842.265415	66.216716	-264.877403	42.848	-47.963	0.0156
59	37	landing	-842.306554	65.808306	-264.778344	42.848	-47.963	0.0150
60	0	corrected	-850.678997	68.834794	-256.963308	-139.104	-4.000	2.9708
60	1	tracking	-850.009782	68.789263	-257.515283	-164.104	1.163	0.1932
60	2	tracking	-849.427439	68.743575	-258.094015	170.896	-6.837	0.0992
60	3	tracking	-848.944198	68.708093	-258.680830	153.407	-14.837	0.0811
60	4	tracking	-848.515565	68.687243	-259.273280	178.407	-22.837	0.0758
60	5	tracking	-848.108724	68.682870	-259.858743	-156.593	-30.837	0.0707
60	6	tracking	-847.725889	68.694795	-260.433895	-159.186	-38.837	0.0662
60	7	tracking	-847.347126	68.720644	-260.982957	-134.186	-45.542	0.0641
60	8	tracking	-846.984368	68.757180	-261.516628	-150.375	-42.073	0.0644
60	9	tracking	-846.635895	68.800480	-262.036543	-150.375	-34.240	0.0749
60	10	tracking	-846.299679	68.846601	-262.545027	-150.375	-26.407	0.0642
60	11	tracking	-845.973699	68.890590	-263.044531	-150.375	-18.573	0.0628
60	12	tracking	-845.642857	68.935803	-263.518269	-125.375	-26.573	0.0585
60	13	tracking	-845.303303	68.982708	-263.948567	-100.375	-34.573	0.0579
60	14	tracking	-844.961015	69.028710	-264.321592	-75.375	-42.573	0.0916
60	15	tracking	-844.627895	69.068550	-264.630655	-50.375	-50.573	0.0943
60	16	tracking	-844.304095	69.100007	-264.884752	-51.747	-42.740	0.0541
60	17	tracking	-844.000795	69.122094	-265.081797	-26.747	-34.740	0.0441
60	18	tracking	-843.716729	69.133435	-265.229930	-26.747	-26.740	0.0471
60	19	tracking	-843.450930	69.132907	-265.336725	-26.747	-25.689	0.0396
60	20	tracking	-843.213269	69.120599	-265.404527	-1.747	-17.689	0.0408
60	21	tracking	-843.011750	69.095726	-265.441116	23.253	-9.689	0.0435
60	22	tracking	-842.846496	69.058602	-265.455333	37.878	-7.940	0.0391
60	23	tracking	-842.711962	69.009974	-265.451665	37.878	-7.940	0.0403
60	24	tracking	-842.608142	68.949548	-265.440175	62.878	-15.940	0.0330
60	25	tracking	-842.530042	68.873758	-265.424074	67.848	-23.940	0.0317
60	26	tracking	-842.473065	68.776665	-265.404594	67.848	-31.940	0.0305
60	27	tracking	-842.433424	68.650699	-265.382708	67.848	-39.940	0.0297
60	28	tracking	-842.405339	68.488268	-265.355408	42.848	-47.168	0.0281
60	29	tracking	-842.383899	68.291191	-265.319950	17.848	-47.168	0.0269
60	30	tracking	-842.363143	68.061938	-265.275173	-7.152	-47.168	0.0258
60	31	tracking	-842.336565	67.803340	-265.222417	-32.152	-47.168	0.0231
60	32	tracking	-842.311217	67.506978	-265.162122	-7.152	-55.168	0.0229
60	33	tracking	-842.293084	67.174343	-265.094573	17.848	-55.963	0.0462
60	34	tracking	-842.281785	66.807744	-265.019298	17.848	-55.963	0.0350
60	35	tracking	-842.276999	66.409546	-264.935827	17.848	-55.963	0.0187
60	36	landing	-842.280119	65.994897	-264.838521	17.848	-47.963	0.0384
61	0	corrected	-850.578997	68.834794	-256.963308	-139.104	-4.000	2.7889
61	1	tracking	-849.909782	68.789263	-257.515283	-164.104	1.163	0.1133
61	2	tracking	-849.327439	68.743575	-258.094015	170.896	-6.837	0.0880
61	3	tracking	-848.844198	68.708093	-258.680830	153.407	-14.837	0.0824
61	4	tracking	-848.415565	68.687243	-259.273280	178.407	-22.837	0.0875
61	5	tracking	-848.008724	68.682870	-259.858743	-156.593	-30.837	0.0788
61	6	tracking	-847.625889	68.694795	-260.433895	-159.186	-38.837	0.0681
61	7	tracking	-847.247126	68.720644	-260.982957	-134.186	-45.542	0.0630
61	8	tracking	-846.884368	68.757180	-261.516628	-150.375	-42.073	0.0632
61	9	tracking	-846.535895	68.800480	-262.036543	-150.375	-34.240	0.0665
61	10	tracking	-846.199679	68.846601	-262.545027	-150.375	-26.407	0.0602
61	11	tracking	-845.873699	68.890590	-263.044531	-150.375	-18.573	0.0591
61	12	tracking	-845.542857	68.935803	-263.518269	-125.375	-26.573	0.0580
61	13	tracking	-845.203303	68.982708	-263.948567	-100.375	-34.573	0.0562
61	14	tracking	-844.861015	69.028710	-264.321592	-75.375	-42.573	0.0510
61	15	tracking	-844.527895	69.068550	-264.630655	-50.375	-50.573	0.0495
61	16	tracking	-844.204095	69.100007	-264.884752	-51.747	-42.740	0.0488
61	17	tracking	-843.900795	69.122094	-265.081797	-26.747	-34.740	0.0449
61	18	tracking	-843.616729	69.133435	-265.229930	-26.747	-26.740	0.0442
61	19	tracking	-843.350930	69.132907	-265.336725	-26.747	-25.689	0.0497
61	20	tracking	-843.113269	69.120599	-265.404527	-1.747	-17.689	0.0407
61	21	tracking	-842.911750	69.095726	-265.441116	23.253	-9.689	0.0377
61	22	tracking	-842.746496	69.058602	-265.455333	37.878	-7.940	0.0357
61	23	tracking	-842.611962	69.009974	-265.451665	37.878	-7.940	0.0342
61	24	tracking	-842.508142	68.949548	-265.440175	62.878	-15.940	0.0680
61	25	tracking	-842.430042	68.873758	-265.424074	67.848	-23.940	0.0432
61	26	tracking	-842.373065	68.776665	-265.404594	67.848	-31.940	0.0460
61	27	tracking	-842.333424	68.650699	-265.382708	67.848	-39.940	0.0415
61	28	tracking	-842.305339	68.488268	-265.355408	42.848	-47.168	0.0448
61	29	tracking	-842.283899	68.291191	-265.319950	17.848	-47.168	0.0334
61	30	tracking	-842.263143	68.061938	-265.275173	-7.152	-47.168	0.0384
61	31	tracking	-842.236565	67.803340	-265.222417	-32.152	-47.168	0.0241
61	32	tracking	-842.211217	67.506978	-265.162122	-7.152	-55.168	0.0314
61	33	tracking	-842.193084	67.174343	-265.094573	17.848	-55.963	0.0244
61	34	tracking	-842.181785	66.807744	-265.019298	17.848	-55.963	0.0287
61	35	tracking	-842.176999	66.409546	-264.935827	17.848	-55.963	0.0298
61	36	landing	-842.180119	65.994897	-264.838521	17.848	-47.963	0.0172
62	0	corrected	-850.678997	68.934794	-256.963308	-139.104	-4.000	6.5289
62	1	tracking	-850.009781	68.889128	-257.515285	-164.104	2.997	0.2025
62	2	tracking	-849.427596	68.840249	-258.095006	170.896	-5.003	0.1771
62	3	tracking	-848.945055	68.799651	-258.683818	153.407	-13.003	0.1739
62	4	tracking	-848.517082	68.772773	-259.279369	178.407	-21.003	0.1504
62	5	tracking	-848.110299	68.762185	-259.868818	-156.593	-29.003	0.1385
62	6	tracking	-847.727064	68.768250	-260.448711	-159.186	-37.003	0.1454
62	7	tracking	-847.347345	68.788992	-261.002580	-134.186	-44.708	0.1354
62	8	tracking	-846.983345	68.821117	-261.541220	-150.375	-41.407	0.1424
62	9	tracking	-846.633374	68.860587	-262.066250	-150.375	-33.740	0.1344
62	10	tracking	-846.295557	68.903096	-262.579761	-150.375	-26.073	0.1236
62	11	tracking	-845.967901	68.943640	-263.084183	-150.375	-18.407	0.1222
62	12	tracking	-845.635178	68.985698	-263.562579	-125.375	-26.407	0.1140
62	13	tracking	-845.293520	69.029845	-263.997104	-100.375	-34.407	0.1105
62	14	tracking	-844.948860	69.073696	-264.373766	-75.375	-42.407	0.1068
62	15	tracking	-844.613308	69.111974	-264.685806	-50.375	-50.407	0.1326
62	16	tracking	-844.287058	69.142307	-264.942332	-51.747	-42.740	0.1106
62	17	tracking	-843.981424	69.163612	-265.141240	-26.747	-34.740	0.0988
62	18	tracking	-843.695141	69.174416	-265.290763	-26.747	-26.740	0.0985
62	19	tracking	-843.427252	69.173546	-265.398568	-26.747	-25.689	0.1113
62	20	tracking	-843.187722	69.161020	-265.467038	-1.747	-17.689	0.1031
62	21	tracking	-842.984617	69.135998	-265.504035	23.253	-9.689	0.0943
62	22	tracking	-842.818052	69.098770	-265.518485	37.878	-7.940	0.1009
62	23	tracking	-842.682433	69.050073	-265.514918	37.878	-7.940	0.0977
62	24	tracking	-842.577737	68.989623	-265.503472	62.878	-15.940	0.0885
62	25	tracking	-842.498927	68.913855	-265.487381	67.848	-23.940	0.1017
62	26	tracking	-842.441366	68.816829	-265.467890	67.848	-31.940	0.0909
62	27	tracking	-842.401241	68.690969	-265.445980	67.848	-39.940	0.0847
62	28	tracking	-842.372743	68.528677	-265.418638	42.848	-47.168	0.0851
62	29	tracking	-842.350942	68.331760	-265.383126	17.848	-47.168	0.0813
62	30	tracking	-842.329861	68.102679	-265.338290	-7.152	-47.168	0.0819
62	31	tracking	-842.302992	67.844258	-265.285475	-32.152	-47.168	0.0792
62	32	tracking	-842.277382	67.548083	-265.225121	-7.152	-55.168	0.0779
62	33	tracking	-842.259018	67.215642	-265.157514	17.848	-55.963	0.0743
62	34	landing	-842.256585	66.861282	-265.082258	42.848	-47.963	0.0210
62	35	landing	-842.269201	66.486892	-264.999267	42.848	-47.963	0.0174
62	36	landing	-842.296197	66.094561	-264.908337	42.848	-47.963	0.0170
62	37	landing	-842.337031	65.686450	-264.809227	42.848	-47.963	0.0149
63	0	corrected	-850.578997	68.934794	-256.963308	-139.104	-4.000	5.5275
63	1	tracking	-849.909781	68.889128	-257.515285	-164.104	2.997	0.1531
63	2	tracking	-849.327596	68.840249	-258.095006	170.896	-5.003	0.1441
63	3	tracking	-848.845055	68.799651	-258.683818	153.407	-13.003	0.1382
63	4	tracking	-848.417082	68.772773	-259.279369	178.407	-21.003	0.1345
63	5	tracking	-848.010299	68.762185	-259.868818	-156.593	-29.003	0.1239
63	6	tracking	-847.627064	68.768250	-260.448711	-159.186	-37.003	0.1191
63	7	tracking	-847.247345	68.788992	-261.002580	-134.186	-44.708	0.1156
63	8	tracking	-846.883345	68.821117	-261.541220	-150.375	-41.407	0.1174
63	9	tracking	-846.533374	68.860587	-262.066250	-150.375	-33.740	0.1190
63	10	tracking	-846.195557	68.903096	-262.579761	-150.375	-26.073	0.1233
63	11	tracking	-845.867901	68.943640	-263.084183	-150.375	-18.407	0.1126
63	12	tracking	-845.535178	68.985698	-263.562579	-125.375	-26.407	0.1082
63	13	tracking	-845.193520	69.029845	-263.997104	-100.375	-34.407	0.1076
63	14	tracking	-844.848860	69.073696	-264.373766	-75.375	-42.407	0.1014
63	15	tracking	-844.513308	69.111974	-264.685806	-50.375	-50.407	0.1009
63	16	tracking	-844.187058	69.142307	-264.942332	-51.747	-42.740	0.0959
63	17	tracking	-843.881424	69.163612	-265.141240	-26.747	-34.740	0.0956
63	18	tracking	-843.595141	69.174416	-265.290763	-26.747	-26.740	0.0944
63	19	tracking	-843.327252	69.173546	-265.398568	-26.747	-25.689	0.0920
63	20	tracking	-843.087722	69.161020	-265.467038	-1.747	-17.689	0.0891
63	21	tracking	-842.884617	69.135998	-265.504035	23.253	-9.689	0.0904
63	22	tracking	-842.718052	69.098770	-265.518485	37.878	-7.940	0.0864
63	23	tracking	-842.582433	69.050073	-265.514918	37.878	-7.940	0.0868
63	24	tracking	-842.477737	68.989623	-265.503472	62.878	-15.940	0.0846
63	25	tracking	-842.398927	68.913855	-265.487381	67.848	-23.940	0.0842
63	26	tracking	-842.341366	68.816829	-265.467890	67.848	-31.940	0.0819
63	27	tracking	-842.301241	68.690969	-265.445980	67.848	-39.940	0.0809
63	28	tracking	-842.272743	68.528677	-265.418638	42.848	-47.168	0.0811
63	29	tracking	-842.250942	68.331760	-265.383126	17.848	-47.168	0.0873
63	30	tracking	-842.229861	68.102679	-265.338290	-7.152	-47.168	0.0818
63	31	tracking	-842.202992	67.844258	-265.285475	-32.152	-47.168	0.0757
63	32	tracking	-842.177382	67.548083	-265.225121	-7.152	-55.168	0.1921
63	33	tracking	-842.159018	67.215642	-265.157514	17.848	-55.963	0.0770
63	34	landing	-842.156585	66.861282	-265.082258	42.848	-47.963	0.0180
63	35	landing	-842.169201	66.486892	-264.999267	42.848	-47.963	0.0139
63	36	landing	-842.196197	66.094561	-264.908337	42.848	-47.963	0.0136
63	37	landing	-842.237031	65.686450	-264.809227	42.848	-47.963	0.0111
