0	0	tracking	-850.645964	68.867102	-257.032114	-139.104	-4.000	1.1307
0	1	tracking	-849.991601	68.807284	-257.601772	-164.104	-0.670	0.9160
0	2	tracking	-849.422535	68.751906	-258.196524	170.896	-8.670	0.8424
0	3	tracking	-848.951149	68.710040	-258.797665	153.407	-16.670	0.6954
0	4	tracking	-848.533079	68.685017	-259.402840	178.407	-24.670	0.7017
0	5	tracking	-848.135704	68.677907	-259.999512	-156.593	-32.670	0.7963
0	6	tracking	-847.761383	68.687936	-260.584443	-159.186	-40.670	0.7809
0	7	tracking	-847.390151	68.712344	-261.142272	-134.186	-46.375	0.8275
0	8	tracking	-847.101170	68.679832	-261.752899	-150.375	-42.740	0.6376
0	9	tracking	-846.772999	68.706563	-262.298382	-150.375	-34.740	0.4908
0	10	tracking	-846.454302	68.737608	-262.830652	-150.375	-26.740	0.5498
0	11	tracking	-846.143493	68.767366	-263.352119	-150.375	-18.740	0.4523
0	12	tracking	-845.825358	68.799474	-263.846002	-125.375	-26.740	0.4352
0	13	tracking	-845.495990	68.834728	-264.294458	-100.375	-34.740	0.6126
0	14	tracking	-845.161670	68.870618	-264.683371	-75.375	-42.740	0.4282
0	15	tracking	-844.835033	68.901538	-265.006080	-50.375	-50.740	0.3674
0	16	tracking	-844.516392	68.925131	-265.271849	-51.747	-42.740	0.3313
0	17	tracking	-844.217359	68.940269	-265.478637	-26.747	-34.740	0.2159
0	18	tracking	-843.936801	68.945449	-265.634871	-26.747	-26.740	0.1797
0	19	tracking	-843.673899	68.939416	-265.748430	-26.747	-25.689	0.1758
0	20	tracking	-843.438806	68.922198	-265.821820	-1.747	-17.689	0.1857
0	21	tracking	-843.239711	68.892964	-265.863071	23.253	-9.689	0.1716
0	22	tracking	-843.076765	68.851959	-265.881252	37.878	-7.940	0.1644
0	23	tracking	-842.944385	68.799868	-265.880988	37.878	-7.940	0.1576
0	24	tracking	-842.842564	68.736286	-265.872492	62.878	-15.940	0.1432
0	25	tracking	-842.766284	68.657546	-265.859043	67.848	-23.940	0.1714
0	26	tracking	-842.710934	68.557618	-265.841923	67.848	-31.940	0.1369
0	27	tracking	-842.672720	68.428853	-265.822149	67.848	-39.940	0.1372
0	28	tracking	-842.645872	68.263599	-265.796767	42.848	-47.168	0.1302
0	29	tracking	-842.625522	68.063679	-265.763061	17.848	-47.168	0.1383
0	30	tracking	-842.605740	67.831580	-265.719879	-7.152	-47.168	0.2640
0	31	tracking	-842.580040	67.570149	-265.668558	-32.152	-47.168	0.2199
0	32	tracking	-842.555478	67.270930	-265.609577	-7.152	-55.168	0.1113
0	33	tracking	-842.538038	66.935425	-265.543223	17.848	-55.963	0.1089
0	34	landing	-842.528781	66.578061	-265.464587	17.848	-47.963	0.0807
0	35	landing	-842.527320	66.201223	-265.373447	17.848	-47.963	0.0578
0	36	landing	-842.533309	65.807269	-265.269599	17.848	-47.963	0.0930
1	0	tracking	-850.645964	68.867102	-257.032114	-139.104	-4.000	0.4515
1	1	tracking	-849.991601	68.807284	-257.601772	-164.104	-0.670	0.3571
1	2	tracking	-849.422535	68.751906	-258.196524	170.896	-8.670	0.3204
1	3	tracking	-848.951149	68.710040	-258.797665	153.407	-16.670	0.3038
1	4	tracking	-848.533079	68.685017	-259.402840	178.407	-24.670	0.4633
1	5	tracking	-848.135704	68.677907	-259.999512	-156.593	-32.670	0.5915
1	6	tracking	-847.761383	68.687936	-260.584443	-159.186	-40.670	0.5042
1	7	tracking	-847.390151	68.712344	-261.142272	-134.186	-46.375	0.6345
1	8	tracking	-847.001170	68.679832	-261.752899	-150.375	-42.740	0.4767
1	9	tracking	-846.672999	68.706563	-262.298382	-150.375	-34.740	0.3136
1	10	tracking	-846.354302	68.737608	-262.830652	-150.375	-26.740	0.2695
1	11	tracking	-846.043493	68.767366	-263.352119	-150.375	-18.740	0.2315
1	12	tracking	-845.725358	68.799474	-263.846002	-125.375	-26.740	0.2098
1	13	tracking	-845.395990	68.834728	-264.294458	-100.375	-34.740	0.2156
1	14	tracking	-845.061670	68.870618	-264.683371	-75.375	-42.740	0.1875
1	15	tracking	-844.735033	68.901538	-265.006080	-50.375	-50.740	0.2088
1	16	tracking	-844.416392	68.925131	-265.271849	-51.747	-42.740	0.1923
1	17	tracking	-844.117359	68.940269	-265.478637	-26.747	-34.740	0.1805
1	18	tracking	-843.836801	68.945449	-265.634871	-26.747	-26.740	0.2415
1	19	tracking	-843.573899	68.939416	-265.748430	-26.747	-25.689	0.2521
1	20	tracking	-843.338806	68.922198	-265.821820	-1.747	-17.689	0.2483
1	21	tracking	-843.139711	68.892964	-265.863071	23.253	-9.689	0.2300
1	22	tracking	-842.976765	68.851959	-265.881252	37.878	-7.940	0.2367
1	23	tracking	-842.844385	68.799868	-265.880988	37.878	-7.940	0.2216
1	24	tracking	-842.742564	68.736286	-265.872492	62.878	-15.940	0.1789
1	25	tracking	-842.666284	68.657546	-265.859043	67.848	-23.940	0.1811
1	26	tracking	-842.610934	68.557618	-265.841923	67.848	-31.940	0.1341
1	27	tracking	-842.572720	68.428853	-265.822149	67.848	-39.940	0.1385
1	28	tracking	-842.545872	68.263599	-265.796767	42.848	-47.168	0.1624
1	29	tracking	-842.525522	68.063679	-265.763061	17.848	-47.168	0.1076
1	30	tracking	-842.505740	67.831580	-265.719879	-7.152	-47.168	0.1078
1	31	tracking	-842.480040	67.570149	-265.668558	-32.152	-47.168	0.1032
1	32	tracking	-842.455478	67.270930	-265.609577	-7.152	-55.168	0.0916
1	33	tracking	-842.438038	66.935425	-265.543223	17.848	-55.963	0.1007
1	34	landing	-842.428781	66.578061	-265.464587	17.848	-47.963	0.0665
1	35	landing	-842.427320	66.201223	-265.373447	17.848	-47.963	0.0766
1	36	landing	-842.433309	65.807269	-265.269599	17.848	-47.963	0.0723
2	0	tracking	-850.645964	68.867102	-257.032114	-139.104	-4.000	0.4408
2	1	tracking	-849.991601	68.807284	-257.601772	-164.104	-0.670	0.3061
2	2	tracking	-849.422535	68.751906	-258.196524	170.896	-8.670	0.2949
2	3	tracking	-848.951149	68.710040	-258.797665	153.407	-16.670	0.2810
2	4	tracking	-848.533079	68.685017	-259.402840	178.407	-24.670	0.2788
2	5	tracking	-848.135704	68.677907	-259.999512	-156.593	-32.670	3.3326
2	6	tracking	-847.761383	68.687936	-260.584443	-159.186	-40.670	0.3014
2	7	tracking	-847.390151	68.712344	-261.142272	-134.186	-46.375	0.3138
2	8	tracking	-847.101170	68.779832	-261.752899	-150.375	-42.740	0.2335
2	9	tracking	-846.772999	68.806563	-262.298382	-150.375	-34.740	0.4209
2	10	tracking	-846.454302	68.837608	-262.830652	-150.375	-26.740	0.2355
2	11	tracking	-846.143493	68.867366	-263.352119	-150.375	-18.740	0.2158
2	12	tracking	-845.825358	68.899474	-263.846002	-125.375	-26.740	0.2784
2	13	tracking	-845.495990	68.934728	-264.294458	-100.375	-34.740	0.2043
2	14	tracking	-845.161670	68.970618	-264.683371	-75.375	-42.740	0.3482
2	15	tracking	-844.835033	69.001538	-265.006080	-50.375	-50.740	0.2840
2	16	tracking	-844.516392	69.025131	-265.271849	-51.747	-42.740	0.3234
2	17	tracking	-844.217359	69.040269	-265.478637	-26.747	-34.740	0.2361
2	18	tracking	-843.936801	69.045449	-265.634871	-26.747	-26.740	0.1774
2	19	tracking	-843.673899	69.039416	-265.748430	-26.747	-25.689	0.1594
2	20	tracking	-843.438806	69.022198	-265.821820	-1.747	-17.689	0.1422
2	21	tracking	-843.239711	68.992964	-265.863071	23.253	-9.689	0.1330
2	22	tracking	-843.076765	68.951959	-265.881252	37.878	-7.940	0.1277
2	23	tracking	-842.944385	68.899868	-265.880988	37.878	-7.940	0.1783
2	24	tracking	-842.842564	68.836286	-265.872492	62.878	-15.940	0.1233
2	25	tracking	-842.766284	68.757546	-265.859043	67.848	-23.940	0.1421
2	26	tracking	-842.710934	68.657618	-265.841923	67.848	-31.940	0.1249
2	27	tracking	-842.672720	68.528853	-265.822149	67.848	-39.940	0.1152
2	28	tracking	-842.645872	68.363599	-265.796767	42.848	-47.168	0.1134
2	29	tracking	-842.625522	68.163679	-265.763061	17.848	-47.168	0.1096
2	30	tracking	-842.605740	67.931580	-265.719879	-7.152	-47.168	0.1105
2	31	tracking	-842.580040	67.670149	-265.668558	-32.152	-47.168	0.1230
2	32	tracking	-842.555478	67.370930	-265.609577	-7.152	-55.168	0.0852
2	33	tracking	-842.538038	67.035425	-265.543223	17.848	-55.963	0.0762
2	34	landing	-842.528781	66.678061	-265.464587	17.848	-47.963	0.0529
2	35	landing	-842.527320	66.301223	-265.373447	17.848	-47.963	0.0700
2	36	landing	-842.533309	65.907269	-265.269599	17.848	-47.963	0.0535
3	0	tracking	-850.645964	68.867102	-257.032114	-139.104	-4.000	0.3750
3	1	tracking	-849.991601	68.807284	-257.601772	-164.104	-0.670	0.3700
3	2	tracking	-849.422535	68.751906	-258.196524	170.896	-8.670	0.3670
3	3	tracking	-848.951149	68.710040	-258.797665	153.407	-16.670	0.4103
3	4	tracking	-848.533079	68.685017	-259.402840	178.407	-24.670	0.4900
3	5	tracking	-848.135704	68.677907	-259.999512	-156.593	-32.670	0.4107
3	6	tracking	-847.761383	68.687936	-260.584443	-159.186	-40.670	0.3116
3	7	tracking	-847.390151	68.712344	-261.142272	-134.186	-46.375	0.2779
3	8	tracking	-847.001170	68.779832	-261.752899	-150.375	-42.740	0.2550
3	9	tracking	-846.672999	68.806563	-262.298382	-150.375	-34.740	0.2137
3	10	tracking	-846.354302	68.837608	-262.830652	-150.375	-26.740	0.2552
3	11	tracking	-846.043493	68.867366	-263.352119	-150.375	-18.740	0.2107
3	12	tracking	-845.725358	68.899474	-263.846002	-125.375	-26.740	0.2135
3	13	tracking	-845.395990	68.934728	-264.294458	-100.375	-34.740	0.2495
3	14	tracking	-845.061670	68.970618	-264.683371	-75.375	-42.740	0.1855
3	15	tracking	-844.735033	69.001538	-265.006080	-50.375	-50.740	0.2325
3	16	tracking	-844.416392	69.025131	-265.271849	-51.747	-42.740	0.1748
3	17	tracking	-844.117359	69.040269	-265.478637	-26.747	-34.740	0.1637
3	18	tracking	-843.836801	69.045449	-265.634871	-26.747	-26.740	0.2235
3	19	tracking	-843.573899	69.039416	-265.748430	-26.747	-25.689	0.1958
3	20	tracking	-843.338806	69.022198	-265.821820	-1.747	-17.689	0.1739
3	21	tracking	-843.139711	68.992964	-265.863071	23.253	-9.689	0.1350
3	22	tracking	-842.976765	68.951959	-265.881252	37.878	-7.940	0.1746
3	23	tracking	-842.844385	68.899868	-265.880988	37.878	-7.940	0.1236
3	24	tracking	-842.742564	68.836286	-265.872492	62.878	-15.940	0.1300
3	25	tracking	-842.666284	68.757546	-265.859043	67.848	-23.940	0.1834
3	26	tracking	-842.610934	68.657618	-265.841923	67.848	-31.940	0.1999
3	27	tracking	-842.572720	68.528853	-265.822149	67.848	-39.940	0.2197
3	28	tracking	-842.545872	68.363599	-265.796767	42.848	-47.168	0.1960
3	29	tracking	-842.525522	68.163679	-265.763061	17.848	-47.168	0.1356
3	30	tracking	-842.505740	67.931580	-265.719879	-7.152	-47.168	0.1507
3	31	tracking	-842.480040	67.670149	-265.668558	-32.152	-47.168	0.1186
3	32	tracking	-842.455478	67.370930	-265.609577	-7.152	-55.168	0.0966
3	33	tracking	-842.438038	67.035425	-265.543223	17.848	-55.963	0.0961
3	34	landing	-842.428781	66.678061	-265.464587	17.848	-47.963	0.0709
3	35	landing	-842.427320	66.301223	-265.373447	17.848	-47.963	0.0638
3	36	landing	-842.433309	65.907269	-265.269599	17.848	-47.963	0.0600
4	0	tracking	-850.645964	68.867102	-257.032114	-139.104	-4.000	0.4137
4	1	tracking	-849.991601	68.807284	-257.601772	-164.104	-0.670	0.3211
4	2	tracking	-849.422535	68.751906	-258.196524	170.896	-8.670	0.2947
4	3	tracking	-848.951149	68.710040	-258.797665	153.407	-16.670	0.2881
4	4	tracking	-848.533079	68.685017	-259.402840	178.407	-24.670	0.2671
4	5	tracking	-848.135704	68.677907	-259.999512	-156.593	-32.670	0.2586
4	6	tracking	-847.761383	68.687936	-260.584443	-159.186	-40.670	0.2513
4	7	tracking	-847.390151	68.712344	-261.142272	-134.186	-46.375	0.2722
4	8	tracking	-847.101170	68.679832	-261.652899	-150.375	-42.740	0.2039
4	9	tracking	-846.772999	68.706563	-262.198382	-150.375	-34.740	0.2199
4	10	tracking	-846.454302	68.737608	-262.730652	-150.375	-26.740	0.1945
4	11	tracking	-846.143493	68.767366	-263.252119	-150.375	-18.740	0.1828
4	12	tracking	-845.825358	68.799474	-263.746002	-125.375	-26.740	0.1821
4	13	tracking	-845.495990	68.834728	-264.194458	-100.375	-34.740	0.1640
4	14	tracking	-845.161670	68.870618	-264.583371	-75.375	-42.740	0.1616
4	15	tracking	-844.835033	68.901538	-264.906080	-50.375	-50.740	0.1543
4	16	tracking	-844.516392	68.925131	-265.171849	-51.747	-42.740	0.1737
4	17	tracking	-844.217359	68.940269	-265.378637	-26.747	-34.740	0.1358
4	18	tracking	-843.936801	68.945449	-265.534871	-26.747	-26.740	0.1613
4	19	tracking	-843.673899	68.939416	-265.648430	-26.747	-25.689	0.1257
4	20	tracking	-843.438806	68.922198	-265.721820	-1.747	-17.689	0.1210
4	21	tracking	-843.239711	68.892964	-265.763071	23.253	-9.689	0.1310
4	22	tracking	-843.076765	68.851959	-265.781252	37.878	-7.940	0.1117
4	23	tracking	-842.944385	68.799868	-265.780988	37.878	-7.940	0.1104
4	24	tracking	-842.842564	68.736286	-265.772492	62.878	-15.940	0.1127
4	25	tracking	-842.766284	68.657546	-265.759043	67.848	-23.940	0.1063
4	26	tracking	-842.710934	68.557618	-265.741923	67.848	-31.940	0.0959
4	27	tracking	-842.672720	68.428853	-265.722149	67.848	-39.940	0.1041
4	28	tracking	-842.645872	68.263599	-265.696767	42.848	-47.168	0.0918
4	29	tracking	-842.625522	68.063679	-265.663061	17.848	-47.168	0.0821
4	30	tracking	-842.605740	67.831580	-265.619879	-7.152	-47.168	0.0804
4	31	tracking	-842.580040	67.570149	-265.568558	-32.152	-47.168	0.0800
4	32	tracking	-842.555478	67.270930	-265.509577	-7.152	-55.168	0.0811
4	33	tracking	-842.538038	66.935425	-265.443223	17.848	-55.963	0.0616
4	34	landing	-842.528781	66.578061	-265.364587	17.848	-47.963	0.0484
4	35	landing	-842.527320	66.201223	-265.273447	17.848	-47.963	0.0461
4	36	landing	-842.533309	65.807269	-265.169599	17.848	-47.963	0.0362
5	0	tracking	-850.645964	68.867102	-257.032114	-139.104	-4.000	0.3357
5	1	tracking	-849.991601	68.807284	-257.601772	-164.104	-0.670	0.2811
5	2	tracking	-849.422535	68.751906	-258.196524	170.896	-8.670	0.2586
5	3	tracking	-848.951149	68.710040	-258.797665	153.407	-16.670	0.2730
5	4	tracking	-848.533079	68.685017	-259.402840	178.407	-24.670	0.2427
5	5	tracking	-848.135704	68.677907	-259.999512	-156.593	-32.670	0.2599
5	6	tracking	-847.761383	68.687936	-260.584443	-159.186	-40.670	0.2344
5	7	tracking	-847.390151	68.712344	-261.142272	-134.186	-46.375	0.2531
5	8	tracking	-847.001170	68.679832	-261.652899	-150.375	-42.740	0.2248
5	9	tracking	-846.672999	68.706563	-262.198382	-150.375	-34.740	0.1940
5	10	tracking	-846.354302	68.737608	-262.730652	-150.375	-26.740	0.2355
5	11	tracking	-846.043493	68.767366	-263.252119	-150.375	-18.740	0.1846
5	12	tracking	-845.725358	68.799474	-263.746002	-125.375	-26.740	0.2521
5	13	tracking	-845.395990	68.834728	-264.194458	-100.375	-34.740	0.1818
5	14	tracking	-845.061670	68.870618	-264.583371	-75.375	-42.740	0.1523
5	15	tracking	-844.735033	68.901538	-264.906080	-50.375	-50.740	0.1493
5	16	tracking	-844.416392	68.925131	-265.171849	-51.747	-42.740	0.1488
5	17	tracking	-844.117359	68.940269	-265.378637	-26.747	-34.740	0.1303
5	18	tracking	-843.836801	68.945449	-265.534871	-26.747	-26.740	0.1368
5	19	tracking	-843.573899	68.939416	-265.648430	-26.747	-25.689	0.1429
5	20	tracking	-843.338806	68.922198	-265.721820	-1.747	-17.689	0.1373
5	21	tracking	-843.139711	68.892964	-265.763071	23.253	-9.689	0.1237
5	22	tracking	-842.976765	68.851959	-265.781252	37.878	-7.940	0.1509
5	23	tracking	-842.844385	68.799868	-265.780988	37.878	-7.940	0.1151
5	24	tracking	-842.742564	68.736286	-265.772492	62.878	-15.940	0.1099
5	25	tracking	-842.666284	68.657546	-265.759043	67.848	-23.940	0.1229
5	26	tracking	-842.610934	68.557618	-265.741923	67.848	-31.940	0.0938
5	27	tracking	-842.572720	68.428853	-265.722149	67.848	-39.940	0.1005
5	28	tracking	-842.545872	68.263599	-265.696767	42.848	-47.168	0.0913
5	29	tracking	-842.525522	68.063679	-265.663061	17.848	-47.168	0.0930
5	30	tracking	-842.505740	67.831580	-265.619879	-7.152	-47.168	0.1070
5	31	tracking	-842.480040	67.570149	-265.568558	-32.152	-47.168	0.0873
5	32	tracking	-842.455478	67.270930	-265.509577	-7.152	-55.168	0.1032
5	33	tracking	-842.438038	66.935425	-265.443223	17.848	-55.963	0.0756
5	34	landing	-842.428781	66.578061	-265.364587	17.848	-47.963	0.0632
5	35	landing	-842.427320	66.201223	-265.273447	17.848	-47.963	0.0655
5	36	landing	-842.433309	65.807269	-265.169599	17.848	-47.963	0.0465
6	0	tracking	-850.645964	68.867102	-257.032114	-139.104	-4.000	0.3460
6	1	tracking	-849.991601	68.807284	-257.601772	-164.104	-0.670	0.2853
6	2	tracking	-849.422535	68.751906	-258.196524	170.896	-8.670	0.3957
6	3	tracking	-848.951149	68.710040	-258.797665	153.407	-16.670	0.3270
6	4	tracking	-848.533079	68.685017	-259.402840	178.407	-24.670	0.2494
6	5	tracking	-848.135704	68.677907	-259.999512	-156.593	-32.670	0.2591
6	6	tracking	-847.761383	68.687936	-260.584443	-159.186	-40.670	0.2790
6	7	tracking	-847.390151	68.712344	-261.142272	-134.186	-46.375	0.2586
6	8	tracking	-847.101170	68.779832	-261.652899	-150.375	-42.740	0.3189
6	9	tracking	-846.772999	68.806563	-262.198382	-150.375	-34.740	0.2433
6	10	tracking	-846.454302	68.837608	-262.730652	-150.375	-26.740	0.1773
6	11	tracking	-846.143493	68.867366	-263.252119	-150.375	-18.740	0.1953
6	12	tracking	-845.825358	68.899474	-263.746002	-125.375	-26.740	0.1837
6	13	tracking	-845.495990	68.934728	-264.194458	-100.375	-34.740	0.1491
6	14	tracking	-845.161670	68.970618	-264.583371	-75.375	-42.740	0.1880
6	15	tracking	-844.835033	69.001538	-264.906080	-50.375	-50.740	0.1505
6	16	tracking	-844.516392	69.025131	-265.171849	-51.747	-42.740	0.1567
6	17	tracking	-844.217359	69.040269	-265.378637	-26.747	-34.740	0.1350
6	18	tracking	-843.936801	69.045449	-265.534871	-26.747	-26.740	0.1455
6	19	tracking	-843.673899	69.039416	-265.648430	-26.747	-25.689	0.1396
6	20	tracking	-843.438806	69.022198	-265.721820	-1.747	-17.689	0.1355
6	21	tracking	-843.239711	68.992964	-265.763071	23.253	-9.689	0.1238
6	22	tracking	-843.076765	68.951959	-265.781252	37.878	-7.940	0.1253
6	23	tracking	-842.944385	68.899868	-265.780988	37.878	-7.940	0.1074
6	24	tracking	-842.842564	68.836286	-265.772492	62.878	-15.940	0.1014
6	25	tracking	-842.766284	68.757546	-265.759043	67.848	-23.940	0.0915
6	26	tracking	-842.710934	68.657618	-265.741923	67.848	-31.940	0.0824
6	27	tracking	-842.672720	68.528853	-265.722149	67.848	-39.940	0.0823
6	28	tracking	-842.645872	68.363599	-265.696767	42.848	-47.168	0.0778
6	29	tracking	-842.625522	68.163679	-265.663061	17.848	-47.168	0.0719
6	30	tracking	-842.605740	67.931580	-265.619879	-7.152	-47.168	0.0728
6	31	tracking	-842.580040	67.670149	-265.568558	-32.152	-47.168	0.0626
6	32	tracking	-842.555478	67.370930	-265.509577	-7.152	-55.168	0.1475
6	33	tracking	-842.538038	67.035425	-265.443223	17.848	-55.963	0.0573
6	34	landing	-842.528781	66.678061	-265.364587	17.848	-47.963	0.0428
6	35	landing	-842.527320	66.301223	-265.273447	17.848	-47.963	0.0387
6	36	landing	-842.533309	65.907269	-265.169599	17.848	-47.963	0.0330
7	0	tracking	-850.645964	68.867102	-257.032114	-139.104	-4.000	0.3910
7	1	tracking	-849.991601	68.807284	-257.601772	-164.104	-0.670	0.5419
7	2	tracking	-849.422535	68.751906	-258.196524	170.896	-8.670	0.3028
7	3	tracking	-848.951149	68.710040	-258.797665	153.407	-16.670	0.2265
7	4	tracking	-848.533079	68.685017	-259.402840	178.407	-24.670	0.2172
7	5	tracking	-848.135704	68.677907	-259.999512	-156.593	-32.670	0.2293
7	6	tracking	-847.761383	68.687936	-260.584443	-159.186	-40.670	0.2044
7	7	tracking	-847.390151	68.712344	-261.142272	-134.186	-46.375	0.2253
7	8	tracking	-847.001170	68.779832	-261.652899	-150.375	-42.740	0.2344
7	9	tracking	-846.672999	68.806563	-262.198382	-150.375	-34.740	0.1732
7	10	tracking	-846.354302	68.837608	-262.730652	-150.375	-26.740	0.2043
7	11	tracking	-846.043493	68.867366	-263.252119	-150.375	-18.740	0.2140
7	12	tracking	-845.725358	68.899474	-263.746002	-125.375	-26.740	0.1653
7	13	tracking	-845.395990	68.934728	-264.194458	-100.375	-34.740	2.2104
7	14	tracking	-845.061670	68.970618	-264.583371	-75.375	-42.740	0.4048
7	15	tracking	-844.735033	69.001538	-264.906080	-50.375	-50.740	0.3440
7	16	tracking	-844.416392	69.025131	-265.171849	-51.747	-42.740	0.3698
7	17	tracking	-844.117359	69.040269	-265.378637	-26.747	-34.740	0.1639
7	18	tracking	-843.836801	69.045449	-265.534871	-26.747	-26.740	0.2520
7	19	tracking	-843.573899	69.039416	-265.648430	-26.747	-25.689	0.2634
7	20	tracking	-843.338806	69.022198	-265.721820	-1.747	-17.689	0.2426
7	21	tracking	-843.139711	68.992964	-265.763071	23.253	-9.689	0.2382
7	22	tracking	-842.976765	68.951959	-265.781252	37.878	-7.940	0.2688
7	23	tracking	-842.844385	68.899868	-265.780988	37.878	-7.940	0.1309
7	24	tracking	-842.742564	68.836286	-265.772492	62.878	-15.940	0.1004
7	25	tracking	-842.666284	68.757546	-265.759043	67.848	-23.940	0.0890
7	26	tracking	-842.610934	68.657618	-265.741923	67.848	-31.940	0.0941
7	27	tracking	-842.572720	68.528853	-265.722149	67.848	-39.940	0.0859
7	28	tracking	-842.545872	68.363599	-265.696767	42.848	-47.168	0.0755
7	29	tracking	-842.525522	68.163679	-265.663061	17.848	-47.168	0.1053
7	30	tracking	-842.505740	67.931580	-265.619879	-7.152	-47.168	0.0838
7	31	tracking	-842.480040	67.670149	-265.568558	-32.152	-47.168	0.0701
7	32	tracking	-842.455478	67.370930	-265.509577	-7.152	-55.168	0.0625
7	33	tracking	-842.438038	67.035425	-265.443223	17.848	-55.963	0.0600
7	34	landing	-842.428781	66.678061	-265.364587	17.848	-47.963	0.0536
7	35	landing	-842.427320	66.301223	-265.273447	17.848	-47.963	0.0478
7	36	landing	-842.433309	65.907269	-265.169599	17.848	-47.963	0.0441
8	0	tracking	-850.645964	68.867102	-257.032114	-139.104	-4.000	0.3155
8	1	tracking	-849.991601	68.807284	-257.601772	-164.104	-0.670	0.2772
8	2	tracking	-849.422535	68.751906	-258.196524	170.896	-8.670	0.2453
8	3	tracking	-848.951149	68.710040	-258.797665	153.407	-16.670	0.2292
8	4	tracking	-848.533079	68.685017	-259.402840	178.407	-24.670	0.2469
8	5	tracking	-848.135704	68.677907	-259.999512	-156.593	-32.670	0.2925
8	6	tracking	-847.761383	68.687936	-260.584443	-159.186	-40.670	0.2689
8	7	tracking	-847.390151	68.712344	-261.142272	-134.186	-46.375	0.2168
8	8	tracking	-847.064730	68.681672	-261.754304	-150.375	-42.740	0.2108
8	9	tracking	-846.703340	68.711568	-262.302362	-150.375	-34.740	0.1880
8	10	tracking	-846.354339	68.746589	-262.838166	-150.375	-26.740	0.1889
8	11	tracking	-846.015706	68.781012	-263.364232	-150.375	-18.740	0.1796
8	12	tracking	-845.671661	68.818553	-263.863006	-125.375	-26.740	0.1618
8	13	tracking	-845.318102	68.860090	-264.316022	-100.375	-34.740	0.1535
8	14	tracking	-844.961199	68.903358	-264.708730	-75.375	-42.740	0.1522
8	15	tracking	-844.613663	68.942948	-265.034178	-50.375	-50.740	0.2487
8	16	tracking	-844.275734	68.976023	-265.301859	-51.747	-42.740	0.1473
8	17	tracking	-843.959198	69.000982	-265.509725	-26.747	-34.740	0.1575
8	18	tracking	-843.662795	69.015874	-265.666421	-26.747	-26.740	0.1308
8	19	tracking	-843.385559	69.019353	-265.779964	-26.747	-25.689	0.1441
8	20	tracking	-843.137682	69.011115	-265.852945	-1.747	-17.689	0.1220
8	21	tracking	-842.927335	68.990082	-265.893510	23.253	-9.689	0.1250
8	22	tracking	-842.754553	68.956515	-265.910837	37.878	-7.940	0.1072
8	23	tracking	-842.613570	68.911165	-265.909606	37.878	-7.940	0.1220
8	24	tracking	-842.504272	68.853876	-265.900151	62.878	-15.940	0.0981
8	25	tracking	-842.421487	68.781170	-265.885783	67.848	-23.940	0.0939
8	26	tracking	-842.360469	68.687166	-265.867792	67.848	-31.940	0.1158
8	27	tracking	-842.317317	68.564323	-265.847197	67.848	-39.940	0.0991
8	28	tracking	-842.286143	68.405044	-265.821006	42.848	-47.168	0.0897
8	29	tracking	-842.261945	68.211056	-265.786553	17.848	-47.168	0.0844
8	30	tracking	-842.238741	67.984752	-265.742749	-7.152	-47.168	0.0732
8	31	tracking	-842.210039	67.728929	-265.690948	-32.152	-47.168	0.0700
8	32	tracking	-842.182806	67.435214	-265.631575	-7.152	-55.168	0.0926
8	33	tracking	-842.162969	67.105083	-265.564924	17.848	-55.963	0.0729
8	34	landing	-842.151533	66.752836	-265.486163	17.848	-47.963	0.0527
8	35	landing	-842.148076	66.380826	-265.395079	17.848	-47.963	0.0455
8	36	landing	-842.152227	65.991392	-265.291463	17.848	-47.963	0.0423
9	0	tracking	-850.645964	68.867102	-257.032114	-139.104	-4.000	0.3047
9	1	tracking	-849.991601	68.807284	-257.601772	-164.104	-0.670	0.2412
9	2	tracking	-849.422535	68.751906	-258.196524	170.896	-8.670	0.2253
9	3	tracking	-848.951149	68.710040	-258.797665	153.407	-16.670	0.2403
9	4	tracking	-848.533079	68.685017	-259.402840	178.407	-24.670	0.2082
9	5	tracking	-848.135704	68.677907	-259.999512	-156.593	-32.670	0.2219
9	6	tracking	-847.761383	68.687936	-260.584443	-159.186	-40.670	0.2131
9	7	tracking	-847.390151	68.712344	-261.142272	-134.186	-46.375	0.1957
9	8	tracking	-846.964730	68.681672	-261.754304	-150.375	-42.740	0.1820
9	9	tracking	-846.603340	68.711568	-262.302362	-150.375	-34.740	0.1752
9	10	tracking	-846.254339	68.746589	-262.838166	-150.375	-26.740	0.2124
9	11	tracking	-845.915706	68.781012	-263.364232	-150.375	-18.740	0.1642
9	12	tracking	-845.571661	68.818553	-263.863006	-125.375	-26.740	0.1716
9	13	tracking	-845.218102	68.860090	-264.316022	-100.375	-34.740	0.1531
9	14	tracking	-844.861199	68.903358	-264.708730	-75.375	-42.740	0.1408
9	15	tracking	-844.513663	68.942948	-265.034178	-50.375	-50.740	0.1539
9	16	tracking	-844.175734	68.976023	-265.301859	-51.747	-42.740	0.1339
9	17	tracking	-843.859198	69.000982	-265.509725	-26.747	-34.740	0.1472
9	18	tracking	-843.562795	69.015874	-265.666421	-26.747	-26.740	0.1476
9	19	tracking	-843.285559	69.019353	-265.779964	-26.747	-25.689	0.1608
9	20	tracking	-843.037682	69.011115	-265.852945	-1.747	-17.689	0.1166
9	21	tracking	-842.827335	68.990082	-265.893510	23.253	-9.689	0.1162
9	22	tracking	-842.654553	68.956515	-265.910837	37.878	-7.940	0.1099
9	23	tracking	-842.513570	68.911165	-265.909606	37.878	-7.940	0.1272
9	24	tracking	-842.404272	68.853876	-265.900151	62.878	-15.940	0.1141
9	25	tracking	-842.321487	68.781170	-265.885783	67.848	-23.940	0.1011
9	26	tracking	-842.260469	68.687166	-265.867792	67.848	-31.940	0.1135
9	27	tracking	-842.217317	68.564323	-265.847197	67.848	-39.940	0.1706
9	28	tracking	-842.186143	68.405044	-265.821006	42.848	-47.168	0.1413
9	29	tracking	-842.161945	68.211056	-265.786553	17.848	-47.168	0.1039
9	30	tracking	-842.138741	67.984752	-265.742749	-7.152	-47.168	0.0921
9	31	tracking	-842.110039	67.728929	-265.690948	-32.152	-47.168	0.0920
9	32	tracking	-842.082806	67.435214	-265.631575	-7.152	-55.168	0.0837
9	33	tracking	-842.062969	67.105083	-265.564924	17.848	-55.963	0.0887
9	34	landing	-842.051533	66.752836	-265.486163	17.848	-47.963	0.0736
9	35	landing	-842.048076	66.380826	-265.395079	17.848	-47.963	0.0672
9	36	landing	-842.052227	65.991392	-265.291463	17.848	-47.963	0.1547
10	0	tracking	-850.645964	68.867102	-257.032114	-139.104	-4.000	0.5516
10	1	tracking	-849.991601	68.807284	-257.601772	-164.104	-0.670	0.2747
10	2	tracking	-849.422535	68.751906	-258.196524	170.896	-8.670	0.2757
10	3	tracking	-848.951149	68.710040	-258.797665	153.407	-16.670	0.2397
10	4	tracking	-848.533079	68.685017	-259.402840	178.407	-24.670	0.2416
10	5	tracking	-848.135704	68.677907	-259.999512	-156.593	-32.670	0.2407
10	6	tracking	-847.761383	68.687936	-260.584443	-159.186	-40.670	0.2370
10	7	tracking	-847.390151	68.712344	-261.142272	-134.186	-46.375	0.2135
10	8	tracking	-847.064730	68.781672	-261.754304	-150.375	-42.740	0.2091
10	9	tracking	-846.703340	68.811568	-262.302362	-150.375	-34.740	0.2117
10	10	tracking	-846.354339	68.846589	-262.838166	-150.375	-26.740	0.2087
10	11	tracking	-846.015706	68.881012	-263.364232	-150.375	-18.740	0.2143
10	12	tracking	-845.671661	68.918553	-263.863006	-125.375	-26.740	0.2200
10	13	tracking	-845.318102	68.960090	-264.316022	-100.375	-34.740	0.1936
10	14	tracking	-844.961199	69.003358	-264.708730	-75.375	-42.740	0.1850
10	15	tracking	-844.613663	69.042948	-265.034178	-50.375	-50.740	0.1831
10	16	tracking	-844.275734	69.076023	-265.301859	-51.747	-42.740	0.1972
10	17	tracking	-843.959198	69.100982	-265.509725	-26.747	-34.740	0.1576
10	18	tracking	-843.662795	69.115874	-265.666421	-26.747	-26.740	0.1950
10	19	tracking	-843.385559	69.119353	-265.779964	-26.747	-25.689	0.1675
10	20	tracking	-843.137682	69.111115	-265.852945	-1.747	-17.689	0.1416
10	21	tracking	-842.927335	69.090082	-265.893510	23.253	-9.689	0.1462
10	22	tracking	-842.754553	69.056515	-265.910837	37.878	-7.940	0.1303
10	23	tracking	-842.613570	69.011165	-265.909606	37.878	-7.940	0.1606
10	24	tracking	-842.504272	68.953876	-265.900151	62.878	-15.940	0.4256
10	25	tracking	-842.421487	68.881170	-265.885783	67.848	-23.940	0.2157
10	26	tracking	-842.360469	68.787166	-265.867792	67.848	-31.940	0.1310
10	27	tracking	-842.317317	68.664323	-265.847197	67.848	-39.940	0.1216
10	28	tracking	-842.286143	68.505044	-265.821006	42.848	-47.168	0.1056
10	29	tracking	-842.261945	68.311056	-265.786553	17.848	-47.168	0.1003
10	30	tracking	-842.238741	68.084752	-265.742749	-7.152	-47.168	0.0980
10	31	tracking	-842.210039	67.828929	-265.690948	-32.152	-47.168	0.1207
10	32	tracking	-842.182806	67.535214	-265.631575	-7.152	-55.168	0.1059
10	33	tracking	-842.162969	67.205083	-265.564924	17.848	-55.963	0.0756
10	34	landing	-842.151533	66.852836	-265.486163	17.848	-47.963	0.0766
10	35	landing	-842.148076	66.480826	-265.395079	17.848	-47.963	0.0646
10	36	landing	-842.152227	66.091392	-265.291463	17.848	-47.963	0.0659
10	37	landing	-842.163649	65.686817	-265.175154	17.848	-47.963	0.0501
11	0	tracking	-850.645964	68.867102	-257.032114	-139.104	-4.000	0.3675
11	1	tracking	-849.991601	68.807284	-257.601772	-164.104	-0.670	0.2752
11	2	tracking	-849.422535	68.751906	-258.196524	170.896	-8.670	0.2359
11	3	tracking	-848.951149	68.710040	-258.797665	153.407	-16.670	0.2340
11	4	tracking	-848.533079	68.685017	-259.402840	178.407	-24.670	0.2430
11	5	tracking	-848.135704	68.677907	-259.999512	-156.593	-32.670	0.2287
11	6	tracking	-847.761383	68.687936	-260.584443	-159.186	-40.670	0.2110
11	7	tracking	-847.390151	68.712344	-261.142272	-134.186	-46.375	0.1965
11	8	tracking	-846.964730	68.781672	-261.754304	-150.375	-42.740	0.2200
11	9	tracking	-846.603340	68.811568	-262.302362	-150.375	-34.740	0.2062
11	10	tracking	-846.254339	68.846589	-262.838166	-150.375	-26.740	0.2343
11	11	tracking	-845.915706	68.881012	-263.364232	-150.375	-18.740	0.2058
11	12	tracking	-845.571661	68.918553	-263.863006	-125.375	-26.740	0.1988
11	13	tracking	-845.218102	68.960090	-264.316022	-100.375	-34.740	0.2111
11	14	tracking	-844.861199	69.003358	-264.708730	-75.375	-42.740	0.2080
11	15	tracking	-844.513663	69.042948	-265.034178	-50.375	-50.740	0.1930
11	16	tracking	-844.175734	69.076023	-265.301859	-51.747	-42.740	0.2473
11	17	tracking	-843.859198	69.100982	-265.509725	-26.747	-34.740	0.1800
11	18	tracking	-843.562795	69.115874	-265.666421	-26.747	-26.740	0.1799
11	19	tracking	-843.285559	69.119353	-265.779964	-26.747	-25.689	0.2016
11	20	tracking	-843.037682	69.111115	-265.852945	-1.747	-17.689	0.1356
11	21	tracking	-842.827335	69.090082	-265.893510	23.253	-9.689	0.1328
11	22	tracking	-842.654553	69.056515	-265.910837	37.878	-7.940	0.1297
11	23	tracking	-842.513570	69.011165	-265.909606	37.878	-7.940	0.2154
11	24	tracking	-842.404272	68.953876	-265.900151	62.878	-15.940	0.1946
11	25	tracking	-842.321487	68.881170	-265.885783	67.848	-23.940	0.5453
11	26	tracking	-842.260469	68.787166	-265.867792	67.848	-31.940	0.2534
11	27	tracking	-842.217317	68.664323	-265.847197	67.848	-39.940	0.2252
11	28	tracking	-842.186143	68.505044	-265.821006	42.848	-47.168	0.1977
11	29	tracking	-842.161945	68.311056	-265.786553	17.848	-47.168	0.1349
11	30	tracking	-842.138741	68.084752	-265.742749	-7.152	-47.168	0.1351
11	31	tracking	-842.110039	67.828929	-265.690948	-32.152	-47.168	0.1200
11	32	tracking	-842.082806	67.535214	-265.631575	-7.152	-55.168	0.1065
11	33	tracking	-842.062969	67.205083	-265.564924	17.848	-55.963	0.2168
11	34	landing	-842.051533	66.852836	-265.486163	17.848	-47.963	0.0990
11	35	landing	-842.048076	66.480826	-265.395079	17.848	-47.963	0.0785
11	36	landing	-842.052227	66.091392	-265.291463	17.848	-47.963	0.0820
11	37	landing	-842.063649	65.686817	-265.175154	17.848	-47.963	0.0700
12	0	tracking	-850.645964	68.867102	-257.032114	-139.104	-4.000	0.6581
12	1	tracking	-849.991601	68.807284	-257.601772	-164.104	-0.670	0.4361
12	2	tracking	-849.422535	68.751906	-258.196524	170.896	-8.670	0.4664
12	3	tracking	-848.951149	68.710040	-258.797665	153.407	-16.670	0.3767
12	4	tracking	-848.533079	68.685017	-259.402840	178.407	-24.670	0.3713
12	5	tracking	-848.135704	68.677907	-259.999512	-156.593	-32.670	0.3936
12	6	tracking	-847.761383	68.687936	-260.584443	-159.186	-40.670	0.3948
12	7	tracking	-847.390151	68.712344	-261.142272	-134.186	-46.375	0.3028
12	8	tracking	-847.064730	68.681672	-261.654304	-150.375	-42.740	0.2758
12	9	tracking	-846.703340	68.711568	-262.202362	-150.375	-34.740	0.3054
12	10	tracking	-846.354339	68.746589	-262.738166	-150.375	-26.740	0.2928
12	11	tracking	-846.015706	68.781012	-263.264232	-150.375	-18.740	0.2616
12	12	tracking	-845.671661	68.818553	-263.763006	-125.375	-26.740	0.3191
12	13	tracking	-845.318102	68.860090	-264.216022	-100.375	-34.740	0.3188
12	14	tracking	-844.961199	68.903358	-264.608730	-75.375	-42.740	0.2898
12	15	tracking	-844.613663	68.942948	-264.934178	-50.375	-50.740	0.2267
12	16	tracking	-844.275734	68.976023	-265.201859	-51.747	-42.740	0.3314
12	17	tracking	-843.959198	69.000982	-265.409725	-26.747	-34.740	0.2707
12	18	tracking	-843.662795	69.015874	-265.566421	-26.747	-26.740	0.2126
12	19	tracking	-843.385559	69.019353	-265.679964	-26.747	-25.689	0.2161
12	20	tracking	-843.137682	69.011115	-265.752945	-1.747	-17.689	0.2058
12	21	tracking	-842.927335	68.990082	-265.793510	23.253	-9.689	0.2579
12	22	tracking	-842.754553	68.956515	-265.810837	37.878	-7.940	0.2608
12	23	tracking	-842.613570	68.911165	-265.809606	37.878	-7.940	0.1858
12	24	tracking	-842.504272	68.853876	-265.800151	62.878	-15.940	0.1659
12	25	tracking	-842.421487	68.781170	-265.785783	67.848	-23.940	0.1723
12	26	tracking	-842.360469	68.687166	-265.767792	67.848	-31.940	0.1931
12	27	tracking	-842.317317	68.564323	-265.747197	67.848	-39.940	0.1385
12	28	tracking	-842.286143	68.405044	-265.721006	42.848	-47.168	0.1356
12	29	tracking	-842.261945	68.211056	-265.686553	17.848	-47.168	0.1085
12	30	tracking	-842.238741	67.984752	-265.642749	-7.152	-47.168	0.1087
12	31	tracking	-842.210039	67.728929	-265.590948	-32.152	-47.168	0.0926
12	32	tracking	-842.182806	67.435214	-265.531575	-7.152	-55.168	0.0918
12	33	tracking	-842.162969	67.105083	-265.464924	17.848	-55.963	0.0869
12	34	landing	-842.151533	66.752836	-265.386163	17.848	-47.963	0.0924
12	35	landing	-842.148076	66.380826	-265.295079	17.848	-47.963	0.0648
12	36	landing	-842.152227	65.991392	-265.191463	17.848	-47.963	0.0636
13	0	tracking	-850.645964	68.867102	-257.032114	-139.104	-4.000	0.4223
13	1	tracking	-849.991601	68.807284	-257.601772	-164.104	-0.670	0.4581
13	2	tracking	-849.422535	68.751906	-258.196524	170.896	-8.670	0.3566
13	3	tracking	-848.951149	68.710040	-258.797665	153.407	-16.670	0.3671
13	4	tracking	-848.533079	68.685017	-259.402840	178.407	-24.670	0.4508
13	5	tracking	-848.135704	68.677907	-259.999512	-156.593	-32.670	0.5721
13	6	tracking	-847.761383	68.687936	-260.584443	-159.186	-40.670	0.6103
13	7	tracking	-847.390151	68.712344	-261.142272	-134.186	-46.375	0.5644
13	8	tracking	-846.964730	68.681672	-261.654304	-150.375	-42.740	0.3792
13	9	tracking	-846.603340	68.711568	-262.202362	-150.375	-34.740	0.3160
13	10	tracking	-846.254339	68.746589	-262.738166	-150.375	-26.740	0.2683
13	11	tracking	-845.915706	68.781012	-263.264232	-150.375	-18.740	0.2892
13	12	tracking	-845.571661	68.818553	-263.763006	-125.375	-26.740	0.3836
13	13	tracking	-845.218102	68.860090	-264.216022	-100.375	-34.740	0.2934
13	14	tracking	-844.861199	68.903358	-264.608730	-75.375	-42.740	0.2330
13	15	tracking	-844.513663	68.942948	-264.934178	-50.375	-50.740	0.2117
13	16	tracking	-844.175734	68.976023	-265.201859	-51.747	-42.740	0.2463
13	17	tracking	-843.859198	69.000982	-265.409725	-26.747	-34.740	0.2387
13	18	tracking	-843.562795	69.015874	-265.566421	-26.747	-26.740	0.2154
13	19	tracking	-843.285559	69.019353	-265.679964	-26.747	-25.689	0.1868
13	20	tracking	-843.037682	69.011115	-265.752945	-1.747	-17.689	0.2297
13	21	tracking	-842.827335	68.990082	-265.793510	23.253	-9.689	0.2245
13	22	tracking	-842.654553	68.956515	-265.810837	37.878	-7.940	0.3608
13	23	tracking	-842.513570	68.911165	-265.809606	37.878	-7.940	0.2301
13	24	tracking	-842.404272	68.853876	-265.800151	62.878	-15.940	0.1720
13	25	tracking	-842.321487	68.781170	-265.785783	67.848	-23.940	0.1796
13	26	tracking	-842.260469	68.687166	-265.767792	67.848	-31.940	0.2129
13	27	tracking	-842.217317	68.564323	-265.747197	67.848	-39.940	0.1696
13	28	tracking	-842.186143	68.405044	-265.721006	42.848	-47.168	0.1328
13	29	tracking	-842.161945	68.211056	-265.686553	17.848	-47.168	0.1099
13	30	tracking	-842.138741	67.984752	-265.642749	-7.152	-47.168	0.1160
13	31	tracking	-842.110039	67.728929	-265.590948	-32.152	-47.168	0.1289
13	32	tracking	-842.082806	67.435214	-265.531575	-7.152	-55.168	0.0952
13	33	tracking	-842.062969	67.105083	-265.464924	17.848	-55.963	0.0861
13	34	landing	-842.051533	66.752836	-265.386163	17.848	-47.963	0.0788
13	35	landing	-842.048076	66.380826	-265.295079	17.848	-47.963	0.0740
13	36	landing	-842.052227	65.991392	-265.191463	17.848	-47.963	0.2627
14	0	tracking	-850.645964	68.867102	-257.032114	-139.104	-4.000	0.5173
14	1	tracking	-849.991601	68.807284	-257.601772	-164.104	-0.670	0.4361
14	2	tracking	-849.422535	68.751906	-258.196524	170.896	-8.670	0.3691
14	3	tracking	-848.951149	68.710040	-258.797665	153.407	-16.670	0.3677
14	4	tracking	-848.533079	68.685017	-259.402840	178.407	-24.670	0.3340
14	5	tracking	-848.135704	68.677907	-259.999512	-156.593	-32.670	0.3900
14	6	tracking	-847.761383	68.687936	-260.584443	-159.186	-40.670	0.4212
14	7	tracking	-847.390151	68.712344	-261.142272	-134.186	-46.375	0.3648
14	8	tracking	-847.064730	68.781672	-261.654304	-150.375	-42.740	0.5394
14	9	tracking	-846.703340	68.811568	-262.202362	-150.375	-34.740	0.7083
14	10	tracking	-846.354339	68.846589	-262.738166	-150.375	-26.740	0.6640
14	11	tracking	-846.015706	68.881012	-263.264232	-150.375	-18.740	0.5303
14	12	tracking	-845.671661	68.918553	-263.763006	-125.375	-26.740	0.4728
14	13	tracking	-845.318102	68.960090	-264.216022	-100.375	-34.740	0.3144
14	14	tracking	-844.961199	69.003358	-264.608730	-75.375	-42.740	0.3004
14	15	tracking	-844.613663	69.042948	-264.934178	-50.375	-50.740	0.3460
14	16	tracking	-844.275734	69.076023	-265.201859	-51.747	-42.740	0.3282
14	17	tracking	-843.959198	69.100982	-265.409725	-26.747	-34.740	0.2579
14	18	tracking	-843.662795	69.115874	-265.566421	-26.747	-26.740	0.2161
14	19	tracking	-843.385559	69.119353	-265.679964	-26.747	-25.689	0.2223
14	20	tracking	-843.137682	69.111115	-265.752945	-1.747	-17.689	0.2103
14	21	tracking	-842.927335	69.090082	-265.793510	23.253	-9.689	0.2228
14	22	tracking	-842.754553	69.056515	-265.810837	37.878	-7.940	0.2410
14	23	tracking	-842.613570	69.011165	-265.809606	37.878	-7.940	0.3129
14	24	tracking	-842.504272	68.953876	-265.800151	62.878	-15.940	0.4068
14	25	tracking	-842.421487	68.881170	-265.785783	67.848	-23.940	0.3037
14	26	tracking	-842.360469	68.787166	-265.767792	67.848	-31.940	0.3132
14	27	tracking	-842.317317	68.664323	-265.747197	67.848	-39.940	0.3086
14	28	tracking	-842.286143	68.505044	-265.721006	42.848	-47.168	0.3886
14	29	tracking	-842.261945	68.311056	-265.686553	17.848	-47.168	0.2421
14	30	tracking	-842.238741	68.084752	-265.642749	-7.152	-47.168	0.1080
14	31	tracking	-842.210039	67.828929	-265.590948	-32.152	-47.168	0.0982
14	32	tracking	-842.182806	67.535214	-265.531575	-7.152	-55.168	0.1101
14	33	tracking	-842.162969	67.205083	-265.464924	17.848	-55.963	0.0779
14	34	landing	-842.151533	66.852836	-265.386163	17.848	-47.963	0.0976
14	35	landing	-842.148076	66.480826	-265.295079	17.848	-47.963	0.0624
14	36	landing	-842.152227	66.091392	-265.191463	17.848	-47.963	0.0630
14	37	landing	-842.163649	65.686817	-265.075154	17.848	-47.963	0.0549
15	0	tracking	-850.645964	68.867102	-257.032114	-139.104	-4.000	0.4445
15	1	tracking	-849.991601	68.807284	-257.601772	-164.104	-0.670	0.4794
15	2	tracking	-849.422535	68.751906	-258.196524	170.896	-8.670	0.5081
15	3	tracking	-848.951149	68.710040	-258.797665	153.407	-16.670	0.3850
15	4	tracking	-848.533079	68.685017	-259.402840	178.407	-24.670	0.4463
15	5	tracking	-848.135704	68.677907	-259.999512	-156.593	-32.670	0.4168
15	6	tracking	-847.761383	68.687936	-260.584443	-159.186	-40.670	0.5472
15	7	tracking	-847.390151	68.712344	-261.142272	-134.186	-46.375	0.2905
15	8	tracking	-846.964730	68.781672	-261.654304	-150.375	-42.740	0.3195
15	9	tracking	-846.603340	68.811568	-262.202362	-150.375	-34.740	0.2931
15	10	tracking	-846.254339	68.846589	-262.738166	-150.375	-26.740	0.2841
15	11	tracking	-845.915706	68.881012	-263.264232	-150.375	-18.740	0.2853
15	12	tracking	-845.571661	68.918553	-263.763006	-125.375	-26.740	0.2987
15	13	tracking	-845.218102	68.960090	-264.216022	-100.375	-34.740	0.2508
15	14	tracking	-844.861199	69.003358	-264.608730	-75.375	-42.740	0.2292
15	15	tracking	-844.513663	69.042948	-264.934178	-50.375	-50.740	0.2866
15	16	tracking	-844.175734	69.076023	-265.201859	-51.747	-42.740	0.2408
15	17	tracking	-843.859198	69.100982	-265.409725	-26.747	-34.740	0.2069
15	18	tracking	-843.562795	69.115874	-265.566421	-26.747	-26.740	0.1994
15	19	tracking	-843.285559	69.119353	-265.679964	-26.747	-25.689	0.2050
15	20	tracking	-843.037682	69.111115	-265.752945	-1.747	-17.689	0.2044
15	21	tracking	-842.827335	69.090082	-265.793510	23.253	-9.689	0.1756
15	22	tracking	-842.654553	69.056515	-265.810837	37.878	-7.940	0.1487
15	23	tracking	-842.513570	69.011165	-265.809606	37.878	-7.940	0.1527
15	24	tracking	-842.404272	68.953876	-265.800151	62.878	-15.940	0.2200
15	25	tracking	-842.321487	68.881170	-265.785783	67.848	-23.940	0.1479
15	26	tracking	-842.260469	68.787166	-265.767792	67.848	-31.940	0.1838
15	27	tracking	-842.217317	68.664323	-265.747197	67.848	-39.940	0.1249
15	28	tracking	-842.186143	68.505044	-265.721006	42.848	-47.168	0.1136
15	29	tracking	-842.161945	68.311056	-265.686553	17.848	-47.168	0.3391
15	30	tracking	-842.138741	68.084752	-265.642749	-7.152	-47.168	0.1394
15	31	tracking	-842.110039	67.828929	-265.590948	-32.152	-47.168	0.1051
15	32	tracking	-842.082806	67.535214	-265.531575	-7.152	-55.168	0.0936
15	33	tracking	-842.062969	67.205083	-265.464924	17.848	-55.963	0.1097
15	34	landing	-842.051533	66.852836	-265.386163	17.848	-47.963	0.0896
15	35	landing	-842.048076	66.480826	-265.295079	17.848	-47.963	0.0707
15	36	landing	-842.052227	66.091392	-265.191463	17.848	-47.963	0.0577
15	37	landing	-842.063649	65.686817	-265.075154	17.848	-47.963	0.0547
16	0	tracking	-850.645964	68.867102	-257.032114	-139.104	-4.000	0.4255
16	1	tracking	-849.991601	68.807284	-257.601772	-164.104	-0.670	0.3649
16	2	tracking	-849.422535	68.751906	-258.196524	170.896	-8.670	0.4113
16	3	tracking	-848.951149	68.710040	-258.797665	153.407	-16.670	0.3740
16	4	tracking	-848.533079	68.685017	-259.402840	178.407	-24.670	0.3026
16	5	tracking	-848.135704	68.677907	-259.999512	-156.593	-32.670	0.2960
16	6	tracking	-847.761383	68.687936	-260.584443	-159.186	-40.670	0.2810
16	7	tracking	-847.390151	68.712344	-261.142272	-134.186	-46.375	0.2819
16	8	tracking	-847.102120	68.716918	-261.751227	-150.375	-42.740	0.2723
16	9	tracking	-846.775525	68.778399	-262.293940	-150.375	-34.740	0.2741
16	10	tracking	-846.458552	68.842898	-262.823177	-150.375	-26.740	0.3652
16	11	tracking	-846.149432	68.905298	-263.341676	-150.375	-18.740	0.2915
16	12	tracking	-845.833170	68.969017	-263.832652	-125.375	-26.740	0.6389
16	13	tracking	-845.506175	69.034514	-264.278389	-100.375	-34.740	0.5725
16	14	tracking	-845.174806	69.099082	-264.665097	-75.375	-42.740	0.2330
16	15	tracking	-844.851547	69.156969	-264.986463	-50.375	-50.740	0.2211
16	16	tracking	-844.536744	69.205820	-265.251687	-51.747	-42.740	0.2161
16	17	tracking	-844.241677	69.244425	-265.459076	-26.747	-34.740	0.1956
16	18	tracking	-843.965306	69.271110	-265.617139	-26.747	-26.740	0.1981
16	19	tracking	-843.706938	69.284290	-265.733922	-26.747	-25.689	0.2033
16	20	tracking	-843.475940	69.284084	-265.811989	-1.747	-17.689	0.1761
16	21	tracking	-843.279821	69.269850	-265.858969	23.253	-9.689	0.2463
16	22	tracking	-843.118627	69.242074	-265.883413	37.878	-7.940	0.1765
16	23	tracking	-842.987046	69.201659	-265.889711	37.878	-7.940	0.1476
16	24	tracking	-842.885028	69.148441	-265.887525	62.878	-15.940	0.1412
16	25	tracking	-842.807848	69.079001	-265.879993	67.848	-23.940	0.1287
16	26	tracking	-842.751150	68.987537	-265.868369	67.848	-31.940	0.1515
16	27	tracking	-842.711319	68.866575	-265.853661	67.848	-39.940	0.1125
16	28	tracking	-842.682786	68.708562	-265.833057	42.848	-47.168	0.1094
16	29	tracking	-842.660802	68.515248	-265.804015	17.848	-47.168	0.1006
16	30	tracking	-842.639626	68.289053	-265.765470	-7.152	-47.168	0.0967
16	31	tracking	-842.612949	68.032817	-265.718705	-32.152	-47.168	0.0924
16	32	tracking	-842.587567	67.738157	-265.664179	-7.152	-55.168	0.0914
16	33	tracking	-842.569276	67.406589	-265.602163	17.848	-55.963	0.2006
16	34	landing	-842.559127	67.052544	-265.527815	17.848	-47.963	0.0802
16	35	landing	-842.556737	66.678426	-265.440908	17.848	-47.963	0.0588
16	36	landing	-842.561772	66.286626	-265.341226	17.848	-47.963	0.0553
16	37	landing	-842.573924	65.879476	-265.228599	17.848	-47.963	0.1110
17	0	tracking	-850.645964	68.867102	-257.032114	-139.104	-4.000	0.5641
17	1	tracking	-849.991601	68.807284	-257.601772	-164.104	-0.670	0.7333
17	2	tracking	-849.422535	68.751906	-258.196524	170.896	-8.670	0.3850
17	3	tracking	-848.951149	68.710040	-258.797665	153.407	-16.670	0.3416
17	4	tracking	-848.533079	68.685017	-259.402840	178.407	-24.670	0.3824
17	5	tracking	-848.135704	68.677907	-259.999512	-156.593	-32.670	0.3148
17	6	tracking	-847.761383	68.687936	-260.584443	-159.186	-40.670	0.3205
17	7	tracking	-847.390151	68.712344	-261.142272	-134.186	-46.375	0.3246
17	8	tracking	-847.002120	68.716918	-261.751227	-150.375	-42.740	0.2951
17	9	tracking	-846.675525	68.778399	-262.293940	-150.375	-34.740	0.2626
17	10	tracking	-846.358552	68.842898	-262.823177	-150.375	-26.740	0.3213
17	11	tracking	-846.049432	68.905298	-263.341676	-150.375	-18.740	0.2481
17	12	tracking	-845.733170	68.969017	-263.832652	-125.375	-26.740	0.2443
17	13	tracking	-845.406175	69.034514	-264.278389	-100.375	-34.740	0.2318
17	14	tracking	-845.074806	69.099082	-264.665097	-75.375	-42.740	0.2285
17	15	tracking	-844.751547	69.156969	-264.986463	-50.375	-50.740	0.1894
17	16	tracking	-844.436744	69.205820	-265.251687	-51.747	-42.740	0.2142
17	17	tracking	-844.141677	69.244425	-265.459076	-26.747	-34.740	0.3143
17	18	tracking	-843.865306	69.271110	-265.617139	-26.747	-26.740	0.2170
17	19	tracking	-843.606938	69.284290	-265.733922	-26.747	-25.689	0.1574
17	20	tracking	-843.375940	69.284084	-265.811989	-1.747	-17.689	0.2288
17	21	tracking	-843.179821	69.269850	-265.858969	23.253	-9.689	0.2723
17	22	tracking	-843.018627	69.242074	-265.883413	37.878	-7.940	0.1604
17	23	tracking	-842.887046	69.201659	-265.889711	37.878	-7.940	0.1227
17	24	tracking	-842.785028	69.148441	-265.887525	62.878	-15.940	0.2893
17	25	tracking	-842.707848	69.079001	-265.879993	67.848	-23.940	0.1116
17	26	tracking	-842.651150	68.987537	-265.868369	67.848	-31.940	0.1101
17	27	tracking	-842.611319	68.866575	-265.853661	67.848	-39.940	0.0852
17	28	tracking	-842.582786	68.708562	-265.833057	42.848	-47.168	0.0902
17	29	tracking	-842.560802	68.515248	-265.804015	17.848	-47.168	0.0964
17	30	tracking	-842.539626	68.289053	-265.765470	-7.152	-47.168	0.0918
17	31	tracking	-842.512949	68.032817	-265.718705	-32.152	-47.168	0.0662
17	32	tracking	-842.487567	67.738157	-265.664179	-7.152	-55.168	0.0537
17	33	tracking	-842.469276	67.406589	-265.602163	17.848	-55.963	0.0487
17	34	landing	-842.459127	67.052544	-265.527815	17.848	-47.963	0.0423
17	35	landing	-842.456737	66.678426	-265.440908	17.848	-47.963	0.0440
17	36	landing	-842.461772	66.286626	-265.341226	17.848	-47.963	0.0362
17	37	landing	-842.473924	65.879476	-265.228599	17.848	-47.963	0.0450
18	0	tracking	-850.645964	68.867102	-257.032114	-139.104	-4.000	0.4316
18	1	tracking	-849.991601	68.807284	-257.601772	-164.104	-0.670	0.3266
18	2	tracking	-849.422535	68.751906	-258.196524	170.896	-8.670	0.1420
18	3	tracking	-848.951149	68.710040	-258.797665	153.407	-16.670	0.1016
18	4	tracking	-848.533079	68.685017	-259.402840	178.407	-24.670	0.0921
18	5	tracking	-848.135704	68.677907	-259.999512	-156.593	-32.670	0.1043
18	6	tracking	-847.761383	68.687936	-260.584443	-159.186	-40.670	0.0881
18	7	tracking	-847.390151	68.712344	-261.142272	-134.186	-46.375	0.0851
18	8	tracking	-847.102120	68.816918	-261.751227	-150.375	-42.740	0.3233
18	9	tracking	-846.775525	68.878399	-262.293940	-150.375	-34.740	0.6798
18	10	tracking	-846.458552	68.942898	-262.823177	-150.375	-26.740	0.0836
18	11	tracking	-846.149432	69.005298	-263.341676	-150.375	-18.740	0.0728
18	12	tracking	-845.833170	69.069017	-263.832652	-125.375	-26.740	0.0694
18	13	tracking	-845.506175	69.134514	-264.278389	-100.375	-34.740	0.0746
18	14	tracking	-845.174806	69.199082	-264.665097	-75.375	-42.740	0.0575
18	15	tracking	-844.851547	69.256969	-264.986463	-50.375	-50.740	0.0780
18	16	tracking	-844.536744	69.305820	-265.251687	-51.747	-42.740	0.0557
18	17	tracking	-844.241677	69.344425	-265.459076	-26.747	-34.740	0.0573
18	18	tracking	-843.965306	69.371110	-265.617139	-26.747	-26.740	0.0547
18	19	tracking	-843.706938	69.384290	-265.733922	-26.747	-25.689	0.0535
18	20	tracking	-843.475940	69.384084	-265.811989	-1.747	-17.689	0.0579
18	21	tracking	-843.279821	69.369850	-265.858969	23.253	-9.689	0.0701
18	22	tracking	-843.118627	69.342074	-265.883413	37.878	-7.940	0.0550
18	23	tracking	-842.987046	69.301659	-265.889711	37.878	-7.940	0.0565
18	24	tracking	-842.885028	69.248441	-265.887525	62.878	-15.940	0.0561
18	25	tracking	-842.807848	69.179001	-265.879993	67.848	-23.940	0.0510
18	26	tracking	-842.751150	69.087537	-265.868369	67.848	-31.940	0.0730
18	27	tracking	-842.711319	68.966575	-265.853661	67.848	-39.940	0.0540
18	28	tracking	-842.682786	68.808562	-265.833057	42.848	-47.168	0.0434
18	29	tracking	-842.660802	68.615248	-265.804015	17.848	-47.168	0.0379
18	30	tracking	-842.639626	68.389053	-265.765470	-7.152	-47.168	0.0397
18	31	tracking	-842.612949	68.132817	-265.718705	-32.152	-47.168	0.0538
18	32	tracking	-842.587567	67.838157	-265.664179	-7.152	-55.168	0.0345
18	33	tracking	-842.569276	67.506589	-265.602163	17.848	-55.963	0.0307
18	34	tracking	-842.557717	67.140455	-265.532196	17.848	-55.963	0.0295
18	35	landing	-842.554127	66.754637	-265.449016	17.848	-47.963	0.0271
18	36	landing	-842.558153	66.351542	-265.352464	17.848	-47.963	0.0246
18	37	landing	-842.569475	65.933523	-265.242416	17.848	-47.963	0.0254
19	0	tracking	-850.645964	68.867102	-257.032114	-139.104	-4.000	0.1692
19	1	tracking	-849.991601	68.807284	-257.601772	-164.104	-0.670	0.0937
19	2	tracking	-849.422535	68.751906	-258.196524	170.896	-8.670	0.0934
19	3	tracking	-848.951149	68.710040	-258.797665	153.407	-16.670	0.0993
19	4	tracking	-848.533079	68.685017	-259.402840	178.407	-24.670	0.0906
19	5	tracking	-848.135704	68.677907	-259.999512	-156.593	-32.670	0.0911
19	6	tracking	-847.761383	68.687936	-260.584443	-159.186	-40.670	0.0750
19	7	tracking	-847.390151	68.712344	-261.142272	-134.186	-46.375	0.0727
19	8	tracking	-847.002120	68.816918	-261.751227	-150.375	-42.740	0.0658
19	9	tracking	-846.675525	68.878399	-262.293940	-150.375	-34.740	0.0674
19	10	tracking	-846.358552	68.942898	-262.823177	-150.375	-26.740	0.0571
19	11	tracking	-846.049432	69.005298	-263.341676	-150.375	-18.740	0.0538
19	12	tracking	-845.733170	69.069017	-263.832652	-125.375	-26.740	0.0603
19	13	tracking	-845.406175	69.134514	-264.278389	-100.375	-34.740	0.0484
19	14	tracking	-845.074806	69.199082	-264.665097	-75.375	-42.740	0.0469
19	15	tracking	-844.751547	69.256969	-264.986463	-50.375	-50.740	0.0463
19	16	tracking	-844.436744	69.305820	-265.251687	-51.747	-42.740	0.1365
19	17	tracking	-844.141677	69.344425	-265.459076	-26.747	-34.740	0.0518
19	18	tracking	-843.865306	69.371110	-265.617139	-26.747	-26.740	0.0510
19	19	tracking	-843.606938	69.384290	-265.733922	-26.747	-25.689	0.0388
19	20	tracking	-843.375940	69.384084	-265.811989	-1.747	-17.689	0.0368
19	21	tracking	-843.179821	69.369850	-265.858969	23.253	-9.689	0.0345
19	22	tracking	-843.018627	69.342074	-265.883413	37.878	-7.940	0.0353
19	23	tracking	-842.887046	69.301659	-265.889711	37.878	-7.940	0.0429
19	24	tracking	-842.785028	69.248441	-265.887525	62.878	-15.940	0.0387
19	25	tracking	-842.707848	69.179001	-265.879993	67.848	-23.940	0.0321
19	26	tracking	-842.651150	69.087537	-265.868369	67.848	-31.940	0.0300
19	27	tracking	-842.611319	68.966575	-265.853661	67.848	-39.940	0.0271
19	28	tracking	-842.582786	68.808562	-265.833057	42.848	-47.168	0.0240
19	29	tracking	-842.560802	68.615248	-265.804015	17.848	-47.168	0.0227
19	30	tracking	-842.539626	68.389053	-265.765470	-7.152	-47.168	0.0223
19	31	tracking	-842.512949	68.132817	-265.718705	-32.152	-47.168	0.0204
19	32	tracking	-842.487567	67.838157	-265.664179	-7.152	-55.168	0.0206
19	33	tracking	-842.469276	67.506589	-265.602163	17.848	-55.963	0.0199
19	34	tracking	-842.457717	67.140455	-265.532196	17.848	-55.963	0.0172
19	35	landing	-842.454127	66.754637	-265.449016	17.848	-47.963	0.0170
19	36	landing	-842.458153	66.351542	-265.352464	17.848	-47.963	0.0184
19	37	landing	-842.469475	65.933523	-265.242416	17.848	-47.963	0.0149
20	0	tracking	-850.645964	68.867102	-257.032114	-139.104	-4.000	0.1508
20	1	tracking	-849.991601	68.807284	-257.601772	-164.104	-0.670	0.0933
20	2	tracking	-849.422535	68.751906	-258.196524	170.896	-8.670	0.0892
20	3	tracking	-848.951149	68.710040	-258.797665	153.407	-16.670	0.0927
20	4	tracking	-848.533079	68.685017	-259.402840	178.407	-24.670	0.0873
20	5	tracking	-848.135704	68.677907	-259.999512	-156.593	-32.670	0.0927
20	6	tracking	-847.761383	68.687936	-260.584443	-159.186	-40.670	0.0791
20	7	tracking	-847.390151	68.712344	-261.142272	-134.186	-46.375	0.0761
20	8	tracking	-847.102120	68.716918	-261.651227	-150.375	-42.740	0.0769
20	9	tracking	-846.775525	68.778399	-262.193940	-150.375	-34.740	0.0747
20	10	tracking	-846.458552	68.842898	-262.723177	-150.375	-26.740	0.0676
20	11	tracking	-846.149432	68.905298	-263.241676	-150.375	-18.740	0.0703
20	12	tracking	-845.833170	68.969017	-263.732652	-125.375	-26.740	0.0598
20	13	tracking	-845.506175	69.034514	-264.178389	-100.375	-34.740	0.0565
20	14	tracking	-845.174806	69.099082	-264.565097	-75.375	-42.740	0.0572
20	15	tracking	-844.851547	69.156969	-264.886463	-50.375	-50.740	0.0550
20	16	tracking	-844.536744	69.205820	-265.151687	-51.747	-42.740	0.0539
20	17	tracking	-844.241677	69.244425	-265.359076	-26.747	-34.740	0.0534
20	18	tracking	-843.965306	69.271110	-265.517139	-26.747	-26.740	0.0490
20	19	tracking	-843.706938	69.284290	-265.633922	-26.747	-25.689	0.2477
20	20	tracking	-843.475940	69.284084	-265.711989	-1.747	-17.689	0.1377
20	21	tracking	-843.279821	69.269850	-265.758969	23.253	-9.689	0.1324
20	22	tracking	-843.118627	69.242074	-265.783413	37.878	-7.940	0.1029
20	23	tracking	-842.987046	69.201659	-265.789711	37.878	-7.940	0.0970
20	24	tracking	-842.885028	69.148441	-265.787525	62.878	-15.940	0.0835
20	25	tracking	-842.807848	69.079001	-265.779993	67.848	-23.940	0.0812
20	26	tracking	-842.751150	68.987537	-265.768369	67.848	-31.940	0.0942
20	27	tracking	-842.711319	68.866575	-265.753661	67.848	-39.940	0.0739
20	28	tracking	-842.682786	68.708562	-265.733057	42.848	-47.168	0.0728
20	29	tracking	-842.660802	68.515248	-265.704015	17.848	-47.168	0.0779
20	30	tracking	-842.639626	68.289053	-265.665470	-7.152	-47.168	0.0795
20	31	tracking	-842.612949	68.032817	-265.618705	-32.152	-47.168	0.0701
20	32	tracking	-842.587567	67.738157	-265.564179	-7.152	-55.168	0.0707
20	33	tracking	-842.569276	67.406589	-265.502163	17.848	-55.963	0.0890
20	34	landing	-842.559127	67.052544	-265.427815	17.848	-47.963	0.0309
20	35	landing	-842.556737	66.678426	-265.340908	17.848	-47.963	0.0258
20	36	landing	-842.561772	66.286626	-265.241226	17.848	-47.963	0.0229
20	37	landing	-842.573924	65.879476	-265.128599	17.848	-47.963	0.0223
21	0	tracking	-850.645964	68.867102	-257.032114	-139.104	-4.000	0.1386
21	1	tracking	-849.991601	68.807284	-257.601772	-164.104	-0.670	0.0948
21	2	tracking	-849.422535	68.751906	-258.196524	170.896	-8.670	0.1851
21	3	tracking	-848.951149	68.710040	-258.797665	153.407	-16.670	0.0858
21	4	tracking	-848.533079	68.685017	-259.402840	178.407	-24.670	0.1074
21	5	tracking	-848.135704	68.677907	-259.999512	-156.593	-32.670	0.0899
21	6	tracking	-847.761383	68.687936	-260.584443	-159.186	-40.670	0.1654
21	7	tracking	-847.390151	68.712344	-261.142272	-134.186	-46.375	0.0803
21	8	tracking	-847.002120	68.716918	-261.651227	-150.375	-42.740	0.0705
21	9	tracking	-846.675525	68.778399	-262.193940	-150.375	-34.740	0.0666
21	10	tracking	-846.358552	68.842898	-262.723177	-150.375	-26.740	0.0570
21	11	tracking	-846.049432	68.905298	-263.241676	-150.375	-18.740	0.0552
21	12	tracking	-845.733170	68.969017	-263.732652	-125.375	-26.740	0.0606
21	13	tracking	-845.406175	69.034514	-264.178389	-100.375	-34.740	0.0564
21	14	tracking	-845.074806	69.099082	-264.565097	-75.375	-42.740	0.0475
21	15	tracking	-844.751547	69.156969	-264.886463	-50.375	-50.740	0.0444
21	16	tracking	-844.436744	69.205820	-265.151687	-51.747	-42.740	0.0470
21	17	tracking	-844.141677	69.244425	-265.359076	-26.747	-34.740	0.0420
21	18	tracking	-843.865306	69.271110	-265.517139	-26.747	-26.740	0.0381
21	19	tracking	-843.606938	69.284290	-265.633922	-26.747	-25.689	0.0386
21	20	tracking	-843.375940	69.284084	-265.711989	-1.747	-17.689	0.0364
21	21	tracking	-843.179821	69.269850	-265.758969	23.253	-9.689	0.0429
21	22	tracking	-843.018627	69.242074	-265.783413	37.878	-7.940	0.0407
21	23	tracking	-842.887046	69.201659	-265.789711	37.878	-7.940	0.0330
21	24	tracking	-842.785028	69.148441	-265.787525	62.878	-15.940	0.0311
21	25	tracking	-842.707848	69.079001	-265.779993	67.848	-23.940	0.0287
21	26	tracking	-842.651150	68.987537	-265.768369	67.848	-31.940	0.0287
21	27	tracking	-842.611319	68.866575	-265.753661	67.848	-39.940	0.0249
21	28	tracking	-842.582786	68.708562	-265.733057	42.848	-47.168	0.0284
21	29	tracking	-842.560802	68.515248	-265.704015	17.848	-47.168	0.0225
21	30	tracking	-842.539626	68.289053	-265.665470	-7.152	-47.168	0.0205
21	31	tracking	-842.512949	68.032817	-265.618705	-32.152	-47.168	0.0199
21	32	tracking	-842.487567	67.738157	-265.564179	-7.152	-55.168	0.0206
21	33	tracking	-842.469276	67.406589	-265.502163	17.848	-55.963	0.0178
21	34	landing	-842.459127	67.052544	-265.427815	17.848	-47.963	0.0165
21	35	landing	-842.456737	66.678426	-265.340908	17.848	-47.963	0.0151
21	36	landing	-842.461772	66.286626	-265.241226	17.848	-47.963	0.0149
21	37	landing	-842.473924	65.879476	-265.128599	17.848	-47.963	0.0139
22	0	tracking	-850.645964	68.867102	-257.032114	-139.104	-4.000	0.1537
22	1	tracking	-849.991601	68.807284	-257.601772	-164.104	-0.670	0.0948
22	2	tracking	-849.422535	68.751906	-258.196524	170.896	-8.670	0.1138
22	3	tracking	-848.951149	68.710040	-258.797665	153.407	-16.670	0.1094
22	4	tracking	-848.533079	68.685017	-259.402840	178.407	-24.670	0.0799
22	5	tracking	-848.135704	68.677907	-259.999512	-156.593	-32.670	0.1051
22	6	tracking	-847.761383	68.687936	-260.584443	-159.186	-40.670	0.2450
22	7	tracking	-847.390151	68.712344	-261.142272	-134.186	-46.375	0.1963
22	8	tracking	-847.102120	68.816918	-261.651227	-150.375	-42.740	0.0882
22	9	tracking	-846.775525	68.878399	-262.193940	-150.375	-34.740	0.0956
22	10	tracking	-846.458552	68.942898	-262.723177	-150.375	-26.740	0.0790
22	11	tracking	-846.149432	69.005298	-263.241676	-150.375	-18.740	0.0974
22	12	tracking	-845.833170	69.069017	-263.732652	-125.375	-26.740	0.0741
22	13	tracking	-845.506175	69.134514	-264.178389	-100.375	-34.740	0.0622
22	14	tracking	-845.174806	69.199082	-264.565097	-75.375	-42.740	0.0825
22	15	tracking	-844.851547	69.256969	-264.886463	-50.375	-50.740	0.0609
22	16	tracking	-844.536744	69.305820	-265.151687	-51.747	-42.740	0.0536
22	17	tracking	-844.241677	69.344425	-265.359076	-26.747	-34.740	0.0534
22	18	tracking	-843.965306	69.371110	-265.517139	-26.747	-26.740	0.0635
22	19	tracking	-843.706938	69.384290	-265.633922	-26.747	-25.689	0.0520
22	20	tracking	-843.475940	69.384084	-265.711989	-1.747	-17.689	0.0529
22	21	tracking	-843.279821	69.369850	-265.758969	23.253	-9.689	0.0516
22	22	tracking	-843.118627	69.342074	-265.783413	37.878	-7.940	0.0527
22	23	tracking	-842.987046	69.301659	-265.789711	37.878	-7.940	0.0527
22	24	tracking	-842.885028	69.248441	-265.787525	62.878	-15.940	0.0480
22	25	tracking	-842.807848	69.179001	-265.779993	67.848	-23.940	0.0459
22	26	tracking	-842.751150	69.087537	-265.768369	67.848	-31.940	0.0435
22	27	tracking	-842.711319	68.966575	-265.753661	67.848	-39.940	0.0392
22	28	tracking	-842.682786	68.808562	-265.733057	42.848	-47.168	0.0393
22	29	tracking	-842.660802	68.615248	-265.704015	17.848	-47.168	0.0357
22	30	tracking	-842.639626	68.389053	-265.665470	-7.152	-47.168	0.0343
22	31	tracking	-842.612949	68.132817	-265.618705	-32.152	-47.168	0.0344
22	32	tracking	-842.587567	67.838157	-265.564179	-7.152	-55.168	0.0314
22	33	tracking	-842.569276	67.506589	-265.502163	17.848	-55.963	0.0307
22	34	tracking	-842.557717	67.140455	-265.432196	17.848	-55.963	0.0327
22	35	landing	-842.554127	66.754637	-265.349016	17.848	-47.963	0.0302
22	36	landing	-842.558153	66.351542	-265.252464	17.848	-47.963	0.0277
22	37	landing	-842.569475	65.933523	-265.142416	17.848	-47.963	0.0257
23	0	tracking	-850.645964	68.867102	-257.032114	-139.104	-4.000	0.2289
23	1	tracking	-849.991601	68.807284	-257.601772	-164.104	-0.670	0.1846
23	2	tracking	-849.422535	68.751906	-258.196524	170.896	-8.670	0.1752
23	3	tracking	-848.951149	68.710040	-258.797665	153.407	-16.670	0.1939
23	4	tracking	-848.533079	68.685017	-259.402840	178.407	-24.670	0.1748
23	5	tracking	-848.135704	68.677907	-259.999512	-156.593	-32.670	0.1860
23	6	tracking	-847.761383	68.687936	-260.584443	-159.186	-40.670	0.1433
23	7	tracking	-847.390151	68.712344	-261.142272	-134.186	-46.375	0.1506
23	8	tracking	-847.002120	68.816918	-261.651227	-150.375	-42.740	0.1677
23	9	tracking	-846.675525	68.878399	-262.193940	-150.375	-34.740	0.1256
23	10	tracking	-846.358552	68.942898	-262.723177	-150.375	-26.740	0.1178
23	11	tracking	-846.049432	69.005298	-263.241676	-150.375	-18.740	0.1268
23	12	tracking	-845.733170	69.069017	-263.732652	-125.375	-26.740	0.1226
23	13	tracking	-845.406175	69.134514	-264.178389	-100.375	-34.740	0.1079
23	14	tracking	-845.074806	69.199082	-264.565097	-75.375	-42.740	0.1070
23	15	tracking	-844.751547	69.256969	-264.886463	-50.375	-50.740	0.1046
23	16	tracking	-844.436744	69.305820	-265.151687	-51.747	-42.740	0.1380
23	17	tracking	-844.141677	69.344425	-265.359076	-26.747	-34.740	0.0997
23	18	tracking	-843.865306	69.371110	-265.517139	-26.747	-26.740	0.0707
23	19	tracking	-843.606938	69.384290	-265.633922	-26.747	-25.689	0.0765
23	20	tracking	-843.375940	69.384084	-265.711989	-1.747	-17.689	0.0627
23	21	tracking	-843.179821	69.369850	-265.758969	23.253	-9.689	0.0597
23	22	tracking	-843.018627	69.342074	-265.783413	37.878	-7.940	0.0612
23	23	tracking	-842.887046	69.301659	-265.789711	37.878	-7.940	0.0586
23	24	tracking	-842.785028	69.248441	-265.787525	62.878	-15.940	0.0565
23	25	tracking	-842.707848	69.179001	-265.779993	67.848	-23.940	0.0818
23	26	tracking	-842.651150	69.087537	-265.768369	67.848	-31.940	0.1049
23	27	tracking	-842.611319	68.966575	-265.753661	67.848	-39.940	0.0762
23	28	tracking	-842.582786	68.808562	-265.733057	42.848	-47.168	0.0636
23	29	tracking	-842.560802	68.615248	-265.704015	17.848	-47.168	0.0526
23	30	tracking	-842.539626	68.389053	-265.665470	-7.152	-47.168	0.0709
23	31	tracking	-842.512949	68.132817	-265.618705	-32.152	-47.168	0.0590
23	32	tracking	-842.487567	67.838157	-265.564179	-7.152	-55.168	0.0412
23	33	tracking	-842.469276	67.506589	-265.502163	17.848	-55.963	0.0433
23	34	tracking	-842.457717	67.140455	-265.432196	17.848	-55.963	0.0358
23	35	landing	-842.454127	66.754637	-265.349016	17.848	-47.963	0.0492
23	36	landing	-842.458153	66.351542	-265.252464	17.848	-47.963	0.0470
23	37	landing	-842.469475	65.933523	-265.142416	17.848	-47.963	0.0311
24	0	tracking	-850.645964	68.867102	-257.032114	-139.104	-4.000	0.2966
24	1	tracking	-849.991601	68.807284	-257.601772	-164.104	-0.670	0.1218
24	2	tracking	-849.422535	68.751906	-258.196524	170.896	-8.670	0.1200
24	3	tracking	-848.951149	68.710040	-258.797665	153.407	-16.670	0.1037
24	4	tracking	-848.533079	68.685017	-259.402840	178.407	-24.670	0.0975
24	5	tracking	-848.135704	68.677907	-259.999512	-156.593	-32.670	0.0941
24	6	tracking	-847.761383	68.687936	-260.584443	-159.186	-40.670	0.0997
24	7	tracking	-847.390151	68.712344	-261.142272	-134.186	-46.375	0.1002
24	8	tracking	-847.065680	68.718758	-261.752633	-150.375	-42.740	0.0925
24	9	tracking	-846.705811	68.783526	-262.298017	-150.375	-34.740	0.0825
24	10	tracking	-846.358370	68.852374	-262.831077	-150.375	-26.740	0.0771
24	11	tracking	-846.021263	68.919819	-263.354460	-150.375	-18.740	0.0787
24	12	tracking	-845.678787	68.989548	-263.850694	-125.375	-26.740	0.0803
24	13	tracking	-845.326971	69.062289	-264.301384	-100.375	-34.740	0.0759
24	14	tracking	-844.972115	69.135565	-264.692148	-75.375	-42.740	0.0694
24	15	tracking	-844.626907	69.203793	-265.016282	-50.375	-50.740	0.1732
24	16	tracking	-844.291508	69.264285	-265.283151	-51.747	-42.740	0.0885
24	17	tracking	-843.977488	69.315512	-265.490813	-26.747	-34.740	0.0704
24	18	tracking	-843.683640	69.355459	-265.647948	-26.747	-26.740	0.0607
24	19	tracking	-843.409291	69.382077	-265.763093	-26.747	-25.689	0.0714
24	20	tracking	-843.164046	69.394475	-265.839465	-1.747	-17.689	0.0543
24	21	tracking	-842.955282	69.391668	-265.884825	23.253	-9.689	0.0599
24	22	tracking	-842.782899	69.374199	-265.907725	37.878	-7.940	0.0656
24	23	tracking	-842.641422	69.343083	-265.912552	37.878	-7.940	0.0641
24	24	tracking	-842.530685	69.298473	-265.909005	62.878	-15.940	0.0593
24	25	tracking	-842.445829	69.237210	-265.900223	67.848	-23.940	0.0737
24	26	tracking	-842.382382	69.153697	-265.887448	67.848	-31.940	0.0666
24	27	tracking	-842.336635	69.040621	-265.871675	67.848	-39.940	0.0554
24	28	tracking	-842.302902	68.890524	-265.850044	42.848	-47.168	0.0578
24	29	tracking	-842.276296	68.705059	-265.820058	17.848	-47.168	0.0520
24	30	tracking	-842.251007	68.486536	-265.780729	-7.152	-47.168	0.0470
24	31	tracking	-842.220726	68.237727	-265.733361	-32.152	-47.168	0.0408
24	32	tracking	-842.192140	67.950353	-265.678347	-7.152	-55.168	0.0445
24	33	tracking	-842.170971	67.625896	-265.615967	17.848	-55.963	0.0399
24	34	tracking	-842.156812	67.266637	-265.545784	17.848	-55.963	0.0402
24	35	landing	-842.150837	66.887318	-265.462627	17.848	-47.963	0.0389
24	36	landing	-842.152661	66.490318	-265.366334	17.848	-47.963	0.0424
24	37	landing	-842.161938	66.077974	-265.256772	17.848	-47.963	0.0398
24	38	landing	-842.178348	65.652537	-265.133861	17.848	-47.963	0.0347
25	0	tracking	-850.645964	68.867102	-257.032114	-139.104	-4.000	0.1943
25	1	tracking	-849.991601	68.807284	-257.601772	-164.104	-0.670	0.1482
25	2	tracking	-849.422535	68.751906	-258.196524	170.896	-8.670	0.1179
25	3	tracking	-848.951149	68.710040	-258.797665	153.407	-16.670	0.1227
25	4	tracking	-848.533079	68.685017	-259.402840	178.407	-24.670	0.1165
25	5	tracking	-848.135704	68.677907	-259.999512	-156.593	-32.670	0.0967
25	6	tracking	-847.761383	68.687936	-260.584443	-159.186	-40.670	0.1161
25	7	tracking	-847.390151	68.712344	-261.142272	-134.186	-46.375	0.0848
25	8	tracking	-846.965680	68.718758	-261.752633	-150.375	-42.740	0.0945
25	9	tracking	-846.605811	68.783526	-262.298017	-150.375	-34.740	0.0808
25	10	tracking	-846.258370	68.852374	-262.831077	-150.375	-26.740	0.0794
25	11	tracking	-845.921263	68.919819	-263.354460	-150.375	-18.740	0.0806
25	12	tracking	-845.578787	68.989548	-263.850694	-125.375	-26.740	0.0942
25	13	tracking	-845.226971	69.062289	-264.301384	-100.375	-34.740	0.0814
25	14	tracking	-844.872115	69.135565	-264.692148	-75.375	-42.740	0.0705
25	15	tracking	-844.526907	69.203793	-265.016282	-50.375	-50.740	0.0639
25	16	tracking	-844.191508	69.264285	-265.283151	-51.747	-42.740	0.0775
25	17	tracking	-843.877488	69.315512	-265.490813	-26.747	-34.740	0.0626
25	18	tracking	-843.583640	69.355459	-265.647948	-26.747	-26.740	0.0624
25	19	tracking	-843.309291	69.382077	-265.763093	-26.747	-25.689	0.0607
25	20	tracking	-843.064046	69.394475	-265.839465	-1.747	-17.689	0.0587
25	21	tracking	-842.855282	69.391668	-265.884825	23.253	-9.689	0.0533
25	22	tracking	-842.682899	69.374199	-265.907725	37.878	-7.940	0.0559
25	23	tracking	-842.541422	69.343083	-265.912552	37.878	-7.940	0.0477
25	24	tracking	-842.430685	69.298473	-265.909005	62.878	-15.940	0.0514
25	25	tracking	-842.345829	69.237210	-265.900223	67.848	-23.940	0.0445
25	26	tracking	-842.282382	69.153697	-265.887448	67.848	-31.940	0.0451
25	27	tracking	-842.236635	69.040621	-265.871675	67.848	-39.940	0.0475
25	28	tracking	-842.202902	68.890524	-265.850044	42.848	-47.168	0.0450
25	29	tracking	-842.176296	68.705059	-265.820058	17.848	-47.168	0.0416
25	30	tracking	-842.151007	68.486536	-265.780729	-7.152	-47.168	0.0384
25	31	tracking	-842.120726	68.237727	-265.733361	-32.152	-47.168	0.0399
25	32	tracking	-842.092140	67.950353	-265.678347	-7.152	-55.168	0.0348
25	33	tracking	-842.070971	67.625896	-265.615967	17.848	-55.963	0.0337
25	34	tracking	-842.056812	67.266637	-265.545784	17.848	-55.963	0.0313
25	35	landing	-842.050837	66.887318	-265.462627	17.848	-47.963	0.0292
25	36	landing	-842.052661	66.490318	-265.366334	17.848	-47.963	0.0297
25	37	landing	-842.061938	66.077974	-265.256772	17.848	-47.963	0.0292
25	38	landing	-842.078348	65.652537	-265.133861	17.848	-47.963	0.0242
26	0	tracking	-850.645964	68.867102	-257.032114	-139.104	-4.000	0.1508
26	1	tracking	-849.991601	68.807284	-257.601772	-164.104	-0.670	0.1143
26	2	tracking	-849.422535	68.751906	-258.196524	170.896	-8.670	0.0935
26	3	tracking	-848.951149	68.710040	-258.797665	153.407	-16.670	0.0906
26	4	tracking	-848.533079	68.685017	-259.402840	178.407	-24.670	0.0920
26	5	tracking	-848.135704	68.677907	-259.999512	-156.593	-32.670	0.0938
26	6	tracking	-847.761383	68.687936	-260.584443	-159.186	-40.670	0.0809
26	7	tracking	-847.390151	68.712344	-261.142272	-134.186	-46.375	0.0813
26	8	tracking	-847.065680	68.818758	-261.752633	-150.375	-42.740	0.0994
26	9	tracking	-846.705811	68.883526	-262.298017	-150.375	-34.740	0.0868
26	10	tracking	-846.358370	68.952374	-262.831077	-150.375	-26.740	0.0744
26	11	tracking	-846.021263	69.019819	-263.354460	-150.375	-18.740	0.0848
26	12	tracking	-845.678787	69.089548	-263.850694	-125.375	-26.740	0.0764
26	13	tracking	-845.326971	69.162289	-264.301384	-100.375	-34.740	0.0708
26	14	tracking	-844.972115	69.235565	-264.692148	-75.375	-42.740	0.0702
26	15	tracking	-844.626907	69.303793	-265.016282	-50.375	-50.740	0.0608
26	16	tracking	-844.291508	69.364285	-265.283151	-51.747	-42.740	0.0576
26	17	tracking	-843.977488	69.415512	-265.490813	-26.747	-34.740	0.0569
26	18	tracking	-843.683640	69.455459	-265.647948	-26.747	-26.740	0.0553
26	19	tracking	-843.409291	69.482077	-265.763093	-26.747	-25.689	0.0533
26	20	tracking	-843.164046	69.494475	-265.839465	-1.747	-17.689	0.0525
26	21	tracking	-842.955282	69.491668	-265.884825	23.253	-9.689	0.0535
26	22	tracking	-842.782899	69.474199	-265.907725	37.878	-7.940	0.0478
26	23	tracking	-842.641422	69.443083	-265.912552	37.878	-7.940	0.0505
26	24	tracking	-842.530685	69.398473	-265.909005	62.878	-15.940	0.0644
26	25	tracking	-842.445829	69.337210	-265.900223	67.848	-23.940	0.0494
26	26	tracking	-842.382382	69.253697	-265.887448	67.848	-31.940	0.0454
26	27	tracking	-842.336635	69.140621	-265.871675	67.848	-39.940	0.0445
26	28	tracking	-842.302902	68.990524	-265.850044	42.848	-47.168	0.0404
26	29	tracking	-842.276296	68.805059	-265.820058	17.848	-47.168	0.0476
26	30	tracking	-842.251007	68.586536	-265.780729	-7.152	-47.168	0.0449
26	31	tracking	-842.220726	68.337727	-265.733361	-32.152	-47.168	0.0343
26	32	tracking	-842.192140	68.050353	-265.678347	-7.152	-55.168	0.0341
26	33	tracking	-842.170971	67.725896	-265.615967	17.848	-55.963	0.0335
26	34	tracking	-842.156812	67.366637	-265.545784	17.848	-55.963	0.0506
26	35	landing	-842.150837	66.987318	-265.462627	17.848	-47.963	0.0321
26	36	landing	-842.152661	66.590318	-265.366334	17.848	-47.963	0.0276
26	37	landing	-842.161938	66.177974	-265.256772	17.848	-47.963	0.0291
26	38	landing	-842.178348	65.752537	-265.133861	17.848	-47.963	0.0333
27	0	tracking	-850.645964	68.867102	-257.032114	-139.104	-4.000	0.1474
27	1	tracking	-849.991601	68.807284	-257.601772	-164.104	-0.670	0.1096
27	2	tracking	-849.422535	68.751906	-258.196524	170.896	-8.670	0.1044
27	3	tracking	-848.951149	68.710040	-258.797665	153.407	-16.670	0.0903
27	4	tracking	-848.533079	68.685017	-259.402840	178.407	-24.670	0.0998
27	5	tracking	-848.135704	68.677907	-259.999512	-156.593	-32.670	0.0878
27	6	tracking	-847.761383	68.687936	-260.584443	-159.186	-40.670	0.0807
27	7	tracking	-847.390151	68.712344	-261.142272	-134.186	-46.375	0.0975
27	8	tracking	-846.965680	68.818758	-261.752633	-150.375	-42.740	0.0994
27	9	tracking	-846.605811	68.883526	-262.298017	-150.375	-34.740	0.1008
27	10	tracking	-846.258370	68.952374	-262.831077	-150.375	-26.740	0.0820
27	11	tracking	-845.921263	69.019819	-263.354460	-150.375	-18.740	0.0788
27	12	tracking	-845.578787	69.089548	-263.850694	-125.375	-26.740	0.0703
27	13	tracking	-845.226971	69.162289	-264.301384	-100.375	-34.740	0.0707
27	14	tracking	-844.872115	69.235565	-264.692148	-75.375	-42.740	0.0622
27	15	tracking	-844.526907	69.303793	-265.016282	-50.375	-50.740	0.0595
27	16	tracking	-844.191508	69.364285	-265.283151	-51.747	-42.740	0.0586
27	17	tracking	-843.877488	69.415512	-265.490813	-26.747	-34.740	0.0554
27	18	tracking	-843.583640	69.455459	-265.647948	-26.747	-26.740	0.0544
27	19	tracking	-843.309291	69.482077	-265.763093	-26.747	-25.689	0.0580
27	20	tracking	-843.064046	69.494475	-265.839465	-1.747	-17.689	0.0539
27	21	tracking	-842.855282	69.491668	-265.884825	23.253	-9.689	0.0521
27	22	tracking	-842.682899	69.474199	-265.907725	37.878	-7.940	0.0568
27	23	tracking	-842.541422	69.443083	-265.912552	37.878	-7.940	0.0468
27	24	tracking	-842.430685	69.398473	-265.909005	62.878	-15.940	0.0461
27	25	tracking	-842.345829	69.337210	-265.900223	67.848	-23.940	0.0440
27	26	tracking	-842.282382	69.253697	-265.887448	67.848	-31.940	0.0469
27	27	tracking	-842.236635	69.140621	-265.871675	67.848	-39.940	0.0434
27	28	tracking	-842.202902	68.990524	-265.850044	42.848	-47.168	0.0413
27	29	tracking	-842.176296	68.805059	-265.820058	17.848	-47.168	0.0388
27	30	tracking	-842.151007	68.586536	-265.780729	-7.152	-47.168	0.0399
27	31	tracking	-842.120726	68.337727	-265.733361	-32.152	-47.168	0.0350
27	32	tracking	-842.092140	68.050353	-265.678347	-7.152	-55.168	0.0365
27	33	tracking	-842.070971	67.725896	-265.615967	17.848	-55.963	0.0404
27	34	tracking	-842.056812	67.366637	-265.545784	17.848	-55.963	0.0340
27	35	landing	-842.050837	66.987318	-265.462627	17.848	-47.963	0.0280
27	36	landing	-842.052661	66.590318	-265.366334	17.848	-47.963	0.0383
27	37	landing	-842.061938	66.177974	-265.256772	17.848	-47.963	0.0251
27	38	landing	-842.078348	65.752537	-265.133861	17.848	-47.963	0.0269
28	0	tracking	-850.645964	68.867102	-257.032114	-139.104	-4.000	0.1356
28	1	tracking	-849.991601	68.807284	-257.601772	-164.104	-0.670	0.1203
28	2	tracking	-849.422535	68.751906	-258.196524	170.896	-8.670	0.1055
28	3	tracking	-848.951149	68.710040	-258.797665	153.407	-16.670	0.0914
28	4	tracking	-848.533079	68.685017	-259.402840	178.407	-24.670	0.0829
28	5	tracking	-848.135704	68.677907	-259.999512	-156.593	-32.670	0.0800
28	6	tracking	-847.761383	68.687936	-260.584443	-159.186	-40.670	0.0769
28	7	tracking	-847.390151	68.712344	-261.142272	-134.186	-46.375	0.0878
28	8	tracking	-847.065680	68.718758	-261.652633	-150.375	-42.740	0.0910
28	9	tracking	-846.705811	68.783526	-262.198017	-150.375	-34.740	0.0759
28	10	tracking	-846.358370	68.852374	-262.731077	-150.375	-26.740	0.0718
28	11	tracking	-846.021263	68.919819	-263.254460	-150.375	-18.740	0.0809
28	12	tracking	-845.678787	68.989548	-263.750694	-125.375	-26.740	0.0796
28	13	tracking	-845.326971	69.062289	-264.201384	-100.375	-34.740	0.0677
28	14	tracking	-844.972115	69.135565	-264.592148	-75.375	-42.740	0.0654
28	15	tracking	-844.626907	69.203793	-264.916282	-50.375	-50.740	0.0668
28	16	tracking	-844.291508	69.264285	-265.183151	-51.747	-42.740	0.1201
28	17	tracking	-843.977488	69.315512	-265.390813	-26.747	-34.740	0.0662
28	18	tracking	-843.683640	69.355459	-265.547948	-26.747	-26.740	0.0558
28	19	tracking	-843.409291	69.382077	-265.663093	-26.747	-25.689	0.0655
28	20	tracking	-843.164046	69.394475	-265.739465	-1.747	-17.689	0.0645
28	21	tracking	-842.955282	69.391668	-265.784825	23.253	-9.689	0.0581
28	22	tracking	-842.782899	69.374199	-265.807725	37.878	-7.940	0.0528
28	23	tracking	-842.641422	69.343083	-265.812552	37.878	-7.940	0.0543
28	24	tracking	-842.530685	69.298473	-265.809005	62.878	-15.940	0.0509
28	25	tracking	-842.445829	69.237210	-265.800223	67.848	-23.940	0.0557
28	26	tracking	-842.382382	69.153697	-265.787448	67.848	-31.940	0.0534
28	27	tracking	-842.336635	69.040621	-265.771675	67.848	-39.940	0.0528
28	28	tracking	-842.302902	68.890524	-265.750044	42.848	-47.168	0.0437
28	29	tracking	-842.276296	68.705059	-265.720058	17.848	-47.168	0.0432
28	30	tracking	-842.251007	68.486536	-265.680729	-7.152	-47.168	0.0427
28	31	tracking	-842.220726	68.237727	-265.633361	-32.152	-47.168	0.0431
28	32	tracking	-842.192140	67.950353	-265.578347	-7.152	-55.168	0.0397
28	33	tracking	-842.170971	67.625896	-265.515967	17.848	-55.963	0.0467
28	34	tracking	-842.156812	67.266637	-265.445784	17.848	-55.963	0.0330
28	35	landing	-842.150837	66.887318	-265.362627	17.848	-47.963	0.0338
28	36	landing	-842.152661	66.490318	-265.266334	17.848	-47.963	0.0338
28	37	landing	-842.161938	66.077974	-265.156772	17.848	-47.963	0.0318
28	38	landing	-842.178348	65.652537	-265.033861	17.848	-47.963	0.0251
29	0	tracking	-850.645964	68.867102	-257.032114	-139.104	-4.000	0.2012
29	1	tracking	-849.991601	68.807284	-257.601772	-164.104	-0.670	0.1187
29	2	tracking	-849.422535	68.751906	-258.196524	170.896	-8.670	0.0996
29	3	tracking	-848.951149	68.710040	-258.797665	153.407	-16.670	0.0983
29	4	tracking	-848.533079	68.685017	-259.402840	178.407	-24.670	0.0849
29	5	tracking	-848.135704	68.677907	-259.999512	-156.593	-32.670	0.0860
29	6	tracking	-847.761383	68.687936	-260.584443	-159.186	-40.670	0.0811
29	7	tracking	-847.390151	68.712344	-261.142272	-134.186	-46.375	0.0759
29	8	tracking	-846.965680	68.718758	-261.652633	-150.375	-42.740	0.0857
29	9	tracking	-846.605811	68.783526	-262.198017	-150.375	-34.740	0.0771
29	10	tracking	-846.258370	68.852374	-262.731077	-150.375	-26.740	0.0802
29	11	tracking	-845.921263	68.919819	-263.254460	-150.375	-18.740	0.1188
29	12	tracking	-845.578787	68.989548	-263.750694	-125.375	-26.740	0.1052
29	13	tracking	-845.226971	69.062289	-264.201384	-100.375	-34.740	0.0873
29	14	tracking	-844.872115	69.135565	-264.592148	-75.375	-42.740	0.0678
29	15	tracking	-844.526907	69.203793	-264.916282	-50.375	-50.740	0.0625
29	16	tracking	-844.191508	69.264285	-265.183151	-51.747	-42.740	0.0573
29	17	tracking	-843.877488	69.315512	-265.390813	-26.747	-34.740	0.0595
29	18	tracking	-843.583640	69.355459	-265.547948	-26.747	-26.740	0.0545
29	19	tracking	-843.309291	69.382077	-265.663093	-26.747	-25.689	0.0631
29	20	tracking	-843.064046	69.394475	-265.739465	-1.747	-17.689	0.0571
29	21	tracking	-842.855282	69.391668	-265.784825	23.253	-9.689	0.0508
29	22	tracking	-842.682899	69.374199	-265.807725	37.878	-7.940	0.0488
29	23	tracking	-842.541422	69.343083	-265.812552	37.878	-7.940	0.0497
29	24	tracking	-842.430685	69.298473	-265.809005	62.878	-15.940	0.0463
29	25	tracking	-842.345829	69.237210	-265.800223	67.848	-23.940	0.0514
29	26	tracking	-842.282382	69.153697	-265.787448	67.848	-31.940	0.0462
29	27	tracking	-842.236635	69.040621	-265.771675	67.848	-39.940	0.0501
29	28	tracking	-842.202902	68.890524	-265.750044	42.848	-47.168	0.0545
29	29	tracking	-842.176296	68.705059	-265.720058	17.848	-47.168	0.0447
29	30	tracking	-842.151007	68.486536	-265.680729	-7.152	-47.168	0.0468
29	31	tracking	-842.120726	68.237727	-265.633361	-32.152	-47.168	0.0446
29	32	tracking	-842.092140	67.950353	-265.578347	-7.152	-55.168	0.0473
29	33	tracking	-842.070971	67.625896	-265.515967	17.848	-55.963	0.0460
29	34	tracking	-842.056812	67.266637	-265.445784	17.848	-55.963	0.0350
29	35	landing	-842.050837	66.887318	-265.362627	17.848	-47.963	0.0322
29	36	landing	-842.052661	66.490318	-265.266334	17.848	-47.963	0.0406
29	37	landing	-842.061938	66.077974	-265.156772	17.848	-47.963	0.0401
29	38	landing	-842.078348	65.652537	-265.033861	17.848	-47.963	0.0363
30	0	tracking	-850.645964	68.867102	-257.032114	-139.104	-4.000	0.2019
30	1	tracking	-849.991601	68.807284	-257.601772	-164.104	-0.670	0.2335
30	2	tracking	-849.422535	68.751906	-258.196524	170.896	-8.670	0.4089
30	3	tracking	-848.951149	68.710040	-258.797665	153.407	-16.670	0.1256
30	4	tracking	-848.533079	68.685017	-259.402840	178.407	-24.670	0.1062
30	5	tracking	-848.135704	68.677907	-259.999512	-156.593	-32.670	0.0944
30	6	tracking	-847.761383	68.687936	-260.584443	-159.186	-40.670	0.1242
30	7	tracking	-847.390151	68.712344	-261.142272	-134.186	-46.375	0.0977
30	8	tracking	-847.065680	68.818758	-261.652633	-150.375	-42.740	0.1082
30	9	tracking	-846.705811	68.883526	-262.198017	-150.375	-34.740	0.0980
30	10	tracking	-846.358370	68.952374	-262.731077	-150.375	-26.740	0.1289
30	11	tracking	-846.021263	69.019819	-263.254460	-150.375	-18.740	0.0990
30	12	tracking	-845.678787	69.089548	-263.750694	-125.375	-26.740	0.0778
30	13	tracking	-845.326971	69.162289	-264.201384	-100.375	-34.740	0.0841
30	14	tracking	-844.972115	69.235565	-264.592148	-75.375	-42.740	0.0777
30	15	tracking	-844.626907	69.303793	-264.916282	-50.375	-50.740	0.0642
30	16	tracking	-844.291508	69.364285	-265.183151	-51.747	-42.740	0.0606
30	17	tracking	-843.977488	69.415512	-265.390813	-26.747	-34.740	0.0601
30	18	tracking	-843.683640	69.455459	-265.547948	-26.747	-26.740	0.0734
30	19	tracking	-843.409291	69.482077	-265.663093	-26.747	-25.689	0.0575
30	20	tracking	-843.164046	69.494475	-265.739465	-1.747	-17.689	0.0508
30	21	tracking	-842.955282	69.491668	-265.784825	23.253	-9.689	0.0610
30	22	tracking	-842.782899	69.474199	-265.807725	37.878	-7.940	0.0585
30	23	tracking	-842.641422	69.443083	-265.812552	37.878	-7.940	0.0491
30	24	tracking	-842.530685	69.398473	-265.809005	62.878	-15.940	0.0518
30	25	tracking	-842.445829	69.337210	-265.800223	67.848	-23.940	0.0475
30	26	tracking	-842.382382	69.253697	-265.787448	67.848	-31.940	0.0442
30	27	tracking	-842.336635	69.140621	-265.771675	67.848	-39.940	0.0637
30	28	tracking	-842.302902	68.990524	-265.750044	42.848	-47.168	0.0416
30	29	tracking	-842.276296	68.805059	-265.720058	17.848	-47.168	0.0445
30	30	tracking	-842.251007	68.586536	-265.680729	-7.152	-47.168	0.0364
30	31	tracking	-842.220726	68.337727	-265.633361	-32.152	-47.168	0.0379
30	32	tracking	-842.192140	68.050353	-265.578347	-7.152	-55.168	0.0355
30	33	tracking	-842.170971	67.725896	-265.515967	17.848	-55.963	0.0367
30	34	tracking	-842.156812	67.366637	-265.445784	17.848	-55.963	0.0298
30	35	landing	-842.150837	66.987318	-265.362627	17.848	-47.963	0.0280
30	36	landing	-842.152661	66.590318	-265.266334	17.848	-47.963	0.0248
30	37	landing	-842.161938	66.177974	-265.156772	17.848	-47.963	0.0245
30	38	landing	-842.178348	65.752537	-265.033861	17.848	-47.963	0.0239
31	0	tracking	-850.645964	68.867102	-257.032114	-139.104	-4.000	0.1626
31	1	tracking	-849.991601	68.807284	-257.601772	-164.104	-0.670	0.1362
31	2	tracking	-849.422535	68.751906	-258.196524	170.896	-8.670	0.1053
31	3	tracking	-848.951149	68.710040	-258.797665	153.407	-16.670	0.1937
31	4	tracking	-848.533079	68.685017	-259.402840	178.407	-24.670	0.1086
31	5	tracking	-848.135704	68.677907	-259.999512	-156.593	-32.670	0.0898
31	6	tracking	-847.761383	68.687936	-260.584443	-159.186	-40.670	0.0853
31	7	tracking	-847.390151	68.712344	-261.142272	-134.186	-46.375	0.0849
31	8	tracking	-846.965680	68.818758	-261.652633	-150.375	-42.740	0.0955
31	9	tracking	-846.605811	68.883526	-262.198017	-150.375	-34.740	0.0855
31	10	tracking	-846.258370	68.952374	-262.731077	-150.375	-26.740	0.0754
31	11	tracking	-845.921263	69.019819	-263.254460	-150.375	-18.740	0.0819
31	12	tracking	-845.578787	69.089548	-263.750694	-125.375	-26.740	0.0752
31	13	tracking	-845.226971	69.162289	-264.201384	-100.375	-34.740	0.0898
31	14	tracking	-844.872115	69.235565	-264.592148	-75.375	-42.740	0.0672
31	15	tracking	-844.526907	69.303793	-264.916282	-50.375	-50.740	0.0724
31	16	tracking	-844.191508	69.364285	-265.183151	-51.747	-42.740	0.0683
31	17	tracking	-843.877488	69.415512	-265.390813	-26.747	-34.740	0.0611
31	18	tracking	-843.583640	69.455459	-265.547948	-26.747	-26.740	0.0566
31	19	tracking	-843.309291	69.482077	-265.663093	-26.747	-25.689	0.1494
31	20	tracking	-843.064046	69.494475	-265.739465	-1.747	-17.689	0.0780
31	21	tracking	-842.855282	69.491668	-265.784825	23.253	-9.689	0.0551
31	22	tracking	-842.682899	69.474199	-265.807725	37.878	-7.940	0.0504
31	23	tracking	-842.541422	69.443083	-265.812552	37.878	-7.940	0.0673
31	24	tracking	-842.430685	69.398473	-265.809005	62.878	-15.940	0.0639
31	25	tracking	-842.345829	69.337210	-265.800223	67.848	-23.940	0.0684
31	26	tracking	-842.282382	69.253697	-265.787448	67.848	-31.940	0.0568
31	27	tracking	-842.236635	69.140621	-265.771675	67.848	-39.940	0.0455
31	28	tracking	-842.202902	68.990524	-265.750044	42.848	-47.168	0.0497
31	29	tracking	-842.176296	68.805059	-265.720058	17.848	-47.168	0.0488
31	30	tracking	-842.151007	68.586536	-265.680729	-7.152	-47.168	0.1524
31	31	tracking	-842.120726	68.337727	-265.633361	-32.152	-47.168	0.0511
31	32	tracking	-842.092140	68.050353	-265.578347	-7.152	-55.168	0.1639
31	33	tracking	-842.070971	67.725896	-265.515967	17.848	-55.963	0.0576
31	34	tracking	-842.056812	67.366637	-265.445784	17.848	-55.963	0.0532
31	35	landing	-842.050837	66.987318	-265.362627	17.848	-47.963	0.0568
31	36	landing	-842.052661	66.590318	-265.266334	17.848	-47.963	0.0304
31	37	landing	-842.061938	66.177974	-265.156772	17.848	-47.963	0.0284
31	38	landing	-842.078348	65.752537	-265.033861	17.848	-47.963	0.0250
32	0	tracking	-850.645964	68.867102	-257.032114	-139.104	-4.000	0.1664
32	1	tracking	-849.991601	68.807284	-257.601772	-164.104	-0.670	0.1349
32	2	tracking	-849.422535	68.751906	-258.196524	170.896	-8.670	0.1152
32	3	tracking	-848.951149	68.710040	-258.797665	153.407	-16.670	0.1110
32	4	tracking	-848.533079	68.685017	-259.402840	178.407	-24.670	0.0951
32	5	tracking	-848.135704	68.677907	-259.999512	-156.593	-32.670	0.0862
32	6	tracking	-847.761383	68.687936	-260.584443	-159.186	-40.670	0.0890
32	7	tracking	-847.390151	68.712344	-261.142272	-134.186	-46.375	0.0831
32	8	tracking	-847.102421	68.676951	-261.715058	-150.375	-42.740	0.0727
32	9	tracking	-846.776554	68.698707	-262.224734	-150.375	-34.740	0.0774
32	10	tracking	-846.461032	68.723481	-262.723126	-150.375	-26.740	0.0823
32	11	tracking	-846.154318	68.745986	-263.212185	-150.375	-18.740	0.1103
32	12	tracking	-845.841425	68.769874	-263.676059	-125.375	-26.740	0.0678
32	13	tracking	-845.518405	68.795618	-264.097469	-100.375	-34.740	0.0621
32	14	tracking	-845.191140	68.820524	-264.462650	-75.375	-42.740	0.0572
32	15	tracking	-844.871723	68.838928	-264.764989	-50.375	-50.740	0.0599
32	16	tracking	-844.560181	68.849268	-265.013131	-51.747	-42.740	0.0585
32	17	tracking	-844.267703	68.851106	-265.204672	-26.747	-34.740	0.0520
32	18	tracking	-843.993082	68.843505	-265.347510	-26.747	-26.740	0.0473
32	19	tracking	-843.735489	68.825333	-265.449171	-26.747	-25.689	0.0643
32	20	tracking	-843.505121	68.796939	-265.511812	-1.747	-17.689	0.0541
32	21	tracking	-843.310341	68.757658	-265.543241	23.253	-9.689	0.0461
32	22	tracking	-843.151431	68.707667	-265.552425	37.878	-7.940	0.0472
32	23	tracking	-843.022853	68.647551	-265.543880	37.878	-7.940	0.0569
32	24	tracking	-842.924728	68.576711	-265.527848	62.878	-15.940	0.0483
32	25	tracking	-842.852027	68.491312	-265.507567	67.848	-23.940	0.0409
32	26	tracking	-842.800115	68.385197	-265.484259	67.848	-31.940	0.0441
32	27	tracking	-842.765190	68.250642	-265.458880	67.848	-39.940	0.0456
32	28	tracking	-842.741444	68.079989	-265.428320	42.848	-47.168	0.0467
32	29	tracking	-842.723964	67.875184	-265.389668	17.848	-47.168	0.0997
32	30	tracking	-842.706686	67.638799	-265.341658	-7.152	-47.168	0.0754
32	31	tracking	-842.682987	67.373688	-265.285669	-32.152	-47.168	0.0398
32	32	tracking	-842.660165	67.071329	-265.222187	-7.152	-55.168	0.0334
32	33	tracking	-842.644378	66.733214	-265.151503	17.848	-55.963	0.0323
32	34	landing	-842.636712	66.373764	-265.068647	17.848	-47.963	0.0252
32	35	landing	-842.636782	65.995347	-264.973389	17.848	-47.963	0.0240
33	0	tracking	-850.645964	68.867102	-257.032114	-139.104	-4.000	0.1855
33	1	tracking	-849.991601	68.807284	-257.601772	-164.104	-0.670	0.1295
33	2	tracking	-849.422535	68.751906	-258.196524	170.896	-8.670	0.1097
33	3	tracking	-848.951149	68.710040	-258.797665	153.407	-16.670	0.1022
33	4	tracking	-848.533079	68.685017	-259.402840	178.407	-24.670	0.1015
33	5	tracking	-848.135704	68.677907	-259.999512	-156.593	-32.670	0.0916
33	6	tracking	-847.761383	68.687936	-260.584443	-159.186	-40.670	0.0963
33	7	tracking	-847.390151	68.712344	-261.142272	-134.186	-46.375	0.1066
33	8	tracking	-847.002421	68.676951	-261.715058	-150.375	-42.740	0.0687
33	9	tracking	-846.676554	68.698707	-262.224734	-150.375	-34.740	0.0711
33	10	tracking	-846.361032	68.723481	-262.723126	-150.375	-26.740	0.0818
33	11	tracking	-846.054318	68.745986	-263.212185	-150.375	-18.740	0.0652
33	12	tracking	-845.741425	68.769874	-263.676059	-125.375	-26.740	0.0601
33	13	tracking	-845.418405	68.795618	-264.097469	-100.375	-34.740	0.0626
33	14	tracking	-845.091140	68.820524	-264.462650	-75.375	-42.740	0.0562
33	15	tracking	-844.771723	68.838928	-264.764989	-50.375	-50.740	0.0556
33	16	tracking	-844.460181	68.849268	-265.013131	-51.747	-42.740	0.0513
33	17	tracking	-844.167703	68.851106	-265.204672	-26.747	-34.740	0.0493
33	18	tracking	-843.893082	68.843505	-265.347510	-26.747	-26.740	0.0563
33	19	tracking	-843.635489	68.825333	-265.449171	-26.747	-25.689	0.0437
33	20	tracking	-843.405121	68.796939	-265.511812	-1.747	-17.689	0.0534
33	21	tracking	-843.210341	68.757658	-265.543241	23.253	-9.689	0.0472
33	22	tracking	-843.051431	68.707667	-265.552425	37.878	-7.940	0.0498
33	23	tracking	-842.922853	68.647551	-265.543880	37.878	-7.940	0.0372
33	24	tracking	-842.824728	68.576711	-265.527848	62.878	-15.940	0.0420
33	25	tracking	-842.752027	68.491312	-265.507567	67.848	-23.940	0.0343
33	26	tracking	-842.700115	68.385197	-265.484259	67.848	-31.940	0.0337
33	27	tracking	-842.665190	68.250642	-265.458880	67.848	-39.940	0.0301
33	28	tracking	-842.641444	68.079989	-265.428320	42.848	-47.168	0.0271
33	29	tracking	-842.623964	67.875184	-265.389668	17.848	-47.168	0.0302
33	30	tracking	-842.606686	67.638799	-265.341658	-7.152	-47.168	0.0234
33	31	tracking	-842.582987	67.373688	-265.285669	-32.152	-47.168	0.0218
33	32	tracking	-842.560165	67.071329	-265.222187	-7.152	-55.168	0.0265
33	33	tracking	-842.544378	66.733214	-265.151503	17.848	-55.963	0.0199
33	34	landing	-842.536712	66.373764	-265.068647	17.848	-47.963	0.0178
33	35	landing	-842.536782	65.995347	-264.973389	17.848	-47.963	0.0151
34	0	tracking	-850.645964	68.867102	-257.032114	-139.104	-4.000	0.2710
34	1	tracking	-849.991601	68.807284	-257.601772	-164.104	-0.670	0.1112
34	2	tracking	-849.422535	68.751906	-258.196524	170.896	-8.670	0.1126
34	3	tracking	-848.951149	68.710040	-258.797665	153.407	-16.670	0.1006
34	4	tracking	-848.533079	68.685017	-259.402840	178.407	-24.670	0.0872
34	5	tracking	-848.135704	68.677907	-259.999512	-156.593	-32.670	0.0937
34	6	tracking	-847.761383	68.687936	-260.584443	-159.186	-40.670	0.0810
34	7	tracking	-847.390151	68.712344	-261.142272	-134.186	-46.375	0.0829
34	8	tracking	-847.102421	68.776951	-261.715058	-150.375	-42.740	0.0771
34	9	tracking	-846.776554	68.798707	-262.224734	-150.375	-34.740	0.0819
34	10	tracking	-846.461032	68.823481	-262.723126	-150.375	-26.740	0.0636
34	11	tracking	-846.154318	68.845986	-263.212185	-150.375	-18.740	0.0811
34	12	tracking	-845.841425	68.869874	-263.676059	-125.375	-26.740	0.0581
34	13	tracking	-845.518405	68.895618	-264.097469	-100.375	-34.740	0.0608
34	14	tracking	-845.191140	68.920524	-264.462650	-75.375	-42.740	0.0582
34	15	tracking	-844.871723	68.938928	-264.764989	-50.375	-50.740	0.0650
34	16	tracking	-844.560181	68.949268	-265.013131	-51.747	-42.740	0.0596
34	17	tracking	-844.267703	68.951106	-265.204672	-26.747	-34.740	0.0512
34	18	tracking	-843.993082	68.943505	-265.347510	-26.747	-26.740	0.0525
34	19	tracking	-843.735489	68.925333	-265.449171	-26.747	-25.689	0.0472
34	20	tracking	-843.505121	68.896939	-265.511812	-1.747	-17.689	0.1124
34	21	tracking	-843.310341	68.857658	-265.543241	23.253	-9.689	0.0680
34	22	tracking	-843.151431	68.807667	-265.552425	37.878	-7.940	0.0431
34	23	tracking	-843.022853	68.747551	-265.543880	37.878	-7.940	0.0436
34	24	tracking	-842.924728	68.676711	-265.527848	62.878	-15.940	0.0411
34	25	tracking	-842.852027	68.591312	-265.507567	67.848	-23.940	0.0401
34	26	tracking	-842.800115	68.485197	-265.484259	67.848	-31.940	0.0385
34	27	tracking	-842.765190	68.350642	-265.458880	67.848	-39.940	0.0417
34	28	tracking	-842.741444	68.179989	-265.428320	42.848	-47.168	0.0493
34	29	tracking	-842.723964	67.975184	-265.389668	17.848	-47.168	0.0397
34	30	tracking	-842.706686	67.738799	-265.341658	-7.152	-47.168	0.0369
34	31	tracking	-842.682987	67.473688	-265.285669	-32.152	-47.168	0.0341
34	32	tracking	-842.660165	67.171329	-265.222187	-7.152	-55.168	0.0397
34	33	tracking	-842.644378	66.833214	-265.151503	17.848	-55.963	0.0317
34	34	landing	-842.636712	66.473764	-265.068647	17.848	-47.963	0.0297
34	35	landing	-842.636782	66.095347	-264.973389	17.848	-47.963	0.0279
34	36	landing	-842.644246	65.700299	-264.865528	17.848	-47.963	0.0251
35	0	tracking	-850.645964	68.867102	-257.032114	-139.104	-4.000	0.1665
35	1	tracking	-849.991601	68.807284	-257.601772	-164.104	-0.670	0.1039
35	2	tracking	-849.422535	68.751906	-258.196524	170.896	-8.670	0.1004
35	3	tracking	-848.951149	68.710040	-258.797665	153.407	-16.670	0.0971
35	4	tracking	-848.533079	68.685017	-259.402840	178.407	-24.670	0.1052
35	5	tracking	-848.135704	68.677907	-259.999512	-156.593	-32.670	0.0802
35	6	tracking	-847.761383	68.687936	-260.584443	-159.186	-40.670	0.0831
35	7	tracking	-847.390151	68.712344	-261.142272	-134.186	-46.375	0.0794
35	8	tracking	-847.002421	68.776951	-261.715058	-150.375	-42.740	0.0763
35	9	tracking	-846.676554	68.798707	-262.224734	-150.375	-34.740	0.0789
35	10	tracking	-846.361032	68.823481	-262.723126	-150.375	-26.740	0.0641
35	11	tracking	-846.054318	68.845986	-263.212185	-150.375	-18.740	0.0727
35	12	tracking	-845.741425	68.869874	-263.676059	-125.375	-26.740	0.0647
35	13	tracking	-845.418405	68.895618	-264.097469	-100.375	-34.740	0.0612
35	14	tracking	-845.091140	68.920524	-264.462650	-75.375	-42.740	0.0546
35	15	tracking	-844.771723	68.938928	-264.764989	-50.375	-50.740	0.0513
35	16	tracking	-844.460181	68.949268	-265.013131	-51.747	-42.740	0.0517
35	17	tracking	-844.167703	68.951106	-265.204672	-26.747	-34.740	0.0503
35	18	tracking	-843.893082	68.943505	-265.347510	-26.747	-26.740	0.0535
35	19	tracking	-843.635489	68.925333	-265.449171	-26.747	-25.689	0.0469
35	20	tracking	-843.405121	68.896939	-265.511812	-1.747	-17.689	0.0451
35	21	tracking	-843.210341	68.857658	-265.543241	23.253	-9.689	0.0428
35	22	tracking	-843.051431	68.807667	-265.552425	37.878	-7.940	0.0389
35	23	tracking	-842.922853	68.747551	-265.543880	37.878	-7.940	0.0477
35	24	tracking	-842.824728	68.676711	-265.527848	62.878	-15.940	0.0472
35	25	tracking	-842.752027	68.591312	-265.507567	67.848	-23.940	0.0431
35	26	tracking	-842.700115	68.485197	-265.484259	67.848	-31.940	0.0325
35	27	tracking	-842.665190	68.350642	-265.458880	67.848	-39.940	0.0347
35	28	tracking	-842.641444	68.179989	-265.428320	42.848	-47.168	0.0301
35	29	tracking	-842.623964	67.975184	-265.389668	17.848	-47.168	0.0292
35	30	tracking	-842.606686	67.738799	-265.341658	-7.152	-47.168	0.0312
35	31	tracking	-842.582987	67.473688	-265.285669	-32.152	-47.168	0.0262
35	32	tracking	-842.560165	67.171329	-265.222187	-7.152	-55.168	0.0356
35	33	tracking	-842.544378	66.833214	-265.151503	17.848	-55.963	0.0242
35	34	landing	-842.536712	66.473764	-265.068647	17.848	-47.963	0.0218
35	35	landing	-842.536782	66.095347	-264.973389	17.848	-47.963	0.0212
35	36	landing	-842.544246	65.700299	-264.865528	17.848	-47.963	0.0195
36	0	tracking	-850.645964	68.867102	-257.032114	-139.104	-4.000	0.1459
36	1	tracking	-849.991601	68.807284	-257.601772	-164.104	-0.670	0.1036
36	2	tracking	-849.422535	68.751906	-258.196524	170.896	-8.670	0.1005
36	3	tracking	-848.951149	68.710040	-258.797665	153.407	-16.670	0.0943
36	4	tracking	-848.533079	68.685017	-259.402840	178.407	-24.670	0.0905
36	5	tracking	-848.135704	68.677907	-259.999512	-156.593	-32.670	0.0880
36	6	tracking	-847.761383	68.687936	-260.584443	-159.186	-40.670	0.0943
36	7	tracking	-847.390151	68.712344	-261.142272	-134.186	-46.375	0.0909
36	8	tracking	-847.102421	68.676951	-261.615058	-150.375	-42.740	0.0848
36	9	tracking	-846.776554	68.698707	-262.124734	-150.375	-34.740	0.0747
36	10	tracking	-846.461032	68.723481	-262.623126	-150.375	-26.740	0.0737
36	11	tracking	-846.154318	68.745986	-263.112185	-150.375	-18.740	0.0639
36	12	tracking	-845.841425	68.769874	-263.576059	-125.375	-26.740	0.0584
36	13	tracking	-845.518405	68.795618	-263.997469	-100.375	-34.740	0.0604
36	14	tracking	-845.191140	68.820524	-264.362650	-75.375	-42.740	0.0626
36	15	tracking	-844.871723	68.838928	-264.664989	-50.375	-50.740	0.0553
36	16	tracking	-844.560181	68.849268	-264.913131	-51.747	-42.740	0.0566
36	17	tracking	-844.267703	68.851106	-265.104672	-26.747	-34.740	0.0513
36	18	tracking	-843.993082	68.843505	-265.247510	-26.747	-26.740	0.0510
36	19	tracking	-843.735489	68.825333	-265.349171	-26.747	-25.689	0.0565
36	20	tracking	-843.505121	68.796939	-265.411812	-1.747	-17.689	0.0481
36	21	tracking	-843.310341	68.757658	-265.443241	23.253	-9.689	0.0551
36	22	tracking	-843.151431	68.707667	-265.452425	37.878	-7.940	0.0518
36	23	tracking	-843.022853	68.647551	-265.443880	37.878	-7.940	0.0454
36	24	tracking	-842.924728	68.576711	-265.427848	62.878	-15.940	0.0451
36	25	tracking	-842.852027	68.491312	-265.407567	67.848	-23.940	0.0438
36	26	tracking	-842.800115	68.385197	-265.384259	67.848	-31.940	0.0404
36	27	tracking	-842.765190	68.250642	-265.358880	67.848	-39.940	0.0343
36	28	tracking	-842.741444	68.079989	-265.328320	42.848	-47.168	0.0387
36	29	tracking	-842.723964	67.875184	-265.289668	17.848	-47.168	0.0360
36	30	tracking	-842.706686	67.638799	-265.241658	-7.152	-47.168	0.0341
36	31	tracking	-842.682987	67.373688	-265.185669	-32.152	-47.168	0.0383
36	32	tracking	-842.660165	67.071329	-265.122187	-7.152	-55.168	0.0374
36	33	tracking	-842.644378	66.733214	-265.051503	17.848	-55.963	0.0301
36	34	landing	-842.636712	66.373764	-264.968647	17.848	-47.963	0.0240
36	35	landing	-842.636782	65.995347	-264.873389	17.848	-47.963	0.0226
37	0	tracking	-850.645964	68.867102	-257.032114	-139.104	-4.000	0.1424
37	1	tracking	-849.991601	68.807284	-257.601772	-164.104	-0.670	0.1024
37	2	tracking	-849.422535	68.751906	-258.196524	170.896	-8.670	0.0921
37	3	tracking	-848.951149	68.710040	-258.797665	153.407	-16.670	0.1039
37	4	tracking	-848.533079	68.685017	-259.402840	178.407	-24.670	0.0974
37	5	tracking	-848.135704	68.677907	-259.999512	-156.593	-32.670	0.0888
37	6	tracking	-847.761383	68.687936	-260.584443	-159.186	-40.670	0.0831
37	7	tracking	-847.390151	68.712344	-261.142272	-134.186	-46.375	0.0796
37	8	tracking	-847.002421	68.676951	-261.615058	-150.375	-42.740	0.0832
37	9	tracking	-846.676554	68.698707	-262.124734	-150.375	-34.740	0.0870
37	10	tracking	-846.361032	68.723481	-262.623126	-150.375	-26.740	0.0656
37	11	tracking	-846.054318	68.745986	-263.112185	-150.375	-18.740	0.0597
37	12	tracking	-845.741425	68.769874	-263.576059	-125.375	-26.740	0.0600
37	13	tracking	-845.418405	68.795618	-263.997469	-100.375	-34.740	0.0761
37	14	tracking	-845.091140	68.820524	-264.362650	-75.375	-42.740	0.0654
37	15	tracking	-844.771723	68.838928	-264.664989	-50.375	-50.740	0.0833
37	16	tracking	-844.460181	68.849268	-264.913131	-51.747	-42.740	0.0471
37	17	tracking	-844.167703	68.851106	-265.104672	-26.747	-34.740	0.0461
37	18	tracking	-843.893082	68.843505	-265.247510	-26.747	-26.740	0.0408
37	19	tracking	-843.635489	68.825333	-265.349171	-26.747	-25.689	0.1555
37	20	tracking	-843.405121	68.796939	-265.411812	-1.747	-17.689	0.0890
37	21	tracking	-843.210341	68.757658	-265.443241	23.253	-9.689	0.1023
37	22	tracking	-843.051431	68.707667	-265.452425	37.878	-7.940	0.1311
37	23	tracking	-842.922853	68.647551	-265.443880	37.878	-7.940	0.0851
37	24	tracking	-842.824728	68.576711	-265.427848	62.878	-15.940	0.0695
37	25	tracking	-842.752027	68.491312	-265.407567	67.848	-23.940	0.0862
37	26	tracking	-842.700115	68.385197	-265.384259	67.848	-31.940	0.1010
37	27	tracking	-842.665190	68.250642	-265.358880	67.848	-39.940	0.0660
37	28	tracking	-842.641444	68.079989	-265.328320	42.848	-47.168	0.0631
37	29	tracking	-842.623964	67.875184	-265.289668	17.848	-47.168	0.0549
37	30	tracking	-842.606686	67.638799	-265.241658	-7.152	-47.168	0.0294
37	31	tracking	-842.582987	67.373688	-265.185669	-32.152	-47.168	0.0190
37	32	tracking	-842.560165	67.071329	-265.122187	-7.152	-55.168	0.0200
37	33	tracking	-842.544378	66.733214	-265.051503	17.848	-55.963	0.0192
37	34	landing	-842.536712	66.373764	-264.968647	17.848	-47.963	0.0131
37	35	landing	-842.536782	65.995347	-264.873389	17.848	-47.963	0.0114
38	0	tracking	-850.645964	68.867102	-257.032114	-139.104	-4.000	0.1996
38	1	tracking	-849.991601	68.807284	-257.601772	-164.104	-0.670	0.1136
38	2	tracking	-849.422535	68.751906	-258.196524	170.896	-8.670	0.0995
38	3	tracking	-848.951149	68.710040	-258.797665	153.407	-16.670	0.0919
38	4	tracking	-848.533079	68.685017	-259.402840	178.407	-24.670	0.1145
38	5	tracking	-848.135704	68.677907	-259.999512	-156.593	-32.670	0.0913
38	6	tracking	-847.761383	68.687936	-260.584443	-159.186	-40.670	0.0865
38	7	tracking	-847.390151	68.712344	-261.142272	-134.186	-46.375	0.0860
38	8	tracking	-847.102421	68.776951	-261.615058	-150.375	-42.740	1.3972
38	9	tracking	-846.776554	68.798707	-262.124734	-150.375	-34.740	0.2005
38	10	tracking	-846.461032	68.823481	-262.623126	-150.375	-26.740	0.1486
38	11	tracking	-846.154318	68.845986	-263.112185	-150.375	-18.740	0.1444
38	12	tracking	-845.841425	68.869874	-263.576059	-125.375	-26.740	0.1670
38	13	tracking	-845.518405	68.895618	-263.997469	-100.375	-34.740	0.1359
38	14	tracking	-845.191140	68.920524	-264.362650	-75.375	-42.740	0.1484
38	15	tracking	-844.871723	68.938928	-264.664989	-50.375	-50.740	0.1458
38	16	tracking	-844.560181	68.949268	-264.913131	-51.747	-42.740	0.1255
38	17	tracking	-844.267703	68.951106	-265.104672	-26.747	-34.740	0.3714
38	18	tracking	-843.993082	68.943505	-265.247510	-26.747	-26.740	0.2874
38	19	tracking	-843.735489	68.925333	-265.349171	-26.747	-25.689	0.2371
38	20	tracking	-843.505121	68.896939	-265.411812	-1.747	-17.689	0.2477
38	21	tracking	-843.310341	68.857658	-265.443241	23.253	-9.689	0.2417
38	22	tracking	-843.151431	68.807667	-265.452425	37.878	-7.940	0.2535
38	23	tracking	-843.022853	68.747551	-265.443880	37.878	-7.940	0.1391
38	24	tracking	-842.924728	68.676711	-265.427848	62.878	-15.940	0.1240
38	25	tracking	-842.852027	68.591312	-265.407567	67.848	-23.940	0.1337
38	26	tracking	-842.800115	68.485197	-265.384259	67.848	-31.940	0.1080
38	27	tracking	-842.765190	68.350642	-265.358880	67.848	-39.940	0.1066
38	28	tracking	-842.741444	68.179989	-265.328320	42.848	-47.168	0.1072
38	29	tracking	-842.723964	67.975184	-265.289668	17.848	-47.168	0.1255
38	30	tracking	-842.706686	67.738799	-265.241658	-7.152	-47.168	0.1196
38	31	tracking	-842.682987	67.473688	-265.185669	-32.152	-47.168	0.0983
38	32	tracking	-842.660165	67.171329	-265.122187	-7.152	-55.168	0.0995
38	33	tracking	-842.644378	66.833214	-265.051503	17.848	-55.963	0.1125
38	34	landing	-842.644512	66.473764	-264.973214	42.848	-47.963	0.0210
38	35	landing	-842.659702	66.094889	-264.887212	42.848	-47.963	0.0234
38	36	landing	-842.689280	65.698673	-264.793288	42.848	-47.963	0.0171
39	0	tracking	-850.645964	68.867102	-257.032114	-139.104	-4.000	0.1404
39	1	tracking	-849.991601	68.807284	-257.601772	-164.104	-0.670	0.1251
39	2	tracking	-849.422535	68.751906	-258.196524	170.896	-8.670	0.1081
39	3	tracking	-848.951149	68.710040	-258.797665	153.407	-16.670	0.0940
39	4	tracking	-848.533079	68.685017	-259.402840	178.407	-24.670	0.0771
39	5	tracking	-848.135704	68.677907	-259.999512	-156.593	-32.670	0.0737
39	6	tracking	-847.761383	68.687936	-260.584443	-159.186	-40.670	0.0702
39	7	tracking	-847.390151	68.712344	-261.142272	-134.186	-46.375	0.0737
39	8	tracking	-847.002421	68.776951	-261.615058	-150.375	-42.740	0.1115
39	9	tracking	-846.676554	68.798707	-262.124734	-150.375	-34.740	0.0868
39	10	tracking	-846.361032	68.823481	-262.623126	-150.375	-26.740	0.0811
39	11	tracking	-846.054318	68.845986	-263.112185	-150.375	-18.740	0.0864
39	12	tracking	-845.741425	68.869874	-263.576059	-125.375	-26.740	0.0769
39	13	tracking	-845.418405	68.895618	-263.997469	-100.375	-34.740	0.0871
39	14	tracking	-845.091140	68.920524	-264.362650	-75.375	-42.740	0.0716
39	15	tracking	-844.771723	68.938928	-264.664989	-50.375	-50.740	0.0751
39	16	tracking	-844.460181	68.949268	-264.913131	-51.747	-42.740	0.0863
39	17	tracking	-844.167703	68.951106	-265.104672	-26.747	-34.740	0.1101
39	18	tracking	-843.893082	68.943505	-265.247510	-26.747	-26.740	0.0682
39	19	tracking	-843.635489	68.925333	-265.349171	-26.747	-25.689	0.1714
39	20	tracking	-843.405121	68.896939	-265.411812	-1.747	-17.689	0.0756
39	21	tracking	-843.210341	68.857658	-265.443241	23.253	-9.689	0.0675
39	22	tracking	-843.051431	68.807667	-265.452425	37.878	-7.940	0.0804
39	23	tracking	-842.922853	68.747551	-265.443880	37.878	-7.940	0.0766
39	24	tracking	-842.824728	68.676711	-265.427848	62.878	-15.940	0.2619
39	25	tracking	-842.752027	68.591312	-265.407567	67.848	-23.940	0.0856
39	26	tracking	-842.700115	68.485197	-265.384259	67.848	-31.940	0.0557
39	27	tracking	-842.665190	68.350642	-265.358880	67.848	-39.940	0.0705
39	28	tracking	-842.641444	68.179989	-265.328320	42.848	-47.168	0.1179
39	29	tracking	-842.623964	67.975184	-265.289668	17.848	-47.168	0.0593
39	30	tracking	-842.606686	67.738799	-265.241658	-7.152	-47.168	0.0495
39	31	tracking	-842.582987	67.473688	-265.185669	-32.152	-47.168	0.0874
39	32	tracking	-842.560165	67.171329	-265.122187	-7.152	-55.168	0.0853
39	33	tracking	-842.544378	66.833214	-265.051503	17.848	-55.963	0.0459
39	34	landing	-842.540704	66.473764	-264.970412	29.848	-47.963	0.0250
39	35	landing	-842.548564	66.095157	-264.878758	29.848	-47.963	0.0236
39	36	landing	-842.567472	65.699628	-264.776349	29.848	-47.963	0.0160
40	0	tracking	-850.645964	68.867102	-257.032114	-139.104	-4.000	0.1379
40	1	tracking	-849.991601	68.807284	-257.601772	-164.104	-0.670	0.1245
40	2	tracking	-849.422535	68.751906	-258.196524	170.896	-8.670	0.1102
40	3	tracking	-848.951149	68.710040	-258.797665	153.407	-16.670	0.0953
40	4	tracking	-848.533079	68.685017	-259.402840	178.407	-24.670	0.0781
40	5	tracking	-848.135704	68.677907	-259.999512	-156.593	-32.670	0.0723
40	6	tracking	-847.761383	68.687936	-260.584443	-159.186	-40.670	0.0710
40	7	tracking	-847.390151	68.712344	-261.142272	-134.186	-46.375	0.0681
40	8	tracking	-847.065941	68.678885	-261.716535	-150.375	-42.740	0.0627
40	9	tracking	-846.706783	68.703962	-262.228913	-150.375	-34.740	0.0627
40	10	tracking	-846.360863	68.732902	-262.731005	-150.375	-26.740	0.0582
40	11	tracking	-846.026261	68.760166	-263.224772	-150.375	-18.740	0.0555
40	12	tracking	-845.687499	68.789427	-263.693567	-125.375	-26.740	0.0589
40	13	tracking	-845.340288	68.821430	-264.119570	-100.375	-34.740	0.0557
40	14	tracking	-844.990413	68.853723	-264.488569	-75.375	-42.740	0.0489
40	15	tracking	-844.650057	68.880836	-264.793651	-50.375	-50.740	0.0503
40	16	tracking	-844.319173	68.900721	-265.043697	-51.747	-42.740	0.0480
40	17	tracking	-844.009137	68.912457	-265.236291	-26.747	-34.740	0.0497
40	18	tracking	-843.718613	68.914650	-265.379557	-26.747	-26.740	0.0508
40	19	tracking	-843.446630	68.906079	-265.481159	-26.747	-25.689	0.0413
40	20	tracking	-843.203428	68.886751	-265.543341	-1.747	-17.689	0.0497
40	21	tracking	-842.997354	68.855750	-265.574033	23.253	-9.689	0.0414
40	22	tracking	-842.828575	68.813270	-265.582310	37.878	-7.940	0.0413
40	23	tracking	-842.691368	68.759963	-265.572748	37.878	-7.940	0.0364
40	24	tracking	-842.585744	68.695477	-265.555712	62.878	-15.940	0.0389
40	25	tracking	-842.506515	68.616170	-265.534473	67.848	-23.940	0.0303
40	26	tracking	-842.448911	68.516029	-265.510262	67.848	-31.940	0.0285
40	27	tracking	-842.409018	68.387435	-265.484035	67.848	-39.940	0.0292
40	28	tracking	-842.380905	68.222774	-265.452656	42.848	-47.168	0.0308
40	29	tracking	-842.359535	68.023885	-265.413272	17.848	-47.168	0.0262
40	30	tracking	-842.338800	67.793249	-265.364678	-7.152	-47.168	0.0273
40	31	tracking	-842.312076	67.533678	-265.308258	-32.152	-47.168	0.0234
40	32	tracking	-842.286566	67.236739	-265.244439	-7.152	-55.168	0.0252
40	33	tracking	-842.268363	66.903901	-265.173515	17.848	-55.963	0.0220
40	34	landing	-842.258498	66.549465	-265.090590	17.848	-47.963	0.0192
40	35	landing	-842.256554	66.175770	-264.995441	17.848	-47.963	0.0172
40	36	landing	-842.262164	65.785134	-264.887863	17.848	-47.963	0.0215
41	0	tracking	-850.645964	68.867102	-257.032114	-139.104	-4.000	0.1412
41	1	tracking	-849.991601	68.807284	-257.601772	-164.104	-0.670	0.2564
41	2	tracking	-849.422535	68.751906	-258.196524	170.896	-8.670	0.2226
41	3	tracking	-848.951149	68.710040	-258.797665	153.407	-16.670	0.0904
41	4	tracking	-848.533079	68.685017	-259.402840	178.407	-24.670	0.0836
41	5	tracking	-848.135704	68.677907	-259.999512	-156.593	-32.670	0.1244
41	6	tracking	-847.761383	68.687936	-260.584443	-159.186	-40.670	0.0781
41	7	tracking	-847.390151	68.712344	-261.142272	-134.186	-46.375	0.0768
41	8	tracking	-846.965941	68.678885	-261.716535	-150.375	-42.740	0.0641
41	9	tracking	-846.606783	68.703962	-262.228913	-150.375	-34.740	0.0650
41	10	tracking	-846.260863	68.732902	-262.731005	-150.375	-26.740	0.1570
41	11	tracking	-845.926261	68.760166	-263.224772	-150.375	-18.740	0.0612
41	12	tracking	-845.587499	68.789427	-263.693567	-125.375	-26.740	0.0976
41	13	tracking	-845.240288	68.821430	-264.119570	-100.375	-34.740	0.0834
41	14	tracking	-844.890413	68.853723	-264.488569	-75.375	-42.740	0.0848
41	15	tracking	-844.550057	68.880836	-264.793651	-50.375	-50.740	0.0777
41	16	tracking	-844.219173	68.900721	-265.043697	-51.747	-42.740	0.0669
41	17	tracking	-843.909137	68.912457	-265.236291	-26.747	-34.740	0.0504
41	18	tracking	-843.618613	68.914650	-265.379557	-26.747	-26.740	0.0508
41	19	tracking	-843.346630	68.906079	-265.481159	-26.747	-25.689	0.0569
41	20	tracking	-843.103428	68.886751	-265.543341	-1.747	-17.689	0.0462
41	21	tracking	-842.897354	68.855750	-265.574033	23.253	-9.689	0.0466
41	22	tracking	-842.728575	68.813270	-265.582310	37.878	-7.940	0.0663
41	23	tracking	-842.591368	68.759963	-265.572748	37.878	-7.940	0.0883
41	24	tracking	-842.485744	68.695477	-265.555712	62.878	-15.940	0.0661
41	25	tracking	-842.406515	68.616170	-265.534473	67.848	-23.940	0.0332
41	26	tracking	-842.348911	68.516029	-265.510262	67.848	-31.940	0.0601
41	27	tracking	-842.309018	68.387435	-265.484035	67.848	-39.940	0.0327
41	28	tracking	-842.280905	68.222774	-265.452656	42.848	-47.168	0.0338
41	29	tracking	-842.259535	68.023885	-265.413272	17.848	-47.168	0.0297
41	30	tracking	-842.238800	67.793249	-265.364678	-7.152	-47.168	0.0280
41	31	tracking	-842.212076	67.533678	-265.308258	-32.152	-47.168	0.0259
41	32	tracking	-842.186566	67.236739	-265.244439	-7.152	-55.168	0.0274
41	33	tracking	-842.168363	66.903901	-265.173515	17.848	-55.963	0.0387
41	34	landing	-842.158498	66.549465	-265.090590	17.848	-47.963	0.0195
41	35	landing	-842.156554	66.175770	-264.995441	17.848	-47.963	0.0163
41	36	landing	-842.162164	65.785134	-264.887863	17.848	-47.963	0.0192
42	0	tracking	-850.645964	68.867102	-257.032114	-139.104	-4.000	0.1539
42	1	tracking	-849.991601	68.807284	-257.601772	-164.104	-0.670	0.1115
42	2	tracking	-849.422535	68.751906	-258.196524	170.896	-8.670	0.0903
42	3	tracking	-848.951149	68.710040	-258.797665	153.407	-16.670	0.0889
42	4	tracking	-848.533079	68.685017	-259.402840	178.407	-24.670	0.0791
42	5	tracking	-848.135704	68.677907	-259.999512	-156.593	-32.670	0.0774
42	6	tracking	-847.761383	68.687936	-260.584443	-159.186	-40.670	0.0755
42	7	tracking	-847.390151	68.712344	-261.142272	-134.186	-46.375	0.0719
42	8	tracking	-847.065941	68.778885	-261.716535	-150.375	-42.740	0.0696
42	9	tracking	-846.706783	68.803962	-262.228913	-150.375	-34.740	0.0706
42	10	tracking	-846.360863	68.832902	-262.731005	-150.375	-26.740	0.0806
42	11	tracking	-846.026261	68.860166	-263.224772	-150.375	-18.740	0.0715
42	12	tracking	-845.687499	68.889427	-263.693567	-125.375	-26.740	0.0668
42	13	tracking	-845.340288	68.921430	-264.119570	-100.375	-34.740	0.0517
42	14	tracking	-844.990413	68.953723	-264.488569	-75.375	-42.740	0.1704
42	15	tracking	-844.650057	68.980836	-264.793651	-50.375	-50.740	0.0651
42	16	tracking	-844.319173	69.000721	-265.043697	-51.747	-42.740	0.0514
42	17	tracking	-844.009137	69.012457	-265.236291	-26.747	-34.740	0.0501
42	18	tracking	-843.718613	69.014650	-265.379557	-26.747	-26.740	0.0501
42	19	tracking	-843.446630	69.006079	-265.481159	-26.747	-25.689	0.1023
42	20	tracking	-843.203428	68.986751	-265.543341	-1.747	-17.689	0.0517
42	21	tracking	-842.997354	68.955750	-265.574033	23.253	-9.689	0.0421
42	22	tracking	-842.828575	68.913270	-265.582310	37.878	-7.940	0.0357
42	23	tracking	-842.691368	68.859963	-265.572748	37.878	-7.940	0.0338
42	24	tracking	-842.585744	68.795477	-265.555712	62.878	-15.940	0.0367
42	25	tracking	-842.506515	68.716170	-265.534473	67.848	-23.940	0.0315
42	26	tracking	-842.448911	68.616029	-265.510262	67.848	-31.940	0.0332
42	27	tracking	-842.409018	68.487435	-265.484035	67.848	-39.940	0.0287
42	28	tracking	-842.380905	68.322774	-265.452656	42.848	-47.168	0.0368
42	29	tracking	-842.359535	68.123885	-265.413272	17.848	-47.168	0.0675
42	30	tracking	-842.338800	67.893249	-265.364678	-7.152	-47.168	0.1061
42	31	tracking	-842.312076	67.633678	-265.308258	-32.152	-47.168	0.0294
42	32	tracking	-842.286566	67.336739	-265.244439	-7.152	-55.168	0.0244
42	33	tracking	-842.268363	67.003901	-265.173515	17.848	-55.963	0.0273
42	34	landing	-842.258498	66.649465	-265.090590	17.848	-47.963	0.0196
42	35	landing	-842.256554	66.275770	-264.995441	17.848	-47.963	0.0161
42	36	landing	-842.262164	65.885134	-264.887863	17.848	-47.963	0.0154
43	0	tracking	-850.645964	68.867102	-257.032114	-139.104	-4.000	0.1672
43	1	tracking	-849.991601	68.807284	-257.601772	-164.104	-0.670	0.1048
43	2	tracking	-849.422535	68.751906	-258.196524	170.896	-8.670	0.0871
43	3	tracking	-848.951149	68.710040	-258.797665	153.407	-16.670	0.0780
43	4	tracking	-848.533079	68.685017	-259.402840	178.407	-24.670	0.0756
43	5	tracking	-848.135704	68.677907	-259.999512	-156.593	-32.670	0.0765
43	6	tracking	-847.761383	68.687936	-260.584443	-159.186	-40.670	0.0730
43	7	tracking	-847.390151	68.712344	-261.142272	-134.186	-46.375	0.0816
43	8	tracking	-846.965941	68.778885	-261.716535	-150.375	-42.740	0.1227
43	9	tracking	-846.606783	68.803962	-262.228913	-150.375	-34.740	0.1389
43	10	tracking	-846.260863	68.832902	-262.731005	-150.375	-26.740	0.1038
43	11	tracking	-845.926261	68.860166	-263.224772	-150.375	-18.740	0.1369
43	12	tracking	-845.587499	68.889427	-263.693567	-125.375	-26.740	0.0967
43	13	tracking	-845.240288	68.921430	-264.119570	-100.375	-34.740	0.0950
43	14	tracking	-844.890413	68.953723	-264.488569	-75.375	-42.740	0.0936
43	15	tracking	-844.550057	68.980836	-264.793651	-50.375	-50.740	0.1855
43	16	tracking	-844.219173	69.000721	-265.043697	-51.747	-42.740	0.1392
43	17	tracking	-843.909137	69.012457	-265.236291	-26.747	-34.740	0.0804
43	18	tracking	-843.618613	69.014650	-265.379557	-26.747	-26.740	0.0699
43	19	tracking	-843.346630	69.006079	-265.481159	-26.747	-25.689	0.0627
43	20	tracking	-843.103428	68.986751	-265.543341	-1.747	-17.689	0.0566
43	21	tracking	-842.897354	68.955750	-265.574033	23.253	-9.689	0.0625
43	22	tracking	-842.728575	68.913270	-265.582310	37.878	-7.940	0.0565
43	23	tracking	-842.591368	68.859963	-265.572748	37.878	-7.940	0.0621
43	24	tracking	-842.485744	68.795477	-265.555712	62.878	-15.940	0.0520
43	25	tracking	-842.406515	68.716170	-265.534473	67.848	-23.940	0.0508
43	26	tracking	-842.348911	68.616029	-265.510262	67.848	-31.940	0.0509
43	27	tracking	-842.309018	68.487435	-265.484035	67.848	-39.940	0.0620
43	28	tracking	-842.280905	68.322774	-265.452656	42.848	-47.168	0.0476
43	29	tracking	-842.259535	68.123885	-265.413272	17.848	-47.168	0.0526
43	30	tracking	-842.238800	67.893249	-265.364678	-7.152	-47.168	0.0435
43	31	tracking	-842.212076	67.633678	-265.308258	-32.152	-47.168	0.0482
43	32	tracking	-842.186566	67.336739	-265.244439	-7.152	-55.168	0.0370
43	33	tracking	-842.168363	67.003901	-265.173515	17.848	-55.963	0.0418
43	34	landing	-842.158498	66.649465	-265.090590	17.848	-47.963	0.0468
43	35	landing	-842.156554	66.275770	-264.995441	17.848	-47.963	0.0333
43	36	landing	-842.162164	65.885134	-264.887863	17.848	-47.963	0.0246
44	0	tracking	-850.645964	68.867102	-257.032114	-139.104	-4.000	0.2476
44	1	tracking	-849.991601	68.807284	-257.601772	-164.104	-0.670	0.1710
44	2	tracking	-849.422535	68.751906	-258.196524	170.896	-8.670	0.1492
44	3	tracking	-848.951149	68.710040	-258.797665	153.407	-16.670	0.1427
44	4	tracking	-848.533079	68.685017	-259.402840	178.407	-24.670	0.1517
44	5	tracking	-848.135704	68.677907	-259.999512	-156.593	-32.670	0.1717
44	6	tracking	-847.761383	68.687936	-260.584443	-159.186	-40.670	0.1288
44	7	tracking	-847.390151	68.712344	-261.142272	-134.186	-46.375	0.1224
44	8	tracking	-847.065941	68.678885	-261.616535	-150.375	-42.740	0.3454
44	9	tracking	-846.706783	68.703962	-262.128913	-150.375	-34.740	0.1450
44	10	tracking	-846.360863	68.732902	-262.631005	-150.375	-26.740	0.1374
44	11	tracking	-846.026261	68.760166	-263.124772	-150.375	-18.740	0.0880
44	12	tracking	-845.687499	68.789427	-263.593567	-125.375	-26.740	0.0827
44	13	tracking	-845.340288	68.821430	-264.019570	-100.375	-34.740	0.0799
44	14	tracking	-844.990413	68.853723	-264.388569	-75.375	-42.740	0.0810
44	15	tracking	-844.650057	68.880836	-264.693651	-50.375	-50.740	0.0968
44	16	tracking	-844.319173	68.900721	-264.943697	-51.747	-42.740	0.0859
44	17	tracking	-844.009137	68.912457	-265.136291	-26.747	-34.740	0.0776
44	18	tracking	-843.718613	68.914650	-265.279557	-26.747	-26.740	0.1077
44	19	tracking	-843.446630	68.906079	-265.381159	-26.747	-25.689	0.0770
44	20	tracking	-843.203428	68.886751	-265.443341	-1.747	-17.689	0.0881
44	21	tracking	-842.997354	68.855750	-265.474033	23.253	-9.689	0.0762
44	22	tracking	-842.828575	68.813270	-265.482310	37.878	-7.940	0.0763
44	23	tracking	-842.691368	68.759963	-265.472748	37.878	-7.940	0.0706
44	24	tracking	-842.585744	68.695477	-265.455712	62.878	-15.940	0.0997
44	25	tracking	-842.506515	68.616170	-265.434473	67.848	-23.940	0.0758
44	26	tracking	-842.448911	68.516029	-265.410262	67.848	-31.940	0.0685
44	27	tracking	-842.409018	68.387435	-265.384035	67.848	-39.940	0.0915
44	28	tracking	-842.380905	68.222774	-265.352656	42.848	-47.168	0.0678
44	29	tracking	-842.359535	68.023885	-265.313272	17.848	-47.168	0.0703
44	30	tracking	-842.338800	67.793249	-265.264678	-7.152	-47.168	0.0658
44	31	tracking	-842.312076	67.533678	-265.208258	-32.152	-47.168	0.0644
44	32	tracking	-842.286566	67.236739	-265.144439	-7.152	-55.168	0.0574
44	33	tracking	-842.268363	66.903901	-265.073515	17.848	-55.963	0.0527
44	34	landing	-842.262461	66.549465	-264.992342	29.848	-47.963	0.0253
44	35	landing	-842.268244	66.175573	-264.900776	29.848	-47.963	0.0205
44	36	landing	-842.285198	65.784433	-264.798623	29.848	-47.963	0.0157
45	0	tracking	-850.645964	68.867102	-257.032114	-139.104	-4.000	0.2441
45	1	tracking	-849.991601	68.807284	-257.601772	-164.104	-0.670	0.1197
45	2	tracking	-849.422535	68.751906	-258.196524	170.896	-8.670	0.1250
45	3	tracking	-848.951149	68.710040	-258.797665	153.407	-16.670	0.1104
45	4	tracking	-848.533079	68.685017	-259.402840	178.407	-24.670	0.0850
45	5	tracking	-848.135704	68.677907	-259.999512	-156.593	-32.670	0.0836
45	6	tracking	-847.761383	68.687936	-260.584443	-159.186	-40.670	0.0721
45	7	tracking	-847.390151	68.712344	-261.142272	-134.186	-46.375	0.0690
45	8	tracking	-846.965941	68.678885	-261.616535	-150.375	-42.740	0.1203
45	9	tracking	-846.606783	68.703962	-262.128913	-150.375	-34.740	0.1045
45	10	tracking	-846.260863	68.732902	-262.631005	-150.375	-26.740	0.0980
45	11	tracking	-845.926261	68.760166	-263.124772	-150.375	-18.740	0.0959
45	12	tracking	-845.587499	68.789427	-263.593567	-125.375	-26.740	0.0897
45	13	tracking	-845.240288	68.821430	-264.019570	-100.375	-34.740	0.1107
45	14	tracking	-844.890413	68.853723	-264.388569	-75.375	-42.740	0.0903
45	15	tracking	-844.550057	68.880836	-264.693651	-50.375	-50.740	0.0832
45	16	tracking	-844.219173	68.900721	-264.943697	-51.747	-42.740	0.0787
45	17	tracking	-843.909137	68.912457	-265.136291	-26.747	-34.740	0.0824
45	18	tracking	-843.618613	68.914650	-265.279557	-26.747	-26.740	0.0904
45	19	tracking	-843.346630	68.906079	-265.381159	-26.747	-25.689	0.0804
45	20	tracking	-843.103428	68.886751	-265.443341	-1.747	-17.689	0.1019
45	21	tracking	-842.897354	68.855750	-265.474033	23.253	-9.689	0.0785
45	22	tracking	-842.728575	68.813270	-265.482310	37.878	-7.940	0.0665
45	23	tracking	-842.591368	68.759963	-265.472748	37.878	-7.940	0.0696
45	24	tracking	-842.485744	68.695477	-265.455712	62.878	-15.940	0.0797
45	25	tracking	-842.406515	68.616170	-265.434473	67.848	-23.940	0.0669
45	26	tracking	-842.348911	68.516029	-265.410262	67.848	-31.940	0.0649
45	27	tracking	-842.309018	68.387435	-265.384035	67.848	-39.940	0.0702
45	28	tracking	-842.280905	68.222774	-265.352656	42.848	-47.168	0.0826
45	29	tracking	-842.259535	68.023885	-265.313272	17.848	-47.168	0.0674
45	30	tracking	-842.238800	67.793249	-265.264678	-7.152	-47.168	0.0712
45	31	tracking	-842.212076	67.533678	-265.208258	-32.152	-47.168	0.0724
45	32	tracking	-842.186566	67.236739	-265.144439	-7.152	-55.168	0.0520
45	33	tracking	-842.168363	66.903901	-265.073515	17.848	-55.963	0.0621
45	34	landing	-842.162461	66.549465	-264.992342	29.848	-47.963	0.0180
45	35	landing	-842.168244	66.175573	-264.900776	29.848	-47.963	0.0165
45	36	landing	-842.185198	65.784433	-264.798623	29.848	-47.963	0.0148
46	0	tracking	-850.645964	68.867102	-257.032114	-139.104	-4.000	0.2527
46	1	tracking	-849.991601	68.807284	-257.601772	-164.104	-0.670	0.2583
46	2	tracking	-849.422535	68.751906	-258.196524	170.896	-8.670	0.2101
46	3	tracking	-848.951149	68.710040	-258.797665	153.407	-16.670	0.3352
46	4	tracking	-848.533079	68.685017	-259.402840	178.407	-24.670	0.1231
46	5	tracking	-848.135704	68.677907	-259.999512	-156.593	-32.670	0.0841
46	6	tracking	-847.761383	68.687936	-260.584443	-159.186	-40.670	0.0740
46	7	tracking	-847.390151	68.712344	-261.142272	-134.186	-46.375	0.0707
46	8	tracking	-847.065941	68.778885	-261.616535	-150.375	-42.740	0.1650
46	9	tracking	-846.706783	68.803962	-262.128913	-150.375	-34.740	0.1113
46	10	tracking	-846.360863	68.832902	-262.631005	-150.375	-26.740	0.0983
46	11	tracking	-846.026261	68.860166	-263.124772	-150.375	-18.740	0.0901
46	12	tracking	-845.687499	68.889427	-263.593567	-125.375	-26.740	0.0861
46	13	tracking	-845.340288	68.921430	-264.019570	-100.375	-34.740	0.0853
46	14	tracking	-844.990413	68.953723	-264.388569	-75.375	-42.740	0.0913
46	15	tracking	-844.650057	68.980836	-264.693651	-50.375	-50.740	0.1010
46	16	tracking	-844.319173	69.000721	-264.943697	-51.747	-42.740	0.0775
46	17	tracking	-844.009137	69.012457	-265.136291	-26.747	-34.740	0.0751
46	18	tracking	-843.718613	69.014650	-265.279557	-26.747	-26.740	0.0801
46	19	tracking	-843.446630	69.006079	-265.381159	-26.747	-25.689	0.0827
46	20	tracking	-843.203428	68.986751	-265.443341	-1.747	-17.689	0.0727
46	21	tracking	-842.997354	68.955750	-265.474033	23.253	-9.689	0.0703
46	22	tracking	-842.828575	68.913270	-265.482310	37.878	-7.940	0.0862
46	23	tracking	-842.691368	68.859963	-265.472748	37.878	-7.940	0.1091
46	24	tracking	-842.585744	68.795477	-265.455712	62.878	-15.940	0.0738
46	25	tracking	-842.506515	68.716170	-265.434473	67.848	-23.940	0.0683
46	26	tracking	-842.448911	68.616029	-265.410262	67.848	-31.940	0.0712
46	27	tracking	-842.409018	68.487435	-265.384035	67.848	-39.940	0.1198
46	28	tracking	-842.380905	68.322774	-265.352656	42.848	-47.168	0.0751
46	29	tracking	-842.359535	68.123885	-265.313272	17.848	-47.168	0.0671
46	30	tracking	-842.338800	67.893249	-265.264678	-7.152	-47.168	0.0586
46	31	tracking	-842.312076	67.633678	-265.208258	-32.152	-47.168	0.0567
46	32	tracking	-842.286566	67.336739	-265.144439	-7.152	-55.168	0.0603
46	33	tracking	-842.268363	67.003901	-265.073515	17.848	-55.963	0.0650
46	34	landing	-842.262461	66.649465	-264.992342	29.848	-47.963	0.0192
46	35	landing	-842.268244	66.275573	-264.900776	29.848	-47.963	0.0162
46	36	landing	-842.285198	65.884433	-264.798623	29.848	-47.963	0.0213
47	0	tracking	-850.645964	68.867102	-257.032114	-139.104	-4.000	0.1692
47	1	tracking	-849.991601	68.807284	-257.601772	-164.104	-0.670	0.1676
47	2	tracking	-849.422535	68.751906	-258.196524	170.896	-8.670	0.1014
47	3	tracking	-848.951149	68.710040	-258.797665	153.407	-16.670	0.1104
47	4	tracking	-848.533079	68.685017	-259.402840	178.407	-24.670	0.1094
47	5	tracking	-848.135704	68.677907	-259.999512	-156.593	-32.670	0.0831
47	6	tracking	-847.761383	68.687936	-260.584443	-159.186	-40.670	0.0860
47	7	tracking	-847.390151	68.712344	-261.142272	-134.186	-46.375	0.1230
47	8	tracking	-846.965941	68.778885	-261.616535	-150.375	-42.740	0.1291
47	9	tracking	-846.606783	68.803962	-262.128913	-150.375	-34.740	0.1132
47	10	tracking	-846.260863	68.832902	-262.631005	-150.375	-26.740	0.1137
47	11	tracking	-845.926261	68.860166	-263.124772	-150.375	-18.740	0.1071
47	12	tracking	-845.587499	68.889427	-263.593567	-125.375	-26.740	0.1069
47	13	tracking	-845.240288	68.921430	-264.019570	-100.375	-34.740	0.2179
47	14	tracking	-844.890413	68.953723	-264.388569	-75.375	-42.740	0.1044
47	15	tracking	-844.550057	68.980836	-264.693651	-50.375	-50.740	0.0986
47	16	tracking	-844.219173	69.000721	-264.943697	-51.747	-42.740	0.1134
47	17	tracking	-843.909137	69.012457	-265.136291	-26.747	-34.740	0.0894
47	18	tracking	-843.618613	69.014650	-265.279557	-26.747	-26.740	0.0926
47	19	tracking	-843.346630	69.006079	-265.381159	-26.747	-25.689	0.0831
47	20	tracking	-843.103428	68.986751	-265.443341	-1.747	-17.689	0.1018
47	21	tracking	-842.897354	68.955750	-265.474033	23.253	-9.689	0.0818
47	22	tracking	-842.728575	68.913270	-265.482310	37.878	-7.940	0.0807
47	23	tracking	-842.591368	68.859963	-265.472748	37.878	-7.940	0.0744
47	24	tracking	-842.485744	68.795477	-265.455712	62.878	-15.940	0.0701
47	25	tracking	-842.406515	68.716170	-265.434473	67.848	-23.940	0.0825
47	26	tracking	-842.348911	68.616029	-265.410262	67.848	-31.940	0.0767
47	27	tracking	-842.309018	68.487435	-265.384035	67.848	-39.940	0.0667
47	28	tracking	-842.280905	68.322774	-265.352656	42.848	-47.168	0.0695
47	29	tracking	-842.259535	68.123885	-265.313272	17.848	-47.168	0.1143
47	30	tracking	-842.238800	67.893249	-265.264678	-7.152	-47.168	0.0669
47	31	tracking	-842.212076	67.633678	-265.208258	-32.152	-47.168	0.0868
47	32	tracking	-842.186566	67.336739	-265.144439	-7.152	-55.168	0.0605
47	33	tracking	-842.168363	67.003901	-265.073515	17.848	-55.963	0.0752
47	34	landing	-842.162461	66.649465	-264.992342	29.848	-47.963	0.0228
47	35	landing	-842.168244	66.275573	-264.900776	29.848	-47.963	0.0173
47	36	landing	-842.185198	65.884433	-264.798623	29.848	-47.963	0.0173
48	0	tracking	-850.645964	68.867102	-257.032114	-139.104	-4.000	0.2054
48	1	tracking	-849.991601	68.807284	-257.601772	-164.104	-0.670	0.1243
48	2	tracking	-849.422535	68.751906	-258.196524	170.896	-8.670	0.0998
48	3	tracking	-848.951149	68.710040	-258.797665	153.407	-16.670	0.0960
48	4	tracking	-848.533079	68.685017	-259.402840	178.407	-24.670	0.0832
48	5	tracking	-848.135704	68.677907	-259.999512	-156.593	-32.670	0.0789
48	6	tracking	-847.761383	68.687936	-260.584443	-159.186	-40.670	0.0975
48	7	tracking	-847.390151	68.712344	-261.142272	-134.186	-46.375	0.0751
48	8	tracking	-847.103371	68.714036	-261.713386	-150.375	-42.740	0.1249
48	9	tracking	-846.779166	68.770353	-262.220142	-150.375	-34.740	0.1440
48	10	tracking	-846.465627	68.827994	-262.715047	-150.375	-26.740	0.1295
48	11	tracking	-846.160908	68.882424	-263.200595	-150.375	-18.740	0.1530
48	12	tracking	-845.850626	68.936615	-263.660751	-125.375	-26.740	0.1072
48	13	tracking	-845.531206	68.990701	-264.078615	-100.375	-34.740	0.1322
48	14	tracking	-845.208529	69.041799	-264.440997	-75.375	-42.740	0.1133
48	15	tracking	-844.894203	69.084342	-264.741672	-50.375	-50.740	0.1326
48	16	tracking	-844.588392	69.116652	-264.989274	-51.747	-42.740	0.0970
48	17	tracking	-844.301785	69.138223	-265.181851	-26.747	-34.740	0.1120
48	18	tracking	-844.033188	69.148173	-265.327185	-26.747	-26.740	0.0966
48	19	tracking	-843.781690	69.145579	-265.432514	-26.747	-25.689	0.0850
48	20	tracking	-843.556802	69.130904	-265.500057	-1.747	-17.689	0.0871
48	21	tracking	-843.366292	69.103677	-265.537281	23.253	-9.689	0.0849
48	22	tracking	-843.210356	69.064287	-265.552697	37.878	-7.940	0.0838
48	23	tracking	-843.083716	69.013496	-265.550620	37.878	-7.940	0.0967
48	24	tracking	-842.986459	68.950875	-265.540790	62.878	-15.940	0.1856
48	25	tracking	-842.913834	68.872772	-265.526319	67.848	-23.940	0.1853
48	26	tracking	-842.861449	68.773197	-265.508409	67.848	-31.940	0.1302
48	27	tracking	-842.825678	68.644551	-265.488011	67.848	-39.940	0.1175
48	28	tracking	-842.800913	68.479238	-265.462175	42.848	-47.168	0.2242
48	29	tracking	-842.782393	68.279156	-265.428143	17.848	-47.168	0.0884
48	30	tracking	-842.764246	68.046847	-265.384708	-7.152	-47.168	0.0768
48	31	tracking	-842.740015	67.785183	-265.333182	-32.152	-47.168	0.0697
48	32	tracking	-842.716766	67.485694	-265.274043	-7.152	-55.168	0.0695
48	33	tracking	-842.700489	67.149897	-265.207563	17.848	-55.963	0.0691
48	34	landing	-842.696190	66.792245	-265.130549	29.848	-47.963	0.0349
48	35	landing	-842.703311	66.414946	-265.042844	29.848	-47.963	0.0388
48	36	landing	-842.721390	66.020268	-264.944250	29.848	-47.963	0.0201
48	37	landing	-842.750020	65.610463	-264.834580	29.848	-47.963	0.0202
49	0	tracking	-850.645964	68.867102	-257.032114	-139.104	-4.000	0.1655
49	1	tracking	-849.991601	68.807284	-257.601772	-164.104	-0.670	0.1062
49	2	tracking	-849.422535	68.751906	-258.196524	170.896	-8.670	0.1133
49	3	tracking	-848.951149	68.710040	-258.797665	153.407	-16.670	0.1065
49	4	tracking	-848.533079	68.685017	-259.402840	178.407	-24.670	0.1042
49	5	tracking	-848.135704	68.677907	-259.999512	-156.593	-32.670	0.0797
49	6	tracking	-847.761383	68.687936	-260.584443	-159.186	-40.670	0.0772
49	7	tracking	-847.390151	68.712344	-261.142272	-134.186	-46.375	0.0816
49	8	tracking	-847.003371	68.714036	-261.713386	-150.375	-42.740	0.0820
49	9	tracking	-846.679166	68.770353	-262.220142	-150.375	-34.740	0.0780
49	10	tracking	-846.365627	68.827994	-262.715047	-150.375	-26.740	0.0699
49	11	tracking	-846.060908	68.882424	-263.200595	-150.375	-18.740	0.0758
49	12	tracking	-845.750626	68.936615	-263.660751	-125.375	-26.740	0.0653
49	13	tracking	-845.431206	68.990701	-264.078615	-100.375	-34.740	0.0656
49	14	tracking	-845.108529	69.041799	-264.440997	-75.375	-42.740	0.0631
49	15	tracking	-844.794203	69.084342	-264.741672	-50.375	-50.740	0.0599
49	16	tracking	-844.488392	69.116652	-264.989274	-51.747	-42.740	0.0638
49	17	tracking	-844.201785	69.138223	-265.181851	-26.747	-34.740	0.0593
49	18	tracking	-843.933188	69.148173	-265.327185	-26.747	-26.740	0.0526
49	19	tracking	-843.681690	69.145579	-265.432514	-26.747	-25.689	0.0829
49	20	tracking	-843.456802	69.130904	-265.500057	-1.747	-17.689	0.0465
49	21	tracking	-843.266292	69.103677	-265.537281	23.253	-9.689	0.0507
49	22	tracking	-843.110356	69.064287	-265.552697	37.878	-7.940	0.0534
49	23	tracking	-842.983716	69.013496	-265.550620	37.878	-7.940	0.0412
49	24	tracking	-842.886459	68.950875	-265.540790	62.878	-15.940	0.0442
49	25	tracking	-842.813834	68.872772	-265.526319	67.848	-23.940	0.0348
49	26	tracking	-842.761449	68.773197	-265.508409	67.848	-31.940	0.0407
49	27	tracking	-842.725678	68.644551	-265.488011	67.848	-39.940	0.0439
49	28	tracking	-842.700913	68.479238	-265.462175	42.848	-47.168	0.0366
49	29	tracking	-842.682393	68.279156	-265.428143	17.848	-47.168	0.0307
49	30	tracking	-842.664246	68.046847	-265.384708	-7.152	-47.168	0.0381
49	31	tracking	-842.640015	67.785183	-265.333182	-32.152	-47.168	0.0278
49	32	tracking	-842.616766	67.485694	-265.274043	-7.152	-55.168	0.0298
49	33	tracking	-842.600489	67.149897	-265.207563	17.848	-55.963	0.0345
49	34	landing	-842.592270	66.792245	-265.128816	17.848	-47.963	0.0252
49	35	landing	-842.591736	66.415137	-265.037566	17.848	-47.963	0.0238
49	36	landing	-842.598557	66.020940	-264.933603	17.848	-47.963	0.0198
49	37	landing	-842.612427	65.611953	-264.816769	17.848	-47.963	0.0164
50	0	tracking	-850.645964	68.867102	-257.032114	-139.104	-4.000	0.1438
50	1	tracking	-849.991601	68.807284	-257.601772	-164.104	-0.670	0.1100
50	2	tracking	-849.422535	68.751906	-258.196524	170.896	-8.670	0.0991
50	3	tracking	-848.951149	68.710040	-258.797665	153.407	-16.670	0.0976
50	4	tracking	-848.533079	68.685017	-259.402840	178.407	-24.670	0.0946
50	5	tracking	-848.135704	68.677907	-259.999512	-156.593	-32.670	0.1047
50	6	tracking	-847.761383	68.687936	-260.584443	-159.186	-40.670	0.0864
50	7	tracking	-847.390151	68.712344	-261.142272	-134.186	-46.375	0.0922
50	8	tracking	-847.103371	68.814036	-261.713386	-150.375	-42.740	0.1260
50	9	tracking	-846.779166	68.870353	-262.220142	-150.375	-34.740	0.1350
50	10	tracking	-846.465627	68.927994	-262.715047	-150.375	-26.740	0.1120
50	11	tracking	-846.160908	68.982424	-263.200595	-150.375	-18.740	0.1800
50	12	tracking	-845.850626	69.036615	-263.660751	-125.375	-26.740	0.1389
50	13	tracking	-845.531206	69.090701	-264.078615	-100.375	-34.740	0.1389
50	14	tracking	-845.208529	69.141799	-264.440997	-75.375	-42.740	0.1404
50	15	tracking	-844.894203	69.184342	-264.741672	-50.375	-50.740	0.1123
50	16	tracking	-844.588392	69.216652	-264.989274	-51.747	-42.740	0.0962
50	17	tracking	-844.301785	69.238223	-265.181851	-26.747	-34.740	0.0977
50	18	tracking	-844.033188	69.248173	-265.327185	-26.747	-26.740	0.0960
50	19	tracking	-843.781690	69.245579	-265.432514	-26.747	-25.689	0.1025
50	20	tracking	-843.556802	69.230904	-265.500057	-1.747	-17.689	0.0886
50	21	tracking	-843.366292	69.203677	-265.537281	23.253	-9.689	0.1036
50	22	tracking	-843.210356	69.164287	-265.552697	37.878	-7.940	0.0916
50	23	tracking	-843.083716	69.113496	-265.550620	37.878	-7.940	0.0861
50	24	tracking	-842.986459	69.050875	-265.540790	62.878	-15.940	0.0885
50	25	tracking	-842.913834	68.972772	-265.526319	67.848	-23.940	0.0797
50	26	tracking	-842.861449	68.873197	-265.508409	67.848	-31.940	0.0774
50	27	tracking	-842.825678	68.744551	-265.488011	67.848	-39.940	0.0933
50	28	tracking	-842.800913	68.579238	-265.462175	42.848	-47.168	0.0763
50	29	tracking	-842.782393	68.379156	-265.428143	17.848	-47.168	0.0816
50	30	tracking	-842.764246	68.146847	-265.384708	-7.152	-47.168	0.0807
50	31	tracking	-842.740015	67.885183	-265.333182	-32.152	-47.168	0.0750
50	32	tracking	-842.716766	67.585694	-265.274043	-7.152	-55.168	0.0741
50	33	tracking	-842.700489	67.249897	-265.207563	17.848	-55.963	0.0690
50	34	landing	-842.696190	66.892245	-265.130549	29.848	-47.963	0.0240
50	35	landing	-842.703311	66.514946	-265.042844	29.848	-47.963	0.0320
50	36	landing	-842.721390	66.120268	-264.944250	29.848	-47.963	0.0235
50	37	landing	-842.750020	65.710463	-264.834580	29.848	-47.963	0.0307
51	0	tracking	-850.645964	68.867102	-257.032114	-139.104	-4.000	0.1550
51	1	tracking	-849.991601	68.807284	-257.601772	-164.104	-0.670	0.1039
51	2	tracking	-849.422535	68.751906	-258.196524	170.896	-8.670	0.0984
51	3	tracking	-848.951149	68.710040	-258.797665	153.407	-16.670	0.0963
51	4	tracking	-848.533079	68.685017	-259.402840	178.407	-24.670	0.0984
51	5	tracking	-848.135704	68.677907	-259.999512	-156.593	-32.670	0.1274
51	6	tracking	-847.761383	68.687936	-260.584443	-159.186	-40.670	0.0853
51	7	tracking	-847.390151	68.712344	-261.142272	-134.186	-46.375	0.0864
51	8	tracking	-847.003371	68.814036	-261.713386	-150.375	-42.740	0.0987
51	9	tracking	-846.679166	68.870353	-262.220142	-150.375	-34.740	0.0830
51	10	tracking	-846.365627	68.927994	-262.715047	-150.375	-26.740	0.0759
51	11	tracking	-846.060908	68.982424	-263.200595	-150.375	-18.740	0.0732
51	12	tracking	-845.750626	69.036615	-263.660751	-125.375	-26.740	0.0665
51	13	tracking	-845.431206	69.090701	-264.078615	-100.375	-34.740	0.0628
51	14	tracking	-845.108529	69.141799	-264.440997	-75.375	-42.740	0.0746
51	15	tracking	-844.794203	69.184342	-264.741672	-50.375	-50.740	0.0598
51	16	tracking	-844.488392	69.216652	-264.989274	-51.747	-42.740	0.0648
51	17	tracking	-844.201785	69.238223	-265.181851	-26.747	-34.740	0.0607
51	18	tracking	-843.933188	69.248173	-265.327185	-26.747	-26.740	0.0507
51	19	tracking	-843.681690	69.245579	-265.432514	-26.747	-25.689	0.0486
51	20	tracking	-843.456802	69.230904	-265.500057	-1.747	-17.689	0.0495
51	21	tracking	-843.266292	69.203677	-265.537281	23.253	-9.689	0.0425
51	22	tracking	-843.110356	69.164287	-265.552697	37.878	-7.940	0.0456
51	23	tracking	-842.983716	69.113496	-265.550620	37.878	-7.940	0.0429
51	24	tracking	-842.886459	69.050875	-265.540790	62.878	-15.940	0.0376
51	25	tracking	-842.813834	68.972772	-265.526319	67.848	-23.940	0.0387
51	26	tracking	-842.761449	68.873197	-265.508409	67.848	-31.940	0.0355
51	27	tracking	-842.725678	68.744551	-265.488011	67.848	-39.940	0.0360
51	28	tracking	-842.700913	68.579238	-265.462175	42.848	-47.168	0.0330
51	29	tracking	-842.682393	68.379156	-265.428143	17.848	-47.168	0.0382
51	30	tracking	-842.664246	68.146847	-265.384708	-7.152	-47.168	0.0337
51	31	tracking	-842.640015	67.885183	-265.333182	-32.152	-47.168	0.0331
51	32	tracking	-842.616766	67.585694	-265.274043	-7.152	-55.168	0.0346
51	33	tracking	-842.600489	67.249897	-265.207563	17.848	-55.963	0.0387
51	34	landing	-842.592270	66.892245	-265.128816	17.848	-47.963	0.0304
51	35	landing	-842.591736	66.515137	-265.037566	17.848	-47.963	0.0586
51	36	landing	-842.598557	66.120940	-264.933603	17.848	-47.963	0.0275
51	37	landing	-842.612427	65.711953	-264.816769	17.848	-47.963	0.0226
52	0	tracking	-850.645964	68.867102	-257.032114	-139.104	-4.000	0.1844
52	1	tracking	-849.991601	68.807284	-257.601772	-164.104	-0.670	0.1100
52	2	tracking	-849.422535	68.751906	-258.196524	170.896	-8.670	0.1179
52	3	tracking	-848.951149	68.710040	-258.797665	153.407	-16.670	0.0993
52	4	tracking	-848.533079	68.685017	-259.402840	178.407	-24.670	0.0891
52	5	tracking	-848.135704	68.677907	-259.999512	-156.593	-32.670	0.0857
52	6	tracking	-847.761383	68.687936	-260.584443	-159.186	-40.670	0.0965
52	7	tracking	-847.390151	68.712344	-261.142272	-134.186	-46.375	0.0853
52	8	tracking	-847.103371	68.714036	-261.613386	-150.375	-42.740	0.1884
52	9	tracking	-846.779166	68.770353	-262.120142	-150.375	-34.740	0.0796
52	10	tracking	-846.465627	68.827994	-262.615047	-150.375	-26.740	0.0721
52	11	tracking	-846.160908	68.882424	-263.100595	-150.375	-18.740	0.0819
52	12	tracking	-845.850626	68.936615	-263.560751	-125.375	-26.740	0.0745
52	13	tracking	-845.531206	68.990701	-263.978615	-100.375	-34.740	0.0917
52	14	tracking	-845.208529	69.041799	-264.340997	-75.375	-42.740	0.0672
52	15	tracking	-844.894203	69.084342	-264.641672	-50.375	-50.740	0.0623
52	16	tracking	-844.588392	69.116652	-264.889274	-51.747	-42.740	0.0564
52	17	tracking	-844.301785	69.138223	-265.081851	-26.747	-34.740	0.1390
52	18	tracking	-844.033188	69.148173	-265.227185	-26.747	-26.740	0.0888
52	19	tracking	-843.781690	69.145579	-265.332514	-26.747	-25.689	0.0544
52	20	tracking	-843.556802	69.130904	-265.400057	-1.747	-17.689	0.0506
52	21	tracking	-843.366292	69.103677	-265.437281	23.253	-9.689	0.0482
52	22	tracking	-843.210356	69.064287	-265.452697	37.878	-7.940	0.0466
52	23	tracking	-843.083716	69.013496	-265.450620	37.878	-7.940	0.0403
52	24	tracking	-842.986459	68.950875	-265.440790	62.878	-15.940	0.0548
52	25	tracking	-842.913834	68.872772	-265.426319	67.848	-23.940	0.0480
52	26	tracking	-842.861449	68.773197	-265.408409	67.848	-31.940	0.0424
52	27	tracking	-842.825678	68.644551	-265.388011	67.848	-39.940	0.0365
52	28	tracking	-842.800913	68.479238	-265.362175	42.848	-47.168	0.0701
52	29	tracking	-842.782393	68.279156	-265.328143	17.848	-47.168	0.0321
52	30	tracking	-842.764246	68.046847	-265.284708	-7.152	-47.168	0.0413
52	31	tracking	-842.740015	67.785183	-265.233182	-32.152	-47.168	0.0389
52	32	tracking	-842.716766	67.485694	-265.174043	-7.152	-55.168	0.0274
52	33	tracking	-842.700489	67.149897	-265.107563	17.848	-55.963	0.0283
52	34	tracking	-842.690841	66.780141	-265.033256	17.848	-55.963	0.0234
52	35	landing	-842.689087	66.391307	-264.945794	17.848	-47.963	0.0194
52	36	landing	-842.694880	65.985783	-264.845021	17.848	-47.963	0.0258
53	0	tracking	-850.645964	68.867102	-257.032114	-139.104	-4.000	0.1661
53	1	tracking	-849.991601	68.807284	-257.601772	-164.104	-0.670	0.1126
53	2	tracking	-849.422535	68.751906	-258.196524	170.896	-8.670	0.1054
53	3	tracking	-848.951149	68.710040	-258.797665	153.407	-16.670	0.0901
53	4	tracking	-848.533079	68.685017	-259.402840	178.407	-24.670	0.1544
53	5	tracking	-848.135704	68.677907	-259.999512	-156.593	-32.670	0.1070
53	6	tracking	-847.761383	68.687936	-260.584443	-159.186	-40.670	0.0818
53	7	tracking	-847.390151	68.712344	-261.142272	-134.186	-46.375	0.0768
53	8	tracking	-847.003371	68.714036	-261.613386	-150.375	-42.740	0.1708
53	9	tracking	-846.679166	68.770353	-262.120142	-150.375	-34.740	0.0915
53	10	tracking	-846.365627	68.827994	-262.615047	-150.375	-26.740	0.0741
53	11	tracking	-846.060908	68.882424	-263.100595	-150.375	-18.740	0.0668
53	12	tracking	-845.750626	68.936615	-263.560751	-125.375	-26.740	0.0643
53	13	tracking	-845.431206	68.990701	-263.978615	-100.375	-34.740	0.0620
53	14	tracking	-845.108529	69.041799	-264.340997	-75.375	-42.740	0.0639
53	15	tracking	-844.794203	69.084342	-264.641672	-50.375	-50.740	0.0639
53	16	tracking	-844.488392	69.116652	-264.889274	-51.747	-42.740	0.0646
53	17	tracking	-844.201785	69.138223	-265.081851	-26.747	-34.740	0.0527
53	18	tracking	-843.933188	69.148173	-265.227185	-26.747	-26.740	0.0581
53	19	tracking	-843.681690	69.145579	-265.332514	-26.747	-25.689	0.0548
53	20	tracking	-843.456802	69.130904	-265.400057	-1.747	-17.689	0.0515
53	21	tracking	-843.266292	69.103677	-265.437281	23.253	-9.689	0.0664
53	22	tracking	-843.110356	69.064287	-265.452697	37.878	-7.940	0.1113
53	23	tracking	-842.983716	69.013496	-265.450620	37.878	-7.940	0.0458
53	24	tracking	-842.886459	68.950875	-265.440790	62.878	-15.940	0.2063
53	25	tracking	-842.813834	68.872772	-265.426319	67.848	-23.940	0.0534
53	26	tracking	-842.761449	68.773197	-265.408409	67.848	-31.940	0.0445
53	27	tracking	-842.725678	68.644551	-265.388011	67.848	-39.940	0.0324
53	28	tracking	-842.700913	68.479238	-265.362175	42.848	-47.168	0.0353
53	29	tracking	-842.682393	68.279156	-265.328143	17.848	-47.168	0.0315
53	30	tracking	-842.664246	68.046847	-265.284708	-7.152	-47.168	0.0461
53	31	tracking	-842.640015	67.785183	-265.233182	-32.152	-47.168	0.0308
53	32	tracking	-842.616766	67.485694	-265.174043	-7.152	-55.168	0.0245
53	33	tracking	-842.600489	67.149897	-265.107563	17.848	-55.963	0.0243
53	34	tracking	-842.590841	66.780141	-265.033256	17.848	-55.963	0.0275
53	35	landing	-842.589087	66.391307	-264.945794	17.848	-47.963	0.0215
53	36	landing	-842.594880	65.985783	-264.845021	17.848	-47.963	0.0213
54	0	tracking	-850.645964	68.867102	-257.032114	-139.104	-4.000	0.1505
54	1	tracking	-849.991601	68.807284	-257.601772	-164.104	-0.670	0.0993
54	2	tracking	-849.422535	68.751906	-258.196524	170.896	-8.670	0.0974
54	3	tracking	-848.951149	68.710040	-258.797665	153.407	-16.670	0.0964
54	4	tracking	-848.533079	68.685017	-259.402840	178.407	-24.670	0.1001
54	5	tracking	-848.135704	68.677907	-259.999512	-156.593	-32.670	0.1024
54	6	tracking	-847.761383	68.687936	-260.584443	-159.186	-40.670	0.0922
54	7	tracking	-847.390151	68.712344	-261.142272	-134.186	-46.375	0.1135
54	8	corrected	-847.104849	68.814036	-261.614193	-152.375	-42.740	3.9720
54	9	tracking	-846.783334	68.870345	-262.122408	-152.208	-34.740	0.1381
54	10	tracking	-846.473473	68.927965	-262.619298	-152.042	-26.740	0.1279
54	11	tracking	-846.173219	68.982363	-263.107242	-151.875	-18.740	0.1317
54	12	tracking	-845.867670	69.036506	-263.570522	-126.875	-26.740	0.1085
54	13	tracking	-845.552689	69.090542	-263.992291	-101.875	-34.740	0.1161
54	14	tracking	-845.233689	69.141628	-264.359144	-76.875	-42.740	0.1066
54	15	tracking	-844.922015	69.184251	-264.664472	-51.875	-50.740	0.1070
54	16	tracking	-844.618257	69.216747	-264.916462	-52.414	-42.740	0.1382
54	17	tracking	-844.333115	69.238574	-265.113043	-27.414	-34.740	0.0954
54	18	tracking	-844.065640	69.248815	-265.261959	-27.080	-26.740	0.1099
54	19	tracking	-843.815052	69.246522	-265.370480	-26.914	-25.689	0.0994
54	20	tracking	-843.590900	69.232131	-265.440858	-1.914	-17.689	0.0985
54	21	tracking	-843.400973	69.205158	-265.480590	23.086	-9.689	0.1002
54	22	tracking	-843.245538	69.165991	-265.498263	37.878	-7.940	0.1171
54	23	tracking	-843.119318	69.115393	-265.498233	37.878	-7.940	0.1384
54	24	tracking	-843.022386	69.052928	-265.490251	62.878	-15.940	0.0985
54	25	tracking	-842.950001	68.974941	-265.477448	67.848	-23.940	0.0862
54	26	tracking	-842.897783	68.875435	-265.461041	67.848	-31.940	0.0817
54	27	tracking	-842.862113	68.746802	-265.442004	67.848	-39.940	0.0904
54	28	tracking	-842.837401	68.581433	-265.417419	42.848	-47.168	0.0788
54	29	tracking	-842.818908	68.381212	-265.384566	17.848	-47.168	0.0836
54	30	tracking	-842.800794	68.148678	-265.342250	-7.152	-47.168	0.0841
54	31	tracking	-842.776628	67.886707	-265.291778	-32.152	-47.168	0.0754
54	32	tracking	-842.753443	67.586827	-265.233636	-7.152	-55.168	0.0729
54	33	tracking	-842.737208	67.250559	-265.168098	17.848	-55.963	0.0723
54	34	tracking	-842.727580	66.880261	-265.094678	17.848	-55.963	0.0765
54	35	tracking	-842.724270	66.478335	-265.012899	17.848	-55.963	0.0694
54	36	landing	-842.718319	66.060033	-264.916107	-7.152	-47.963	0.0195
54	37	landing	-842.709796	65.627809	-264.804201	-7.152	-47.963	0.0157
55	0	tracking	-850.645964	68.867102	-257.032114	-139.104	-4.000	0.1788
55	1	tracking	-849.991601	68.807284	-257.601772	-164.104	-0.670	0.1072
55	2	tracking	-849.422535	68.751906	-258.196524	170.896	-8.670	0.1146
55	3	tracking	-848.951149	68.710040	-258.797665	153.407	-16.670	0.0989
55	4	tracking	-848.533079	68.685017	-259.402840	178.407	-24.670	0.0820
55	5	tracking	-848.135704	68.677907	-259.999512	-156.593	-32.670	0.0797
55	6	tracking	-847.761383	68.687936	-260.584443	-159.186	-40.670	0.0830
55	7	tracking	-847.390151	68.712344	-261.142272	-134.186	-46.375	0.0773
55	8	corrected	-847.004106	68.814036	-261.613796	-151.375	-42.740	1.1865
55	9	tracking	-846.681240	68.870349	-262.121293	-151.292	-34.740	0.2286
55	10	tracking	-846.369531	68.927981	-262.617207	-151.208	-26.740	0.2473
55	11	tracking	-846.067035	68.982397	-263.103972	-151.125	-18.740	0.2383
55	12	tracking	-845.759106	69.036566	-263.565710	-126.125	-26.740	0.2384
55	13	tracking	-845.441889	69.090631	-263.985546	-101.125	-34.740	0.2101
55	14	tracking	-845.121031	69.141728	-264.350180	-76.125	-42.740	0.2414
55	15	tracking	-844.808011	69.184318	-264.653192	-51.125	-50.740	0.2078
55	16	tracking	-844.503207	69.216728	-264.902997	-52.080	-42.740	0.2010
55	17	tracking	-844.217316	69.238434	-265.097583	-27.080	-34.740	0.1406
55	18	tracking	-843.949264	69.248537	-265.244714	-26.914	-26.740	0.1283
55	19	tracking	-843.698207	69.246101	-265.351643	-26.830	-25.689	0.1200
55	20	tracking	-843.473675	69.231575	-265.420607	-1.830	-17.689	0.1086
55	21	tracking	-843.283445	69.204481	-265.459089	23.170	-9.689	0.1213
55	22	tracking	-843.127750	69.165208	-265.475636	37.878	-7.940	0.1136
55	23	tracking	-843.001311	69.114519	-265.474585	37.878	-7.940	0.1085
55	24	tracking	-842.904209	69.051980	-265.465681	62.878	-15.940	0.1246
55	25	tracking	-842.831697	68.973940	-265.452046	67.848	-23.940	0.1135
55	26	tracking	-842.779390	68.874403	-265.434889	67.848	-31.940	0.1158
55	27	tracking	-842.743663	68.745768	-265.415173	67.848	-39.940	0.0954
55	28	tracking	-842.718920	68.580430	-265.389964	42.848	-47.168	0.1010
55	29	tracking	-842.700408	68.380283	-265.356523	17.848	-47.168	0.1078
55	30	tracking	-842.682274	68.147865	-265.313650	-7.152	-47.168	0.1004
55	31	tracking	-842.658072	67.886049	-265.262652	-32.152	-47.168	0.1021
55	32	tracking	-842.634852	67.586368	-265.204013	-7.152	-55.168	0.0970
55	33	tracking	-842.618593	67.250338	-265.138006	17.848	-55.963	0.0936
55	34	tracking	-842.608952	66.880313	-265.064143	17.848	-55.963	0.1010
55	35	landing	-842.615532	66.491186	-264.981977	42.848	-47.963	0.0226
55	36	landing	-842.637475	66.084917	-264.891432	42.848	-47.963	0.0232
55	37	landing	-842.674102	65.663603	-264.792347	42.848	-47.963	0.0222
56	0	tracking	-850.645964	68.867102	-257.032114	-139.104	-4.000	0.1621
56	1	tracking	-849.991601	68.807284	-257.601772	-164.104	-0.670	0.1200
56	2	tracking	-849.422535	68.751906	-258.196524	170.896	-8.670	0.1113
56	3	tracking	-848.951149	68.710040	-258.797665	153.407	-16.670	0.1307
56	4	tracking	-848.533079	68.685017	-259.402840	178.407	-24.670	0.0918
56	5	tracking	-848.135704	68.677907	-259.999512	-156.593	-32.670	0.1125
56	6	tracking	-847.761383	68.687936	-260.584443	-159.186	-40.670	0.1006
56	7	tracking	-847.390151	68.712344	-261.142272	-134.186	-46.375	0.0932
56	8	tracking	-847.066891	68.715970	-261.714864	-150.375	-42.740	0.0946
56	9	tracking	-846.709337	68.775736	-262.224422	-150.375	-34.740	0.0867
56	10	tracking	-846.365226	68.837936	-262.723332	-150.375	-26.740	0.2058
56	11	tracking	-846.032394	68.897649	-263.213986	-150.375	-18.740	0.1671
56	12	tracking	-845.695734	68.958126	-263.679635	-125.375	-26.740	0.1309
56	13	tracking	-845.351293	69.019773	-264.102672	-100.375	-34.740	0.3722
56	14	tracking	-845.004907	69.079947	-264.469293	-75.375	-42.740	0.1488
56	15	tracking	-844.668536	69.133054	-264.772983	-50.375	-50.740	0.1405
56	16	tracking	-844.342207	69.176996	-265.022580	-51.747	-42.740	0.1437
56	17	tracking	-844.036897	69.210732	-265.216101	-26.747	-34.740	0.1969
56	18	tracking	-843.751369	69.232692	-265.361748	-26.747	-26.740	0.1554
56	19	tracking	-843.484608	69.241735	-265.467002	-26.747	-25.689	0.1132
56	20	tracking	-843.246113	69.237965	-265.534177	-1.747	-17.689	0.0784
56	21	tracking	-843.043581	69.220662	-265.570832	23.253	-9.689	0.0591
56	22	tracking	-842.877077	69.190245	-265.585555	37.878	-7.940	0.0483
56	23	tracking	-842.741144	69.147567	-265.582705	37.878	-7.940	0.0484
56	24	tracking	-842.635751	69.092482	-265.572111	62.878	-15.940	0.0405
56	25	tracking	-842.555997	69.021563	-265.556911	67.848	-23.940	0.0411
56	26	tracking	-842.497363	68.928996	-265.538309	67.848	-31.940	0.0354
56	27	tracking	-842.456118	68.807309	-265.517257	67.848	-39.940	0.0377
56	28	tracking	-842.426534	68.648972	-265.490774	42.848	-47.168	0.0356
56	29	tracking	-842.403721	68.455771	-265.456167	17.848	-47.168	0.0386
56	30	tracking	-842.381759	68.230143	-265.412307	-7.152	-47.168	0.0483
56	31	tracking	-842.354199	67.974905	-265.360511	-32.152	-47.168	0.0380
56	32	tracking	-842.327991	67.681687	-265.301197	-7.152	-55.168	0.0370
56	33	tracking	-842.309053	67.351978	-265.234643	17.848	-55.963	0.0828
56	34	landing	-842.298404	67.000095	-265.156009	17.848	-47.963	0.0331
56	35	landing	-842.295639	66.628403	-265.065068	17.848	-47.963	0.0207
56	36	landing	-842.300399	66.239252	-264.961603	17.848	-47.963	0.0222
56	37	landing	-842.312358	65.834930	-264.845448	17.848	-47.963	0.0180
57	0	tracking	-850.645964	68.867102	-257.032114	-139.104	-4.000	0.2084
57	1	tracking	-849.991601	68.807284	-257.601772	-164.104	-0.670	0.1297
57	2	tracking	-849.422535	68.751906	-258.196524	170.896	-8.670	0.1120
57	3	tracking	-848.951149	68.710040	-258.797665	153.407	-16.670	0.1087
57	4	tracking	-848.533079	68.685017	-259.402840	178.407	-24.670	0.1460
57	5	tracking	-848.135704	68.677907	-259.999512	-156.593	-32.670	0.1416
57	6	tracking	-847.761383	68.687936	-260.584443	-159.186	-40.670	0.1028
57	7	tracking	-847.390151	68.712344	-261.142272	-134.186	-46.375	0.1148
57	8	tracking	-846.966891	68.715970	-261.714864	-150.375	-42.740	0.0907
57	9	tracking	-846.609337	68.775736	-262.224422	-150.375	-34.740	0.0984
57	10	tracking	-846.265226	68.837936	-262.723332	-150.375	-26.740	0.0751
57	11	tracking	-845.932394	68.897649	-263.213986	-150.375	-18.740	0.0812
57	12	tracking	-845.595734	68.958126	-263.679635	-125.375	-26.740	0.0727
57	13	tracking	-845.251293	69.019773	-264.102672	-100.375	-34.740	0.0661
57	14	tracking	-844.904907	69.079947	-264.469293	-75.375	-42.740	0.0584
57	15	tracking	-844.568536	69.133054	-264.772983	-50.375	-50.740	0.0582
57	16	tracking	-844.242207	69.176996	-265.022580	-51.747	-42.740	0.0616
57	17	tracking	-843.936897	69.210732	-265.216101	-26.747	-34.740	0.0647
57	18	tracking	-843.651369	69.232692	-265.361748	-26.747	-26.740	0.0548
57	19	tracking	-843.384608	69.241735	-265.467002	-26.747	-25.689	0.0524
57	20	tracking	-843.146113	69.237965	-265.534177	-1.747	-17.689	0.0771
57	21	tracking	-842.943581	69.220662	-265.570832	23.253	-9.689	0.0688
57	22	tracking	-842.777077	69.190245	-265.585555	37.878	-7.940	0.0484
57	23	tracking	-842.641144	69.147567	-265.582705	37.878	-7.940	0.0420
57	24	tracking	-842.535751	69.092482	-265.572111	62.878	-15.940	0.0573
57	25	tracking	-842.455997	69.021563	-265.556911	67.848	-23.940	0.0493
57	26	tracking	-842.397363	68.928996	-265.538309	67.848	-31.940	0.0886
57	27	tracking	-842.356118	68.807309	-265.517257	67.848	-39.940	0.0382
57	28	tracking	-842.326534	68.648972	-265.490774	42.848	-47.168	0.0436
57	29	tracking	-842.303721	68.455771	-265.456167	17.848	-47.168	0.0506
57	30	tracking	-842.281759	68.230143	-265.412307	-7.152	-47.168	0.0358
57	31	tracking	-842.254199	67.974905	-265.360511	-32.152	-47.168	0.0292
57	32	tracking	-842.227991	67.681687	-265.301197	-7.152	-55.168	0.0334
57	33	tracking	-842.209053	67.351978	-265.234643	17.848	-55.963	0.0261
57	34	landing	-842.198404	67.000095	-265.156009	17.848	-47.963	0.0294
57	35	landing	-842.195639	66.628403	-265.065068	17.848	-47.963	0.0259
57	36	landing	-842.200399	66.239252	-264.961603	17.848	-47.963	0.0210
57	37	landing	-842.212358	65.834930	-264.845448	17.848	-47.963	0.0637
58	0	tracking	-850.645964	68.867102	-257.032114	-139.104	-4.000	0.2932
58	1	tracking	-849.991601	68.807284	-257.601772	-164.104	-0.670	0.1893
58	2	tracking	-849.422535	68.751906	-258.196524	170.896	-8.670	0.1653
58	3	tracking	-848.951149	68.710040	-258.797665	153.407	-16.670	0.1181
58	4	tracking	-848.533079	68.685017	-259.402840	178.407	-24.670	0.0929
58	5	tracking	-848.135704	68.677907	-259.999512	-156.593	-32.670	0.0963
58	6	tracking	-847.761383	68.687936	-260.584443	-159.186	-40.670	0.0850
58	7	tracking	-847.390151	68.712344	-261.142272	-134.186	-46.375	0.0880
58	8	tracking	-847.066891	68.815970	-261.714864	-150.375	-42.740	0.1113
58	9	tracking	-846.709337	68.875736	-262.224422	-150.375	-34.740	0.0944
58	10	tracking	-846.365226	68.937936	-262.723332	-150.375	-26.740	0.1039
58	11	tracking	-846.032394	68.997649	-263.213986	-150.375	-18.740	0.0857
58	12	tracking	-845.695734	69.058126	-263.679635	-125.375	-26.740	0.0739
58	13	tracking	-845.351293	69.119773	-264.102672	-100.375	-34.740	0.0656
58	14	tracking	-845.004907	69.179947	-264.469293	-75.375	-42.740	0.0679
58	15	tracking	-844.668536	69.233054	-264.772983	-50.375	-50.740	0.0647
58	16	tracking	-844.342207	69.276996	-265.022580	-51.747	-42.740	0.1461
58	17	tracking	-844.036897	69.310732	-265.216101	-26.747	-34.740	0.0682
58	18	tracking	-843.751369	69.332692	-265.361748	-26.747	-26.740	0.0875
58	19	tracking	-843.484608	69.341735	-265.467002	-26.747	-25.689	0.1048
58	20	tracking	-843.246113	69.337965	-265.534177	-1.747	-17.689	0.0531
58	21	tracking	-843.043581	69.320662	-265.570832	23.253	-9.689	0.0486
58	22	tracking	-842.877077	69.290245	-265.585555	37.878	-7.940	0.6255
58	23	tracking	-842.741144	69.247567	-265.582705	37.878	-7.940	0.2074
58	24	tracking	-842.635751	69.192482	-265.572111	62.878	-15.940	0.0563
58	25	tracking	-842.555997	69.121563	-265.556911	67.848	-23.940	0.0491
58	26	tracking	-842.497363	69.028996	-265.538309	67.848	-31.940	0.0366
58	27	tracking	-842.456118	68.907309	-265.517257	67.848	-39.940	0.0373
58	28	tracking	-842.426534	68.748972	-265.490774	42.848	-47.168	0.0334
58	29	tracking	-842.403721	68.555771	-265.456167	17.848	-47.168	0.0321
58	30	tracking	-842.381759	68.330143	-265.412307	-7.152	-47.168	0.0310
58	31	tracking	-842.354199	68.074905	-265.360511	-32.152	-47.168	0.0303
58	32	tracking	-842.327991	67.781687	-265.301197	-7.152	-55.168	0.0384
58	33	tracking	-842.309053	67.451978	-265.234643	17.848	-55.963	0.0306
58	34	tracking	-842.296996	67.088080	-265.160381	17.848	-55.963	0.0360
58	35	landing	-842.293033	66.704757	-265.073163	17.848	-47.963	0.0219
58	36	landing	-842.296785	66.304376	-264.972827	17.848	-47.963	0.0194
58	37	landing	-842.307914	65.889248	-264.859251	17.848	-47.963	0.0184
59	0	tracking	-850.645964	68.867102	-257.032114	-139.104	-4.000	0.1703
59	1	tracking	-849.991601	68.807284	-257.601772	-164.104	-0.670	0.1877
59	2	tracking	-849.422535	68.751906	-258.196524	170.896	-8.670	0.1151
59	3	tracking	-848.951149	68.710040	-258.797665	153.407	-16.670	0.1113
59	4	tracking	-848.533079	68.685017	-259.402840	178.407	-24.670	0.0995
59	5	tracking	-848.135704	68.677907	-259.999512	-156.593	-32.670	0.0954
59	6	tracking	-847.761383	68.687936	-260.584443	-159.186	-40.670	0.0976
59	7	tracking	-847.390151	68.712344	-261.142272	-134.186	-46.375	0.0885
59	8	tracking	-846.966891	68.815970	-261.714864	-150.375	-42.740	0.1158
59	9	tracking	-846.609337	68.875736	-262.224422	-150.375	-34.740	0.0904
59	10	tracking	-846.265226	68.937936	-262.723332	-150.375	-26.740	0.0777
59	11	tracking	-845.932394	68.997649	-263.213986	-150.375	-18.740	0.0748
59	12	tracking	-845.595734	69.058126	-263.679635	-125.375	-26.740	0.1495
59	13	tracking	-845.251293	69.119773	-264.102672	-100.375	-34.740	0.0893
59	14	tracking	-844.904907	69.179947	-264.469293	-75.375	-42.740	0.0566
59	15	tracking	-844.568536	69.233054	-264.772983	-50.375	-50.740	0.0633
59	16	tracking	-844.242207	69.276996	-265.022580	-51.747	-42.740	0.0636
59	17	tracking	-843.936897	69.310732	-265.216101	-26.747	-34.740	0.0535
59	18	tracking	-843.651369	69.332692	-265.361748	-26.747	-26.740	0.0485
59	19	tracking	-843.384608	69.341735	-265.467002	-26.747	-25.689	0.0488
59	20	tracking	-843.146113	69.337965	-265.534177	-1.747	-17.689	0.0475
59	21	tracking	-842.943581	69.320662	-265.570832	23.253	-9.689	0.0448
59	22	tracking	-842.777077	69.290245	-265.585555	37.878	-7.940	0.0530
59	23	tracking	-842.641144	69.247567	-265.582705	37.878	-7.940	0.0437
59	24	tracking	-842.535751	69.192482	-265.572111	62.878	-15.940	0.0377
59	25	tracking	-842.455997	69.121563	-265.556911	67.848	-23.940	0.0412
59	26	tracking	-842.397363	69.028996	-265.538309	67.848	-31.940	0.0356
59	27	tracking	-842.356118	68.907309	-265.517257	67.848	-39.940	0.0372
59	28	tracking	-842.326534	68.748972	-265.490774	42.848	-47.168	0.0342
59	29	tracking	-842.303721	68.555771	-265.456167	17.848	-47.168	0.0372
59	30	tracking	-842.281759	68.330143	-265.412307	-7.152	-47.168	0.0312
59	31	tracking	-842.254199	68.074905	-265.360511	-32.152	-47.168	0.0343
59	32	tracking	-842.227991	67.781687	-265.301197	-7.152	-55.168	0.0299
59	33	tracking	-842.209053	67.451978	-265.234643	17.848	-55.963	0.0646
59	34	tracking	-842.196996	67.088080	-265.160381	17.848	-55.963	0.0316
59	35	landing	-842.193033	66.704757	-265.073163	17.848	-47.963	0.0315
59	36	landing	-842.196785	66.304376	-264.972827	17.848	-47.963	0.0232
59	37	landing	-842.207914	65.889248	-264.859251	17.848	-47.963	0.0211
60	0	tracking	-850.645964	68.867102	-257.032114	-139.104	-4.000	0.1666
60	1	tracking	-849.991601	68.807284	-257.601772	-164.104	-0.670	0.1251
60	2	tracking	-849.422535	68.751906	-258.196524	170.896	-8.670	0.1120
60	3	tracking	-848.951149	68.710040	-258.797665	153.407	-16.670	0.0966
60	4	tracking	-848.533079	68.685017	-259.402840	178.407	-24.670	0.0934
60	5	tracking	-848.135704	68.677907	-259.999512	-156.593	-32.670	0.1194
60	6	tracking	-847.761383	68.687936	-260.584443	-159.186	-40.670	0.0839
60	7	tracking	-847.390151	68.712344	-261.142272	-134.186	-46.375	0.0816
60	8	tracking	-847.066891	68.715970	-261.614864	-150.375	-42.740	0.1791
60	9	tracking	-846.709337	68.775736	-262.124422	-150.375	-34.740	0.1535
60	10	tracking	-846.365226	68.837936	-262.623332	-150.375	-26.740	0.1423
60	11	tracking	-846.032394	68.897649	-263.113986	-150.375	-18.740	0.1516
60	12	tracking	-845.695734	68.958126	-263.579635	-125.375	-26.740	0.1426
60	13	tracking	-845.351293	69.019773	-264.002672	-100.375	-34.740	0.1335
60	14	tracking	-845.004907	69.079947	-264.369293	-75.375	-42.740	0.1205
60	15	tracking	-844.668536	69.133054	-264.672983	-50.375	-50.740	0.1250
60	16	tracking	-844.342207	69.176996	-264.922580	-51.747	-42.740	0.1208
60	17	tracking	-844.036897	69.210732	-265.116101	-26.747	-34.740	0.1173
60	18	tracking	-843.751369	69.232692	-265.261748	-26.747	-26.740	0.2140
60	19	tracking	-843.484608	69.241735	-265.367002	-26.747	-25.689	0.1558
60	20	tracking	-843.246113	69.237965	-265.434177	-1.747	-17.689	0.1231
60	21	tracking	-843.043581	69.220662	-265.470832	23.253	-9.689	0.1334
60	22	tracking	-842.877077	69.190245	-265.485555	37.878	-7.940	0.1726
60	23	tracking	-842.741144	69.147567	-265.482705	37.878	-7.940	0.1682
60	24	tracking	-842.635751	69.092482	-265.472111	62.878	-15.940	0.2101
60	25	tracking	-842.555997	69.021563	-265.456911	67.848	-23.940	0.1101
60	26	tracking	-842.497363	68.928996	-265.438309	67.848	-31.940	0.1048
60	27	tracking	-842.456118	68.807309	-265.417257	67.848	-39.940	0.1257
60	28	tracking	-842.426534	68.648972	-265.390774	42.848	-47.168	0.1143
60	29	tracking	-842.403721	68.455771	-265.356167	17.848	-47.168	0.1202
60	30	tracking	-842.381759	68.230143	-265.312307	-7.152	-47.168	0.1260
60	31	tracking	-842.354199	67.974905	-265.260511	-32.152	-47.168	0.1214
60	32	tracking	-842.327991	67.681687	-265.201197	-7.152	-55.168	0.1157
60	33	tracking	-842.309053	67.351978	-265.134643	17.848	-55.963	0.0988
60	34	landing	-842.305992	67.000095	-265.060452	42.848	-47.963	0.0417
60	35	landing	-842.317930	66.627928	-264.978537	42.848	-47.963	0.0583
60	36	landing	-842.344204	66.237568	-264.888692	42.848	-47.963	0.0272
60	37	landing	-842.384279	65.831186	-264.790674	42.848	-47.963	0.0166
61	0	tracking	-850.645964	68.867102	-257.032114	-139.104	-4.000	0.2018
61	1	tracking	-849.991601	68.807284	-257.601772	-164.104	-0.670	0.1294
61	2	tracking	-849.422535	68.751906	-258.196524	170.896	-8.670	0.1140
61	3	tracking	-848.951149	68.710040	-258.797665	153.407	-16.670	0.1209
61	4	tracking	-848.533079	68.685017	-259.402840	178.407	-24.670	0.0977
61	5	tracking	-848.135704	68.677907	-259.999512	-156.593	-32.670	0.0869
61	6	tracking	-847.761383	68.687936	-260.584443	-159.186	-40.670	0.0820
61	7	tracking	-847.390151	68.712344	-261.142272	-134.186	-46.375	0.0787
61	8	tracking	-846.966891	68.715970	-261.614864	-150.375	-42.740	0.1615
61	9	tracking	-846.609337	68.775736	-262.124422	-150.375	-34.740	0.1475
61	10	tracking	-846.265226	68.837936	-262.623332	-150.375	-26.740	0.1479
61	11	tracking	-845.932394	68.897649	-263.113986	-150.375	-18.740	0.1561
61	12	tracking	-845.595734	68.958126	-263.579635	-125.375	-26.740	0.1586
61	13	tracking	-845.251293	69.019773	-264.002672	-100.375	-34.740	0.1302
61	14	tracking	-844.904907	69.079947	-264.369293	-75.375	-42.740	0.1378
61	15	tracking	-844.568536	69.133054	-264.672983	-50.375	-50.740	0.1599
61	16	tracking	-844.242207	69.176996	-264.922580	-51.747	-42.740	0.1283
61	17	tracking	-843.936897	69.210732	-265.116101	-26.747	-34.740	0.1350
61	18	tracking	-843.651369	69.232692	-265.261748	-26.747	-26.740	0.1373
61	19	tracking	-843.384608	69.241735	-265.367002	-26.747	-25.689	0.1275
61	20	tracking	-843.146113	69.237965	-265.434177	-1.747	-17.689	0.1297
61	21	tracking	-842.943581	69.220662	-265.470832	23.253	-9.689	0.1239
61	22	tracking	-842.777077	69.190245	-265.485555	37.878	-7.940	0.1456
61	23	tracking	-842.641144	69.147567	-265.482705	37.878	-7.940	0.1221
61	24	tracking	-842.535751	69.092482	-265.472111	62.878	-15.940	0.1088
61	25	tracking	-842.455997	69.021563	-265.456911	67.848	-23.940	0.1181
61	26	tracking	-842.397363	68.928996	-265.438309	67.848	-31.940	0.1376
61	27	tracking	-842.356118	68.807309	-265.417257	67.848	-39.940	0.1133
61	28	tracking	-842.326534	68.648972	-265.390774	42.848	-47.168	0.4032
61	29	tracking	-842.303721	68.455771	-265.356167	17.848	-47.168	0.2016
61	30	tracking	-842.281759	68.230143	-265.312307	-7.152	-47.168	0.1163
61	31	tracking	-842.254199	67.974905	-265.260511	-32.152	-47.168	0.1099
61	32	tracking	-842.227991	67.681687	-265.201197	-7.152	-55.168	0.1074
61	33	tracking	-842.209053	67.351978	-265.134643	17.848	-55.963	0.1131
61	34	landing	-842.205992	67.000095	-265.060452	42.848	-47.963	0.0255
61	35	landing	-842.217930	66.627928	-264.978537	42.848	-47.963	0.0210
61	36	landing	-842.244204	66.237568	-264.888692	42.848	-47.963	0.0229
61	37	landing	-842.284279	65.831186	-264.790674	42.848	-47.963	0.0390
62	0	tracking	-850.645964	68.867102	-257.032114	-139.104	-4.000	0.1868
62	1	tracking	-849.991601	68.807284	-257.601772	-164.104	-0.670	0.1305
62	2	tracking	-849.422535	68.751906	-258.196524	170.896	-8.670	0.1103
62	3	tracking	-848.951149	68.710040	-258.797665	153.407	-16.670	0.0966
62	4	tracking	-848.533079	68.685017	-259.402840	178.407	-24.670	0.0917
62	5	tracking	-848.135704	68.677907	-259.999512	-156.593	-32.670	0.0849
62	6	tracking	-847.761383	68.687936	-260.584443	-159.186	-40.670	0.0860
62	7	tracking	-847.390151	68.712344	-261.142272	-134.186	-46.375	0.0832
62	8	tracking	-847.066891	68.815970	-261.614864	-150.375	-42.740	0.1729
62	9	tracking	-846.709337	68.875736	-262.124422	-150.375	-34.740	0.1599
62	10	tracking	-846.365226	68.937936	-262.623332	-150.375	-26.740	0.1617
62	11	tracking	-846.032394	68.997649	-263.113986	-150.375	-18.740	0.1736
62	12	tracking	-845.695734	69.058126	-263.579635	-125.375	-26.740	0.1429
62	13	tracking	-845.351293	69.119773	-264.002672	-100.375	-34.740	0.1393
62	14	tracking	-845.004907	69.179947	-264.369293	-75.375	-42.740	0.1305
62	15	tracking	-844.668536	69.233054	-264.672983	-50.375	-50.740	0.1414
62	16	tracking	-844.342207	69.276996	-264.922580	-51.747	-42.740	0.1235
62	17	tracking	-844.036897	69.310732	-265.116101	-26.747	-34.740	0.1596
62	18	tracking	-843.751369	69.332692	-265.261748	-26.747	-26.740	0.1165
62	19	tracking	-843.484608	69.341735	-265.367002	-26.747	-25.689	0.1234
62	20	tracking	-843.246113	69.337965	-265.434177	-1.747	-17.689	0.1356
62	21	tracking	-843.043581	69.320662	-265.470832	23.253	-9.689	0.1802
62	22	tracking	-842.877077	69.290245	-265.485555	37.878	-7.940	0.1289
62	23	tracking	-842.741144	69.247567	-265.482705	37.878	-7.940	0.1189
62	24	tracking	-842.635751	69.192482	-265.472111	62.878	-15.940	0.1218
62	25	tracking	-842.555997	69.121563	-265.456911	67.848	-23.940	0.1171
62	26	tracking	-842.497363	69.028996	-265.438309	67.848	-31.940	0.1224
62	27	tracking	-842.456118	68.907309	-265.417257	67.848	-39.940	0.1119
62	28	tracking	-842.426534	68.748972	-265.390774	42.848	-47.168	0.1201
62	29	tracking	-842.403721	68.555771	-265.356167	17.848	-47.168	0.1192
62	30	tracking	-842.381759	68.330143	-265.312307	-7.152	-47.168	0.1193
62	31	tracking	-842.354199	68.074905	-265.260511	-32.152	-47.168	0.1062
62	32	tracking	-842.327991	67.781687	-265.201197	-7.152	-55.168	0.1192
62	33	tracking	-842.309053	67.451978	-265.134643	17.848	-55.963	0.0957
62	34	tracking	-842.296996	67.088080	-265.060381	17.848	-55.963	0.1473
62	35	landing	-842.301294	66.704757	-264.978000	42.848	-47.963	0.0344
62	36	landing	-842.321050	66.303927	-264.887428	42.848	-47.963	0.0259
62	37	landing	-842.355556	65.887661	-264.788503	42.848	-47.963	0.0234
63	0	tracking	-850.645964	68.867102	-257.032114	-139.104	-4.000	0.1734
63	1	tracking	-849.991601	68.807284	-257.601772	-164.104	-0.670	0.1215
63	2	tracking	-849.422535	68.751906	-258.196524	170.896	-8.670	0.1112
63	3	tracking	-848.951149	68.710040	-258.797665	153.407	-16.670	0.0988
63	4	tracking	-848.533079	68.685017	-259.402840	178.407	-24.670	0.0929
63	5	tracking	-848.135704	68.677907	-259.999512	-156.593	-32.670	0.1533
63	6	tracking	-847.761383	68.687936	-260.584443	-159.186	-40.670	0.1278
63	7	tracking	-847.390151	68.712344	-261.142272	-134.186	-46.375	0.0932
63	8	tracking	-846.966891	68.815970	-261.614864	-150.375	-42.740	0.1578
63	9	tracking	-846.609337	68.875736	-262.124422	-150.375	-34.740	0.1591
63	10	tracking	-846.265226	68.937936	-262.623332	-150.375	-26.740	0.1659
63	11	tracking	-845.932394	68.997649	-263.113986	-150.375	-18.740	0.1449
63	12	tracking	-845.595734	69.058126	-263.579635	-125.375	-26.740	0.1676
63	13	tracking	-845.251293	69.119773	-264.002672	-100.375	-34.740	0.1350
63	14	tracking	-844.904907	69.179947	-264.369293	-75.375	-42.740	0.1306
63	15	tracking	-844.568536	69.233054	-264.672983	-50.375	-50.740	0.1614
63	16	tracking	-844.242207	69.276996	-264.922580	-51.747	-42.740	0.1297
63	17	tracking	-843.936897	69.310732	-265.116101	-26.747	-34.740	0.1315
63	18	tracking	-843.651369	69.332692	-265.261748	-26.747	-26.740	0.1224
63	19	tracking	-843.384608	69.341735	-265.367002	-26.747	-25.689	0.1198
63	20	tracking	-843.146113	69.337965	-265.434177	-1.747	-17.689	0.1273
63	21	tracking	-842.943581	69.320662	-265.470832	23.253	-9.689	0.1210
63	22	tracking	-842.777077	69.290245	-265.485555	37.878	-7.940	0.1068
63	23	tracking	-842.641144	69.247567	-265.482705	37.878	-7.940	0.1071
63	24	tracking	-842.535751	69.192482	-265.472111	62.878	-15.940	0.1070
63	25	tracking	-842.455997	69.121563	-265.456911	67.848	-23.940	0.1056
63	26	tracking	-842.397363	69.028996	-265.438309	67.848	-31.940	0.1044
63	27	tracking	-842.356118	68.907309	-265.417257	67.848	-39.940	0.1194
63	28	tracking	-842.326534	68.748972	-265.390774	42.848	-47.168	0.1342
63	29	tracking	-842.303721	68.555771	-265.356167	17.848	-47.168	0.1620
63	30	tracking	-842.281759	68.330143	-265.312307	-7.152	-47.168	0.1727
63	31	tracking	-842.254199	68.074905	-265.260511	-32.152	-47.168	0.1553
63	32	tracking	-842.227991	67.781687	-265.201197	-7.152	-55.168	0.1592
63	33	tracking	-842.209053	67.451978	-265.134643	17.848	-55.963	0.1607
63	34	tracking	-842.196996	67.088080	-265.060381	17.848	-55.963	0.1648
63	35	landing	-842.201294	66.704757	-264.978000	42.848	-47.963	0.0391
63	36	landing	-842.221050	66.303927	-264.887428	42.848	-47.963	0.0302
63	37	landing	-842.255556	65.887661	-264.788503	42.848	-47.963	0.0290
