-1	0	tracking	-850.645964	68.867102	-257.032114	-139.104	-4.000	10.0700
-1	1	tracking	-849.991601	68.807284	-257.601772	-164.104	-0.670	1.8172
-1	2	tracking	-849.422535	68.751906	-258.196524	170.896	-8.670	1.2293
-1	3	tracking	-848.951149	68.710040	-258.797665	153.407	-16.670	1.0754
-1	4	tracking	-848.533079	68.685017	-259.402840	178.407	-24.670	1.1853
-1	5	tracking	-848.135704	68.677907	-259.999512	-156.593	-32.670	0.9249
-1	6	tracking	-847.761383	68.687936	-260.584443	-159.186	-40.670	0.5958
-1	7	tracking	-847.390151	68.712344	-261.142272	-134.186	-46.375	0.5296
-1	8	tracking	-847.034052	68.747852	-261.683844	-150.375	-42.740	0.5197
-1	9	tracking	-846.691437	68.790551	-262.210929	-150.375	-34.740	0.4562
-1	10	tracking	-846.360385	68.836374	-262.725899	-150.375	-26.740	0.5428
-1	11	tracking	-846.038924	68.880283	-263.231329	-150.375	-18.740	0.4626
-1	12	tracking	-845.711981	68.925618	-263.710438	-125.375	-26.740	0.4571
-1	13	tracking	-845.375779	68.972813	-264.145543	-100.375	-34.740	0.7179
-1	14	tracking	-845.036398	69.019217	-264.522830	-75.375	-42.740	0.3553
-1	15	tracking	-844.705837	69.059505	-264.835665	-50.375	-50.740	0.3289
-1	16	tracking	-844.384292	69.091438	-265.093102	-51.747	-42.740	0.2083
-1	17	tracking	-844.083004	69.113982	-265.293128	-26.747	-34.740	0.2013
-1	18	tracking	-843.800745	69.125732	-265.443948	-26.747	-26.740	0.1940
-1	19	tracking	-843.536584	69.125555	-265.553190	-26.747	-25.689	0.1899
-1	20	tracking	-843.300384	69.113535	-265.623253	-1.747	-17.689	0.2048
-1	21	tracking	-843.100129	69.088903	-265.661946	23.253	-9.689	0.1887
-1	22	tracking	-842.935939	69.051976	-265.678117	37.878	-7.940	0.1951
-1	23	tracking	-842.802291	69.003506	-265.676269	37.878	-7.940	0.1661
-1	24	tracking	-842.699176	68.943190	-265.666444	62.878	-15.940	0.1633
-1	25	tracking	-842.621629	68.867454	-265.651857	67.848	-23.940	0.3876
-1	26	tracking	-842.565079	68.770355	-265.633754	67.848	-31.940	0.1654
-1	27	tracking	-842.525759	68.644315	-265.613118	67.848	-39.940	0.2672
-1	28	tracking	-842.497919	68.481735	-265.586975	42.848	-47.168	0.3002
-1	29	tracking	-842.476678	68.284429	-265.552612	17.848	-47.168	0.1624
-1	30	tracking	-842.456107	68.054867	-265.508875	-7.152	-47.168	0.1915
-1	31	tracking	-842.429727	67.795885	-265.457098	-32.152	-47.168	0.3478
-1	32	tracking	-842.404562	67.499061	-265.397731	-7.152	-55.168	0.1734
-1	33	tracking	-842.386576	67.165890	-265.331058	17.848	-55.963	0.1151
-1	34	landing	-842.376815	66.810754	-265.252196	17.848	-47.963	0.1017
-1	35	landing	-842.374883	66.436026	-265.160919	17.848	-47.963	0.0889
-1	36	landing	-842.380430	66.044063	-265.057020	17.848	-47.963	0.0787
-1	37	landing	-842.393135	65.637154	-264.940337	17.848	-47.963	0.0725
0	0	tracking	-850.645964	68.867102	-257.032114	-139.104	-4.000	0.3854
0	1	tracking	-849.991601	68.807284	-257.601772	-164.104	-0.670	0.3335
0	2	tracking	-849.422535	68.751906	-258.196524	170.896	-8.670	0.3003
0	3	tracking	-848.951149	68.710040	-258.797665	153.407	-16.670	0.3043
0	4	tracking	-848.533079	68.685017	-259.402840	178.407	-24.670	0.2910
0	5	tracking	-848.135704	68.677907	-259.999512	-156.593	-32.670	0.3011
0	6	tracking	-847.761383	68.687936	-260.584443	-159.186	-40.670	0.2892
0	7	tracking	-847.390151	68.712344	-261.142272	-134.186	-46.375	0.3560
0	8	tracking	-847.034052	68.747852	-261.683844	-150.375	-42.740	0.4656
0	9	tracking	-846.691437	68.790551	-262.210929	-150.375	-34.740	0.5065
0	10	tracking	-846.360385	68.836374	-262.725899	-150.375	-26.740	0.2552
0	11	tracking	-846.038924	68.880283	-263.231329	-150.375	-18.740	0.2199
0	12	tracking	-845.711981	68.925618	-263.710438	-125.375	-26.740	0.2151
0	13	tracking	-845.375779	68.972813	-264.145543	-100.375	-34.740	0.2228
0	14	tracking	-845.036398	69.019217	-264.522830	-75.375	-42.740	0.2086
0	15	tracking	-844.705837	69.059505	-264.835665	-50.375	-50.740	0.2019
0	16	tracking	-844.451352	69.022903	-265.160322	-51.747	-42.740	0.1854
0	17	tracking	-844.164826	69.028378	-265.374825	-26.747	-34.740	0.1723
0	18	tracking	-843.895315	69.024526	-265.537737	-26.747	-26.740	0.1650
0	19	tracking	-843.642195	69.010021	-265.657125	-26.747	-25.689	0.1657
0	20	tracking	-843.415814	68.985007	-265.735599	-1.747	-17.689	0.1723
0	21	tracking	-843.224503	68.948734	-265.781330	23.253	-9.689	0.1623
0	22	tracking	-843.068487	68.901393	-265.803509	37.878	-7.940	0.2049
0	23	tracking	-842.942254	68.843590	-265.806844	37.878	-7.940	0.1786
0	24	tracking	-842.845844	68.774719	-265.801589	62.878	-15.940	0.1640
0	25	tracking	-842.774310	68.690942	-265.791056	67.848	-23.940	0.1508
0	26	tracking	-842.723105	68.586091	-265.776570	67.848	-31.940	0.1423
0	27	tracking	-842.688490	68.452405	-265.759181	67.848	-39.940	0.1517
0	28	tracking	-842.664775	68.282157	-265.736004	42.848	-47.168	0.1532
0	29	tracking	-842.647194	68.077221	-265.704331	17.848	-47.168	0.1294
0	30	tracking	-842.629882	67.840142	-265.662981	-7.152	-47.168	0.1202
0	31	tracking	-842.606378	67.573813	-265.613285	-32.152	-47.168	0.2172
0	32	tracking	-842.583775	67.269700	-265.555777	-7.152	-55.168	0.2472
0	33	tracking	-842.568078	66.929331	-265.490744	17.848	-55.963	0.1474
0	34	landing	-842.560396	66.567255	-265.413219	17.848	-47.963	0.1796
0	35	landing	-842.560367	66.185887	-265.322978	17.848	-47.963	0.0775
0	36	landing	-842.567668	65.787609	-265.219821	17.848	-47.963	0.0705
1	0	tracking	-850.645964	68.867102	-257.032114	-139.104	-4.000	0.3700
1	1	tracking	-849.991601	68.807284	-257.601772	-164.104	-0.670	3.2397
1	2	tracking	-849.422535	68.751906	-258.196524	170.896	-8.670	0.5798
1	3	tracking	-848.951149	68.710040	-258.797665	153.407	-16.670	0.7456
1	4	tracking	-848.533079	68.685017	-259.402840	178.407	-24.670	0.4787
1	5	tracking	-848.135704	68.677907	-259.999512	-156.593	-32.670	0.3437
1	6	tracking	-847.761383	68.687936	-260.584443	-159.186	-40.670	0.3211
1	7	tracking	-847.390151	68.712344	-261.142272	-134.186	-46.375	0.3466
1	8	tracking	-847.034052	68.747852	-261.683844	-150.375	-42.740	0.2351
1	9	tracking	-846.691437	68.790551	-262.210929	-150.375	-34.740	0.2437
1	10	tracking	-846.360385	68.836374	-262.725899	-150.375	-26.740	0.2300
1	11	tracking	-846.038924	68.880283	-263.231329	-150.375	-18.740	0.2258
1	12	tracking	-845.711981	68.925618	-263.710438	-125.375	-26.740	0.2255
1	13	tracking	-845.375779	68.972813	-264.145543	-100.375	-34.740	0.2207
1	14	tracking	-845.036398	69.019217	-264.522830	-75.375	-42.740	0.2291
1	15	tracking	-844.705837	69.059505	-264.835665	-50.375	-50.740	0.2025
1	16	tracking	-844.351352	69.022903	-265.160322	-51.747	-42.740	0.1589
1	17	tracking	-844.064826	69.028378	-265.374825	-26.747	-34.740	0.1528
1	18	tracking	-843.795315	69.024526	-265.537737	-26.747	-26.740	0.1550
1	19	tracking	-843.542195	69.010021	-265.657125	-26.747	-25.689	0.1491
1	20	tracking	-843.315814	68.985007	-265.735599	-1.747	-17.689	0.1390
1	21	tracking	-843.124503	68.948734	-265.781330	23.253	-9.689	0.1435
1	22	tracking	-842.968487	68.901393	-265.803509	37.878	-7.940	0.1625
1	23	tracking	-842.842254	68.843590	-265.806844	37.878	-7.940	0.1458
1	24	tracking	-842.745844	68.774719	-265.801589	62.878	-15.940	0.1027
1	25	tracking	-842.674310	68.690942	-265.791056	67.848	-23.940	0.0955
1	26	tracking	-842.623105	68.586091	-265.776570	67.848	-31.940	0.0935
1	27	tracking	-842.588490	68.452405	-265.759181	67.848	-39.940	0.0868
1	28	tracking	-842.564775	68.282157	-265.736004	42.848	-47.168	0.0969
1	29	tracking	-842.547194	68.077221	-265.704331	17.848	-47.168	0.0803
1	30	tracking	-842.529882	67.840142	-265.662981	-7.152	-47.168	0.0734
1	31	tracking	-842.506378	67.573813	-265.613285	-32.152	-47.168	0.0697
1	32	tracking	-842.483775	67.269700	-265.555777	-7.152	-55.168	0.1803
1	33	tracking	-842.468078	66.929331	-265.490744	17.848	-55.963	0.0675
1	34	landing	-842.460396	66.567255	-265.413219	17.848	-47.963	0.0439
1	35	landing	-842.460367	66.185887	-265.322978	17.848	-47.963	0.0430
1	36	landing	-842.467668	65.787609	-265.219821	17.848	-47.963	0.0677
2	0	tracking	-850.645964	68.867102	-257.032114	-139.104	-4.000	0.3253
2	1	tracking	-849.991601	68.807284	-257.601772	-164.104	-0.670	0.2706
2	2	tracking	-849.422535	68.751906	-258.196524	170.896	-8.670	0.2595
2	3	tracking	-848.951149	68.710040	-258.797665	153.407	-16.670	0.2404
2	4	tracking	-848.533079	68.685017	-259.402840	178.407	-24.670	0.2173
2	5	tracking	-848.135704	68.677907	-259.999512	-156.593	-32.670	0.2191
2	6	tracking	-847.761383	68.687936	-260.584443	-159.186	-40.670	0.2553
2	7	tracking	-847.390151	68.712344	-261.142272	-134.186	-46.375	0.2191
2	8	tracking	-847.034052	68.747852	-261.683844	-150.375	-42.740	0.1931
2	9	tracking	-846.691437	68.790551	-262.210929	-150.375	-34.740	0.2003
2	10	tracking	-846.360385	68.836374	-262.725899	-150.375	-26.740	0.2173
2	11	tracking	-846.038924	68.880283	-263.231329	-150.375	-18.740	0.1902
2	12	tracking	-845.711981	68.925618	-263.710438	-125.375	-26.740	0.2010
2	13	tracking	-845.375779	68.972813	-264.145543	-100.375	-34.740	0.2316
2	14	tracking	-845.036398	69.019217	-264.522830	-75.375	-42.740	0.2849
2	15	tracking	-844.705837	69.059505	-264.835665	-50.375	-50.740	0.2061
2	16	tracking	-844.451352	69.122903	-265.160322	-51.747	-42.740	0.1609
2	17	tracking	-844.164826	69.128378	-265.374825	-26.747	-34.740	0.1604
2	18	tracking	-843.895315	69.124526	-265.537737	-26.747	-26.740	0.1340
2	19	tracking	-843.642195	69.110021	-265.657125	-26.747	-25.689	0.1691
2	20	tracking	-843.415814	69.085007	-265.735599	-1.747	-17.689	0.1477
2	21	tracking	-843.224503	69.048734	-265.781330	23.253	-9.689	0.1172
2	22	tracking	-843.068487	69.001393	-265.803509	37.878	-7.940	0.1096
2	23	tracking	-842.942254	68.943590	-265.806844	37.878	-7.940	0.1184
2	24	tracking	-842.845844	68.874719	-265.801589	62.878	-15.940	0.1043
2	25	tracking	-842.774310	68.790942	-265.791056	67.848	-23.940	0.1177
2	26	tracking	-842.723105	68.686091	-265.776570	67.848	-31.940	0.0997
2	27	tracking	-842.688490	68.552405	-265.759181	67.848	-39.940	0.0974
2	28	tracking	-842.664775	68.382157	-265.736004	42.848	-47.168	0.0959
2	29	tracking	-842.647194	68.177221	-265.704331	17.848	-47.168	0.0877
2	30	tracking	-842.629882	67.940142	-265.662981	-7.152	-47.168	0.0898
2	31	tracking	-842.606378	67.673813	-265.613285	-32.152	-47.168	0.0820
2	32	tracking	-842.583775	67.369700	-265.555777	-7.152	-55.168	0.1292
2	33	tracking	-842.568078	67.029331	-265.490744	17.848	-55.963	0.0704
2	34	landing	-842.560396	66.667255	-265.413219	17.848	-47.963	0.0516
2	35	landing	-842.560367	66.285887	-265.322978	17.848	-47.963	0.0552
2	36	landing	-842.567668	65.887609	-265.219821	17.848	-47.963	0.0447
3	0	tracking	-850.645964	68.867102	-257.032114	-139.104	-4.000	0.3322
3	1	tracking	-849.991601	68.807284	-257.601772	-164.104	-0.670	0.2247
3	2	tracking	-849.422535	68.751906	-258.196524	170.896	-8.670	0.2450
3	3	tracking	-848.951149	68.710040	-258.797665	153.407	-16.670	0.2057
3	4	tracking	-848.533079	68.685017	-259.402840	178.407	-24.670	0.1938
3	5	tracking	-848.135704	68.677907	-259.999512	-156.593	-32.670	0.1904
3	6	tracking	-847.761383	68.687936	-260.584443	-159.186	-40.670	0.2014
3	7	tracking	-847.390151	68.712344	-261.142272	-134.186	-46.375	0.1786
3	8	tracking	-847.034052	68.747852	-261.683844	-150.375	-42.740	0.3248
3	9	tracking	-846.691437	68.790551	-262.210929	-150.375	-34.740	0.2101
3	10	tracking	-846.360385	68.836374	-262.725899	-150.375	-26.740	0.1947
3	11	tracking	-846.038924	68.880283	-263.231329	-150.375	-18.740	0.2717
3	12	tracking	-845.711981	68.925618	-263.710438	-125.375	-26.740	0.9024
3	13	tracking	-845.375779	68.972813	-264.145543	-100.375	-34.740	0.2494
3	14	tracking	-845.036398	69.019217	-264.522830	-75.375	-42.740	0.2232
3	15	tracking	-844.705837	69.059505	-264.835665	-50.375	-50.740	0.2139
3	16	tracking	-844.351352	69.122903	-265.160322	-51.747	-42.740	0.1739
3	17	tracking	-844.064826	69.128378	-265.374825	-26.747	-34.740	0.1657
3	18	tracking	-843.795315	69.124526	-265.537737	-26.747	-26.740	0.1708
3	19	tracking	-843.542195	69.110021	-265.657125	-26.747	-25.689	0.1448
3	20	tracking	-843.315814	69.085007	-265.735599	-1.747	-17.689	0.1330
3	21	tracking	-843.124503	69.048734	-265.781330	23.253	-9.689	0.1309
3	22	tracking	-842.968487	69.001393	-265.803509	37.878	-7.940	0.1489
3	23	tracking	-842.842254	68.943590	-265.806844	37.878	-7.940	0.1405
3	24	tracking	-842.745844	68.874719	-265.801589	62.878	-15.940	0.1160
3	25	tracking	-842.674310	68.790942	-265.791056	67.848	-23.940	0.1040
3	26	tracking	-842.623105	68.686091	-265.776570	67.848	-31.940	0.1134
3	27	tracking	-842.588490	68.552405	-265.759181	67.848	-39.940	0.1139
3	28	tracking	-842.564775	68.382157	-265.736004	42.848	-47.168	0.0915
3	29	tracking	-842.547194	68.177221	-265.704331	17.848	-47.168	0.0828
3	30	tracking	-842.529882	67.940142	-265.662981	-7.152	-47.168	0.0782
3	31	tracking	-842.506378	67.673813	-265.613285	-32.152	-47.168	0.0711
3	32	tracking	-842.483775	67.369700	-265.555777	-7.152	-55.168	0.0725
3	33	tracking	-842.468078	67.029331	-265.490744	17.848	-55.963	0.1113
3	34	landing	-842.460396	66.667255	-265.413219	17.848	-47.963	0.0622
3	35	landing	-842.460367	66.285887	-265.322978	17.848	-47.963	0.0469
3	36	landing	-842.467668	65.887609	-265.219821	17.848	-47.963	0.0419
4	0	tracking	-850.645964	68.867102	-257.032114	-139.104	-4.000	0.4534
4	1	tracking	-849.991601	68.807284	-257.601772	-164.104	-0.670	0.3675
4	2	tracking	-849.422535	68.751906	-258.196524	170.896	-8.670	0.3230
4	3	tracking	-848.951149	68.710040	-258.797665	153.407	-16.670	0.3229
4	4	tracking	-848.533079	68.685017	-259.402840	178.407	-24.670	0.3044
4	5	tracking	-848.135704	68.677907	-259.999512	-156.593	-32.670	0.2702
4	6	tracking	-847.761383	68.687936	-260.584443	-159.186	-40.670	0.2755
4	7	tracking	-847.390151	68.712344	-261.142272	-134.186	-46.375	0.2645
4	8	tracking	-847.034052	68.747852	-261.683844	-150.375	-42.740	0.2602
4	9	tracking	-846.691437	68.790551	-262.210929	-150.375	-34.740	0.3936
4	10	tracking	-846.360385	68.836374	-262.725899	-150.375	-26.740	0.3478
4	11	tracking	-846.038924	68.880283	-263.231329	-150.375	-18.740	0.2343
4	12	tracking	-845.711981	68.925618	-263.710438	-125.375	-26.740	0.2206
4	13	tracking	-845.375779	68.972813	-264.145543	-100.375	-34.740	0.2254
4	14	tracking	-845.036398	69.019217	-264.522830	-75.375	-42.740	0.2016
4	15	tracking	-844.705837	69.059505	-264.835665	-50.375	-50.740	0.2098
4	16	tracking	-844.451352	69.022903	-265.060322	-51.747	-42.740	0.1776
4	17	tracking	-844.164826	69.028378	-265.274825	-26.747	-34.740	0.1737
4	18	tracking	-843.895315	69.024526	-265.437737	-26.747	-26.740	0.1661
4	19	tracking	-843.642195	69.010021	-265.557125	-26.747	-25.689	0.1628
4	20	tracking	-843.415814	68.985007	-265.635599	-1.747	-17.689	0.1768
4	21	tracking	-843.224503	68.948734	-265.681330	23.253	-9.689	0.2003
4	22	tracking	-843.068487	68.901393	-265.703509	37.878	-7.940	0.2074
4	23	tracking	-842.942254	68.843590	-265.706844	37.878	-7.940	0.2196
4	24	tracking	-842.845844	68.774719	-265.701589	62.878	-15.940	0.2406
4	25	tracking	-842.774310	68.690942	-265.691056	67.848	-23.940	0.1804
4	26	tracking	-842.723105	68.586091	-265.676570	67.848	-31.940	0.1227
4	27	tracking	-842.688490	68.452405	-265.659181	67.848	-39.940	0.1913
4	28	tracking	-842.664775	68.282157	-265.636004	42.848	-47.168	0.1319
4	29	tracking	-842.647194	68.077221	-265.604331	17.848	-47.168	0.1081
4	30	tracking	-842.629882	67.840142	-265.562981	-7.152	-47.168	0.0981
4	31	tracking	-842.606378	67.573813	-265.513285	-32.152	-47.168	0.0913
4	32	tracking	-842.583775	67.269700	-265.455777	-7.152	-55.168	0.0851
4	33	tracking	-842.568078	66.929331	-265.390744	17.848	-55.963	0.0789
4	34	landing	-842.560396	66.567255	-265.313219	17.848	-47.963	0.0672
4	35	landing	-842.560367	66.185887	-265.222978	17.848	-47.963	0.0606
4	36	landing	-842.567668	65.787609	-265.119821	17.848	-47.963	0.0581
5	0	tracking	-850.645964	68.867102	-257.032114	-139.104	-4.000	0.4479
5	1	tracking	-849.991601	68.807284	-257.601772	-164.104	-0.670	0.3431
5	2	tracking	-849.422535	68.751906	-258.196524	170.896	-8.670	0.3258
5	3	tracking	-848.951149	68.710040	-258.797665	153.407	-16.670	0.2211
5	4	tracking	-848.533079	68.685017	-259.402840	178.407	-24.670	0.1540
5	5	tracking	-848.135704	68.677907	-259.999512	-156.593	-32.670	0.1441
5	6	tracking	-847.761383	68.687936	-260.584443	-159.186	-40.670	0.1328
5	7	tracking	-847.390151	68.712344	-261.142272	-134.186	-46.375	0.1468
5	8	tracking	-847.034052	68.747852	-261.683844	-150.375	-42.740	0.1240
5	9	tracking	-846.691437	68.790551	-262.210929	-150.375	-34.740	0.1242
5	10	tracking	-846.360385	68.836374	-262.725899	-150.375	-26.740	0.1188
5	11	tracking	-846.038924	68.880283	-263.231329	-150.375	-18.740	0.1154
5	12	tracking	-845.711981	68.925618	-263.710438	-125.375	-26.740	0.1106
5	13	tracking	-845.375779	68.972813	-264.145543	-100.375	-34.740	0.1127
5	14	tracking	-845.036398	69.019217	-264.522830	-75.375	-42.740	0.1042
5	15	tracking	-844.705837	69.059505	-264.835665	-50.375	-50.740	0.1234
5	16	tracking	-844.351352	69.022903	-265.060322	-51.747	-42.740	0.0781
5	17	tracking	-844.064826	69.028378	-265.274825	-26.747	-34.740	0.0722
5	18	tracking	-843.795315	69.024526	-265.437737	-26.747	-26.740	0.0673
5	19	tracking	-843.542195	69.010021	-265.557125	-26.747	-25.689	0.0665
5	20	tracking	-843.315814	68.985007	-265.635599	-1.747	-17.689	0.0651
5	21	tracking	-843.124503	68.948734	-265.681330	23.253	-9.689	0.0850
5	22	tracking	-842.968487	68.901393	-265.703509	37.878	-7.940	0.0590
5	23	tracking	-842.842254	68.843590	-265.706844	37.878	-7.940	0.0559
5	24	tracking	-842.745844	68.774719	-265.701589	62.878	-15.940	0.0582
5	25	tracking	-842.674310	68.690942	-265.691056	67.848	-23.940	0.0667
5	26	tracking	-842.623105	68.586091	-265.676570	67.848	-31.940	0.0749
5	27	tracking	-842.588490	68.452405	-265.659181	67.848	-39.940	0.0616
5	28	tracking	-842.564775	68.282157	-265.636004	42.848	-47.168	0.0758
5	29	tracking	-842.547194	68.077221	-265.604331	17.848	-47.168	0.0485
5	30	tracking	-842.529882	67.840142	-265.562981	-7.152	-47.168	0.0442
5	31	tracking	-842.506378	67.573813	-265.513285	-32.152	-47.168	0.0473
5	32	tracking	-842.483775	67.269700	-265.455777	-7.152	-55.168	0.0458
5	33	tracking	-842.468078	66.929331	-265.390744	17.848	-55.963	0.0391
5	34	landing	-842.460396	66.567255	-265.313219	17.848	-47.963	0.0317
5	35	landing	-842.460367	66.185887	-265.222978	17.848	-47.963	0.0273
5	36	landing	-842.467668	65.787609	-265.119821	17.848	-47.963	0.0263
6	0	tracking	-850.645964	68.867102	-257.032114	-139.104	-4.000	0.2173
6	1	tracking	-849.991601	68.807284	-257.601772	-164.104	-0.670	0.1997
6	2	tracking	-849.422535	68.751906	-258.196524	170.896	-8.670	0.1535
6	3	tracking	-848.951149	68.710040	-258.797665	153.407	-16.670	0.1438
6	4	tracking	-848.533079	68.685017	-259.402840	178.407	-24.670	2.8032
6	5	tracking	-848.135704	68.677907	-259.999512	-156.593	-32.670	0.2911
6	6	tracking	-847.761383	68.687936	-260.584443	-159.186	-40.670	0.3184
6	7	tracking	-847.390151	68.712344	-261.142272	-134.186	-46.375	0.2805
6	8	tracking	-847.034052	68.747852	-261.683844	-150.375	-42.740	0.2796
6	9	tracking	-846.691437	68.790551	-262.210929	-150.375	-34.740	0.2664
6	10	tracking	-846.360385	68.836374	-262.725899	-150.375	-26.740	0.2685
6	11	tracking	-846.038924	68.880283	-263.231329	-150.375	-18.740	0.2218
6	12	tracking	-845.711981	68.925618	-263.710438	-125.375	-26.740	0.1811
6	13	tracking	-845.375779	68.972813	-264.145543	-100.375	-34.740	0.2144
6	14	tracking	-845.036398	69.019217	-264.522830	-75.375	-42.740	0.1813
6	15	tracking	-844.705837	69.059505	-264.835665	-50.375	-50.740	0.2744
6	16	tracking	-844.451352	69.122903	-265.060322	-51.747	-42.740	0.1299
6	17	tracking	-844.164826	69.128378	-265.274825	-26.747	-34.740	0.1150
6	18	tracking	-843.895315	69.124526	-265.437737	-26.747	-26.740	0.0862
6	19	tracking	-843.642195	69.110021	-265.557125	-26.747	-25.689	0.0869
6	20	tracking	-843.415814	69.085007	-265.635599	-1.747	-17.689	0.0892
6	21	tracking	-843.224503	69.048734	-265.681330	23.253	-9.689	0.0773
6	22	tracking	-843.068487	69.001393	-265.703509	37.878	-7.940	0.0749
6	23	tracking	-842.942254	68.943590	-265.706844	37.878	-7.940	0.0725
6	24	tracking	-842.845844	68.874719	-265.701589	62.878	-15.940	0.0850
6	25	tracking	-842.774310	68.790942	-265.691056	67.848	-23.940	0.0733
6	26	tracking	-842.723105	68.686091	-265.676570	67.848	-31.940	0.0655
6	27	tracking	-842.688490	68.552405	-265.659181	67.848	-39.940	0.0663
6	28	tracking	-842.664775	68.382157	-265.636004	42.848	-47.168	0.0628
6	29	tracking	-842.647194	68.177221	-265.604331	17.848	-47.168	0.0870
6	30	tracking	-842.629882	67.940142	-265.562981	-7.152	-47.168	0.0631
6	31	tracking	-842.606378	67.673813	-265.513285	-32.152	-47.168	0.0754
6	32	tracking	-842.583775	67.369700	-265.455777	-7.152	-55.168	0.0622
6	33	tracking	-842.568078	67.029331	-265.390744	17.848	-55.963	0.0497
6	34	landing	-842.560396	66.667255	-265.313219	17.848	-47.963	0.0493
6	35	landing	-842.560367	66.285887	-265.222978	17.848	-47.963	0.0368
6	36	landing	-842.567668	65.887609	-265.119821	17.848	-47.963	0.0357
7	0	tracking	-850.645964	68.867102	-257.032114	-139.104	-4.000	0.2132
7	1	tracking	-849.991601	68.807284	-257.601772	-164.104	-0.670	0.1671
7	2	tracking	-849.422535	68.751906	-258.196524	170.896	-8.670	0.1434
7	3	tracking	-848.951149	68.710040	-258.797665	153.407	-16.670	0.1396
7	4	tracking	-848.533079	68.685017	-259.402840	178.407	-24.670	0.2921
7	5	tracking	-848.135704	68.677907	-259.999512	-156.593	-32.670	0.2665
7	6	tracking	-847.761383	68.687936	-260.584443	-159.186	-40.670	0.2187
7	7	tracking	-847.390151	68.712344	-261.142272	-134.186	-46.375	0.2023
7	8	tracking	-847.034052	68.747852	-261.683844	-150.375	-42.740	0.3556
7	9	tracking	-846.691437	68.790551	-262.210929	-150.375	-34.740	0.2738
7	10	tracking	-846.360385	68.836374	-262.725899	-150.375	-26.740	0.2366
7	11	tracking	-846.038924	68.880283	-263.231329	-150.375	-18.740	0.1973
7	12	tracking	-845.711981	68.925618	-263.710438	-125.375	-26.740	0.1368
7	13	tracking	-845.375779	68.972813	-264.145543	-100.375	-34.740	0.0987
7	14	tracking	-845.036398	69.019217	-264.522830	-75.375	-42.740	0.1107
7	15	tracking	-844.705837	69.059505	-264.835665	-50.375	-50.740	0.0907
7	16	tracking	-844.351352	69.122903	-265.060322	-51.747	-42.740	0.0749
7	17	tracking	-844.064826	69.128378	-265.274825	-26.747	-34.740	0.0675
7	18	tracking	-843.795315	69.124526	-265.437737	-26.747	-26.740	0.0644
7	19	tracking	-843.542195	69.110021	-265.557125	-26.747	-25.689	0.0642
7	20	tracking	-843.315814	69.085007	-265.635599	-1.747	-17.689	0.0574
7	21	tracking	-843.124503	69.048734	-265.681330	23.253	-9.689	0.0545
7	22	tracking	-842.968487	69.001393	-265.703509	37.878	-7.940	0.0530
7	23	tracking	-842.842254	68.943590	-265.706844	37.878	-7.940	0.0506
7	24	tracking	-842.745844	68.874719	-265.701589	62.878	-15.940	0.0484
7	25	tracking	-842.674310	68.790942	-265.691056	67.848	-23.940	0.0552
7	26	tracking	-842.623105	68.686091	-265.676570	67.848	-31.940	0.0493
7	27	tracking	-842.588490	68.552405	-265.659181	67.848	-39.940	0.0452
7	28	tracking	-842.564775	68.382157	-265.636004	42.848	-47.168	0.0422
7	29	tracking	-842.547194	68.177221	-265.604331	17.848	-47.168	0.0633
7	30	tracking	-842.529882	67.940142	-265.562981	-7.152	-47.168	0.0407
7	31	tracking	-842.506378	67.673813	-265.513285	-32.152	-47.168	0.0498
7	32	tracking	-842.483775	67.369700	-265.455777	-7.152	-55.168	0.0413
7	33	tracking	-842.468078	67.029331	-265.390744	17.848	-55.963	0.0357
7	34	landing	-842.460396	66.667255	-265.313219	17.848	-47.963	0.0282
7	35	landing	-842.460367	66.285887	-265.222978	17.848	-47.963	0.0259
7	36	landing	-842.467668	65.887609	-265.119821	17.848	-47.963	0.0282
8	0	tracking	-850.645964	68.867102	-257.032114	-139.104	-4.000	0.2169
8	1	tracking	-849.991601	68.807284	-257.601772	-164.104	-0.670	0.1605
8	2	tracking	-849.422535	68.751906	-258.196524	170.896	-8.670	0.1506
8	3	tracking	-848.951149	68.710040	-258.797665	153.407	-16.670	0.1400
8	4	tracking	-848.533079	68.685017	-259.402840	178.407	-24.670	0.1309
8	5	tracking	-848.135704	68.677907	-259.999512	-156.593	-32.670	0.1255
8	6	tracking	-847.761383	68.687936	-260.584443	-159.186	-40.670	0.1444
8	7	tracking	-847.390151	68.712344	-261.142272	-134.186	-46.375	0.1223
8	8	tracking	-847.034052	68.747852	-261.683844	-150.375	-42.740	0.1155
8	9	tracking	-846.691437	68.790551	-262.210929	-150.375	-34.740	0.1118
8	10	tracking	-846.360385	68.836374	-262.725899	-150.375	-26.740	0.1194
8	11	tracking	-846.038924	68.880283	-263.231329	-150.375	-18.740	0.1102
8	12	tracking	-845.711981	68.925618	-263.710438	-125.375	-26.740	0.1078
8	13	tracking	-845.375779	68.972813	-264.145543	-100.375	-34.740	0.1014
8	14	tracking	-845.036398	69.019217	-264.522830	-75.375	-42.740	0.0957
8	15	tracking	-844.705837	69.059505	-264.835665	-50.375	-50.740	0.0963
8	16	tracking	-844.414056	69.025302	-265.159017	-51.747	-42.740	0.0874
8	17	tracking	-844.093389	69.034941	-265.370547	-26.747	-34.740	0.0800
8	18	tracking	-843.792611	69.036324	-265.529132	-26.747	-26.740	0.0772
8	19	tracking	-843.510859	69.027899	-265.643129	-26.747	-25.689	0.0781
8	20	tracking	-843.258917	69.009219	-265.715170	-1.747	-17.689	0.0780
8	21	tracking	-843.045438	68.979024	-265.753755	23.253	-9.689	0.0749
8	22	tracking	-842.870514	68.937406	-265.768484	37.878	-7.940	0.0818
8	23	tracking	-842.728164	68.884973	-265.764242	37.878	-7.940	0.0712
8	24	tracking	-842.618281	68.821434	-265.751780	62.878	-15.940	0.0856
8	25	tracking	-842.535474	68.743160	-265.734530	67.848	-23.940	0.0675
8	26	tracking	-842.474810	68.644128	-265.713820	67.848	-31.940	0.0633
8	27	tracking	-842.432251	68.516687	-265.690689	67.848	-39.940	0.0626
8	28	tracking	-842.401764	68.353168	-265.662065	42.848	-47.168	0.0620
8	29	tracking	-842.378258	68.155318	-265.625202	17.848	-47.168	0.0565
8	30	tracking	-842.355635	67.925553	-265.578976	-7.152	-47.168	0.1547
8	31	tracking	-842.327302	67.666670	-265.524780	-32.152	-47.168	0.1131
8	32	tracking	-842.300370	67.370253	-265.463050	-7.152	-55.168	0.1038
8	33	tracking	-842.280867	67.037766	-265.394093	17.848	-55.963	0.0994
8	34	landing	-842.269805	66.683514	-265.313042	17.848	-47.963	0.0953
8	35	landing	-842.266754	66.309831	-265.219688	17.848	-47.963	0.0598
8	36	landing	-842.271338	65.919043	-265.113831	17.848	-47.963	0.0489
9	0	tracking	-850.645964	68.867102	-257.032114	-139.104	-4.000	0.2324
9	1	tracking	-849.991601	68.807284	-257.601772	-164.104	-0.670	0.1914
9	2	tracking	-849.422535	68.751906	-258.196524	170.896	-8.670	0.1643
9	3	tracking	-848.951149	68.710040	-258.797665	153.407	-16.670	0.2051
9	4	tracking	-848.533079	68.685017	-259.402840	178.407	-24.670	0.1594
9	5	tracking	-848.135704	68.677907	-259.999512	-156.593	-32.670	0.1398
9	6	tracking	-847.761383	68.687936	-260.584443	-159.186	-40.670	0.1446
9	7	tracking	-847.390151	68.712344	-261.142272	-134.186	-46.375	0.1331
9	8	tracking	-847.034052	68.747852	-261.683844	-150.375	-42.740	0.1266
9	9	tracking	-846.691437	68.790551	-262.210929	-150.375	-34.740	0.1779
9	10	tracking	-846.360385	68.836374	-262.725899	-150.375	-26.740	0.1875
9	11	tracking	-846.038924	68.880283	-263.231329	-150.375	-18.740	0.1396
9	12	tracking	-845.711981	68.925618	-263.710438	-125.375	-26.740	0.1144
9	13	tracking	-845.375779	68.972813	-264.145543	-100.375	-34.740	0.1128
9	14	tracking	-845.036398	69.019217	-264.522830	-75.375	-42.740	0.1031
9	15	tracking	-844.705837	69.059505	-264.835665	-50.375	-50.740	0.1014
9	16	tracking	-844.314056	69.025302	-265.159017	-51.747	-42.740	0.1555
9	17	tracking	-843.993389	69.034941	-265.370547	-26.747	-34.740	0.1483
9	18	tracking	-843.692611	69.036324	-265.529132	-26.747	-26.740	0.1451
9	19	tracking	-843.410859	69.027899	-265.643129	-26.747	-25.689	0.1116
9	20	tracking	-843.158917	69.009219	-265.715170	-1.747	-17.689	0.3428
9	21	tracking	-842.945438	68.979024	-265.753755	23.253	-9.689	0.0903
9	22	tracking	-842.770514	68.937406	-265.768484	37.878	-7.940	0.0769
9	23	tracking	-842.628164	68.884973	-265.764242	37.878	-7.940	0.0718
9	24	tracking	-842.518281	68.821434	-265.751780	62.878	-15.940	0.0675
9	25	tracking	-842.435474	68.743160	-265.734530	67.848	-23.940	0.0658
9	26	tracking	-842.374810	68.644128	-265.713820	67.848	-31.940	0.0629
9	27	tracking	-842.332251	68.516687	-265.690689	67.848	-39.940	0.0621
9	28	tracking	-842.301764	68.353168	-265.662065	42.848	-47.168	0.0603
9	29	tracking	-842.278258	68.155318	-265.625202	17.848	-47.168	0.0924
9	30	tracking	-842.255635	67.925553	-265.578976	-7.152	-47.168	0.0536
9	31	tracking	-842.227302	67.666670	-265.524780	-32.152	-47.168	0.0413
9	32	tracking	-842.200370	67.370253	-265.463050	-7.152	-55.168	0.0402
9	33	tracking	-842.180867	67.037766	-265.394093	17.848	-55.963	0.0370
9	34	landing	-842.169805	66.683514	-265.313042	17.848	-47.963	0.0318
9	35	landing	-842.166754	66.309831	-265.219688	17.848	-47.963	0.0289
9	36	landing	-842.171338	65.919043	-265.113831	17.848	-47.963	0.0276
10	0	tracking	-850.645964	68.867102	-257.032114	-139.104	-4.000	0.4254
10	1	tracking	-849.991601	68.807284	-257.601772	-164.104	-0.670	0.1405
10	2	tracking	-849.422535	68.751906	-258.196524	170.896	-8.670	0.1364
10	3	tracking	-848.951149	68.710040	-258.797665	153.407	-16.670	0.1215
10	4	tracking	-848.533079	68.685017	-259.402840	178.407	-24.670	0.1300
10	5	tracking	-848.135704	68.677907	-259.999512	-156.593	-32.670	0.1245
10	6	tracking	-847.761383	68.687936	-260.584443	-159.186	-40.670	0.1026
10	7	tracking	-847.390151	68.712344	-261.142272	-134.186	-46.375	0.1046
10	8	tracking	-847.034052	68.747852	-261.683844	-150.375	-42.740	0.0998
10	9	tracking	-846.691437	68.790551	-262.210929	-150.375	-34.740	0.1111
10	10	tracking	-846.360385	68.836374	-262.725899	-150.375	-26.740	0.0970
10	11	tracking	-846.038924	68.880283	-263.231329	-150.375	-18.740	0.0891
10	12	tracking	-845.711981	68.925618	-263.710438	-125.375	-26.740	0.1139
10	13	tracking	-845.375779	68.972813	-264.145543	-100.375	-34.740	0.0941
10	14	tracking	-845.036398	69.019217	-264.522830	-75.375	-42.740	0.0866
10	15	tracking	-844.705837	69.059505	-264.835665	-50.375	-50.740	0.0768
10	16	tracking	-844.414056	69.125302	-265.159017	-51.747	-42.740	0.0770
10	17	tracking	-844.093389	69.134941	-265.370547	-26.747	-34.740	0.0718
10	18	tracking	-843.792611	69.136324	-265.529132	-26.747	-26.740	0.0736
10	19	tracking	-843.510859	69.127899	-265.643129	-26.747	-25.689	0.1018
10	20	tracking	-843.258917	69.109219	-265.715170	-1.747	-17.689	0.0667
10	21	tracking	-843.045438	69.079024	-265.753755	23.253	-9.689	0.0632
10	22	tracking	-842.870514	69.037406	-265.768484	37.878	-7.940	0.0613
10	23	tracking	-842.728164	68.984973	-265.764242	37.878	-7.940	0.0572
10	24	tracking	-842.618281	68.921434	-265.751780	62.878	-15.940	0.0556
10	25	tracking	-842.535474	68.843160	-265.734530	67.848	-23.940	0.0540
10	26	tracking	-842.474810	68.744128	-265.713820	67.848	-31.940	0.0525
10	27	tracking	-842.432251	68.616687	-265.690689	67.848	-39.940	0.0522
10	28	tracking	-842.401764	68.453168	-265.662065	42.848	-47.168	0.0554
10	29	tracking	-842.378258	68.255318	-265.625202	17.848	-47.168	0.0549
10	30	tracking	-842.355635	68.025553	-265.578976	-7.152	-47.168	0.1376
10	31	tracking	-842.327302	67.766670	-265.524780	-32.152	-47.168	0.0497
10	32	tracking	-842.300370	67.470253	-265.463050	-7.152	-55.168	0.0444
10	33	tracking	-842.280867	67.137766	-265.394093	17.848	-55.963	0.0401
10	34	landing	-842.269805	66.783514	-265.313042	17.848	-47.963	0.0356
10	35	landing	-842.266754	66.409831	-265.219688	17.848	-47.963	0.0312
10	36	landing	-842.271338	66.019043	-265.113831	17.848	-47.963	0.0334
10	37	landing	-842.283213	65.613410	-264.995317	17.848	-47.963	0.0276
11	0	tracking	-850.645964	68.867102	-257.032114	-139.104	-4.000	0.3843
11	1	tracking	-849.991601	68.807284	-257.601772	-164.104	-0.670	0.3398
11	2	tracking	-849.422535	68.751906	-258.196524	170.896	-8.670	0.2534
11	3	tracking	-848.951149	68.710040	-258.797665	153.407	-16.670	0.2993
11	4	tracking	-848.533079	68.685017	-259.402840	178.407	-24.670	0.2327
11	5	tracking	-848.135704	68.677907	-259.999512	-156.593	-32.670	0.2284
11	6	tracking	-847.761383	68.687936	-260.584443	-159.186	-40.670	0.2360
11	7	tracking	-847.390151	68.712344	-261.142272	-134.186	-46.375	0.2038
11	8	tracking	-847.034052	68.747852	-261.683844	-150.375	-42.740	0.2324
11	9	tracking	-846.691437	68.790551	-262.210929	-150.375	-34.740	0.1155
11	10	tracking	-846.360385	68.836374	-262.725899	-150.375	-26.740	0.0951
11	11	tracking	-846.038924	68.880283	-263.231329	-150.375	-18.740	0.0833
11	12	tracking	-845.711981	68.925618	-263.710438	-125.375	-26.740	0.0809
11	13	tracking	-845.375779	68.972813	-264.145543	-100.375	-34.740	0.0723
11	14	tracking	-845.036398	69.019217	-264.522830	-75.375	-42.740	0.0700
11	15	tracking	-844.705837	69.059505	-264.835665	-50.375	-50.740	0.0676
11	16	tracking	-844.314056	69.125302	-265.159017	-51.747	-42.740	0.0706
11	17	tracking	-843.993389	69.134941	-265.370547	-26.747	-34.740	0.0648
11	18	tracking	-843.692611	69.136324	-265.529132	-26.747	-26.740	0.0645
11	19	tracking	-843.410859	69.127899	-265.643129	-26.747	-25.689	0.0597
11	20	tracking	-843.158917	69.109219	-265.715170	-1.747	-17.689	0.0635
11	21	tracking	-842.945438	69.079024	-265.753755	23.253	-9.689	0.0571
11	22	tracking	-842.770514	69.037406	-265.768484	37.878	-7.940	0.0610
11	23	tracking	-842.628164	68.984973	-265.764242	37.878	-7.940	0.0537
11	24	tracking	-842.518281	68.921434	-265.751780	62.878	-15.940	0.0494
11	25	tracking	-842.435474	68.843160	-265.734530	67.848	-23.940	0.0511
11	26	tracking	-842.374810	68.744128	-265.713820	67.848	-31.940	0.0475
11	27	tracking	-842.332251	68.616687	-265.690689	67.848	-39.940	0.0444
11	28	tracking	-842.301764	68.453168	-265.662065	42.848	-47.168	0.0452
11	29	tracking	-842.278258	68.255318	-265.625202	17.848	-47.168	0.0402
11	30	tracking	-842.255635	68.025553	-265.578976	-7.152	-47.168	0.0556
11	31	tracking	-842.227302	67.766670	-265.524780	-32.152	-47.168	0.0393
11	32	tracking	-842.200370	67.470253	-265.463050	-7.152	-55.168	0.2935
11	33	tracking	-842.180867	67.137766	-265.394093	17.848	-55.963	0.0739
11	34	landing	-842.169805	66.783514	-265.313042	17.848	-47.963	0.0541
11	35	landing	-842.166754	66.409831	-265.219688	17.848	-47.963	0.1103
11	36	landing	-842.171338	66.019043	-265.113831	17.848	-47.963	0.0595
11	37	landing	-842.183213	65.613410	-264.995317	17.848	-47.963	0.0494
12	0	tracking	-850.645964	68.867102	-257.032114	-139.104	-4.000	0.3705
12	1	tracking	-849.991601	68.807284	-257.601772	-164.104	-0.670	0.2615
12	2	tracking	-849.422535	68.751906	-258.196524	170.896	-8.670	0.2337
12	3	tracking	-848.951149	68.710040	-258.797665	153.407	-16.670	0.2248
12	4	tracking	-848.533079	68.685017	-259.402840	178.407	-24.670	0.2640
12	5	tracking	-848.135704	68.677907	-259.999512	-156.593	-32.670	0.2145
12	6	tracking	-847.761383	68.687936	-260.584443	-159.186	-40.670	0.2233
12	7	tracking	-847.390151	68.712344	-261.142272	-134.186	-46.375	0.2720
12	8	tracking	-847.034052	68.747852	-261.683844	-150.375	-42.740	0.2187
12	9	tracking	-846.691437	68.790551	-262.210929	-150.375	-34.740	0.1890
12	10	tracking	-846.360385	68.836374	-262.725899	-150.375	-26.740	0.1741
12	11	tracking	-846.038924	68.880283	-263.231329	-150.375	-18.740	0.1666
12	12	tracking	-845.711981	68.925618	-263.710438	-125.375	-26.740	0.1761
12	13	tracking	-845.375779	68.972813	-264.145543	-100.375	-34.740	0.1798
12	14	tracking	-845.036398	69.019217	-264.522830	-75.375	-42.740	0.1523
12	15	tracking	-844.705837	69.059505	-264.835665	-50.375	-50.740	0.0919
12	16	tracking	-844.414056	69.025302	-265.059017	-51.747	-42.740	0.0811
12	17	tracking	-844.093389	69.034941	-265.270547	-26.747	-34.740	0.0664
12	18	tracking	-843.792611	69.036324	-265.429132	-26.747	-26.740	0.0651
12	19	tracking	-843.510859	69.027899	-265.543129	-26.747	-25.689	0.0782
12	20	tracking	-843.258917	69.009219	-265.615170	-1.747	-17.689	0.0586
12	21	tracking	-843.045438	68.979024	-265.653755	23.253	-9.689	0.0615
12	22	tracking	-842.870514	68.937406	-265.668484	37.878	-7.940	0.0508
12	23	tracking	-842.728164	68.884973	-265.664242	37.878	-7.940	0.0587
12	24	tracking	-842.618281	68.821434	-265.651780	62.878	-15.940	0.0487
12	25	tracking	-842.535474	68.743160	-265.634530	67.848	-23.940	0.0689
12	26	tracking	-842.474810	68.644128	-265.613820	67.848	-31.940	0.1371
12	27	tracking	-842.432251	68.516687	-265.590689	67.848	-39.940	0.1348
12	28	tracking	-842.401764	68.353168	-265.562065	42.848	-47.168	0.1368
12	29	tracking	-842.378258	68.155318	-265.525202	17.848	-47.168	0.1968
12	30	tracking	-842.355635	67.925553	-265.478976	-7.152	-47.168	0.1238
12	31	tracking	-842.327302	67.666670	-265.424780	-32.152	-47.168	0.0948
12	32	tracking	-842.300370	67.370253	-265.363050	-7.152	-55.168	0.0931
12	33	tracking	-842.280867	67.037766	-265.294093	17.848	-55.963	0.1004
12	34	landing	-842.269805	66.683514	-265.213042	17.848	-47.963	0.0627
12	35	landing	-842.266754	66.309831	-265.119688	17.848	-47.963	0.0624
12	36	landing	-842.271338	65.919043	-265.013831	17.848	-47.963	0.0494
13	0	tracking	-850.645964	68.867102	-257.032114	-139.104	-4.000	0.2398
13	1	tracking	-849.991601	68.807284	-257.601772	-164.104	-0.670	0.1863
13	2	tracking	-849.422535	68.751906	-258.196524	170.896	-8.670	0.1263
13	3	tracking	-848.951149	68.710040	-258.797665	153.407	-16.670	0.1293
13	4	tracking	-848.533079	68.685017	-259.402840	178.407	-24.670	0.1119
13	5	tracking	-848.135704	68.677907	-259.999512	-156.593	-32.670	0.1007
13	6	tracking	-847.761383	68.687936	-260.584443	-159.186	-40.670	0.1097
13	7	tracking	-847.390151	68.712344	-261.142272	-134.186	-46.375	0.1011
13	8	tracking	-847.034052	68.747852	-261.683844	-150.375	-42.740	0.1006
13	9	tracking	-846.691437	68.790551	-262.210929	-150.375	-34.740	0.0991
13	10	tracking	-846.360385	68.836374	-262.725899	-150.375	-26.740	0.1183
13	11	tracking	-846.038924	68.880283	-263.231329	-150.375	-18.740	0.0933
13	12	tracking	-845.711981	68.925618	-263.710438	-125.375	-26.740	0.0912
13	13	tracking	-845.375779	68.972813	-264.145543	-100.375	-34.740	0.0780
13	14	tracking	-845.036398	69.019217	-264.522830	-75.375	-42.740	0.0744
13	15	tracking	-844.705837	69.059505	-264.835665	-50.375	-50.740	0.0763
13	16	tracking	-844.314056	69.025302	-265.059017	-51.747	-42.740	0.0722
13	17	tracking	-843.993389	69.034941	-265.270547	-26.747	-34.740	0.0661
13	18	tracking	-843.692611	69.036324	-265.429132	-26.747	-26.740	0.0597
13	19	tracking	-843.410859	69.027899	-265.543129	-26.747	-25.689	0.0611
13	20	tracking	-843.158917	69.009219	-265.615170	-1.747	-17.689	0.0530
13	21	tracking	-842.945438	68.979024	-265.653755	23.253	-9.689	0.0536
13	22	tracking	-842.770514	68.937406	-265.668484	37.878	-7.940	0.0638
13	23	tracking	-842.628164	68.884973	-265.664242	37.878	-7.940	0.0507
13	24	tracking	-842.518281	68.821434	-265.651780	62.878	-15.940	0.0499
13	25	tracking	-842.435474	68.743160	-265.634530	67.848	-23.940	0.0466
13	26	tracking	-842.374810	68.644128	-265.613820	67.848	-31.940	0.0495
13	27	tracking	-842.332251	68.516687	-265.590689	67.848	-39.940	0.0428
13	28	tracking	-842.301764	68.353168	-265.562065	42.848	-47.168	0.0437
13	29	tracking	-842.278258	68.155318	-265.525202	17.848	-47.168	0.0388
13	30	tracking	-842.255635	67.925553	-265.478976	-7.152	-47.168	0.0398
13	31	tracking	-842.227302	67.666670	-265.424780	-32.152	-47.168	0.0356
13	32	tracking	-842.200370	67.370253	-265.363050	-7.152	-55.168	0.0594
13	33	tracking	-842.180867	67.037766	-265.294093	17.848	-55.963	0.0373
13	34	landing	-842.169805	66.683514	-265.213042	17.848	-47.963	0.0313
13	35	landing	-842.166754	66.309831	-265.119688	17.848	-47.963	0.0269
13	36	landing	-842.171338	65.919043	-265.013831	17.848	-47.963	0.0302
14	0	tracking	-850.645964	68.867102	-257.032114	-139.104	-4.000	0.3518
14	1	tracking	-849.991601	68.807284	-257.601772	-164.104	-0.670	0.3514
14	2	tracking	-849.422535	68.751906	-258.196524	170.896	-8.670	0.2665
14	3	tracking	-848.951149	68.710040	-258.797665	153.407	-16.670	0.2467
14	4	tracking	-848.533079	68.685017	-259.402840	178.407	-24.670	0.2434
14	5	tracking	-848.135704	68.677907	-259.999512	-156.593	-32.670	0.2129
14	6	tracking	-847.761383	68.687936	-260.584443	-159.186	-40.670	0.1994
14	7	tracking	-847.390151	68.712344	-261.142272	-134.186	-46.375	0.1870
14	8	tracking	-847.034052	68.747852	-261.683844	-150.375	-42.740	0.2519
14	9	tracking	-846.691437	68.790551	-262.210929	-150.375	-34.740	0.1982
14	10	tracking	-846.360385	68.836374	-262.725899	-150.375	-26.740	0.1770
14	11	tracking	-846.038924	68.880283	-263.231329	-150.375	-18.740	0.1616
14	12	tracking	-845.711981	68.925618	-263.710438	-125.375	-26.740	0.1595
14	13	tracking	-845.375779	68.972813	-264.145543	-100.375	-34.740	0.2276
14	14	tracking	-845.036398	69.019217	-264.522830	-75.375	-42.740	0.1902
14	15	tracking	-844.705837	69.059505	-264.835665	-50.375	-50.740	0.0809
14	16	tracking	-844.414056	69.125302	-265.059017	-51.747	-42.740	0.0824
14	17	tracking	-844.093389	69.134941	-265.270547	-26.747	-34.740	0.0699
14	18	tracking	-843.792611	69.136324	-265.429132	-26.747	-26.740	0.0645
14	19	tracking	-843.510859	69.127899	-265.543129	-26.747	-25.689	0.0582
14	20	tracking	-843.258917	69.109219	-265.615170	-1.747	-17.689	0.0601
14	21	tracking	-843.045438	69.079024	-265.653755	23.253	-9.689	0.0562
14	22	tracking	-842.870514	69.037406	-265.668484	37.878	-7.940	0.0528
14	23	tracking	-842.728164	68.984973	-265.664242	37.878	-7.940	0.0454
14	24	tracking	-842.618281	68.921434	-265.651780	62.878	-15.940	0.0462
14	25	tracking	-842.535474	68.843160	-265.634530	67.848	-23.940	0.0455
14	26	tracking	-842.474810	68.744128	-265.613820	67.848	-31.940	0.0429
14	27	tracking	-842.432251	68.616687	-265.590689	67.848	-39.940	0.0429
14	28	tracking	-842.401764	68.453168	-265.562065	42.848	-47.168	0.0371
14	29	tracking	-842.378258	68.255318	-265.525202	17.848	-47.168	0.0403
14	30	tracking	-842.355635	68.025553	-265.478976	-7.152	-47.168	0.1369
14	31	tracking	-842.327302	67.766670	-265.424780	-32.152	-47.168	0.0741
14	32	tracking	-842.300370	67.470253	-265.363050	-7.152	-55.168	0.0600
14	33	tracking	-842.280867	67.137766	-265.294093	17.848	-55.963	0.0571
14	34	landing	-842.269805	66.783514	-265.213042	17.848	-47.963	0.0528
14	35	landing	-842.266754	66.409831	-265.119688	17.848	-47.963	0.0433
14	36	landing	-842.271338	66.019043	-265.013831	17.848	-47.963	0.1002
14	37	landing	-842.283213	65.613410	-264.895317	17.848	-47.963	0.0390
15	0	tracking	-850.645964	68.867102	-257.032114	-139.104	-4.000	0.3458
15	1	tracking	-849.991601	68.807284	-257.601772	-164.104	-0.670	0.2930
15	2	tracking	-849.422535	68.751906	-258.196524	170.896	-8.670	0.2197
15	3	tracking	-848.951149	68.710040	-258.797665	153.407	-16.670	0.2206
15	4	tracking	-848.533079	68.685017	-259.402840	178.407	-24.670	0.2444
15	5	tracking	-848.135704	68.677907	-259.999512	-156.593	-32.670	0.1984
15	6	tracking	-847.761383	68.687936	-260.584443	-159.186	-40.670	0.1960
15	7	tracking	-847.390151	68.712344	-261.142272	-134.186	-46.375	0.1871
15	8	tracking	-847.034052	68.747852	-261.683844	-150.375	-42.740	0.1893
15	9	tracking	-846.691437	68.790551	-262.210929	-150.375	-34.740	0.1797
15	10	tracking	-846.360385	68.836374	-262.725899	-150.375	-26.740	0.1546
15	11	tracking	-846.038924	68.880283	-263.231329	-150.375	-18.740	0.1472
15	12	tracking	-845.711981	68.925618	-263.710438	-125.375	-26.740	0.1416
15	13	tracking	-845.375779	68.972813	-264.145543	-100.375	-34.740	0.1432
15	14	tracking	-845.036398	69.019217	-264.522830	-75.375	-42.740	0.1512
15	15	tracking	-844.705837	69.059505	-264.835665	-50.375	-50.740	0.1313
15	16	tracking	-844.314056	69.125302	-265.059017	-51.747	-42.740	0.1294
15	17	tracking	-843.993389	69.134941	-265.270547	-26.747	-34.740	0.1271
15	18	tracking	-843.692611	69.136324	-265.429132	-26.747	-26.740	0.1198
15	19	tracking	-843.410859	69.127899	-265.543129	-26.747	-25.689	0.1134
15	20	tracking	-843.158917	69.109219	-265.615170	-1.747	-17.689	0.1135
15	21	tracking	-842.945438	69.079024	-265.653755	23.253	-9.689	0.2195
15	22	tracking	-842.770514	69.037406	-265.668484	37.878	-7.940	0.1094
15	23	tracking	-842.628164	68.984973	-265.664242	37.878	-7.940	0.0862
15	24	tracking	-842.518281	68.921434	-265.651780	62.878	-15.940	0.0901
15	25	tracking	-842.435474	68.843160	-265.634530	67.848	-23.940	0.0773
15	26	tracking	-842.374810	68.744128	-265.613820	67.848	-31.940	0.1592
15	27	tracking	-842.332251	68.616687	-265.590689	67.848	-39.940	0.1780
15	28	tracking	-842.301764	68.453168	-265.562065	42.848	-47.168	0.1411
15	29	tracking	-842.278258	68.255318	-265.525202	17.848	-47.168	0.0561
15	30	tracking	-842.255635	68.025553	-265.478976	-7.152	-47.168	0.0316
15	31	tracking	-842.227302	67.766670	-265.424780	-32.152	-47.168	0.0293
15	32	tracking	-842.200370	67.470253	-265.363050	-7.152	-55.168	0.0499
15	33	tracking	-842.180867	67.137766	-265.294093	17.848	-55.963	0.0276
15	34	landing	-842.169805	66.783514	-265.213042	17.848	-47.963	0.0521
15	35	landing	-842.166754	66.409831	-265.119688	17.848	-47.963	0.0361
15	36	landing	-842.171338	66.019043	-265.013831	17.848	-47.963	0.0214
15	37	landing	-842.183213	65.613410	-264.895317	17.848	-47.963	0.0192
16	0	tracking	-850.645964	68.867102	-257.032114	-139.104	-4.000	0.2443
16	1	tracking	-849.991601	68.807284	-257.601772	-164.104	-0.670	0.1368
16	2	tracking	-849.422535	68.751906	-258.196524	170.896	-8.670	0.1056
16	3	tracking	-848.951149	68.710040	-258.797665	153.407	-16.670	0.1002
16	4	tracking	-848.533079	68.685017	-259.402840	178.407	-24.670	0.0910
16	5	tracking	-848.135704	68.677907	-259.999512	-156.593	-32.670	0.0898
16	6	tracking	-847.761383	68.687936	-260.584443	-159.186	-40.670	0.1233
16	7	tracking	-847.390151	68.712344	-261.142272	-134.186	-46.375	0.1016
16	8	tracking	-847.034052	68.747852	-261.683844	-150.375	-42.740	0.0931
16	9	tracking	-846.691437	68.790551	-262.210929	-150.375	-34.740	0.0841
16	10	tracking	-846.360385	68.836374	-262.725899	-150.375	-26.740	0.0958
16	11	tracking	-846.038924	68.880283	-263.231329	-150.375	-18.740	0.0783
16	12	tracking	-845.711981	68.925618	-263.710438	-125.375	-26.740	0.1409
16	13	tracking	-845.375779	68.972813	-264.145543	-100.375	-34.740	0.0729
16	14	tracking	-845.036398	69.019217	-264.522830	-75.375	-42.740	0.0638
16	15	tracking	-844.705837	69.059505	-264.835665	-50.375	-50.740	0.0611
16	16	tracking	-844.452384	69.060658	-265.161136	-51.747	-42.740	0.0592
16	17	tracking	-844.167492	69.101390	-265.377781	-26.747	-34.740	0.0738
16	18	tracking	-843.900290	69.130004	-265.544295	-26.747	-26.740	0.0558
16	19	tracking	-843.650288	69.144729	-265.668997	-26.747	-25.689	0.0538
16	20	tracking	-843.426759	69.145740	-265.754610	-1.747	-17.689	0.0478
16	21	tracking	-843.237090	69.132490	-265.808793	23.253	-9.689	0.0483
16	22	tracking	-843.081334	69.105506	-265.840050	37.878	-7.940	0.0471
16	23	tracking	-842.954314	69.065720	-265.852783	37.878	-7.940	0.0418
16	24	tracking	-842.855992	69.012920	-265.856521	62.878	-15.940	0.0525
16	25	tracking	-842.781790	68.943670	-265.854395	67.848	-23.940	0.0383
16	26	tracking	-842.727488	68.852159	-265.847691	67.848	-31.940	0.0476
16	27	tracking	-842.689571	68.730899	-265.837458	67.848	-39.940	0.0410
16	28	tracking	-842.662593	68.572314	-265.821002	42.848	-47.168	0.0390
16	29	tracking	-842.641923	68.378135	-265.795883	17.848	-47.168	0.0309
16	30	tracking	-842.621948	68.150773	-265.761080	-7.152	-47.168	0.0359
16	31	tracking	-842.596465	67.893092	-265.717845	-32.152	-47.168	0.0497
16	32	tracking	-842.572173	67.596686	-265.666675	-7.152	-55.168	0.0275
16	33	tracking	-842.554794	67.263097	-265.607836	17.848	-55.963	0.0300
16	34	landing	-842.545409	66.906852	-265.536469	17.848	-47.963	0.0242
16	35	landing	-842.543658	66.530390	-265.452345	17.848	-47.963	0.0206
16	36	landing	-842.549229	66.136136	-265.355247	17.848	-47.963	0.0237
16	37	landing	-842.561832	65.726449	-265.245005	17.848	-47.963	0.0190
17	0	tracking	-850.645964	68.867102	-257.032114	-139.104	-4.000	0.1611
17	1	tracking	-849.991601	68.807284	-257.601772	-164.104	-0.670	0.1139
17	2	tracking	-849.422535	68.751906	-258.196524	170.896	-8.670	0.1021
17	3	tracking	-848.951149	68.710040	-258.797665	153.407	-16.670	0.0955
17	4	tracking	-848.533079	68.685017	-259.402840	178.407	-24.670	0.0894
17	5	tracking	-848.135704	68.677907	-259.999512	-156.593	-32.670	0.0874
17	6	tracking	-847.761383	68.687936	-260.584443	-159.186	-40.670	0.0845
17	7	tracking	-847.390151	68.712344	-261.142272	-134.186	-46.375	0.0811
17	8	tracking	-847.034052	68.747852	-261.683844	-150.375	-42.740	0.0758
17	9	tracking	-846.691437	68.790551	-262.210929	-150.375	-34.740	0.7803
17	10	tracking	-846.360385	68.836374	-262.725899	-150.375	-26.740	0.1598
17	11	tracking	-846.038924	68.880283	-263.231329	-150.375	-18.740	0.1287
17	12	tracking	-845.711981	68.925618	-263.710438	-125.375	-26.740	0.0937
17	13	tracking	-845.375779	68.972813	-264.145543	-100.375	-34.740	0.1302
17	14	tracking	-845.036398	69.019217	-264.522830	-75.375	-42.740	0.1358
17	15	tracking	-844.705837	69.059505	-264.835665	-50.375	-50.740	0.0936
17	16	tracking	-844.352384	69.060658	-265.161136	-51.747	-42.740	0.0610
17	17	tracking	-844.067492	69.101390	-265.377781	-26.747	-34.740	0.0440
17	18	tracking	-843.800290	69.130004	-265.544295	-26.747	-26.740	0.0406
17	19	tracking	-843.550288	69.144729	-265.668997	-26.747	-25.689	0.1601
17	20	tracking	-843.326759	69.145740	-265.754610	-1.747	-17.689	0.0534
17	21	tracking	-843.137090	69.132490	-265.808793	23.253	-9.689	0.0451
17	22	tracking	-842.981334	69.105506	-265.840050	37.878	-7.940	0.0605
17	23	tracking	-842.854314	69.065720	-265.852783	37.878	-7.940	0.0403
17	24	tracking	-842.755992	69.012920	-265.856521	62.878	-15.940	0.0290
17	25	tracking	-842.681790	68.943670	-265.854395	67.848	-23.940	0.0281
17	26	tracking	-842.627488	68.852159	-265.847691	67.848	-31.940	0.0259
17	27	tracking	-842.589571	68.730899	-265.837458	67.848	-39.940	0.0240
17	28	tracking	-842.562593	68.572314	-265.821002	42.848	-47.168	0.0231
17	29	tracking	-842.541923	68.378135	-265.795883	17.848	-47.168	0.0215
17	30	tracking	-842.521948	68.150773	-265.761080	-7.152	-47.168	0.0197
17	31	tracking	-842.496465	67.893092	-265.717845	-32.152	-47.168	0.0189
17	32	tracking	-842.472173	67.596686	-265.666675	-7.152	-55.168	0.0189
17	33	tracking	-842.454794	67.263097	-265.607836	17.848	-55.963	0.0169
17	34	landing	-842.445409	66.906852	-265.536469	17.848	-47.963	0.0250
17	35	landing	-842.443658	66.530390	-265.452345	17.848	-47.963	0.0174
17	36	landing	-842.449229	66.136136	-265.355247	17.848	-47.963	0.0135
17	37	landing	-842.461832	65.726449	-265.245005	17.848	-47.963	0.0118
18	0	tracking	-850.645964	68.867102	-257.032114	-139.104	-4.000	0.2633
18	1	tracking	-849.991601	68.807284	-257.601772	-164.104	-0.670	0.1176
18	2	tracking	-849.422535	68.751906	-258.196524	170.896	-8.670	0.1001
18	3	tracking	-848.951149	68.710040	-258.797665	153.407	-16.670	0.0850
18	4	tracking	-848.533079	68.685017	-259.402840	178.407	-24.670	0.0819
18	5	tracking	-848.135704	68.677907	-259.999512	-156.593	-32.670	0.0743
18	6	tracking	-847.761383	68.687936	-260.584443	-159.186	-40.670	0.0817
18	7	tracking	-847.390151	68.712344	-261.142272	-134.186	-46.375	0.1059
18	8	tracking	-847.034052	68.747852	-261.683844	-150.375	-42.740	0.0711
18	9	tracking	-846.691437	68.790551	-262.210929	-150.375	-34.740	0.0695
18	10	tracking	-846.360385	68.836374	-262.725899	-150.375	-26.740	0.0998
18	11	tracking	-846.038924	68.880283	-263.231329	-150.375	-18.740	0.0909
18	12	tracking	-845.711981	68.925618	-263.710438	-125.375	-26.740	0.0659
18	13	tracking	-845.375779	68.972813	-264.145543	-100.375	-34.740	0.0645
18	14	tracking	-845.036398	69.019217	-264.522830	-75.375	-42.740	0.0556
18	15	tracking	-844.705837	69.059505	-264.835665	-50.375	-50.740	0.0538
18	16	tracking	-844.452384	69.160658	-265.161136	-51.747	-42.740	0.0649
18	17	tracking	-844.167492	69.201390	-265.377781	-26.747	-34.740	0.0590
18	18	tracking	-843.900290	69.230004	-265.544295	-26.747	-26.740	0.0495
18	19	tracking	-843.650288	69.244729	-265.668997	-26.747	-25.689	0.0577
18	20	tracking	-843.426759	69.245740	-265.754610	-1.747	-17.689	0.0478
18	21	tracking	-843.237090	69.232490	-265.808793	23.253	-9.689	0.0413
18	22	tracking	-843.081334	69.205506	-265.840050	37.878	-7.940	0.0412
18	23	tracking	-842.954314	69.165720	-265.852783	37.878	-7.940	0.0386
18	24	tracking	-842.855992	69.112920	-265.856521	62.878	-15.940	0.0387
18	25	tracking	-842.781790	69.043670	-265.854395	67.848	-23.940	0.0346
18	26	tracking	-842.727488	68.952159	-265.847691	67.848	-31.940	0.0337
18	27	tracking	-842.689571	68.830899	-265.837458	67.848	-39.940	0.0396
18	28	tracking	-842.662593	68.672314	-265.821002	42.848	-47.168	0.0303
18	29	tracking	-842.641923	68.478135	-265.795883	17.848	-47.168	0.0322
18	30	tracking	-842.621948	68.250773	-265.761080	-7.152	-47.168	0.0289
18	31	tracking	-842.596465	67.993092	-265.717845	-32.152	-47.168	0.0246
18	32	tracking	-842.572173	67.696686	-265.666675	-7.152	-55.168	0.0234
18	33	tracking	-842.554794	67.363097	-265.607836	17.848	-55.963	0.0274
18	34	landing	-842.545409	67.006852	-265.536469	17.848	-47.963	0.0195
18	35	landing	-842.543658	66.630390	-265.452345	17.848	-47.963	0.0183
18	36	landing	-842.549229	66.236136	-265.355247	17.848	-47.963	0.0194
18	37	landing	-842.561832	65.826449	-265.245005	17.848	-47.963	0.0160
19	0	tracking	-850.645964	68.867102	-257.032114	-139.104	-4.000	0.1467
19	1	tracking	-849.991601	68.807284	-257.601772	-164.104	-0.670	0.1219
19	2	tracking	-849.422535	68.751906	-258.196524	170.896	-8.670	0.1061
19	3	tracking	-848.951149	68.710040	-258.797665	153.407	-16.670	0.0863
19	4	tracking	-848.533079	68.685017	-259.402840	178.407	-24.670	0.0868
19	5	tracking	-848.135704	68.677907	-259.999512	-156.593	-32.670	0.0768
19	6	tracking	-847.761383	68.687936	-260.584443	-159.186	-40.670	0.1134
19	7	tracking	-847.390151	68.712344	-261.142272	-134.186	-46.375	0.1092
19	8	tracking	-847.034052	68.747852	-261.683844	-150.375	-42.740	0.0717
19	9	tracking	-846.691437	68.790551	-262.210929	-150.375	-34.740	0.0678
19	10	tracking	-846.360385	68.836374	-262.725899	-150.375	-26.740	0.0633
19	11	tracking	-846.038924	68.880283	-263.231329	-150.375	-18.740	0.0653
19	12	tracking	-845.711981	68.925618	-263.710438	-125.375	-26.740	0.0587
19	13	tracking	-845.375779	68.972813	-264.145543	-100.375	-34.740	0.0833
19	14	tracking	-845.036398	69.019217	-264.522830	-75.375	-42.740	0.0554
19	15	tracking	-844.705837	69.059505	-264.835665	-50.375	-50.740	0.0518
19	16	tracking	-844.352384	69.160658	-265.161136	-51.747	-42.740	0.0455
19	17	tracking	-844.067492	69.201390	-265.377781	-26.747	-34.740	0.0398
19	18	tracking	-843.800290	69.230004	-265.544295	-26.747	-26.740	0.0523
19	19	tracking	-843.550288	69.244729	-265.668997	-26.747	-25.689	0.0408
19	20	tracking	-843.326759	69.245740	-265.754610	-1.747	-17.689	0.0363
19	21	tracking	-843.137090	69.232490	-265.808793	23.253	-9.689	0.0342
19	22	tracking	-842.981334	69.205506	-265.840050	37.878	-7.940	0.0324
19	23	tracking	-842.854314	69.165720	-265.852783	37.878	-7.940	0.0305
19	24	tracking	-842.755992	69.112920	-265.856521	62.878	-15.940	0.0311
19	25	tracking	-842.681790	69.043670	-265.854395	67.848	-23.940	0.0292
19	26	tracking	-842.627488	68.952159	-265.847691	67.848	-31.940	0.0282
19	27	tracking	-842.589571	68.830899	-265.837458	67.848	-39.940	0.0240
19	28	tracking	-842.562593	68.672314	-265.821002	42.848	-47.168	0.0233
19	29	tracking	-842.541923	68.478135	-265.795883	17.848	-47.168	0.0211
19	30	tracking	-842.521948	68.250773	-265.761080	-7.152	-47.168	0.0196
19	31	tracking	-842.496465	67.993092	-265.717845	-32.152	-47.168	0.0187
19	32	tracking	-842.472173	67.696686	-265.666675	-7.152	-55.168	0.0193
19	33	tracking	-842.454794	67.363097	-265.607836	17.848	-55.963	0.0181
19	34	landing	-842.445409	67.006852	-265.536469	17.848	-47.963	0.0170
19	35	landing	-842.443658	66.630390	-265.452345	17.848	-47.963	0.0143
19	36	landing	-842.449229	66.236136	-265.355247	17.848	-47.963	0.0128
19	37	landing	-842.461832	65.826449	-265.245005	17.848	-47.963	0.0119
20	0	tracking	-850.645964	68.867102	-257.032114	-139.104	-4.000	0.1523
20	1	tracking	-849.991601	68.807284	-257.601772	-164.104	-0.670	0.1008
20	2	tracking	-849.422535	68.751906	-258.196524	170.896	-8.670	0.0949
20	3	tracking	-848.951149	68.710040	-258.797665	153.407	-16.670	0.0910
20	4	tracking	-848.533079	68.685017	-259.402840	178.407	-24.670	0.0886
20	5	tracking	-848.135704	68.677907	-259.999512	-156.593	-32.670	0.0968
20	6	tracking	-847.761383	68.687936	-260.584443	-159.186	-40.670	0.0809
20	7	tracking	-847.390151	68.712344	-261.142272	-134.186	-46.375	0.0765
20	8	tracking	-847.034052	68.747852	-261.683844	-150.375	-42.740	0.0725
20	9	tracking	-846.691437	68.790551	-262.210929	-150.375	-34.740	0.0790
20	10	tracking	-846.360385	68.836374	-262.725899	-150.375	-26.740	0.0770
20	11	tracking	-846.038924	68.880283	-263.231329	-150.375	-18.740	0.0714
20	12	tracking	-845.711981	68.925618	-263.710438	-125.375	-26.740	0.0661
20	13	tracking	-845.375779	68.972813	-264.145543	-100.375	-34.740	0.0738
20	14	tracking	-845.036398	69.019217	-264.522830	-75.375	-42.740	0.0619
20	15	tracking	-844.705837	69.059505	-264.835665	-50.375	-50.740	0.0548
20	16	tracking	-844.452384	69.060658	-265.061136	-51.747	-42.740	0.0563
20	17	tracking	-844.167492	69.101390	-265.277781	-26.747	-34.740	0.0530
20	18	tracking	-843.900290	69.130004	-265.444295	-26.747	-26.740	0.0507
20	19	tracking	-843.650288	69.144729	-265.568997	-26.747	-25.689	0.0486
20	20	tracking	-843.426759	69.145740	-265.654610	-1.747	-17.689	0.0463
20	21	tracking	-843.237090	69.132490	-265.708793	23.253	-9.689	0.0447
20	22	tracking	-843.081334	69.105506	-265.740050	37.878	-7.940	0.0403
20	23	tracking	-842.954314	69.065720	-265.752783	37.878	-7.940	0.0380
20	24	tracking	-842.855992	69.012920	-265.756521	62.878	-15.940	0.0459
20	25	tracking	-842.781790	68.943670	-265.754395	67.848	-23.940	0.0343
20	26	tracking	-842.727488	68.852159	-265.747691	67.848	-31.940	0.0327
20	27	tracking	-842.689571	68.730899	-265.737458	67.848	-39.940	0.0353
20	28	tracking	-842.662593	68.572314	-265.721002	42.848	-47.168	0.0298
20	29	tracking	-842.641923	68.378135	-265.695883	17.848	-47.168	0.0305
20	30	tracking	-842.621948	68.150773	-265.661080	-7.152	-47.168	0.0312
20	31	tracking	-842.596465	67.893092	-265.617845	-32.152	-47.168	0.0301
20	32	tracking	-842.572173	67.596686	-265.566675	-7.152	-55.168	0.0290
20	33	tracking	-842.554794	67.263097	-265.507836	17.848	-55.963	0.0258
20	34	landing	-842.545409	66.906852	-265.436469	17.848	-47.963	0.0245
20	35	landing	-842.543658	66.530390	-265.352345	17.848	-47.963	0.0232
20	36	landing	-842.549229	66.136136	-265.255247	17.848	-47.963	0.0177
20	37	landing	-842.561832	65.726449	-265.145005	17.848	-47.963	0.0172
21	0	tracking	-850.645964	68.867102	-257.032114	-139.104	-4.000	0.1418
21	1	tracking	-849.991601	68.807284	-257.601772	-164.104	-0.670	0.1072
21	2	tracking	-849.422535	68.751906	-258.196524	170.896	-8.670	0.1024
21	3	tracking	-848.951149	68.710040	-258.797665	153.407	-16.670	0.1292
21	4	tracking	-848.533079	68.685017	-259.402840	178.407	-24.670	0.0905
21	5	tracking	-848.135704	68.677907	-259.999512	-156.593	-32.670	0.0998
21	6	tracking	-847.761383	68.687936	-260.584443	-159.186	-40.670	0.0927
21	7	tracking	-847.390151	68.712344	-261.142272	-134.186	-46.375	0.0957
21	8	tracking	-847.034052	68.747852	-261.683844	-150.375	-42.740	0.0768
21	9	tracking	-846.691437	68.790551	-262.210929	-150.375	-34.740	0.0869
21	10	tracking	-846.360385	68.836374	-262.725899	-150.375	-26.740	0.0963
21	11	tracking	-846.038924	68.880283	-263.231329	-150.375	-18.740	0.0755
21	12	tracking	-845.711981	68.925618	-263.710438	-125.375	-26.740	0.1111
21	13	tracking	-845.375779	68.972813	-264.145543	-100.375	-34.740	0.0889
21	14	tracking	-845.036398	69.019217	-264.522830	-75.375	-42.740	0.0583
21	15	tracking	-844.705837	69.059505	-264.835665	-50.375	-50.740	0.0562
21	16	tracking	-844.352384	69.060658	-265.061136	-51.747	-42.740	0.0586
21	17	tracking	-844.067492	69.101390	-265.277781	-26.747	-34.740	0.0635
21	18	tracking	-843.800290	69.130004	-265.444295	-26.747	-26.740	0.0459
21	19	tracking	-843.550288	69.144729	-265.568997	-26.747	-25.689	0.0546
21	20	tracking	-843.326759	69.145740	-265.654610	-1.747	-17.689	0.0543
21	21	tracking	-843.137090	69.132490	-265.708793	23.253	-9.689	0.0373
21	22	tracking	-842.981334	69.105506	-265.740050	37.878	-7.940	0.0348
21	23	tracking	-842.854314	69.065720	-265.752783	37.878	-7.940	0.0329
21	24	tracking	-842.755992	69.012920	-265.756521	62.878	-15.940	0.0306
21	25	tracking	-842.681790	68.943670	-265.754395	67.848	-23.940	0.0290
21	26	tracking	-842.627488	68.852159	-265.747691	67.848	-31.940	0.0273
21	27	tracking	-842.589571	68.730899	-265.737458	67.848	-39.940	0.0264
21	28	tracking	-842.562593	68.572314	-265.721002	42.848	-47.168	0.0244
21	29	tracking	-842.541923	68.378135	-265.695883	17.848	-47.168	0.0241
21	30	tracking	-842.521948	68.150773	-265.661080	-7.152	-47.168	0.0212
21	31	tracking	-842.496465	67.893092	-265.617845	-32.152	-47.168	0.0206
21	32	tracking	-842.472173	67.596686	-265.566675	-7.152	-55.168	0.0206
21	33	tracking	-842.454794	67.263097	-265.507836	17.848	-55.963	0.0183
21	34	landing	-842.445409	66.906852	-265.436469	17.848	-47.963	0.0180
21	35	landing	-842.443658	66.530390	-265.352345	17.848	-47.963	0.0156
21	36	landing	-842.449229	66.136136	-265.255247	17.848	-47.963	0.0147
21	37	landing	-842.461832	65.726449	-265.145005	17.848	-47.963	0.0124
22	0	tracking	-850.645964	68.867102	-257.032114	-139.104	-4.000	0.1495
22	1	tracking	-849.991601	68.807284	-257.601772	-164.104	-0.670	0.0997
22	2	tracking	-849.422535	68.751906	-258.196524	170.896	-8.670	0.0938
22	3	tracking	-848.951149	68.710040	-258.797665	153.407	-16.670	0.0937
22	4	tracking	-848.533079	68.685017	-259.402840	178.407	-24.670	0.0837
22	5	tracking	-848.135704	68.677907	-259.999512	-156.593	-32.670	0.0782
22	6	tracking	-847.761383	68.687936	-260.584443	-159.186	-40.670	0.0763
22	7	tracking	-847.390151	68.712344	-261.142272	-134.186	-46.375	0.0721
22	8	tracking	-847.034052	68.747852	-261.683844	-150.375	-42.740	0.0700
22	9	tracking	-846.691437	68.790551	-262.210929	-150.375	-34.740	0.0712
22	10	tracking	-846.360385	68.836374	-262.725899	-150.375	-26.740	0.0652
22	11	tracking	-846.038924	68.880283	-263.231329	-150.375	-18.740	0.0649
22	12	tracking	-845.711981	68.925618	-263.710438	-125.375	-26.740	0.0629
22	13	tracking	-845.375779	68.972813	-264.145543	-100.375	-34.740	0.0722
22	14	tracking	-845.036398	69.019217	-264.522830	-75.375	-42.740	0.0838
22	15	tracking	-844.705837	69.059505	-264.835665	-50.375	-50.740	0.0593
22	16	tracking	-844.452384	69.160658	-265.061136	-51.747	-42.740	0.0698
22	17	tracking	-844.167492	69.201390	-265.277781	-26.747	-34.740	0.0510
22	18	tracking	-843.900290	69.230004	-265.444295	-26.747	-26.740	0.0486
22	19	tracking	-843.650288	69.244729	-265.568997	-26.747	-25.689	0.0639
22	20	tracking	-843.426759	69.245740	-265.654610	-1.747	-17.689	0.0733
22	21	tracking	-843.237090	69.232490	-265.708793	23.253	-9.689	0.0698
22	22	tracking	-843.081334	69.205506	-265.740050	37.878	-7.940	0.0408
22	23	tracking	-842.954314	69.165720	-265.752783	37.878	-7.940	0.0395
22	24	tracking	-842.855992	69.112920	-265.756521	62.878	-15.940	0.0374
22	25	tracking	-842.781790	69.043670	-265.754395	67.848	-23.940	0.0364
22	26	tracking	-842.727488	68.952159	-265.747691	67.848	-31.940	0.0441
22	27	tracking	-842.689571	68.830899	-265.737458	67.848	-39.940	0.0313
22	28	tracking	-842.662593	68.672314	-265.721002	42.848	-47.168	0.0297
22	29	tracking	-842.641923	68.478135	-265.695883	17.848	-47.168	0.0283
22	30	tracking	-842.621948	68.250773	-265.661080	-7.152	-47.168	0.0273
22	31	tracking	-842.596465	67.993092	-265.617845	-32.152	-47.168	0.0252
22	32	tracking	-842.572173	67.696686	-265.566675	-7.152	-55.168	0.0245
22	33	tracking	-842.554794	67.363097	-265.507836	17.848	-55.963	0.0217
22	34	landing	-842.545409	67.006852	-265.436469	17.848	-47.963	0.0208
22	35	landing	-842.543658	66.630390	-265.352345	17.848	-47.963	0.0185
22	36	landing	-842.549229	66.236136	-265.255247	17.848	-47.963	0.0184
22	37	landing	-842.561832	65.826449	-265.145005	17.848	-47.963	0.0171
23	0	tracking	-850.645964	68.867102	-257.032114	-139.104	-4.000	0.1411
23	1	tracking	-849.991601	68.807284	-257.601772	-164.104	-0.670	0.0970
23	2	tracking	-849.422535	68.751906	-258.196524	170.896	-8.670	0.0929
23	3	tracking	-848.951149	68.710040	-258.797665	153.407	-16.670	0.0923
23	4	tracking	-848.533079	68.685017	-259.402840	178.407	-24.670	0.0837
23	5	tracking	-848.135704	68.677907	-259.999512	-156.593	-32.670	0.0774
23	6	tracking	-847.761383	68.687936	-260.584443	-159.186	-40.670	0.0746
23	7	tracking	-847.390151	68.712344	-261.142272	-134.186	-46.375	0.0878
23	8	tracking	-847.034052	68.747852	-261.683844	-150.375	-42.740	0.0985
23	9	tracking	-846.691437	68.790551	-262.210929	-150.375	-34.740	0.1799
23	10	tracking	-846.360385	68.836374	-262.725899	-150.375	-26.740	0.1845
23	11	tracking	-846.038924	68.880283	-263.231329	-150.375	-18.740	0.1050
23	12	tracking	-845.711981	68.925618	-263.710438	-125.375	-26.740	0.1030
23	13	tracking	-845.375779	68.972813	-264.145543	-100.375	-34.740	0.0825
23	14	tracking	-845.036398	69.019217	-264.522830	-75.375	-42.740	0.0697
23	15	tracking	-844.705837	69.059505	-264.835665	-50.375	-50.740	0.0893
23	16	tracking	-844.352384	69.160658	-265.061136	-51.747	-42.740	0.0807
23	17	tracking	-844.067492	69.201390	-265.277781	-26.747	-34.740	0.0600
23	18	tracking	-843.800290	69.230004	-265.444295	-26.747	-26.740	0.1428
23	19	tracking	-843.550288	69.244729	-265.568997	-26.747	-25.689	0.0523
23	20	tracking	-843.326759	69.245740	-265.654610	-1.747	-17.689	0.0387
23	21	tracking	-843.137090	69.232490	-265.708793	23.253	-9.689	0.0448
23	22	tracking	-842.981334	69.205506	-265.740050	37.878	-7.940	0.0447
23	23	tracking	-842.854314	69.165720	-265.752783	37.878	-7.940	0.0439
23	24	tracking	-842.755992	69.112920	-265.756521	62.878	-15.940	0.0336
23	25	tracking	-842.681790	69.043670	-265.754395	67.848	-23.940	0.0343
23	26	tracking	-842.627488	68.952159	-265.747691	67.848	-31.940	0.0340
23	27	tracking	-842.589571	68.830899	-265.737458	67.848	-39.940	0.0342
23	28	tracking	-842.562593	68.672314	-265.721002	42.848	-47.168	0.0257
23	29	tracking	-842.541923	68.478135	-265.695883	17.848	-47.168	0.0258
23	30	tracking	-842.521948	68.250773	-265.661080	-7.152	-47.168	0.0259
23	31	tracking	-842.496465	67.993092	-265.617845	-32.152	-47.168	0.0209
23	32	tracking	-842.472173	67.696686	-265.566675	-7.152	-55.168	0.0237
23	33	tracking	-842.454794	67.363097	-265.507836	17.848	-55.963	0.0226
23	34	landing	-842.445409	67.006852	-265.436469	17.848	-47.963	0.0185
23	35	landing	-842.443658	66.630390	-265.352345	17.848	-47.963	0.0159
23	36	landing	-842.449229	66.236136	-265.255247	17.848	-47.963	0.0143
23	37	landing	-842.461832	65.826449	-265.145005	17.848	-47.963	0.0167
24	0	tracking	-850.645964	68.867102	-257.032114	-139.104	-4.000	0.2205
24	1	tracking	-849.991601	68.807284	-257.601772	-164.104	-0.670	0.1121
24	2	tracking	-849.422535	68.751906	-258.196524	170.896	-8.670	0.1079
24	3	tracking	-848.951149	68.710040	-258.797665	153.407	-16.670	0.0973
24	4	tracking	-848.533079	68.685017	-259.402840	178.407	-24.670	0.1360
24	5	tracking	-848.135704	68.677907	-259.999512	-156.593	-32.670	0.0984
24	6	tracking	-847.761383	68.687936	-260.584443	-159.186	-40.670	0.0828
24	7	tracking	-847.390151	68.712344	-261.142272	-134.186	-46.375	0.0802
24	8	tracking	-847.034052	68.747852	-261.683844	-150.375	-42.740	0.0772
24	9	tracking	-846.691437	68.790551	-262.210929	-150.375	-34.740	0.0784
24	10	tracking	-846.360385	68.836374	-262.725899	-150.375	-26.740	0.0665
24	11	tracking	-846.038924	68.880283	-263.231329	-150.375	-18.740	0.0654
24	12	tracking	-845.711981	68.925618	-263.710438	-125.375	-26.740	0.0605
24	13	tracking	-845.375779	68.972813	-264.145543	-100.375	-34.740	0.0582
24	14	tracking	-845.036398	69.019217	-264.522830	-75.375	-42.740	0.0549
24	15	tracking	-844.705837	69.059505	-264.835665	-50.375	-50.740	0.0553
24	16	tracking	-844.415088	69.063056	-265.159831	-51.747	-42.740	0.0553
24	17	tracking	-844.095993	69.108106	-265.373380	-26.747	-34.740	0.0514
24	18	tracking	-843.797342	69.142421	-265.535205	-26.747	-26.740	0.0486
24	19	tracking	-843.518472	69.163872	-265.654048	-26.747	-25.689	0.0473
24	20	tracking	-843.269173	69.171782	-265.732891	-1.747	-17.689	0.0454
24	21	tracking	-843.057120	69.165102	-265.779702	23.253	-9.689	0.0423
24	22	tracking	-842.882217	69.144271	-265.803365	37.878	-7.940	0.0420
24	23	tracking	-842.738826	69.110229	-265.808447	37.878	-7.940	0.0400
24	24	tracking	-842.626751	69.063081	-265.804940	62.878	-15.940	0.0370
24	25	tracking	-842.540982	68.999609	-265.796079	67.848	-23.940	0.0353
24	26	tracking	-842.476920	68.914147	-265.783153	67.848	-31.940	0.0330
24	27	tracking	-842.430765	68.799323	-265.767189	67.848	-39.940	0.0316
24	28	tracking	-842.396740	68.647634	-265.745310	42.848	-47.168	0.0302
24	29	tracking	-842.369901	68.460716	-265.715016	17.848	-47.168	0.0411
24	30	tracking	-842.344395	68.240871	-265.675325	-7.152	-47.168	0.0278
24	31	tracking	-842.313875	67.990865	-265.627561	-32.152	-47.168	0.0261
24	32	tracking	-842.285067	67.702403	-265.572128	-7.152	-55.168	0.0257
24	33	tracking	-842.263720	67.376962	-265.509316	17.848	-55.963	0.0244
24	34	landing	-842.250810	67.028809	-265.434375	17.848	-47.963	0.0294
24	35	landing	-842.245911	66.660299	-265.347093	17.848	-47.963	0.0193
24	36	landing	-842.248651	66.273794	-265.247258	17.848	-47.963	0.0176
24	37	landing	-842.258696	65.871606	-265.134692	17.848	-47.963	0.0171
25	0	tracking	-850.645964	68.867102	-257.032114	-139.104	-4.000	0.1542
25	1	tracking	-849.991601	68.807284	-257.601772	-164.104	-0.670	0.1031
25	2	tracking	-849.422535	68.751906	-258.196524	170.896	-8.670	0.1016
25	3	tracking	-848.951149	68.710040	-258.797665	153.407	-16.670	0.1594
25	4	tracking	-848.533079	68.685017	-259.402840	178.407	-24.670	0.1418
25	5	tracking	-848.135704	68.677907	-259.999512	-156.593	-32.670	0.1164
25	6	tracking	-847.761383	68.687936	-260.584443	-159.186	-40.670	0.1613
25	7	tracking	-847.390151	68.712344	-261.142272	-134.186	-46.375	0.1149
25	8	tracking	-847.034052	68.747852	-261.683844	-150.375	-42.740	0.1248
25	9	tracking	-846.691437	68.790551	-262.210929	-150.375	-34.740	0.1177
25	10	tracking	-846.360385	68.836374	-262.725899	-150.375	-26.740	0.1317
25	11	tracking	-846.038924	68.880283	-263.231329	-150.375	-18.740	0.2066
25	12	tracking	-845.711981	68.925618	-263.710438	-125.375	-26.740	0.1857
25	13	tracking	-845.375779	68.972813	-264.145543	-100.375	-34.740	0.1027
25	14	tracking	-845.036398	69.019217	-264.522830	-75.375	-42.740	0.2348
25	15	tracking	-844.705837	69.059505	-264.835665	-50.375	-50.740	0.1401
25	16	tracking	-844.315088	69.063056	-265.159831	-51.747	-42.740	0.1420
25	17	tracking	-843.995993	69.108106	-265.373380	-26.747	-34.740	0.1128
25	18	tracking	-843.697342	69.142421	-265.535205	-26.747	-26.740	0.1046
25	19	tracking	-843.418472	69.163872	-265.654048	-26.747	-25.689	0.1060
25	20	tracking	-843.169173	69.171782	-265.732891	-1.747	-17.689	0.0957
25	21	tracking	-842.957120	69.165102	-265.779702	23.253	-9.689	0.0933
25	22	tracking	-842.782217	69.144271	-265.803365	37.878	-7.940	0.0890
25	23	tracking	-842.638826	69.110229	-265.808447	37.878	-7.940	0.0859
25	24	tracking	-842.526751	69.063081	-265.804940	62.878	-15.940	0.0808
25	25	tracking	-842.440982	68.999609	-265.796079	67.848	-23.940	0.0787
25	26	tracking	-842.376920	68.914147	-265.783153	67.848	-31.940	0.0726
25	27	tracking	-842.330765	68.799323	-265.767189	67.848	-39.940	0.0835
25	28	tracking	-842.296740	68.647634	-265.745310	42.848	-47.168	0.0691
25	29	tracking	-842.269901	68.460716	-265.715016	17.848	-47.168	0.0689
25	30	tracking	-842.244395	68.240871	-265.675325	-7.152	-47.168	0.0945
25	31	tracking	-842.213875	67.990865	-265.627561	-32.152	-47.168	0.0551
25	32	tracking	-842.185067	67.702403	-265.572128	-7.152	-55.168	0.0528
25	33	tracking	-842.163720	67.376962	-265.509316	17.848	-55.963	0.0474
25	34	landing	-842.150810	67.028809	-265.434375	17.848	-47.963	0.0424
25	35	landing	-842.145911	66.660299	-265.347093	17.848	-47.963	0.0379
25	36	landing	-842.148651	66.273794	-265.247258	17.848	-47.963	0.0348
25	37	landing	-842.158696	65.871606	-265.134692	17.848	-47.963	0.0319
26	0	tracking	-850.645964	68.867102	-257.032114	-139.104	-4.000	0.2840
26	1	tracking	-849.991601	68.807284	-257.601772	-164.104	-0.670	0.2039
26	2	tracking	-849.422535	68.751906	-258.196524	170.896	-8.670	0.2114
26	3	tracking	-848.951149	68.710040	-258.797665	153.407	-16.670	0.1811
26	4	tracking	-848.533079	68.685017	-259.402840	178.407	-24.670	0.1713
26	5	tracking	-848.135704	68.677907	-259.999512	-156.593	-32.670	0.1733
26	6	tracking	-847.761383	68.687936	-260.584443	-159.186	-40.670	0.1635
26	7	tracking	-847.390151	68.712344	-261.142272	-134.186	-46.375	0.1631
26	8	tracking	-847.034052	68.747852	-261.683844	-150.375	-42.740	0.2180
26	9	tracking	-846.691437	68.790551	-262.210929	-150.375	-34.740	0.1562
26	10	tracking	-846.360385	68.836374	-262.725899	-150.375	-26.740	0.1402
26	11	tracking	-846.038924	68.880283	-263.231329	-150.375	-18.740	0.1410
26	12	tracking	-845.711981	68.925618	-263.710438	-125.375	-26.740	0.1485
26	13	tracking	-845.375779	68.972813	-264.145543	-100.375	-34.740	0.1268
26	14	tracking	-845.036398	69.019217	-264.522830	-75.375	-42.740	0.1156
26	15	tracking	-844.705837	69.059505	-264.835665	-50.375	-50.740	0.1203
26	16	tracking	-844.415088	69.163056	-265.159831	-51.747	-42.740	0.1258
26	17	tracking	-844.095993	69.208106	-265.373380	-26.747	-34.740	0.1005
26	18	tracking	-843.797342	69.242421	-265.535205	-26.747	-26.740	0.0969
26	19	tracking	-843.518472	69.263872	-265.654048	-26.747	-25.689	0.0948
26	20	tracking	-843.269173	69.271782	-265.732891	-1.747	-17.689	0.0921
26	21	tracking	-843.057120	69.265102	-265.779702	23.253	-9.689	0.0869
26	22	tracking	-842.882217	69.244271	-265.803365	37.878	-7.940	0.0847
26	23	tracking	-842.738826	69.210229	-265.808447	37.878	-7.940	0.0799
26	24	tracking	-842.626751	69.163081	-265.804940	62.878	-15.940	0.0962
26	25	tracking	-842.540982	69.099609	-265.796079	67.848	-23.940	0.0744
26	26	tracking	-842.476920	69.014147	-265.783153	67.848	-31.940	0.0707
26	27	tracking	-842.430765	68.899323	-265.767189	67.848	-39.940	0.0689
26	28	tracking	-842.396740	68.747634	-265.745310	42.848	-47.168	0.0643
26	29	tracking	-842.369901	68.560716	-265.715016	17.848	-47.168	0.0738
26	30	tracking	-842.344395	68.340871	-265.675325	-7.152	-47.168	0.0684
26	31	tracking	-842.313875	68.090865	-265.627561	-32.152	-47.168	0.0599
26	32	tracking	-842.285067	67.802403	-265.572128	-7.152	-55.168	0.0539
26	33	tracking	-842.263720	67.476962	-265.509316	17.848	-55.963	0.0525
26	34	tracking	-842.249421	67.116819	-265.438689	17.848	-55.963	0.0887
26	35	landing	-842.243342	66.736715	-265.355072	17.848	-47.963	0.0521
26	36	landing	-842.245093	66.339024	-265.258307	17.848	-47.963	0.0347
26	37	landing	-842.254325	65.926076	-265.148265	17.848	-47.963	0.0300
27	0	tracking	-850.645964	68.867102	-257.032114	-139.104	-4.000	0.2840
27	1	tracking	-849.991601	68.807284	-257.601772	-164.104	-0.670	0.1913
27	2	tracking	-849.422535	68.751906	-258.196524	170.896	-8.670	0.2267
27	3	tracking	-848.951149	68.710040	-258.797665	153.407	-16.670	0.1649
27	4	tracking	-848.533079	68.685017	-259.402840	178.407	-24.670	0.0862
27	5	tracking	-848.135704	68.677907	-259.999512	-156.593	-32.670	0.0737
27	6	tracking	-847.761383	68.687936	-260.584443	-159.186	-40.670	0.0692
27	7	tracking	-847.390151	68.712344	-261.142272	-134.186	-46.375	0.0796
27	8	tracking	-847.034052	68.747852	-261.683844	-150.375	-42.740	0.0731
27	9	tracking	-846.691437	68.790551	-262.210929	-150.375	-34.740	0.0670
27	10	tracking	-846.360385	68.836374	-262.725899	-150.375	-26.740	0.0764
27	11	tracking	-846.038924	68.880283	-263.231329	-150.375	-18.740	0.0643
27	12	tracking	-845.711981	68.925618	-263.710438	-125.375	-26.740	0.0603
27	13	tracking	-845.375779	68.972813	-264.145543	-100.375	-34.740	0.0610
27	14	tracking	-845.036398	69.019217	-264.522830	-75.375	-42.740	0.0610
27	15	tracking	-844.705837	69.059505	-264.835665	-50.375	-50.740	0.0576
27	16	tracking	-844.315088	69.163056	-265.159831	-51.747	-42.740	0.0584
27	17	tracking	-843.995993	69.208106	-265.373380	-26.747	-34.740	0.0504
27	18	tracking	-843.697342	69.242421	-265.535205	-26.747	-26.740	0.0518
27	19	tracking	-843.418472	69.263872	-265.654048	-26.747	-25.689	0.0548
27	20	tracking	-843.169173	69.271782	-265.732891	-1.747	-17.689	0.0622
27	21	tracking	-842.957120	69.265102	-265.779702	23.253	-9.689	0.0440
27	22	tracking	-842.782217	69.244271	-265.803365	37.878	-7.940	0.0402
27	23	tracking	-842.638826	69.210229	-265.808447	37.878	-7.940	0.0397
27	24	tracking	-842.526751	69.163081	-265.804940	62.878	-15.940	0.0388
27	25	tracking	-842.440982	69.099609	-265.796079	67.848	-23.940	0.0383
27	26	tracking	-842.376920	69.014147	-265.783153	67.848	-31.940	0.0350
27	27	tracking	-842.330765	68.899323	-265.767189	67.848	-39.940	0.0342
27	28	tracking	-842.296740	68.747634	-265.745310	42.848	-47.168	0.0310
27	29	tracking	-842.269901	68.560716	-265.715016	17.848	-47.168	0.0297
27	30	tracking	-842.244395	68.340871	-265.675325	-7.152	-47.168	0.0283
27	31	tracking	-842.213875	68.090865	-265.627561	-32.152	-47.168	0.0274
27	32	tracking	-842.185067	67.802403	-265.572128	-7.152	-55.168	0.0601
27	33	tracking	-842.163720	67.476962	-265.509316	17.848	-55.963	0.0423
27	34	tracking	-842.149421	67.116819	-265.438689	17.848	-55.963	0.0306
27	35	landing	-842.143342	66.736715	-265.355072	17.848	-47.963	0.0186
27	36	landing	-842.145093	66.339024	-265.258307	17.848	-47.963	0.0158
27	37	landing	-842.154325	65.926076	-265.148265	17.848	-47.963	0.0153
28	0	tracking	-850.645964	68.867102	-257.032114	-139.104	-4.000	0.1408
28	1	tracking	-849.991601	68.807284	-257.601772	-164.104	-0.670	0.0933
28	2	tracking	-849.422535	68.751906	-258.196524	170.896	-8.670	0.0883
28	3	tracking	-848.951149	68.710040	-258.797665	153.407	-16.670	0.0847
28	4	tracking	-848.533079	68.685017	-259.402840	178.407	-24.670	0.0757
28	5	tracking	-848.135704	68.677907	-259.999512	-156.593	-32.670	0.0767
28	6	tracking	-847.761383	68.687936	-260.584443	-159.186	-40.670	0.0702
28	7	tracking	-847.390151	68.712344	-261.142272	-134.186	-46.375	0.0680
28	8	tracking	-847.034052	68.747852	-261.683844	-150.375	-42.740	0.0689
28	9	tracking	-846.691437	68.790551	-262.210929	-150.375	-34.740	0.0932
28	10	tracking	-846.360385	68.836374	-262.725899	-150.375	-26.740	0.0649
28	11	tracking	-846.038924	68.880283	-263.231329	-150.375	-18.740	0.0662
28	12	tracking	-845.711981	68.925618	-263.710438	-125.375	-26.740	0.0571
28	13	tracking	-845.375779	68.972813	-264.145543	-100.375	-34.740	0.0547
28	14	tracking	-845.036398	69.019217	-264.522830	-75.375	-42.740	0.0518
28	15	tracking	-844.705837	69.059505	-264.835665	-50.375	-50.740	0.0504
28	16	tracking	-844.415088	69.063056	-265.059831	-51.747	-42.740	0.0521
28	17	tracking	-844.095993	69.108106	-265.273380	-26.747	-34.740	0.0469
28	18	tracking	-843.797342	69.142421	-265.435205	-26.747	-26.740	0.0458
28	19	tracking	-843.518472	69.163872	-265.554048	-26.747	-25.689	0.0424
28	20	tracking	-843.269173	69.171782	-265.632891	-1.747	-17.689	0.0406
28	21	tracking	-843.057120	69.165102	-265.679702	23.253	-9.689	0.0393
28	22	tracking	-842.882217	69.144271	-265.703365	37.878	-7.940	0.0396
28	23	tracking	-842.738826	69.110229	-265.708447	37.878	-7.940	0.0425
28	24	tracking	-842.626751	69.063081	-265.704940	62.878	-15.940	0.0351
28	25	tracking	-842.540982	68.999609	-265.696079	67.848	-23.940	0.0330
28	26	tracking	-842.476920	68.914147	-265.683153	67.848	-31.940	0.0308
28	27	tracking	-842.430765	68.799323	-265.667189	67.848	-39.940	0.0301
28	28	tracking	-842.396740	68.647634	-265.645310	42.848	-47.168	0.0291
28	29	tracking	-842.369901	68.460716	-265.615016	17.848	-47.168	0.0269
28	30	tracking	-842.344395	68.240871	-265.575325	-7.152	-47.168	0.0253
28	31	tracking	-842.313875	67.990865	-265.527561	-32.152	-47.168	0.0239
28	32	tracking	-842.285067	67.702403	-265.472128	-7.152	-55.168	0.0248
28	33	tracking	-842.263720	67.376962	-265.409316	17.848	-55.963	0.0229
28	34	landing	-842.250810	67.028809	-265.334375	17.848	-47.963	0.0222
28	35	landing	-842.245911	66.660299	-265.247093	17.848	-47.963	0.0189
28	36	landing	-842.248651	66.273794	-265.147258	17.848	-47.963	0.0170
28	37	landing	-842.258696	65.871606	-265.034692	17.848	-47.963	0.0166
29	0	tracking	-850.645964	68.867102	-257.032114	-139.104	-4.000	0.1592
29	1	tracking	-849.991601	68.807284	-257.601772	-164.104	-0.670	0.0997
29	2	tracking	-849.422535	68.751906	-258.196524	170.896	-8.670	0.0985
29	3	tracking	-848.951149	68.710040	-258.797665	153.407	-16.670	0.0859
29	4	tracking	-848.533079	68.685017	-259.402840	178.407	-24.670	0.0820
29	5	tracking	-848.135704	68.677907	-259.999512	-156.593	-32.670	0.0941
29	6	tracking	-847.761383	68.687936	-260.584443	-159.186	-40.670	0.0762
29	7	tracking	-847.390151	68.712344	-261.142272	-134.186	-46.375	0.0701
29	8	tracking	-847.034052	68.747852	-261.683844	-150.375	-42.740	0.0873
29	9	tracking	-846.691437	68.790551	-262.210929	-150.375	-34.740	0.0919
29	10	tracking	-846.360385	68.836374	-262.725899	-150.375	-26.740	0.0847
29	11	tracking	-846.038924	68.880283	-263.231329	-150.375	-18.740	0.0963
29	12	tracking	-845.711981	68.925618	-263.710438	-125.375	-26.740	0.1051
29	13	tracking	-845.375779	68.972813	-264.145543	-100.375	-34.740	0.1212
29	14	tracking	-845.036398	69.019217	-264.522830	-75.375	-42.740	0.0909
29	15	tracking	-844.705837	69.059505	-264.835665	-50.375	-50.740	0.1061
29	16	tracking	-844.315088	69.063056	-265.059831	-51.747	-42.740	0.0825
29	17	tracking	-843.995993	69.108106	-265.273380	-26.747	-34.740	0.0664
29	18	tracking	-843.697342	69.142421	-265.435205	-26.747	-26.740	0.0517
29	19	tracking	-843.418472	69.163872	-265.554048	-26.747	-25.689	0.0520
29	20	tracking	-843.169173	69.171782	-265.632891	-1.747	-17.689	0.0679
29	21	tracking	-842.957120	69.165102	-265.679702	23.253	-9.689	0.0795
29	22	tracking	-842.782217	69.144271	-265.703365	37.878	-7.940	0.0477
29	23	tracking	-842.638826	69.110229	-265.708447	37.878	-7.940	0.0428
29	24	tracking	-842.526751	69.063081	-265.704940	62.878	-15.940	0.0502
29	25	tracking	-842.440982	68.999609	-265.696079	67.848	-23.940	0.0423
29	26	tracking	-842.376920	68.914147	-265.683153	67.848	-31.940	0.0394
29	27	tracking	-842.330765	68.799323	-265.667189	67.848	-39.940	0.0309
29	28	tracking	-842.296740	68.647634	-265.645310	42.848	-47.168	0.0328
29	29	tracking	-842.269901	68.460716	-265.615016	17.848	-47.168	0.0277
29	30	tracking	-842.244395	68.240871	-265.575325	-7.152	-47.168	0.0376
29	31	tracking	-842.213875	67.990865	-265.527561	-32.152	-47.168	0.0303
29	32	tracking	-842.185067	67.702403	-265.472128	-7.152	-55.168	0.0302
29	33	tracking	-842.163720	67.376962	-265.409316	17.848	-55.963	0.0220
29	34	landing	-842.150810	67.028809	-265.334375	17.848	-47.963	0.0326
29	35	landing	-842.145911	66.660299	-265.247093	17.848	-47.963	0.0218
29	36	landing	-842.148651	66.273794	-265.147258	17.848	-47.963	0.0164
29	37	landing	-842.158696	65.871606	-265.034692	17.848	-47.963	0.0166
30	0	tracking	-850.645964	68.867102	-257.032114	-139.104	-4.000	0.3528
30	1	tracking	-849.991601	68.807284	-257.601772	-164.104	-0.670	0.1090
30	2	tracking	-849.422535	68.751906	-258.196524	170.896	-8.670	0.0995
30	3	tracking	-848.951149	68.710040	-258.797665	153.407	-16.670	0.0911
30	4	tracking	-848.533079	68.685017	-259.402840	178.407	-24.670	0.0869
30	5	tracking	-848.135704	68.677907	-259.999512	-156.593	-32.670	0.0863
30	6	tracking	-847.761383	68.687936	-260.584443	-159.186	-40.670	0.0789
30	7	tracking	-847.390151	68.712344	-261.142272	-134.186	-46.375	0.0780
30	8	tracking	-847.034052	68.747852	-261.683844	-150.375	-42.740	0.0788
30	9	tracking	-846.691437	68.790551	-262.210929	-150.375	-34.740	0.0751
30	10	tracking	-846.360385	68.836374	-262.725899	-150.375	-26.740	0.0710
30	11	tracking	-846.038924	68.880283	-263.231329	-150.375	-18.740	0.0757
30	12	tracking	-845.711981	68.925618	-263.710438	-125.375	-26.740	0.1145
30	13	tracking	-845.375779	68.972813	-264.145543	-100.375	-34.740	0.0810
30	14	tracking	-845.036398	69.019217	-264.522830	-75.375	-42.740	0.0598
30	15	tracking	-844.705837	69.059505	-264.835665	-50.375	-50.740	0.0595
30	16	tracking	-844.415088	69.163056	-265.059831	-51.747	-42.740	0.0612
30	17	tracking	-844.095993	69.208106	-265.273380	-26.747	-34.740	0.0725
30	18	tracking	-843.797342	69.242421	-265.435205	-26.747	-26.740	0.0612
30	19	tracking	-843.518472	69.263872	-265.554048	-26.747	-25.689	0.0528
30	20	tracking	-843.269173	69.271782	-265.632891	-1.747	-17.689	0.0475
30	21	tracking	-843.057120	69.265102	-265.679702	23.253	-9.689	0.0421
30	22	tracking	-842.882217	69.244271	-265.703365	37.878	-7.940	0.0406
30	23	tracking	-842.738826	69.210229	-265.708447	37.878	-7.940	0.0421
30	24	tracking	-842.626751	69.163081	-265.704940	62.878	-15.940	0.0385
30	25	tracking	-842.540982	69.099609	-265.696079	67.848	-23.940	0.0409
30	26	tracking	-842.476920	69.014147	-265.683153	67.848	-31.940	0.0331
30	27	tracking	-842.430765	68.899323	-265.667189	67.848	-39.940	0.0351
30	28	tracking	-842.396740	68.747634	-265.645310	42.848	-47.168	0.0468
30	29	tracking	-842.369901	68.560716	-265.615016	17.848	-47.168	0.0333
30	30	tracking	-842.344395	68.340871	-265.575325	-7.152	-47.168	0.0287
30	31	tracking	-842.313875	68.090865	-265.527561	-32.152	-47.168	0.0300
30	32	tracking	-842.285067	67.802403	-265.472128	-7.152	-55.168	0.0243
30	33	tracking	-842.263720	67.476962	-265.409316	17.848	-55.963	0.0276
30	34	tracking	-842.249421	67.116819	-265.338689	17.848	-55.963	0.0889
30	35	landing	-842.243342	66.736715	-265.255072	17.848	-47.963	0.0203
30	36	landing	-842.245093	66.339024	-265.158307	17.848	-47.963	0.0193
30	37	landing	-842.254325	65.926076	-265.048265	17.848	-47.963	0.0147
31	0	tracking	-850.645964	68.867102	-257.032114	-139.104	-4.000	0.1794
31	1	tracking	-849.991601	68.807284	-257.601772	-164.104	-0.670	0.1047
31	2	tracking	-849.422535	68.751906	-258.196524	170.896	-8.670	0.0948
31	3	tracking	-848.951149	68.710040	-258.797665	153.407	-16.670	0.0885
31	4	tracking	-848.533079	68.685017	-259.402840	178.407	-24.670	0.0920
31	5	tracking	-848.135704	68.677907	-259.999512	-156.593	-32.670	0.1011
31	6	tracking	-847.761383	68.687936	-260.584443	-159.186	-40.670	0.1723
31	7	tracking	-847.390151	68.712344	-261.142272	-134.186	-46.375	0.0982
31	8	tracking	-847.034052	68.747852	-261.683844	-150.375	-42.740	0.0758
31	9	tracking	-846.691437	68.790551	-262.210929	-150.375	-34.740	0.0727
31	10	tracking	-846.360385	68.836374	-262.725899	-150.375	-26.740	0.0715
31	11	tracking	-846.038924	68.880283	-263.231329	-150.375	-18.740	0.0726
31	12	tracking	-845.711981	68.925618	-263.710438	-125.375	-26.740	0.0659
31	13	tracking	-845.375779	68.972813	-264.145543	-100.375	-34.740	0.0619
31	14	tracking	-845.036398	69.019217	-264.522830	-75.375	-42.740	0.0623
31	15	tracking	-844.705837	69.059505	-264.835665	-50.375	-50.740	0.1651
31	16	tracking	-844.315088	69.163056	-265.059831	-51.747	-42.740	0.1432
31	17	tracking	-843.995993	69.208106	-265.273380	-26.747	-34.740	0.0933
31	18	tracking	-843.697342	69.242421	-265.435205	-26.747	-26.740	0.0806
31	19	tracking	-843.418472	69.263872	-265.554048	-26.747	-25.689	0.0769
31	20	tracking	-843.169173	69.271782	-265.632891	-1.747	-17.689	0.0740
31	21	tracking	-842.957120	69.265102	-265.679702	23.253	-9.689	0.0684
31	22	tracking	-842.782217	69.244271	-265.703365	37.878	-7.940	0.0697
31	23	tracking	-842.638826	69.210229	-265.708447	37.878	-7.940	0.0628
31	24	tracking	-842.526751	69.163081	-265.704940	62.878	-15.940	0.0682
31	25	tracking	-842.440982	69.099609	-265.696079	67.848	-23.940	0.0623
31	26	tracking	-842.376920	69.014147	-265.683153	67.848	-31.940	0.0553
31	27	tracking	-842.330765	68.899323	-265.667189	67.848	-39.940	0.0558
31	28	tracking	-842.296740	68.747634	-265.645310	42.848	-47.168	0.0490
31	29	tracking	-842.269901	68.560716	-265.615016	17.848	-47.168	0.0483
31	30	tracking	-842.244395	68.340871	-265.575325	-7.152	-47.168	0.0339
31	31	tracking	-842.213875	68.090865	-265.527561	-32.152	-47.168	0.0305
31	32	tracking	-842.185067	67.802403	-265.472128	-7.152	-55.168	0.0233
31	33	tracking	-842.163720	67.476962	-265.409316	17.848	-55.963	0.0225
31	34	tracking	-842.149421	67.116819	-265.338689	17.848	-55.963	0.0203
31	35	landing	-842.143342	66.736715	-265.255072	17.848	-47.963	0.0176
31	36	landing	-842.145093	66.339024	-265.158307	17.848	-47.963	0.0154
31	37	landing	-842.154325	65.926076	-265.048265	17.848	-47.963	0.0178
32	0	tracking	-850.645964	68.867102	-257.032114	-139.104	-4.000	0.1479
32	1	tracking	-849.991601	68.807284	-257.601772	-164.104	-0.670	0.0991
32	2	tracking	-849.422535	68.751906	-258.196524	170.896	-8.670	0.1048
32	3	tracking	-848.951149	68.710040	-258.797665	153.407	-16.670	0.1060
32	4	tracking	-848.533079	68.685017	-259.402840	178.407	-24.670	0.0837
32	5	tracking	-848.135704	68.677907	-259.999512	-156.593	-32.670	0.0784
32	6	tracking	-847.761383	68.687936	-260.584443	-159.186	-40.670	0.0752
32	7	tracking	-847.390151	68.712344	-261.142272	-134.186	-46.375	0.0726
32	8	tracking	-847.034052	68.747852	-261.683844	-150.375	-42.740	0.0720
32	9	tracking	-846.691437	68.790551	-262.210929	-150.375	-34.740	0.0703
32	10	tracking	-846.360385	68.836374	-262.725899	-150.375	-26.740	0.0662
32	11	tracking	-846.038924	68.880283	-263.231329	-150.375	-18.740	0.0655
32	12	tracking	-845.711981	68.925618	-263.710438	-125.375	-26.740	0.0964
32	13	tracking	-845.375779	68.972813	-264.145543	-100.375	-34.740	0.0599
32	14	tracking	-845.036398	69.019217	-264.522830	-75.375	-42.740	0.0557
32	15	tracking	-844.705837	69.059505	-264.835665	-50.375	-50.740	0.0550
32	16	tracking	-844.453018	69.020488	-265.125996	-51.747	-42.740	0.0471
32	17	tracking	-844.168744	69.022079	-265.311434	-26.747	-34.740	0.0471
32	18	tracking	-843.901805	69.013678	-265.449573	-26.747	-26.740	0.0443
32	19	tracking	-843.651369	68.994298	-265.547667	-26.747	-25.689	0.0443
32	20	tracking	-843.427396	68.964524	-265.607733	-1.747	-17.689	0.0503
32	21	tracking	-843.238110	68.923876	-265.637344	23.253	-9.689	0.0539
32	22	tracking	-843.083839	68.872580	-265.645238	37.878	-7.940	0.0357
32	23	tracking	-842.959193	68.811228	-265.635803	37.878	-7.940	0.0363
32	24	tracking	-842.864355	68.739156	-265.619087	62.878	-15.940	0.0345
32	25	tracking	-842.794423	68.652491	-265.598263	67.848	-23.940	0.0299
32	26	tracking	-842.744866	68.545058	-265.574516	67.848	-31.940	0.0325
32	27	tracking	-842.711967	68.409131	-265.548775	67.848	-39.940	0.0272
32	28	tracking	-842.689995	68.237066	-265.517927	42.848	-47.168	0.0283
32	29	tracking	-842.674095	68.030865	-265.479020	17.848	-47.168	0.0245
32	30	tracking	-842.658221	67.793140	-265.430754	-7.152	-47.168	0.0234
32	31	tracking	-842.635752	67.526755	-265.374504	-32.152	-47.168	0.0249
32	32	tracking	-842.614023	67.223167	-265.310768	-7.152	-55.168	0.0226
32	33	tracking	-842.599218	66.883871	-265.239833	17.848	-55.963	0.0229
32	34	landing	-842.592442	66.523320	-265.156706	17.848	-47.963	0.0173
32	35	landing	-842.593323	66.143891	-265.061151	17.848	-47.963	0.0158
32	36	landing	-842.601529	65.747923	-264.952966	17.848	-47.963	0.0140
33	0	tracking	-850.645964	68.867102	-257.032114	-139.104	-4.000	0.1387
33	1	tracking	-849.991601	68.807284	-257.601772	-164.104	-0.670	0.0969
33	2	tracking	-849.422535	68.751906	-258.196524	170.896	-8.670	0.0923
33	3	tracking	-848.951149	68.710040	-258.797665	153.407	-16.670	0.0942
33	4	tracking	-848.533079	68.685017	-259.402840	178.407	-24.670	0.0817
33	5	tracking	-848.135704	68.677907	-259.999512	-156.593	-32.670	0.0774
33	6	tracking	-847.761383	68.687936	-260.584443	-159.186	-40.670	0.0851
33	7	tracking	-847.390151	68.712344	-261.142272	-134.186	-46.375	0.0833
33	8	tracking	-847.034052	68.747852	-261.683844	-150.375	-42.740	0.0822
33	9	tracking	-846.691437	68.790551	-262.210929	-150.375	-34.740	0.0711
33	10	tracking	-846.360385	68.836374	-262.725899	-150.375	-26.740	0.0664
33	11	tracking	-846.038924	68.880283	-263.231329	-150.375	-18.740	0.0660
33	12	tracking	-845.711981	68.925618	-263.710438	-125.375	-26.740	0.0637
33	13	tracking	-845.375779	68.972813	-264.145543	-100.375	-34.740	0.0595
33	14	tracking	-845.036398	69.019217	-264.522830	-75.375	-42.740	0.0584
33	15	tracking	-844.705837	69.059505	-264.835665	-50.375	-50.740	0.0837
33	16	tracking	-844.353018	69.020488	-265.125996	-51.747	-42.740	0.0636
33	17	tracking	-844.068744	69.022079	-265.311434	-26.747	-34.740	0.0406
33	18	tracking	-843.801805	69.013678	-265.449573	-26.747	-26.740	0.0376
33	19	tracking	-843.551369	68.994298	-265.547667	-26.747	-25.689	0.0355
33	20	tracking	-843.327396	68.964524	-265.607733	-1.747	-17.689	0.0305
33	21	tracking	-843.138110	68.923876	-265.637344	23.253	-9.689	0.0328
33	22	tracking	-842.983839	68.872580	-265.645238	37.878	-7.940	0.0300
33	23	tracking	-842.859193	68.811228	-265.635803	37.878	-7.940	0.0293
33	24	tracking	-842.764355	68.739156	-265.619087	62.878	-15.940	0.0243
33	25	tracking	-842.694423	68.652491	-265.598263	67.848	-23.940	0.0271
33	26	tracking	-842.644866	68.545058	-265.574516	67.848	-31.940	0.0221
33	27	tracking	-842.611967	68.409131	-265.548775	67.848	-39.940	0.0199
33	28	tracking	-842.589995	68.237066	-265.517927	42.848	-47.168	0.0182
33	29	tracking	-842.574095	68.030865	-265.479020	17.848	-47.168	0.0176
33	30	tracking	-842.558221	67.793140	-265.430754	-7.152	-47.168	0.0172
33	31	tracking	-842.535752	67.526755	-265.374504	-32.152	-47.168	0.0244
33	32	tracking	-842.514023	67.223167	-265.310768	-7.152	-55.168	0.0291
33	33	tracking	-842.499218	66.883871	-265.239833	17.848	-55.963	0.0175
33	34	landing	-842.492442	66.523320	-265.156706	17.848	-47.963	0.0141
33	35	landing	-842.493323	66.143891	-265.061151	17.848	-47.963	0.0101
33	36	landing	-842.501529	65.747923	-264.952966	17.848	-47.963	0.0098
34	0	tracking	-850.645964	68.867102	-257.032114	-139.104	-4.000	0.1316
34	1	tracking	-849.991601	68.807284	-257.601772	-164.104	-0.670	0.0981
34	2	tracking	-849.422535	68.751906	-258.196524	170.896	-8.670	0.0901
34	3	tracking	-848.951149	68.710040	-258.797665	153.407	-16.670	0.0967
34	4	tracking	-848.533079	68.685017	-259.402840	178.407	-24.670	0.0808
34	5	tracking	-848.135704	68.677907	-259.999512	-156.593	-32.670	0.0771
34	6	tracking	-847.761383	68.687936	-260.584443	-159.186	-40.670	0.0741
34	7	tracking	-847.390151	68.712344	-261.142272	-134.186	-46.375	0.0725
34	8	tracking	-847.034052	68.747852	-261.683844	-150.375	-42.740	0.0691
34	9	tracking	-846.691437	68.790551	-262.210929	-150.375	-34.740	0.0703
34	10	tracking	-846.360385	68.836374	-262.725899	-150.375	-26.740	0.0614
34	11	tracking	-846.038924	68.880283	-263.231329	-150.375	-18.740	0.0643
34	12	tracking	-845.711981	68.925618	-263.710438	-125.375	-26.740	0.0600
34	13	tracking	-845.375779	68.972813	-264.145543	-100.375	-34.740	0.0695
34	14	tracking	-845.036398	69.019217	-264.522830	-75.375	-42.740	0.0593
34	15	tracking	-844.705837	69.059505	-264.835665	-50.375	-50.740	0.0547
34	16	tracking	-844.453018	69.120488	-265.125996	-51.747	-42.740	0.0910
34	17	tracking	-844.168744	69.122079	-265.311434	-26.747	-34.740	0.0469
34	18	tracking	-843.901805	69.113678	-265.449573	-26.747	-26.740	0.0461
34	19	tracking	-843.651369	69.094298	-265.547667	-26.747	-25.689	0.0432
34	20	tracking	-843.427396	69.064524	-265.607733	-1.747	-17.689	0.0396
34	21	tracking	-843.238110	69.023876	-265.637344	23.253	-9.689	0.0406
34	22	tracking	-843.083839	68.972580	-265.645238	37.878	-7.940	0.0381
34	23	tracking	-842.959193	68.911228	-265.635803	37.878	-7.940	0.0385
34	24	tracking	-842.864355	68.839156	-265.619087	62.878	-15.940	0.0401
34	25	tracking	-842.794423	68.752491	-265.598263	67.848	-23.940	0.0291
34	26	tracking	-842.744866	68.645058	-265.574516	67.848	-31.940	0.0306
34	27	tracking	-842.711967	68.509131	-265.548775	67.848	-39.940	0.0259
34	28	tracking	-842.689995	68.337066	-265.517927	42.848	-47.168	0.0282
34	29	tracking	-842.674095	68.130865	-265.479020	17.848	-47.168	0.0236
34	30	tracking	-842.658221	67.893140	-265.430754	-7.152	-47.168	0.0225
34	31	tracking	-842.635752	67.626755	-265.374504	-32.152	-47.168	0.0217
34	32	tracking	-842.614023	67.323167	-265.310768	-7.152	-55.168	0.0207
34	33	tracking	-842.599218	66.983871	-265.239833	17.848	-55.963	0.0215
34	34	landing	-842.592442	66.623320	-265.156706	17.848	-47.963	0.0169
34	35	landing	-842.593323	66.243891	-265.061151	17.848	-47.963	0.0136
34	36	landing	-842.601529	65.847923	-264.952966	17.848	-47.963	0.0145
35	0	tracking	-850.645964	68.867102	-257.032114	-139.104	-4.000	0.1357
35	1	tracking	-849.991601	68.807284	-257.601772	-164.104	-0.670	0.0972
35	2	tracking	-849.422535	68.751906	-258.196524	170.896	-8.670	0.1039
35	3	tracking	-848.951149	68.710040	-258.797665	153.407	-16.670	0.0914
35	4	tracking	-848.533079	68.685017	-259.402840	178.407	-24.670	0.0872
35	5	tracking	-848.135704	68.677907	-259.999512	-156.593	-32.670	0.0782
35	6	tracking	-847.761383	68.687936	-260.584443	-159.186	-40.670	0.0754
35	7	tracking	-847.390151	68.712344	-261.142272	-134.186	-46.375	0.0736
35	8	tracking	-847.034052	68.747852	-261.683844	-150.375	-42.740	0.0704
35	9	tracking	-846.691437	68.790551	-262.210929	-150.375	-34.740	0.0712
35	10	tracking	-846.360385	68.836374	-262.725899	-150.375	-26.740	0.0668
35	11	tracking	-846.038924	68.880283	-263.231329	-150.375	-18.740	0.0659
35	12	tracking	-845.711981	68.925618	-263.710438	-125.375	-26.740	0.0606
35	13	tracking	-845.375779	68.972813	-264.145543	-100.375	-34.740	0.0584
35	14	tracking	-845.036398	69.019217	-264.522830	-75.375	-42.740	0.0543
35	15	tracking	-844.705837	69.059505	-264.835665	-50.375	-50.740	0.0555
35	16	tracking	-844.353018	69.120488	-265.125996	-51.747	-42.740	0.0473
35	17	tracking	-844.068744	69.122079	-265.311434	-26.747	-34.740	0.0425
35	18	tracking	-843.801805	69.113678	-265.449573	-26.747	-26.740	0.0363
35	19	tracking	-843.551369	69.094298	-265.547667	-26.747	-25.689	0.0414
35	20	tracking	-843.327396	69.064524	-265.607733	-1.747	-17.689	0.0403
35	21	tracking	-843.138110	69.023876	-265.637344	23.253	-9.689	0.0363
35	22	tracking	-842.983839	68.972580	-265.645238	37.878	-7.940	0.0285
35	23	tracking	-842.859193	68.911228	-265.635803	37.878	-7.940	0.0660
35	24	tracking	-842.764355	68.839156	-265.619087	62.878	-15.940	0.0398
35	25	tracking	-842.694423	68.752491	-265.598263	67.848	-23.940	0.0239
35	26	tracking	-842.644866	68.645058	-265.574516	67.848	-31.940	0.0221
35	27	tracking	-842.611967	68.509131	-265.548775	67.848	-39.940	0.0204
35	28	tracking	-842.589995	68.337066	-265.517927	42.848	-47.168	0.0229
35	29	tracking	-842.574095	68.130865	-265.479020	17.848	-47.168	0.0178
35	30	tracking	-842.558221	67.893140	-265.430754	-7.152	-47.168	0.0170
35	31	tracking	-842.535752	67.626755	-265.374504	-32.152	-47.168	0.0170
35	32	tracking	-842.514023	67.323167	-265.310768	-7.152	-55.168	0.0164
35	33	tracking	-842.499218	66.983871	-265.239833	17.848	-55.963	0.0145
35	34	landing	-842.492442	66.623320	-265.156706	17.848	-47.963	0.0122
35	35	landing	-842.493323	66.243891	-265.061151	17.848	-47.963	0.0109
35	36	landing	-842.501529	65.847923	-264.952966	17.848	-47.963	0.0141
36	0	tracking	-850.645964	68.867102	-257.032114	-139.104	-4.000	0.1671
36	1	tracking	-849.991601	68.807284	-257.601772	-164.104	-0.670	0.0983
36	2	tracking	-849.422535	68.751906	-258.196524	170.896	-8.670	0.0921
36	3	tracking	-848.951149	68.710040	-258.797665	153.407	-16.670	0.0901
36	4	tracking	-848.533079	68.685017	-259.402840	178.407	-24.670	0.0820
36	5	tracking	-848.135704	68.677907	-259.999512	-156.593	-32.670	0.0793
36	6	tracking	-847.761383	68.687936	-260.584443	-159.186	-40.670	0.0788
36	7	tracking	-847.390151	68.712344	-261.142272	-134.186	-46.375	0.0800
36	8	tracking	-847.034052	68.747852	-261.683844	-150.375	-42.740	0.0840
36	9	tracking	-846.691437	68.790551	-262.210929	-150.375	-34.740	0.0794
36	10	tracking	-846.360385	68.836374	-262.725899	-150.375	-26.740	0.0688
36	11	tracking	-846.038924	68.880283	-263.231329	-150.375	-18.740	0.0669
36	12	tracking	-845.711981	68.925618	-263.710438	-125.375	-26.740	0.0637
36	13	tracking	-845.375779	68.972813	-264.145543	-100.375	-34.740	0.0738
36	14	tracking	-845.036398	69.019217	-264.522830	-75.375	-42.740	0.0580
36	15	tracking	-844.705837	69.059505	-264.835665	-50.375	-50.740	0.0539
36	16	tracking	-844.453018	69.020488	-265.025996	-51.747	-42.740	0.0497
36	17	tracking	-844.168744	69.022079	-265.211434	-26.747	-34.740	0.0457
36	18	tracking	-843.901805	69.013678	-265.349573	-26.747	-26.740	0.0414
36	19	tracking	-843.651369	68.994298	-265.447667	-26.747	-25.689	0.0422
36	20	tracking	-843.427396	68.964524	-265.507733	-1.747	-17.689	0.0409
36	21	tracking	-843.238110	68.923876	-265.537344	23.253	-9.689	0.0367
36	22	tracking	-843.083839	68.872580	-265.545238	37.878	-7.940	0.0376
36	23	tracking	-842.959193	68.811228	-265.535803	37.878	-7.940	0.0328
36	24	tracking	-842.864355	68.739156	-265.519087	62.878	-15.940	0.0354
36	25	tracking	-842.794423	68.652491	-265.498263	67.848	-23.940	0.0324
36	26	tracking	-842.744866	68.545058	-265.474516	67.848	-31.940	0.0346
36	27	tracking	-842.711967	68.409131	-265.448775	67.848	-39.940	0.0287
36	28	tracking	-842.689995	68.237066	-265.417927	42.848	-47.168	0.0312
36	29	tracking	-842.674095	68.030865	-265.379020	17.848	-47.168	0.0267
36	30	tracking	-842.658221	67.793140	-265.330754	-7.152	-47.168	0.0271
36	31	tracking	-842.635752	67.526755	-265.274504	-32.152	-47.168	0.0227
36	32	tracking	-842.614023	67.223167	-265.210768	-7.152	-55.168	0.0215
36	33	tracking	-842.599218	66.883871	-265.139833	17.848	-55.963	0.0252
36	34	landing	-842.592442	66.523320	-265.056706	17.848	-47.963	0.0202
36	35	landing	-842.593323	66.143891	-264.961151	17.848	-47.963	0.0194
36	36	landing	-842.601529	65.747923	-264.852966	17.848	-47.963	0.0166
37	0	tracking	-850.645964	68.867102	-257.032114	-139.104	-4.000	0.1352
37	1	tracking	-849.991601	68.807284	-257.601772	-164.104	-0.670	0.1070
37	2	tracking	-849.422535	68.751906	-258.196524	170.896	-8.670	0.0961
37	3	tracking	-848.951149	68.710040	-258.797665	153.407	-16.670	0.0926
37	4	tracking	-848.533079	68.685017	-259.402840	178.407	-24.670	0.0854
37	5	tracking	-848.135704	68.677907	-259.999512	-156.593	-32.670	0.0799
37	6	tracking	-847.761383	68.687936	-260.584443	-159.186	-40.670	0.1913
37	7	tracking	-847.390151	68.712344	-261.142272	-134.186	-46.375	0.1019
37	8	tracking	-847.034052	68.747852	-261.683844	-150.375	-42.740	0.0931
37	9	tracking	-846.691437	68.790551	-262.210929	-150.375	-34.740	0.0733
37	10	tracking	-846.360385	68.836374	-262.725899	-150.375	-26.740	0.0710
37	11	tracking	-846.038924	68.880283	-263.231329	-150.375	-18.740	0.0670
37	12	tracking	-845.711981	68.925618	-263.710438	-125.375	-26.740	0.0722
37	13	tracking	-845.375779	68.972813	-264.145543	-100.375	-34.740	0.0781
37	14	tracking	-845.036398	69.019217	-264.522830	-75.375	-42.740	0.0852
37	15	tracking	-844.705837	69.059505	-264.835665	-50.375	-50.740	0.0555
37	16	tracking	-844.353018	69.020488	-265.025996	-51.747	-42.740	0.0403
37	17	tracking	-844.068744	69.022079	-265.211434	-26.747	-34.740	0.0416
37	18	tracking	-843.801805	69.013678	-265.349573	-26.747	-26.740	0.0353
37	19	tracking	-843.551369	68.994298	-265.447667	-26.747	-25.689	0.0376
37	20	tracking	-843.327396	68.964524	-265.507733	-1.747	-17.689	0.0305
37	21	tracking	-843.138110	68.923876	-265.537344	23.253	-9.689	0.0338
37	22	tracking	-842.983839	68.872580	-265.545238	37.878	-7.940	0.0284
37	23	tracking	-842.859193	68.811228	-265.535803	37.878	-7.940	0.0314
37	24	tracking	-842.764355	68.739156	-265.519087	62.878	-15.940	0.0278
37	25	tracking	-842.694423	68.652491	-265.498263	67.848	-23.940	0.0267
37	26	tracking	-842.644866	68.545058	-265.474516	67.848	-31.940	0.0277
37	27	tracking	-842.611967	68.409131	-265.448775	67.848	-39.940	0.0236
37	28	tracking	-842.589995	68.237066	-265.417927	42.848	-47.168	0.0267
37	29	tracking	-842.574095	68.030865	-265.379020	17.848	-47.168	0.0219
37	30	tracking	-842.558221	67.793140	-265.330754	-7.152	-47.168	0.0196
37	31	tracking	-842.535752	67.526755	-265.274504	-32.152	-47.168	0.0176
37	32	tracking	-842.514023	67.223167	-265.210768	-7.152	-55.168	0.0283
37	33	tracking	-842.499218	66.883871	-265.139833	17.848	-55.963	0.0292
37	34	landing	-842.492442	66.523320	-265.056706	17.848	-47.963	0.0219
37	35	landing	-842.493323	66.143891	-264.961151	17.848	-47.963	0.0179
37	36	landing	-842.501529	65.747923	-264.852966	17.848	-47.963	0.0578
38	0	tracking	-850.645964	68.867102	-257.032114	-139.104	-4.000	0.2847
38	1	tracking	-849.991601	68.807284	-257.601772	-164.104	-0.670	0.2389
38	2	tracking	-849.422535	68.751906	-258.196524	170.896	-8.670	0.1980
38	3	tracking	-848.951149	68.710040	-258.797665	153.407	-16.670	0.1900
38	4	tracking	-848.533079	68.685017	-259.402840	178.407	-24.670	0.2923
38	5	tracking	-848.135704	68.677907	-259.999512	-156.593	-32.670	0.2276
38	6	tracking	-847.761383	68.687936	-260.584443	-159.186	-40.670	0.1712
38	7	tracking	-847.390151	68.712344	-261.142272	-134.186	-46.375	0.1559
38	8	tracking	-847.034052	68.747852	-261.683844	-150.375	-42.740	0.1512
38	9	tracking	-846.691437	68.790551	-262.210929	-150.375	-34.740	0.1490
38	10	tracking	-846.360385	68.836374	-262.725899	-150.375	-26.740	0.1417
38	11	tracking	-846.038924	68.880283	-263.231329	-150.375	-18.740	0.1330
38	12	tracking	-845.711981	68.925618	-263.710438	-125.375	-26.740	0.1281
38	13	tracking	-845.375779	68.972813	-264.145543	-100.375	-34.740	0.1228
38	14	tracking	-845.036398	69.019217	-264.522830	-75.375	-42.740	0.0855
38	15	tracking	-844.705837	69.059505	-264.835665	-50.375	-50.740	0.0545
38	16	tracking	-844.453018	69.120488	-265.025996	-51.747	-42.740	0.0513
38	17	tracking	-844.168744	69.122079	-265.211434	-26.747	-34.740	0.0513
38	18	tracking	-843.901805	69.113678	-265.349573	-26.747	-26.740	0.0456
38	19	tracking	-843.651369	69.094298	-265.447667	-26.747	-25.689	0.0386
38	20	tracking	-843.427396	69.064524	-265.507733	-1.747	-17.689	0.0398
38	21	tracking	-843.238110	69.023876	-265.537344	23.253	-9.689	0.0346
38	22	tracking	-843.083839	68.972580	-265.545238	37.878	-7.940	0.0359
38	23	tracking	-842.959193	68.911228	-265.535803	37.878	-7.940	0.0374
38	24	tracking	-842.864355	68.839156	-265.519087	62.878	-15.940	0.0505
38	25	tracking	-842.794423	68.752491	-265.498263	67.848	-23.940	0.0450
38	26	tracking	-842.744866	68.645058	-265.474516	67.848	-31.940	0.0384
38	27	tracking	-842.711967	68.509131	-265.448775	67.848	-39.940	0.0295
38	28	tracking	-842.689995	68.337066	-265.417927	42.848	-47.168	0.0304
38	29	tracking	-842.674095	68.130865	-265.379020	17.848	-47.168	0.0260
38	30	tracking	-842.658221	67.893140	-265.330754	-7.152	-47.168	0.0269
38	31	tracking	-842.635752	67.626755	-265.274504	-32.152	-47.168	0.0213
38	32	tracking	-842.614023	67.323167	-265.210768	-7.152	-55.168	0.0207
38	33	tracking	-842.599218	66.983871	-265.139833	17.848	-55.963	0.0187
38	34	landing	-842.592442	66.623320	-265.056706	17.848	-47.963	0.0164
38	35	landing	-842.593323	66.243891	-264.961151	17.848	-47.963	0.0142
38	36	landing	-842.601529	65.847923	-264.852966	17.848	-47.963	0.0169
39	0	tracking	-850.645964	68.867102	-257.032114	-139.104	-4.000	0.1505
39	1	tracking	-849.991601	68.807284	-257.601772	-164.104	-0.670	0.1028
39	2	tracking	-849.422535	68.751906	-258.196524	170.896	-8.670	0.1086
39	3	tracking	-848.951149	68.710040	-258.797665	153.407	-16.670	0.0901
39	4	tracking	-848.533079	68.685017	-259.402840	178.407	-24.670	0.0842
39	5	tracking	-848.135704	68.677907	-259.999512	-156.593	-32.670	0.0778
39	6	tracking	-847.761383	68.687936	-260.584443	-159.186	-40.670	0.0764
39	7	tracking	-847.390151	68.712344	-261.142272	-134.186	-46.375	0.0774
39	8	tracking	-847.034052	68.747852	-261.683844	-150.375	-42.740	0.0736
39	9	tracking	-846.691437	68.790551	-262.210929	-150.375	-34.740	0.0925
39	10	tracking	-846.360385	68.836374	-262.725899	-150.375	-26.740	0.0803
39	11	tracking	-846.038924	68.880283	-263.231329	-150.375	-18.740	0.0699
39	12	tracking	-845.711981	68.925618	-263.710438	-125.375	-26.740	0.0664
39	13	tracking	-845.375779	68.972813	-264.145543	-100.375	-34.740	0.0736
39	14	tracking	-845.036398	69.019217	-264.522830	-75.375	-42.740	0.0894
39	15	tracking	-844.705837	69.059505	-264.835665	-50.375	-50.740	0.0583
39	16	tracking	-844.353018	69.120488	-265.025996	-51.747	-42.740	0.0492
39	17	tracking	-844.068744	69.122079	-265.211434	-26.747	-34.740	0.0603
39	18	tracking	-843.801805	69.113678	-265.349573	-26.747	-26.740	0.0400
39	19	tracking	-843.551369	69.094298	-265.447667	-26.747	-25.689	0.0383
39	20	tracking	-843.327396	69.064524	-265.507733	-1.747	-17.689	0.0327
39	21	tracking	-843.138110	69.023876	-265.537344	23.253	-9.689	0.0327
39	22	tracking	-842.983839	68.972580	-265.545238	37.878	-7.940	0.0298
39	23	tracking	-842.859193	68.911228	-265.535803	37.878	-7.940	0.0288
39	24	tracking	-842.764355	68.839156	-265.519087	62.878	-15.940	0.0249
39	25	tracking	-842.694423	68.752491	-265.498263	67.848	-23.940	0.0236
39	26	tracking	-842.644866	68.645058	-265.474516	67.848	-31.940	0.0226
39	27	tracking	-842.611967	68.509131	-265.448775	67.848	-39.940	0.0215
39	28	tracking	-842.589995	68.337066	-265.417927	42.848	-47.168	0.0234
39	29	tracking	-842.574095	68.130865	-265.379020	17.848	-47.168	0.0196
39	30	tracking	-842.558221	67.893140	-265.330754	-7.152	-47.168	0.0189
39	31	tracking	-842.535752	67.626755	-265.274504	-32.152	-47.168	0.0187
39	32	tracking	-842.514023	67.323167	-265.210768	-7.152	-55.168	0.0142
39	33	tracking	-842.499218	66.983871	-265.139833	17.848	-55.963	0.0128
39	34	landing	-842.492442	66.623320	-265.056706	17.848	-47.963	0.0109
39	35	landing	-842.493323	66.243891	-264.961151	17.848	-47.963	0.0096
39	36	landing	-842.501529	65.847923	-264.852966	17.848	-47.963	0.0085
40	0	tracking	-850.645964	68.867102	-257.032114	-139.104	-4.000	0.1464
40	1	tracking	-849.991601	68.807284	-257.601772	-164.104	-0.670	0.1227
40	2	tracking	-849.422535	68.751906	-258.196524	170.896	-8.670	0.0952
40	3	tracking	-848.951149	68.710040	-258.797665	153.407	-16.670	0.0872
40	4	tracking	-848.533079	68.685017	-259.402840	178.407	-24.670	0.0822
40	5	tracking	-848.135704	68.677907	-259.999512	-156.593	-32.670	0.0776
40	6	tracking	-847.761383	68.687936	-260.584443	-159.186	-40.670	0.0758
40	7	tracking	-847.390151	68.712344	-261.142272	-134.186	-46.375	0.0725
40	8	tracking	-847.034052	68.747852	-261.683844	-150.375	-42.740	0.0701
40	9	tracking	-846.691437	68.790551	-262.210929	-150.375	-34.740	0.0703
40	10	tracking	-846.360385	68.836374	-262.725899	-150.375	-26.740	0.0662
40	11	tracking	-846.038924	68.880283	-263.231329	-150.375	-18.740	0.0648
40	12	tracking	-845.711981	68.925618	-263.710438	-125.375	-26.740	0.0616
40	13	tracking	-845.375779	68.972813	-264.145543	-100.375	-34.740	0.0590
40	14	tracking	-845.036398	69.019217	-264.522830	-75.375	-42.740	0.0562
40	15	tracking	-844.705837	69.059505	-264.835665	-50.375	-50.740	0.0512
40	16	tracking	-844.415620	69.023036	-265.124610	-51.747	-42.740	0.0480
40	17	tracking	-844.097061	69.029038	-265.306901	-26.747	-34.740	0.0572
40	18	tracking	-843.798684	69.026175	-265.440471	-26.747	-26.740	0.0530
40	19	tracking	-843.519426	69.013213	-265.532885	-26.747	-25.689	0.0398
40	20	tracking	-843.269721	68.990118	-265.586191	-1.747	-17.689	0.0411
40	21	tracking	-843.058141	68.955876	-265.608305	23.253	-9.689	0.0485
40	22	tracking	-842.884882	68.910607	-265.608391	37.878	-7.940	0.0383
40	23	tracking	-842.744080	68.854907	-265.591021	37.878	-7.940	0.0362
40	24	tracking	-842.635773	68.788444	-265.566761	62.878	-15.940	0.0321
40	25	tracking	-842.554603	68.707564	-265.538903	67.848	-23.940	0.0330
40	26	tracking	-842.495643	68.606245	-265.508642	67.848	-31.940	0.0293
40	27	tracking	-842.454868	68.476869	-265.476893	67.848	-39.940	0.0321
40	28	tracking	-842.426185	68.311839	-265.440359	42.848	-47.168	0.0282
40	29	tracking	-842.404408	68.113002	-265.396068	17.848	-47.168	0.0258
40	30	tracking	-842.383269	67.882833	-265.342776	-7.152	-47.168	0.0237
40	31	tracking	-842.356022	67.624112	-265.281908	-32.152	-47.168	0.0215
40	32	tracking	-842.330011	67.328419	-265.213856	-7.152	-55.168	0.0302
40	33	tracking	-842.311440	66.997192	-265.138920	17.848	-55.963	0.0190
40	34	landing	-842.301315	66.644634	-265.052208	17.848	-47.963	0.0169
40	35	landing	-842.299201	66.273050	-264.953494	17.848	-47.963	0.0179
40	36	landing	-842.304713	65.884723	-264.842573	17.848	-47.963	0.0136
41	0	tracking	-850.645964	68.867102	-257.032114	-139.104	-4.000	0.1451
41	1	tracking	-849.991601	68.807284	-257.601772	-164.104	-0.670	0.1007
41	2	tracking	-849.422535	68.751906	-258.196524	170.896	-8.670	0.0973
41	3	tracking	-848.951149	68.710040	-258.797665	153.407	-16.670	0.0900
41	4	tracking	-848.533079	68.685017	-259.402840	178.407	-24.670	0.0847
41	5	tracking	-848.135704	68.677907	-259.999512	-156.593	-32.670	0.0931
41	6	tracking	-847.761383	68.687936	-260.584443	-159.186	-40.670	0.0825
41	7	tracking	-847.390151	68.712344	-261.142272	-134.186	-46.375	0.0758
41	8	tracking	-847.034052	68.747852	-261.683844	-150.375	-42.740	0.0720
41	9	tracking	-846.691437	68.790551	-262.210929	-150.375	-34.740	0.0723
41	10	tracking	-846.360385	68.836374	-262.725899	-150.375	-26.740	0.0671
41	11	tracking	-846.038924	68.880283	-263.231329	-150.375	-18.740	0.0662
41	12	tracking	-845.711981	68.925618	-263.710438	-125.375	-26.740	0.0710
41	13	tracking	-845.375779	68.972813	-264.145543	-100.375	-34.740	0.0607
41	14	tracking	-845.036398	69.019217	-264.522830	-75.375	-42.740	0.0575
41	15	tracking	-844.705837	69.059505	-264.835665	-50.375	-50.740	0.0560
41	16	tracking	-844.315620	69.023036	-265.124610	-51.747	-42.740	0.0503
41	17	tracking	-843.997061	69.029038	-265.306901	-26.747	-34.740	0.0510
41	18	tracking	-843.698684	69.026175	-265.440471	-26.747	-26.740	0.0462
41	19	tracking	-843.419426	69.013213	-265.532885	-26.747	-25.689	0.0427
41	20	tracking	-843.169721	68.990118	-265.586191	-1.747	-17.689	0.0433
41	21	tracking	-842.958141	68.955876	-265.608305	23.253	-9.689	0.0412
41	22	tracking	-842.784882	68.910607	-265.608391	37.878	-7.940	0.0371
41	23	tracking	-842.644080	68.854907	-265.591021	37.878	-7.940	0.0376
41	24	tracking	-842.535773	68.788444	-265.566761	62.878	-15.940	0.0320
41	25	tracking	-842.454603	68.707564	-265.538903	67.848	-23.940	0.0392
41	26	tracking	-842.395643	68.606245	-265.508642	67.848	-31.940	0.0368
41	27	tracking	-842.354868	68.476869	-265.476893	67.848	-39.940	0.0358
41	28	tracking	-842.326185	68.311839	-265.440359	42.848	-47.168	0.0275
41	29	tracking	-842.304408	68.113002	-265.396068	17.848	-47.168	0.0313
41	30	tracking	-842.283269	67.882833	-265.342776	-7.152	-47.168	0.0254
41	31	tracking	-842.256022	67.624112	-265.281908	-32.152	-47.168	0.0221
41	32	tracking	-842.230011	67.328419	-265.213856	-7.152	-55.168	0.0212
41	33	tracking	-842.211440	66.997192	-265.138920	17.848	-55.963	0.0192
41	34	landing	-842.201315	66.644634	-265.052208	17.848	-47.963	0.0203
41	35	landing	-842.199201	66.273050	-264.953494	17.848	-47.963	0.0149
41	36	landing	-842.204713	65.884723	-264.842573	17.848	-47.963	0.0138
42	0	tracking	-850.645964	68.867102	-257.032114	-139.104	-4.000	0.2651
42	1	tracking	-849.991601	68.807284	-257.601772	-164.104	-0.670	0.3094
42	2	tracking	-849.422535	68.751906	-258.196524	170.896	-8.670	0.1505
42	3	tracking	-848.951149	68.710040	-258.797665	153.407	-16.670	0.1320
42	4	tracking	-848.533079	68.685017	-259.402840	178.407	-24.670	0.1288
42	5	tracking	-848.135704	68.677907	-259.999512	-156.593	-32.670	0.1179
42	6	tracking	-847.761383	68.687936	-260.584443	-159.186	-40.670	0.1178
42	7	tracking	-847.390151	68.712344	-261.142272	-134.186	-46.375	0.1617
42	8	tracking	-847.034052	68.747852	-261.683844	-150.375	-42.740	0.0877
42	9	tracking	-846.691437	68.790551	-262.210929	-150.375	-34.740	0.0855
42	10	tracking	-846.360385	68.836374	-262.725899	-150.375	-26.740	0.0833
42	11	tracking	-846.038924	68.880283	-263.231329	-150.375	-18.740	0.0630
42	12	tracking	-845.711981	68.925618	-263.710438	-125.375	-26.740	0.0635
42	13	tracking	-845.375779	68.972813	-264.145543	-100.375	-34.740	0.0605
42	14	tracking	-845.036398	69.019217	-264.522830	-75.375	-42.740	0.0567
42	15	tracking	-844.705837	69.059505	-264.835665	-50.375	-50.740	0.0554
42	16	tracking	-844.415620	69.123036	-265.124610	-51.747	-42.740	0.0718
42	17	tracking	-844.097061	69.129038	-265.306901	-26.747	-34.740	0.0493
42	18	tracking	-843.798684	69.126175	-265.440471	-26.747	-26.740	0.0476
42	19	tracking	-843.519426	69.113213	-265.532885	-26.747	-25.689	0.0449
42	20	tracking	-843.269721	69.090118	-265.586191	-1.747	-17.689	0.0407
42	21	tracking	-843.058141	69.055876	-265.608305	23.253	-9.689	0.0415
42	22	tracking	-842.884882	69.010607	-265.608391	37.878	-7.940	0.0393
42	23	tracking	-842.744080	68.954907	-265.591021	37.878	-7.940	0.0340
42	24	tracking	-842.635773	68.888444	-265.566761	62.878	-15.940	0.0358
42	25	tracking	-842.554603	68.807564	-265.538903	67.848	-23.940	0.0309
42	26	tracking	-842.495643	68.706245	-265.508642	67.848	-31.940	0.0332
42	27	tracking	-842.454868	68.576869	-265.476893	67.848	-39.940	0.0282
42	28	tracking	-842.426185	68.411839	-265.440359	42.848	-47.168	0.0316
42	29	tracking	-842.404408	68.213002	-265.396068	17.848	-47.168	0.0270
42	30	tracking	-842.383269	67.982833	-265.342776	-7.152	-47.168	0.0251
42	31	tracking	-842.356022	67.724112	-265.281908	-32.152	-47.168	0.0220
42	32	tracking	-842.330011	67.428419	-265.213856	-7.152	-55.168	0.0228
42	33	tracking	-842.311440	67.097192	-265.138920	17.848	-55.963	0.0240
42	34	landing	-842.301315	66.744634	-265.052208	17.848	-47.963	0.0171
42	35	landing	-842.299201	66.373050	-264.953494	17.848	-47.963	0.0145
42	36	landing	-842.304713	65.984723	-264.842573	17.848	-47.963	0.0140
43	0	tracking	-850.645964	68.867102	-257.032114	-139.104	-4.000	0.1778
43	1	tracking	-849.991601	68.807284	-257.601772	-164.104	-0.670	0.1092
43	2	tracking	-849.422535	68.751906	-258.196524	170.896	-8.670	0.0991
43	3	tracking	-848.951149	68.710040	-258.797665	153.407	-16.670	0.0938
43	4	tracking	-848.533079	68.685017	-259.402840	178.407	-24.670	0.0869
43	5	tracking	-848.135704	68.677907	-259.999512	-156.593	-32.670	0.0895
43	6	tracking	-847.761383	68.687936	-260.584443	-159.186	-40.670	0.0785
43	7	tracking	-847.390151	68.712344	-261.142272	-134.186	-46.375	0.0780
43	8	tracking	-847.034052	68.747852	-261.683844	-150.375	-42.740	0.0757
43	9	tracking	-846.691437	68.790551	-262.210929	-150.375	-34.740	0.0773
43	10	tracking	-846.360385	68.836374	-262.725899	-150.375	-26.740	0.0842
43	11	tracking	-846.038924	68.880283	-263.231329	-150.375	-18.740	0.0772
43	12	tracking	-845.711981	68.925618	-263.710438	-125.375	-26.740	0.0699
43	13	tracking	-845.375779	68.972813	-264.145543	-100.375	-34.740	0.1875
43	14	tracking	-845.036398	69.019217	-264.522830	-75.375	-42.740	0.1304
43	15	tracking	-844.705837	69.059505	-264.835665	-50.375	-50.740	0.1410
43	16	tracking	-844.315620	69.123036	-265.124610	-51.747	-42.740	0.1279
43	17	tracking	-843.997061	69.129038	-265.306901	-26.747	-34.740	0.1093
43	18	tracking	-843.698684	69.126175	-265.440471	-26.747	-26.740	0.1018
43	19	tracking	-843.419426	69.113213	-265.532885	-26.747	-25.689	0.0941
43	20	tracking	-843.169721	69.090118	-265.586191	-1.747	-17.689	0.0941
43	21	tracking	-842.958141	69.055876	-265.608305	23.253	-9.689	0.0831
43	22	tracking	-842.784882	69.010607	-265.608391	37.878	-7.940	0.1224
43	23	tracking	-842.644080	68.954907	-265.591021	37.878	-7.940	0.0517
43	24	tracking	-842.535773	68.888444	-265.566761	62.878	-15.940	0.0395
43	25	tracking	-842.454603	68.807564	-265.538903	67.848	-23.940	0.0373
43	26	tracking	-842.395643	68.706245	-265.508642	67.848	-31.940	0.0305
43	27	tracking	-842.354868	68.576869	-265.476893	67.848	-39.940	0.0325
43	28	tracking	-842.326185	68.411839	-265.440359	42.848	-47.168	0.0283
43	29	tracking	-842.304408	68.213002	-265.396068	17.848	-47.168	0.0259
43	30	tracking	-842.283269	67.982833	-265.342776	-7.152	-47.168	0.0279
43	31	tracking	-842.256022	67.724112	-265.281908	-32.152	-47.168	0.0228
43	32	tracking	-842.230011	67.428419	-265.213856	-7.152	-55.168	0.0257
43	33	tracking	-842.211440	67.097192	-265.138920	17.848	-55.963	0.0203
43	34	landing	-842.201315	66.744634	-265.052208	17.848	-47.963	0.0177
43	35	landing	-842.199201	66.373050	-264.953494	17.848	-47.963	0.0181
43	36	landing	-842.204713	65.984723	-264.842573	17.848	-47.963	0.0139
44	0	tracking	-850.645964	68.867102	-257.032114	-139.104	-4.000	0.1599
44	1	tracking	-849.991601	68.807284	-257.601772	-164.104	-0.670	0.1146
44	2	tracking	-849.422535	68.751906	-258.196524	170.896	-8.670	0.1029
44	3	tracking	-848.951149	68.710040	-258.797665	153.407	-16.670	0.1084
44	4	tracking	-848.533079	68.685017	-259.402840	178.407	-24.670	0.1026
44	5	tracking	-848.135704	68.677907	-259.999512	-156.593	-32.670	0.0854
44	6	tracking	-847.761383	68.687936	-260.584443	-159.186	-40.670	0.0954
44	7	tracking	-847.390151	68.712344	-261.142272	-134.186	-46.375	0.0828
44	8	tracking	-847.034052	68.747852	-261.683844	-150.375	-42.740	0.0791
44	9	tracking	-846.691437	68.790551	-262.210929	-150.375	-34.740	0.0804
44	10	tracking	-846.360385	68.836374	-262.725899	-150.375	-26.740	0.0730
44	11	tracking	-846.038924	68.880283	-263.231329	-150.375	-18.740	0.0718
44	12	tracking	-845.711981	68.925618	-263.710438	-125.375	-26.740	0.0709
44	13	tracking	-845.375779	68.972813	-264.145543	-100.375	-34.740	0.0643
44	14	tracking	-845.036398	69.019217	-264.522830	-75.375	-42.740	0.0610
44	15	tracking	-844.705837	69.059505	-264.835665	-50.375	-50.740	0.0595
44	16	tracking	-844.415620	69.023036	-265.024610	-51.747	-42.740	1.6789
44	17	tracking	-844.097061	69.029038	-265.206901	-26.747	-34.740	0.1897
44	18	tracking	-843.798684	69.026175	-265.340471	-26.747	-26.740	0.3605
44	19	tracking	-843.519426	69.013213	-265.432885	-26.747	-25.689	0.4837
44	20	tracking	-843.269721	68.990118	-265.486191	-1.747	-17.689	0.1884
44	21	tracking	-843.058141	68.955876	-265.508305	23.253	-9.689	0.1700
44	22	tracking	-842.884882	68.910607	-265.508391	37.878	-7.940	0.2605
44	23	tracking	-842.744080	68.854907	-265.491021	37.878	-7.940	0.2756
44	24	tracking	-842.635773	68.788444	-265.466761	62.878	-15.940	0.1873
44	25	tracking	-842.554603	68.707564	-265.438903	67.848	-23.940	0.1885
44	26	tracking	-842.495643	68.606245	-265.408642	67.848	-31.940	0.1947
44	27	tracking	-842.454868	68.476869	-265.376893	67.848	-39.940	0.1636
44	28	tracking	-842.426185	68.311839	-265.340359	42.848	-47.168	0.1722
44	29	tracking	-842.404408	68.113002	-265.296068	17.848	-47.168	0.1755
44	30	tracking	-842.383269	67.882833	-265.242776	-7.152	-47.168	0.1644
44	31	tracking	-842.356022	67.624112	-265.181908	-32.152	-47.168	0.1730
44	32	tracking	-842.330011	67.328419	-265.113856	-7.152	-55.168	0.1694
44	33	tracking	-842.311440	66.997192	-265.038920	17.848	-55.963	0.1682
44	34	landing	-842.309142	66.644634	-264.956791	42.848	-47.963	0.0363
44	35	landing	-842.322169	66.272571	-264.867363	42.848	-47.963	0.0350
44	36	landing	-842.349784	65.883016	-264.770424	42.848	-47.963	0.0301
45	0	tracking	-850.645964	68.867102	-257.032114	-139.104	-4.000	0.2645
45	1	tracking	-849.991601	68.807284	-257.601772	-164.104	-0.670	0.1967
45	2	tracking	-849.422535	68.751906	-258.196524	170.896	-8.670	0.1270
45	3	tracking	-848.951149	68.710040	-258.797665	153.407	-16.670	0.1498
45	4	tracking	-848.533079	68.685017	-259.402840	178.407	-24.670	0.1197
45	5	tracking	-848.135704	68.677907	-259.999512	-156.593	-32.670	0.0905
45	6	tracking	-847.761383	68.687936	-260.584443	-159.186	-40.670	0.0840
45	7	tracking	-847.390151	68.712344	-261.142272	-134.186	-46.375	0.0856
45	8	tracking	-847.034052	68.747852	-261.683844	-150.375	-42.740	0.0807
45	9	tracking	-846.691437	68.790551	-262.210929	-150.375	-34.740	0.0944
45	10	tracking	-846.360385	68.836374	-262.725899	-150.375	-26.740	0.1460
45	11	tracking	-846.038924	68.880283	-263.231329	-150.375	-18.740	0.1465
45	12	tracking	-845.711981	68.925618	-263.710438	-125.375	-26.740	0.1443
45	13	tracking	-845.375779	68.972813	-264.145543	-100.375	-34.740	0.1097
45	14	tracking	-845.036398	69.019217	-264.522830	-75.375	-42.740	0.0948
45	15	tracking	-844.705837	69.059505	-264.835665	-50.375	-50.740	0.0912
45	16	tracking	-844.315620	69.023036	-265.024610	-51.747	-42.740	0.3350
45	17	tracking	-843.997061	69.029038	-265.206901	-26.747	-34.740	0.2358
45	18	tracking	-843.698684	69.026175	-265.340471	-26.747	-26.740	0.1700
45	19	tracking	-843.419426	69.013213	-265.432885	-26.747	-25.689	0.1336
45	20	tracking	-843.169721	68.990118	-265.486191	-1.747	-17.689	0.1344
45	21	tracking	-842.958141	68.955876	-265.508305	23.253	-9.689	0.1451
45	22	tracking	-842.784882	68.910607	-265.508391	37.878	-7.940	0.1995
45	23	tracking	-842.644080	68.854907	-265.491021	37.878	-7.940	0.1855
45	24	tracking	-842.535773	68.788444	-265.466761	62.878	-15.940	0.2821
45	25	tracking	-842.454603	68.707564	-265.438903	67.848	-23.940	0.1963
45	26	tracking	-842.395643	68.606245	-265.408642	67.848	-31.940	0.1871
45	27	tracking	-842.354868	68.476869	-265.376893	67.848	-39.940	0.1745
45	28	tracking	-842.326185	68.311839	-265.340359	42.848	-47.168	0.2624
45	29	tracking	-842.304408	68.113002	-265.296068	17.848	-47.168	0.1959
45	30	tracking	-842.283269	67.882833	-265.242776	-7.152	-47.168	0.1749
45	31	tracking	-842.256022	67.624112	-265.181908	-32.152	-47.168	0.1925
45	32	tracking	-842.230011	67.328419	-265.113856	-7.152	-55.168	0.1715
45	33	tracking	-842.211440	66.997192	-265.038920	17.848	-55.963	0.1454
45	34	landing	-842.209142	66.644634	-264.956791	42.848	-47.963	0.0377
45	35	landing	-842.222169	66.272571	-264.867363	42.848	-47.963	0.0260
45	36	landing	-842.249784	65.883016	-264.770424	42.848	-47.963	0.0287
46	0	tracking	-850.645964	68.867102	-257.032114	-139.104	-4.000	0.2514
46	1	tracking	-849.991601	68.807284	-257.601772	-164.104	-0.670	0.1783
46	2	tracking	-849.422535	68.751906	-258.196524	170.896	-8.670	0.2828
46	3	tracking	-848.951149	68.710040	-258.797665	153.407	-16.670	0.1829
46	4	tracking	-848.533079	68.685017	-259.402840	178.407	-24.670	0.1650
46	5	tracking	-848.135704	68.677907	-259.999512	-156.593	-32.670	0.2031
46	6	tracking	-847.761383	68.687936	-260.584443	-159.186	-40.670	0.1594
46	7	tracking	-847.390151	68.712344	-261.142272	-134.186	-46.375	0.1402
46	8	tracking	-847.034052	68.747852	-261.683844	-150.375	-42.740	0.1416
46	9	tracking	-846.691437	68.790551	-262.210929	-150.375	-34.740	0.1290
46	10	tracking	-846.360385	68.836374	-262.725899	-150.375	-26.740	0.1133
46	11	tracking	-846.038924	68.880283	-263.231329	-150.375	-18.740	0.1151
46	12	tracking	-845.711981	68.925618	-263.710438	-125.375	-26.740	0.1425
46	13	tracking	-845.375779	68.972813	-264.145543	-100.375	-34.740	0.1122
46	14	tracking	-845.036398	69.019217	-264.522830	-75.375	-42.740	0.1587
46	15	tracking	-844.705837	69.059505	-264.835665	-50.375	-50.740	0.1183
46	16	tracking	-844.415620	69.123036	-265.024610	-51.747	-42.740	0.2467
46	17	tracking	-844.097061	69.129038	-265.206901	-26.747	-34.740	0.2070
46	18	tracking	-843.798684	69.126175	-265.340471	-26.747	-26.740	0.2592
46	19	tracking	-843.519426	69.113213	-265.432885	-26.747	-25.689	0.2619
46	20	tracking	-843.269721	69.090118	-265.486191	-1.747	-17.689	0.1394
46	21	tracking	-843.058141	69.055876	-265.508305	23.253	-9.689	0.1971
46	22	tracking	-842.884882	69.010607	-265.508391	37.878	-7.940	0.1824
46	23	tracking	-842.744080	68.954907	-265.491021	37.878	-7.940	0.2008
46	24	tracking	-842.635773	68.888444	-265.466761	62.878	-15.940	0.3207
46	25	tracking	-842.554603	68.807564	-265.438903	67.848	-23.940	0.2442
46	26	tracking	-842.495643	68.706245	-265.408642	67.848	-31.940	0.1792
46	27	tracking	-842.454868	68.576869	-265.376893	67.848	-39.940	0.2017
46	28	tracking	-842.426185	68.411839	-265.340359	42.848	-47.168	0.1679
46	29	tracking	-842.404408	68.213002	-265.296068	17.848	-47.168	0.1664
46	30	tracking	-842.383269	67.982833	-265.242776	-7.152	-47.168	0.1644
46	31	tracking	-842.356022	67.724112	-265.181908	-32.152	-47.168	0.1922
46	32	tracking	-842.330011	67.428419	-265.113856	-7.152	-55.168	0.1805
46	33	tracking	-842.311440	67.097192	-265.038920	17.848	-55.963	0.1159
46	34	landing	-842.309142	66.744634	-264.956791	42.848	-47.963	0.0213
46	35	landing	-842.322169	66.372571	-264.867363	42.848	-47.963	0.0261
46	36	landing	-842.349784	65.983016	-264.770424	42.848	-47.963	0.0274
47	0	tracking	-850.645964	68.867102	-257.032114	-139.104	-4.000	0.3044
47	1	tracking	-849.991601	68.807284	-257.601772	-164.104	-0.670	0.2016
47	2	tracking	-849.422535	68.751906	-258.196524	170.896	-8.670	0.1774
47	3	tracking	-848.951149	68.710040	-258.797665	153.407	-16.670	0.1711
47	4	tracking	-848.533079	68.685017	-259.402840	178.407	-24.670	0.1654
47	5	tracking	-848.135704	68.677907	-259.999512	-156.593	-32.670	0.2889
47	6	tracking	-847.761383	68.687936	-260.584443	-159.186	-40.670	0.1643
47	7	tracking	-847.390151	68.712344	-261.142272	-134.186	-46.375	0.1494
47	8	tracking	-847.034052	68.747852	-261.683844	-150.375	-42.740	0.1405
47	9	tracking	-846.691437	68.790551	-262.210929	-150.375	-34.740	0.1387
47	10	tracking	-846.360385	68.836374	-262.725899	-150.375	-26.740	0.1792
47	11	tracking	-846.038924	68.880283	-263.231329	-150.375	-18.740	0.1483
47	12	tracking	-845.711981	68.925618	-263.710438	-125.375	-26.740	0.1240
47	13	tracking	-845.375779	68.972813	-264.145543	-100.375	-34.740	0.1155
47	14	tracking	-845.036398	69.019217	-264.522830	-75.375	-42.740	0.1016
47	15	tracking	-844.705837	69.059505	-264.835665	-50.375	-50.740	0.1067
47	16	tracking	-844.315620	69.123036	-265.024610	-51.747	-42.740	0.2414
47	17	tracking	-843.997061	69.129038	-265.206901	-26.747	-34.740	0.2190
47	18	tracking	-843.698684	69.126175	-265.340471	-26.747	-26.740	0.1459
47	19	tracking	-843.419426	69.113213	-265.432885	-26.747	-25.689	0.1688
47	20	tracking	-843.169721	69.090118	-265.486191	-1.747	-17.689	0.1127
47	21	tracking	-842.958141	69.055876	-265.508305	23.253	-9.689	0.1158
47	22	tracking	-842.784882	69.010607	-265.508391	37.878	-7.940	0.1071
47	23	tracking	-842.644080	68.954907	-265.491021	37.878	-7.940	0.1119
47	24	tracking	-842.535773	68.888444	-265.466761	62.878	-15.940	0.1475
47	25	tracking	-842.454603	68.807564	-265.438903	67.848	-23.940	0.1317
47	26	tracking	-842.395643	68.706245	-265.408642	67.848	-31.940	0.1116
47	27	tracking	-842.354868	68.576869	-265.376893	67.848	-39.940	0.1071
47	28	tracking	-842.326185	68.411839	-265.340359	42.848	-47.168	0.1004
47	29	tracking	-842.304408	68.213002	-265.296068	17.848	-47.168	0.1007
47	30	tracking	-842.283269	67.982833	-265.242776	-7.152	-47.168	0.1203
47	31	tracking	-842.256022	67.724112	-265.181908	-32.152	-47.168	0.1827
47	32	tracking	-842.230011	67.428419	-265.113856	-7.152	-55.168	0.0997
47	33	tracking	-842.211440	67.097192	-265.038920	17.848	-55.963	0.2505
47	34	landing	-842.209142	66.744634	-264.956791	42.848	-47.963	0.0428
47	35	landing	-842.222169	66.372571	-264.867363	42.848	-47.963	0.0266
47	36	landing	-842.249784	65.983016	-264.770424	42.848	-47.963	0.0255
48	0	tracking	-850.645964	68.867102	-257.032114	-139.104	-4.000	0.3195
48	1	tracking	-849.991601	68.807284	-257.601772	-164.104	-0.670	0.2034
48	2	tracking	-849.422535	68.751906	-258.196524	170.896	-8.670	0.1915
48	3	tracking	-848.951149	68.710040	-258.797665	153.407	-16.670	0.2119
48	4	tracking	-848.533079	68.685017	-259.402840	178.407	-24.670	0.1066
48	5	tracking	-848.135704	68.677907	-259.999512	-156.593	-32.670	0.0923
48	6	tracking	-847.761383	68.687936	-260.584443	-159.186	-40.670	0.0901
48	7	tracking	-847.390151	68.712344	-261.142272	-134.186	-46.375	0.0878
48	8	tracking	-847.034052	68.747852	-261.683844	-150.375	-42.740	0.0873
48	9	tracking	-846.691437	68.790551	-262.210929	-150.375	-34.740	0.0856
48	10	tracking	-846.360385	68.836374	-262.725899	-150.375	-26.740	0.0791
48	11	tracking	-846.038924	68.880283	-263.231329	-150.375	-18.740	0.0796
48	12	tracking	-845.711981	68.925618	-263.710438	-125.375	-26.740	0.0753
48	13	tracking	-845.375779	68.972813	-264.145543	-100.375	-34.740	0.0699
48	14	tracking	-845.036398	69.019217	-264.522830	-75.375	-42.740	0.0656
48	15	tracking	-844.705837	69.059505	-264.835665	-50.375	-50.740	0.0645
48	16	tracking	-844.454051	69.058242	-265.126810	-51.747	-42.740	0.0659
48	17	tracking	-844.171478	69.094925	-265.314525	-26.747	-34.740	0.0614
48	18	tracking	-843.907039	69.118516	-265.456645	-26.747	-26.740	0.0587
48	19	tracking	-843.659886	69.127923	-265.560379	-26.747	-25.689	0.0634
48	20	tracking	-843.438911	69.123764	-265.627880	-1.747	-17.689	0.0648
48	21	tracking	-843.251391	69.105763	-265.666223	23.253	-9.689	0.0491
48	22	tracking	-843.097466	69.074480	-265.683474	37.878	-7.940	0.0483
48	23	tracking	-842.972079	69.030824	-265.683725	37.878	-7.940	0.0427
48	24	tracking	-842.875315	68.974504	-265.676290	62.878	-15.940	0.0446
48	25	tracking	-842.802638	68.902025	-265.664151	67.848	-23.940	0.0424
48	26	tracking	-842.749847	68.807540	-265.648466	67.848	-31.940	0.0368
48	27	tracking	-842.713446	68.683566	-265.630160	67.848	-39.940	0.0381
48	28	tracking	-842.687967	68.522579	-265.606352	42.848	-47.168	0.0336
48	29	tracking	-842.668736	68.326457	-265.574361	17.848	-47.168	0.0455
48	30	tracking	-842.649990	68.097719	-265.533008	-7.152	-47.168	0.0332
48	31	tracking	-842.625367	67.839239	-265.483565	-32.152	-47.168	0.0278
48	32	tracking	-842.601795	67.542593	-265.426490	-7.152	-55.168	0.0314
48	33	tracking	-842.585168	67.209308	-265.362046	17.848	-55.963	0.0252
48	34	landing	-842.576564	66.853833	-265.285337	17.848	-47.963	0.0237
48	35	landing	-842.575617	66.478576	-265.196124	17.848	-47.963	0.0196
48	36	landing	-842.582001	66.085923	-265.094185	17.848	-47.963	0.0196
48	37	landing	-842.595418	65.678190	-264.979356	17.848	-47.963	0.0173
49	0	tracking	-850.645964	68.867102	-257.032114	-139.104	-4.000	0.1638
49	1	tracking	-849.991601	68.807284	-257.601772	-164.104	-0.670	0.1124
49	2	tracking	-849.422535	68.751906	-258.196524	170.896	-8.670	0.1020
49	3	tracking	-848.951149	68.710040	-258.797665	153.407	-16.670	0.0971
49	4	tracking	-848.533079	68.685017	-259.402840	178.407	-24.670	0.0921
49	5	tracking	-848.135704	68.677907	-259.999512	-156.593	-32.670	0.0907
49	6	tracking	-847.761383	68.687936	-260.584443	-159.186	-40.670	0.0972
49	7	tracking	-847.390151	68.712344	-261.142272	-134.186	-46.375	0.0830
49	8	tracking	-847.034052	68.747852	-261.683844	-150.375	-42.740	0.0797
49	9	tracking	-846.691437	68.790551	-262.210929	-150.375	-34.740	0.0781
49	10	tracking	-846.360385	68.836374	-262.725899	-150.375	-26.740	0.0746
49	11	tracking	-846.038924	68.880283	-263.231329	-150.375	-18.740	0.0723
49	12	tracking	-845.711981	68.925618	-263.710438	-125.375	-26.740	0.0704
49	13	tracking	-845.375779	68.972813	-264.145543	-100.375	-34.740	0.0639
49	14	tracking	-845.036398	69.019217	-264.522830	-75.375	-42.740	0.0713
49	15	tracking	-844.705837	69.059505	-264.835665	-50.375	-50.740	0.0630
49	16	tracking	-844.354051	69.058242	-265.126810	-51.747	-42.740	0.0558
49	17	tracking	-844.071478	69.094925	-265.314525	-26.747	-34.740	0.0536
49	18	tracking	-843.807039	69.118516	-265.456645	-26.747	-26.740	0.0592
49	19	tracking	-843.559886	69.127923	-265.560379	-26.747	-25.689	0.0477
49	20	tracking	-843.338911	69.123764	-265.627880	-1.747	-17.689	0.0411
49	21	tracking	-843.151391	69.105763	-265.666223	23.253	-9.689	0.0424
49	22	tracking	-842.997466	69.074480	-265.683474	37.878	-7.940	0.0343
49	23	tracking	-842.872079	69.030824	-265.683725	37.878	-7.940	0.0374
49	24	tracking	-842.775315	68.974504	-265.676290	62.878	-15.940	0.0316
49	25	tracking	-842.702638	68.902025	-265.664151	67.848	-23.940	0.0327
49	26	tracking	-842.649847	68.807540	-265.648466	67.848	-31.940	0.0522
49	27	tracking	-842.613446	68.683566	-265.630160	67.848	-39.940	0.0360
49	28	tracking	-842.587967	68.522579	-265.606352	42.848	-47.168	0.0282
49	29	tracking	-842.568736	68.326457	-265.574361	17.848	-47.168	0.0279
49	30	tracking	-842.549990	68.097719	-265.533008	-7.152	-47.168	0.0256
49	31	tracking	-842.525367	67.839239	-265.483565	-32.152	-47.168	0.0178
49	32	tracking	-842.501795	67.542593	-265.426490	-7.152	-55.168	0.0175
49	33	tracking	-842.485168	67.209308	-265.362046	17.848	-55.963	0.0159
49	34	landing	-842.476564	66.853833	-265.285337	17.848	-47.963	0.0193
49	35	landing	-842.475617	66.478576	-265.196124	17.848	-47.963	0.0128
49	36	landing	-842.482001	66.085923	-265.094185	17.848	-47.963	0.0116
49	37	landing	-842.495418	65.678190	-264.979356	17.848	-47.963	0.0118
50	0	tracking	-850.645964	68.867102	-257.032114	-139.104	-4.000	0.1587
50	1	tracking	-849.991601	68.807284	-257.601772	-164.104	-0.670	0.1083
50	2	tracking	-849.422535	68.751906	-258.196524	170.896	-8.670	0.1050
50	3	tracking	-848.951149	68.710040	-258.797665	153.407	-16.670	0.0989
50	4	tracking	-848.533079	68.685017	-259.402840	178.407	-24.670	0.0941
50	5	tracking	-848.135704	68.677907	-259.999512	-156.593	-32.670	0.1375
50	6	tracking	-847.761383	68.687936	-260.584443	-159.186	-40.670	0.1209
50	7	tracking	-847.390151	68.712344	-261.142272	-134.186	-46.375	0.0871
50	8	tracking	-847.034052	68.747852	-261.683844	-150.375	-42.740	0.0829
50	9	tracking	-846.691437	68.790551	-262.210929	-150.375	-34.740	0.0764
50	10	tracking	-846.360385	68.836374	-262.725899	-150.375	-26.740	0.0711
50	11	tracking	-846.038924	68.880283	-263.231329	-150.375	-18.740	0.0751
50	12	tracking	-845.711981	68.925618	-263.710438	-125.375	-26.740	0.0786
50	13	tracking	-845.375779	68.972813	-264.145543	-100.375	-34.740	0.0615
50	14	tracking	-845.036398	69.019217	-264.522830	-75.375	-42.740	0.0615
50	15	tracking	-844.705837	69.059505	-264.835665	-50.375	-50.740	0.0600
50	16	tracking	-844.454051	69.158242	-265.126810	-51.747	-42.740	0.0606
50	17	tracking	-844.171478	69.194925	-265.314525	-26.747	-34.740	0.0550
50	18	tracking	-843.907039	69.218516	-265.456645	-26.747	-26.740	0.0491
50	19	tracking	-843.659886	69.227923	-265.560379	-26.747	-25.689	0.0533
50	20	tracking	-843.438911	69.223764	-265.627880	-1.747	-17.689	0.0522
50	21	tracking	-843.251391	69.205763	-265.666223	23.253	-9.689	0.0451
50	22	tracking	-843.097466	69.174480	-265.683474	37.878	-7.940	0.0466
50	23	tracking	-842.972079	69.130824	-265.683725	37.878	-7.940	0.0460
50	24	tracking	-842.875315	69.074504	-265.676290	62.878	-15.940	0.0387
50	25	tracking	-842.802638	69.002025	-265.664151	67.848	-23.940	0.0397
50	26	tracking	-842.749847	68.907540	-265.648466	67.848	-31.940	0.0354
50	27	tracking	-842.713446	68.783566	-265.630160	67.848	-39.940	0.0364
50	28	tracking	-842.687967	68.622579	-265.606352	42.848	-47.168	0.0323
50	29	tracking	-842.668736	68.426457	-265.574361	17.848	-47.168	0.0673
50	30	tracking	-842.649990	68.197719	-265.533008	-7.152	-47.168	0.0353
50	31	tracking	-842.625367	67.939239	-265.483565	-32.152	-47.168	0.0288
50	32	tracking	-842.601795	67.642593	-265.426490	-7.152	-55.168	0.0296
50	33	tracking	-842.585168	67.309308	-265.362046	17.848	-55.963	0.0226
50	34	landing	-842.576564	66.953833	-265.285337	17.848	-47.963	0.0254
50	35	landing	-842.575617	66.578576	-265.196124	17.848	-47.963	0.0187
50	36	landing	-842.582001	66.185923	-265.094185	17.848	-47.963	0.0169
50	37	landing	-842.595418	65.778190	-264.979356	17.848	-47.963	0.0161
51	0	tracking	-850.645964	68.867102	-257.032114	-139.104	-4.000	0.1618
51	1	tracking	-849.991601	68.807284	-257.601772	-164.104	-0.670	0.1192
51	2	tracking	-849.422535	68.751906	-258.196524	170.896	-8.670	0.1018
51	3	tracking	-848.951149	68.710040	-258.797665	153.407	-16.670	0.0977
51	4	tracking	-848.533079	68.685017	-259.402840	178.407	-24.670	0.0992
51	5	tracking	-848.135704	68.677907	-259.999512	-156.593	-32.670	0.0886
51	6	tracking	-847.761383	68.687936	-260.584443	-159.186	-40.670	0.0836
51	7	tracking	-847.390151	68.712344	-261.142272	-134.186	-46.375	0.1032
51	8	tracking	-847.034052	68.747852	-261.683844	-150.375	-42.740	0.1772
51	9	tracking	-846.691437	68.790551	-262.210929	-150.375	-34.740	0.1032
51	10	tracking	-846.360385	68.836374	-262.725899	-150.375	-26.740	0.0781
51	11	tracking	-846.038924	68.880283	-263.231329	-150.375	-18.740	0.0920
51	12	tracking	-845.711981	68.925618	-263.710438	-125.375	-26.740	0.0830
51	13	tracking	-845.375779	68.972813	-264.145543	-100.375	-34.740	0.0631
51	14	tracking	-845.036398	69.019217	-264.522830	-75.375	-42.740	0.0863
51	15	tracking	-844.705837	69.059505	-264.835665	-50.375	-50.740	0.0643
51	16	tracking	-844.354051	69.158242	-265.126810	-51.747	-42.740	0.0628
51	17	tracking	-844.071478	69.194925	-265.314525	-26.747	-34.740	0.0548
51	18	tracking	-843.807039	69.218516	-265.456645	-26.747	-26.740	0.0529
51	19	tracking	-843.559886	69.227923	-265.560379	-26.747	-25.689	0.0432
51	20	tracking	-843.338911	69.223764	-265.627880	-1.747	-17.689	0.0427
51	21	tracking	-843.151391	69.205763	-265.666223	23.253	-9.689	0.0446
51	22	tracking	-842.997466	69.174480	-265.683474	37.878	-7.940	0.0544
51	23	tracking	-842.872079	69.130824	-265.683725	37.878	-7.940	0.0542
51	24	tracking	-842.775315	69.074504	-265.676290	62.878	-15.940	0.0600
51	25	tracking	-842.702638	69.002025	-265.664151	67.848	-23.940	0.0301
51	26	tracking	-842.649847	68.907540	-265.648466	67.848	-31.940	0.0314
51	27	tracking	-842.613446	68.783566	-265.630160	67.848	-39.940	0.0250
51	28	tracking	-842.587967	68.622579	-265.606352	42.848	-47.168	0.0241
51	29	tracking	-842.568736	68.426457	-265.574361	17.848	-47.168	0.0250
51	30	tracking	-842.549990	68.197719	-265.533008	-7.152	-47.168	0.0233
51	31	tracking	-842.525367	67.939239	-265.483565	-32.152	-47.168	0.0189
51	32	tracking	-842.501795	67.642593	-265.426490	-7.152	-55.168	0.0190
51	33	tracking	-842.485168	67.309308	-265.362046	17.848	-55.963	0.0302
51	34	landing	-842.476564	66.953833	-265.285337	17.848	-47.963	0.0229
51	35	landing	-842.475617	66.578576	-265.196124	17.848	-47.963	0.0174
51	36	landing	-842.482001	66.185923	-265.094185	17.848	-47.963	0.0114
51	37	landing	-842.495418	65.778190	-264.979356	17.848	-47.963	0.0141
52	0	tracking	-850.645964	68.867102	-257.032114	-139.104	-4.000	0.1670
52	1	tracking	-849.991601	68.807284	-257.601772	-164.104	-0.670	0.1103
52	2	tracking	-849.422535	68.751906	-258.196524	170.896	-8.670	0.1049
52	3	tracking	-848.951149	68.710040	-258.797665	153.407	-16.670	0.0984
52	4	tracking	-848.533079	68.685017	-259.402840	178.407	-24.670	0.1373
52	5	tracking	-848.135704	68.677907	-259.999512	-156.593	-32.670	0.0868
52	6	tracking	-847.761383	68.687936	-260.584443	-159.186	-40.670	0.1080
52	7	tracking	-847.390151	68.712344	-261.142272	-134.186	-46.375	0.0930
52	8	tracking	-847.034052	68.747852	-261.683844	-150.375	-42.740	0.0772
52	9	tracking	-846.691437	68.790551	-262.210929	-150.375	-34.740	0.0784
52	10	tracking	-846.360385	68.836374	-262.725899	-150.375	-26.740	0.0731
52	11	tracking	-846.038924	68.880283	-263.231329	-150.375	-18.740	0.0729
52	12	tracking	-845.711981	68.925618	-263.710438	-125.375	-26.740	0.0642
52	13	tracking	-845.375779	68.972813	-264.145543	-100.375	-34.740	0.0675
52	14	tracking	-845.036398	69.019217	-264.522830	-75.375	-42.740	0.0621
52	15	tracking	-844.705837	69.059505	-264.835665	-50.375	-50.740	0.0708
52	16	tracking	-844.454051	69.058242	-265.026810	-51.747	-42.740	0.0617
52	17	tracking	-844.171478	69.094925	-265.214525	-26.747	-34.740	0.0521
52	18	tracking	-843.907039	69.118516	-265.356645	-26.747	-26.740	0.0537
52	19	tracking	-843.659886	69.127923	-265.460379	-26.747	-25.689	0.0519
52	20	tracking	-843.438911	69.123764	-265.527880	-1.747	-17.689	0.0453
52	21	tracking	-843.251391	69.105763	-265.566223	23.253	-9.689	0.0448
52	22	tracking	-843.097466	69.074480	-265.583474	37.878	-7.940	0.0479
52	23	tracking	-842.972079	69.030824	-265.583725	37.878	-7.940	0.0391
52	24	tracking	-842.875315	68.974504	-265.576290	62.878	-15.940	0.0406
52	25	tracking	-842.802638	68.902025	-265.564151	67.848	-23.940	0.0368
52	26	tracking	-842.749847	68.807540	-265.548466	67.848	-31.940	0.0372
52	27	tracking	-842.713446	68.683566	-265.530160	67.848	-39.940	0.0338
52	28	tracking	-842.687967	68.522579	-265.506352	42.848	-47.168	0.0406
52	29	tracking	-842.668736	68.326457	-265.474361	17.848	-47.168	0.0348
52	30	tracking	-842.649990	68.097719	-265.433008	-7.152	-47.168	0.0338
52	31	tracking	-842.625367	67.839239	-265.383565	-32.152	-47.168	0.0273
52	32	tracking	-842.601795	67.542593	-265.326490	-7.152	-55.168	0.0296
52	33	tracking	-842.585168	67.209308	-265.262046	17.848	-55.963	0.0302
52	34	landing	-842.576564	66.853833	-265.185337	17.848	-47.963	0.0226
52	35	landing	-842.575617	66.478576	-265.096124	17.848	-47.963	0.0228
52	36	landing	-842.582001	66.085923	-264.994185	17.848	-47.963	0.0182
52	37	landing	-842.595418	65.678190	-264.879356	17.848	-47.963	0.0155
53	0	tracking	-850.645964	68.867102	-257.032114	-139.104	-4.000	0.1490
53	1	tracking	-849.991601	68.807284	-257.601772	-164.104	-0.670	0.1461
53	2	tracking	-849.422535	68.751906	-258.196524	170.896	-8.670	0.1057
53	3	tracking	-848.951149	68.710040	-258.797665	153.407	-16.670	0.0956
53	4	tracking	-848.533079	68.685017	-259.402840	178.407	-24.670	0.0905
53	5	tracking	-848.135704	68.677907	-259.999512	-156.593	-32.670	0.1603
53	6	tracking	-847.761383	68.687936	-260.584443	-159.186	-40.670	0.1253
53	7	tracking	-847.390151	68.712344	-261.142272	-134.186	-46.375	0.0940
53	8	tracking	-847.034052	68.747852	-261.683844	-150.375	-42.740	0.0815
53	9	tracking	-846.691437	68.790551	-262.210929	-150.375	-34.740	0.0776
53	10	tracking	-846.360385	68.836374	-262.725899	-150.375	-26.740	0.1666
53	11	tracking	-846.038924	68.880283	-263.231329	-150.375	-18.740	0.0965
53	12	tracking	-845.711981	68.925618	-263.710438	-125.375	-26.740	0.0777
53	13	tracking	-845.375779	68.972813	-264.145543	-100.375	-34.740	0.0719
53	14	tracking	-845.036398	69.019217	-264.522830	-75.375	-42.740	0.0811
53	15	tracking	-844.705837	69.059505	-264.835665	-50.375	-50.740	0.0593
53	16	tracking	-844.354051	69.058242	-265.026810	-51.747	-42.740	0.0651
53	17	tracking	-844.071478	69.094925	-265.214525	-26.747	-34.740	0.0512
53	18	tracking	-843.807039	69.118516	-265.356645	-26.747	-26.740	0.0442
53	19	tracking	-843.559886	69.127923	-265.460379	-26.747	-25.689	0.0490
53	20	tracking	-843.338911	69.123764	-265.527880	-1.747	-17.689	0.0375
53	21	tracking	-843.151391	69.105763	-265.566223	23.253	-9.689	0.0522
53	22	tracking	-842.997466	69.074480	-265.583474	37.878	-7.940	0.0534
53	23	tracking	-842.872079	69.030824	-265.583725	37.878	-7.940	0.0464
53	24	tracking	-842.775315	68.974504	-265.576290	62.878	-15.940	0.0319
53	25	tracking	-842.702638	68.902025	-265.564151	67.848	-23.940	0.0455
53	26	tracking	-842.649847	68.807540	-265.548466	67.848	-31.940	0.0362
53	27	tracking	-842.613446	68.683566	-265.530160	67.848	-39.940	0.0350
53	28	tracking	-842.587967	68.522579	-265.506352	42.848	-47.168	0.0279
53	29	tracking	-842.568736	68.326457	-265.474361	17.848	-47.168	0.0315
53	30	tracking	-842.549990	68.097719	-265.433008	-7.152	-47.168	0.0331
53	31	tracking	-842.525367	67.839239	-265.383565	-32.152	-47.168	0.0272
53	32	tracking	-842.501795	67.542593	-265.326490	-7.152	-55.168	0.0184
53	33	tracking	-842.485168	67.209308	-265.262046	17.848	-55.963	0.0161
53	34	landing	-842.476564	66.853833	-265.185337	17.848	-47.963	0.0393
53	35	landing	-842.475617	66.478576	-265.096124	17.848	-47.963	0.0207
53	36	landing	-842.482001	66.085923	-264.994185	17.848	-47.963	0.0121
53	37	landing	-842.495418	65.678190	-264.879356	17.848	-47.963	0.0147
54	0	tracking	-850.645964	68.867102	-257.032114	-139.104	-4.000	0.1861
54	1	tracking	-849.991601	68.807284	-257.601772	-164.104	-0.670	0.1207
54	2	tracking	-849.422535	68.751906	-258.196524	170.896	-8.670	0.1181
54	3	tracking	-848.951149	68.710040	-258.797665	153.407	-16.670	0.1080
54	4	tracking	-848.533079	68.685017	-259.402840	178.407	-24.670	0.0921
54	5	tracking	-848.135704	68.677907	-259.999512	-156.593	-32.670	0.1105
54	6	tracking	-847.761383	68.687936	-260.584443	-159.186	-40.670	0.1007
54	7	tracking	-847.390151	68.712344	-261.142272	-134.186	-46.375	0.1006
54	8	tracking	-847.034052	68.747852	-261.683844	-150.375	-42.740	0.0820
54	9	tracking	-846.691437	68.790551	-262.210929	-150.375	-34.740	0.0874
54	10	tracking	-846.360385	68.836374	-262.725899	-150.375	-26.740	0.0719
54	11	tracking	-846.038924	68.880283	-263.231329	-150.375	-18.740	0.0715
54	12	tracking	-845.711981	68.925618	-263.710438	-125.375	-26.740	0.0667
54	13	tracking	-845.375779	68.972813	-264.145543	-100.375	-34.740	0.0646
54	14	tracking	-845.036398	69.019217	-264.522830	-75.375	-42.740	0.0638
54	15	tracking	-844.705837	69.059505	-264.835665	-50.375	-50.740	0.0579
54	16	tracking	-844.454051	69.158242	-265.026810	-51.747	-42.740	0.0602
54	17	tracking	-844.171478	69.194925	-265.214525	-26.747	-34.740	0.0529
54	18	tracking	-843.907039	69.218516	-265.356645	-26.747	-26.740	0.0506
54	19	tracking	-843.659886	69.227923	-265.460379	-26.747	-25.689	0.0452
54	20	tracking	-843.438911	69.223764	-265.527880	-1.747	-17.689	0.0559
54	21	tracking	-843.251391	69.205763	-265.566223	23.253	-9.689	0.0506
54	22	tracking	-843.097466	69.174480	-265.583474	37.878	-7.940	0.0460
54	23	tracking	-842.972079	69.130824	-265.583725	37.878	-7.940	0.0437
54	24	tracking	-842.875315	69.074504	-265.576290	62.878	-15.940	0.0379
54	25	tracking	-842.802638	69.002025	-265.564151	67.848	-23.940	0.0391
54	26	tracking	-842.749847	68.907540	-265.548466	67.848	-31.940	0.0335
54	27	tracking	-842.713446	68.783566	-265.530160	67.848	-39.940	0.0348
54	28	tracking	-842.687967	68.622579	-265.506352	42.848	-47.168	0.0308
54	29	tracking	-842.668736	68.426457	-265.474361	17.848	-47.168	0.0332
54	30	tracking	-842.649990	68.197719	-265.433008	-7.152	-47.168	0.0296
54	31	tracking	-842.625367	67.939239	-265.383565	-32.152	-47.168	0.0291
54	32	tracking	-842.601795	67.642593	-265.326490	-7.152	-55.168	0.0306
54	33	tracking	-842.585168	67.309308	-265.262046	17.848	-55.963	0.0244
54	34	landing	-842.576564	66.953833	-265.185337	17.848	-47.963	0.0220
54	35	landing	-842.575617	66.578576	-265.096124	17.848	-47.963	0.0225
54	36	landing	-842.582001	66.185923	-264.994185	17.848	-47.963	0.0173
54	37	landing	-842.595418	65.778190	-264.879356	17.848	-47.963	0.0167
55	0	tracking	-850.645964	68.867102	-257.032114	-139.104	-4.000	0.1761
55	1	tracking	-849.991601	68.807284	-257.601772	-164.104	-0.670	0.1174
55	2	tracking	-849.422535	68.751906	-258.196524	170.896	-8.670	0.1032
55	3	tracking	-848.951149	68.710040	-258.797665	153.407	-16.670	0.1024
55	4	tracking	-848.533079	68.685017	-259.402840	178.407	-24.670	0.0891
55	5	tracking	-848.135704	68.677907	-259.999512	-156.593	-32.670	0.0821
55	6	tracking	-847.761383	68.687936	-260.584443	-159.186	-40.670	0.0886
55	7	tracking	-847.390151	68.712344	-261.142272	-134.186	-46.375	0.0975
55	8	tracking	-847.034052	68.747852	-261.683844	-150.375	-42.740	0.0768
55	9	tracking	-846.691437	68.790551	-262.210929	-150.375	-34.740	0.0843
55	10	tracking	-846.360385	68.836374	-262.725899	-150.375	-26.740	0.0844
55	11	tracking	-846.038924	68.880283	-263.231329	-150.375	-18.740	0.0704
55	12	tracking	-845.711981	68.925618	-263.710438	-125.375	-26.740	0.0675
55	13	tracking	-845.375779	68.972813	-264.145543	-100.375	-34.740	0.0691
55	14	tracking	-845.036398	69.019217	-264.522830	-75.375	-42.740	0.0608
55	15	tracking	-844.705837	69.059505	-264.835665	-50.375	-50.740	0.0716
55	16	tracking	-844.354051	69.158242	-265.026810	-51.747	-42.740	0.0460
55	17	tracking	-844.071478	69.194925	-265.214525	-26.747	-34.740	0.0460
55	18	tracking	-843.807039	69.218516	-265.356645	-26.747	-26.740	0.0379
55	19	tracking	-843.559886	69.227923	-265.460379	-26.747	-25.689	0.0459
55	20	tracking	-843.338911	69.223764	-265.527880	-1.747	-17.689	0.0409
55	21	tracking	-843.151391	69.205763	-265.566223	23.253	-9.689	0.0431
55	22	tracking	-842.997466	69.174480	-265.583474	37.878	-7.940	0.0340
55	23	tracking	-842.872079	69.130824	-265.583725	37.878	-7.940	0.0371
55	24	tracking	-842.775315	69.074504	-265.576290	62.878	-15.940	0.0383
55	25	tracking	-842.702638	69.002025	-265.564151	67.848	-23.940	0.0409
55	26	tracking	-842.649847	68.907540	-265.548466	67.848	-31.940	0.0344
55	27	tracking	-842.613446	68.783566	-265.530160	67.848	-39.940	0.0324
55	28	tracking	-842.587967	68.622579	-265.506352	42.848	-47.168	0.0529
55	29	tracking	-842.568736	68.426457	-265.474361	17.848	-47.168	0.0286
55	30	tracking	-842.549990	68.197719	-265.433008	-7.152	-47.168	0.0233
55	31	tracking	-842.525367	67.939239	-265.383565	-32.152	-47.168	0.0208
55	32	tracking	-842.501795	67.642593	-265.326490	-7.152	-55.168	0.0175
55	33	tracking	-842.485168	67.309308	-265.262046	17.848	-55.963	0.0144
55	34	landing	-842.476564	66.953833	-265.185337	17.848	-47.963	0.0137
55	35	landing	-842.475617	66.578576	-265.096124	17.848	-47.963	0.0277
55	36	landing	-842.482001	66.185923	-264.994185	17.848	-47.963	0.0193
55	37	landing	-842.495418	65.778190	-264.879356	17.848	-47.963	0.0149
56	0	tracking	-850.645964	68.867102	-257.032114	-139.104	-4.000	0.1757
56	1	tracking	-849.991601	68.807284	-257.601772	-164.104	-0.670	0.1088
56	2	tracking	-849.422535	68.751906	-258.196524	170.896	-8.670	0.0988
56	3	tracking	-848.951149	68.710040	-258.797665	153.407	-16.670	0.0930
56	4	tracking	-848.533079	68.685017	-259.402840	178.407	-24.670	0.0909
56	5	tracking	-848.135704	68.677907	-259.999512	-156.593	-32.670	0.0819
56	6	tracking	-847.761383	68.687936	-260.584443	-159.186	-40.670	0.0796
56	7	tracking	-847.390151	68.712344	-261.142272	-134.186	-46.375	0.0772
56	8	tracking	-847.034052	68.747852	-261.683844	-150.375	-42.740	0.0751
56	9	tracking	-846.691437	68.790551	-262.210929	-150.375	-34.740	0.0744
56	10	tracking	-846.360385	68.836374	-262.725899	-150.375	-26.740	0.0708
56	11	tracking	-846.038924	68.880283	-263.231329	-150.375	-18.740	0.1346
56	12	tracking	-845.711981	68.925618	-263.710438	-125.375	-26.740	0.1120
56	13	tracking	-845.375779	68.972813	-264.145543	-100.375	-34.740	0.1049
56	14	tracking	-845.036398	69.019217	-264.522830	-75.375	-42.740	0.0946
56	15	tracking	-844.705837	69.059505	-264.835665	-50.375	-50.740	0.1177
56	16	tracking	-844.416652	69.060790	-265.125424	-51.747	-42.740	0.1038
56	17	tracking	-844.099728	69.102047	-265.309861	-26.747	-34.740	0.0938
56	18	tracking	-843.803658	69.131671	-265.447027	-26.747	-26.740	0.0850
56	19	tracking	-843.527536	69.147928	-265.544791	-26.747	-25.689	0.0484
56	20	tracking	-843.280701	69.150822	-265.605332	-1.747	-17.689	0.0501
56	21	tracking	-843.070745	69.139548	-265.636063	23.253	-9.689	0.0461
56	22	tracking	-842.897671	69.114571	-265.645450	37.878	-7.940	0.0403
56	23	tracking	-842.755948	69.076808	-265.637762	37.878	-7.940	0.0418
56	24	tracking	-842.645510	69.026300	-265.622800	62.878	-15.940	0.0390
56	25	tracking	-842.561377	68.959773	-265.603660	67.848	-23.940	0.0387
56	26	tracking	-842.498960	68.871538	-265.581500	67.848	-31.940	0.0393
56	27	tracking	-842.454465	68.754227	-265.557227	67.848	-39.940	0.0350
56	28	tracking	-842.422082	68.600383	-265.527773	42.848	-47.168	0.0300
56	29	tracking	-842.396807	68.411756	-265.490414	17.848	-47.168	0.0322
56	30	tracking	-842.372643	68.190740	-265.444023	-7.152	-47.168	0.0275
56	31	tracking	-842.343095	67.940111	-265.389933	-32.152	-47.168	0.0300
56	32	tracking	-842.315108	67.651569	-265.328502	-7.152	-55.168	0.0248
56	33	tracking	-842.294600	67.326575	-265.260010	17.848	-55.963	0.0246
56	34	landing	-842.282547	66.979320	-265.179670	17.848	-47.963	0.0250
56	35	landing	-842.278515	66.612135	-265.087254	17.848	-47.963	0.0179
56	36	landing	-842.282126	66.227345	-264.982543	17.848	-47.963	0.0184
56	37	landing	-842.293033	65.827218	-264.865359	17.848	-47.963	0.0157
57	0	tracking	-850.645964	68.867102	-257.032114	-139.104	-4.000	0.1590
57	1	tracking	-849.991601	68.807284	-257.601772	-164.104	-0.670	0.1053
57	2	tracking	-849.422535	68.751906	-258.196524	170.896	-8.670	0.1005
57	3	tracking	-848.951149	68.710040	-258.797665	153.407	-16.670	0.1084
57	4	tracking	-848.533079	68.685017	-259.402840	178.407	-24.670	0.0951
57	5	tracking	-848.135704	68.677907	-259.999512	-156.593	-32.670	0.0909
57	6	tracking	-847.761383	68.687936	-260.584443	-159.186	-40.670	0.3568
57	7	tracking	-847.390151	68.712344	-261.142272	-134.186	-46.375	0.1995
57	8	tracking	-847.034052	68.747852	-261.683844	-150.375	-42.740	0.1943
57	9	tracking	-846.691437	68.790551	-262.210929	-150.375	-34.740	0.1937
57	10	tracking	-846.360385	68.836374	-262.725899	-150.375	-26.740	0.1277
57	11	tracking	-846.038924	68.880283	-263.231329	-150.375	-18.740	0.1029
57	12	tracking	-845.711981	68.925618	-263.710438	-125.375	-26.740	0.1098
57	13	tracking	-845.375779	68.972813	-264.145543	-100.375	-34.740	0.0997
57	14	tracking	-845.036398	69.019217	-264.522830	-75.375	-42.740	0.1043
57	15	tracking	-844.705837	69.059505	-264.835665	-50.375	-50.740	0.0954
57	16	tracking	-844.316652	69.060790	-265.125424	-51.747	-42.740	0.1085
57	17	tracking	-843.999728	69.102047	-265.309861	-26.747	-34.740	0.0635
57	18	tracking	-843.703658	69.131671	-265.447027	-26.747	-26.740	0.0563
57	19	tracking	-843.427536	69.147928	-265.544791	-26.747	-25.689	0.0513
57	20	tracking	-843.180701	69.150822	-265.605332	-1.747	-17.689	0.0466
57	21	tracking	-842.970745	69.139548	-265.636063	23.253	-9.689	0.0661
57	22	tracking	-842.797671	69.114571	-265.645450	37.878	-7.940	0.0516
57	23	tracking	-842.655948	69.076808	-265.637762	37.878	-7.940	0.0397
57	24	tracking	-842.545510	69.026300	-265.622800	62.878	-15.940	0.0869
57	25	tracking	-842.461377	68.959773	-265.603660	67.848	-23.940	0.0440
57	26	tracking	-842.398960	68.871538	-265.581500	67.848	-31.940	0.0421
57	27	tracking	-842.354465	68.754227	-265.557227	67.848	-39.940	0.0320
57	28	tracking	-842.322082	68.600383	-265.527773	42.848	-47.168	0.0370
57	29	tracking	-842.296807	68.411756	-265.490414	17.848	-47.168	0.0294
57	30	tracking	-842.272643	68.190740	-265.444023	-7.152	-47.168	0.0332
57	31	tracking	-842.243095	67.940111	-265.389933	-32.152	-47.168	0.0266
57	32	tracking	-842.215108	67.651569	-265.328502	-7.152	-55.168	0.0279
57	33	tracking	-842.194600	67.326575	-265.260010	17.848	-55.963	0.0256
57	34	landing	-842.182547	66.979320	-265.179670	17.848	-47.963	0.0202
57	35	landing	-842.178515	66.612135	-265.087254	17.848	-47.963	0.0168
57	36	landing	-842.182126	66.227345	-264.982543	17.848	-47.963	0.0192
57	37	landing	-842.193033	65.827218	-264.865359	17.848	-47.963	0.0147
58	0	tracking	-850.645964	68.867102	-257.032114	-139.104	-4.000	0.1520
58	1	tracking	-849.991601	68.807284	-257.601772	-164.104	-0.670	0.1072
58	2	tracking	-849.422535	68.751906	-258.196524	170.896	-8.670	0.1026
58	3	tracking	-848.951149	68.710040	-258.797665	153.407	-16.670	0.0908
58	4	tracking	-848.533079	68.685017	-259.402840	178.407	-24.670	0.0912
58	5	tracking	-848.135704	68.677907	-259.999512	-156.593	-32.670	0.0800
58	6	tracking	-847.761383	68.687936	-260.584443	-159.186	-40.670	0.0788
58	7	tracking	-847.390151	68.712344	-261.142272	-134.186	-46.375	0.0907
58	8	tracking	-847.034052	68.747852	-261.683844	-150.375	-42.740	0.0768
58	9	tracking	-846.691437	68.790551	-262.210929	-150.375	-34.740	0.0728
58	10	tracking	-846.360385	68.836374	-262.725899	-150.375	-26.740	0.0706
58	11	tracking	-846.038924	68.880283	-263.231329	-150.375	-18.740	0.0684
58	12	tracking	-845.711981	68.925618	-263.710438	-125.375	-26.740	0.0642
58	13	tracking	-845.375779	68.972813	-264.145543	-100.375	-34.740	0.0611
58	14	tracking	-845.036398	69.019217	-264.522830	-75.375	-42.740	0.0591
58	15	tracking	-844.705837	69.059505	-264.835665	-50.375	-50.740	0.0526
58	16	tracking	-844.416652	69.160790	-265.125424	-51.747	-42.740	0.0573
58	17	tracking	-844.099728	69.202047	-265.309861	-26.747	-34.740	0.0516
58	18	tracking	-843.803658	69.231671	-265.447027	-26.747	-26.740	0.0482
58	19	tracking	-843.527536	69.247928	-265.544791	-26.747	-25.689	0.0434
58	20	tracking	-843.280701	69.250822	-265.605332	-1.747	-17.689	0.0485
58	21	tracking	-843.070745	69.239548	-265.636063	23.253	-9.689	0.0485
58	22	tracking	-842.897671	69.214571	-265.645450	37.878	-7.940	0.0386
58	23	tracking	-842.755948	69.176808	-265.637762	37.878	-7.940	0.0438
58	24	tracking	-842.645510	69.126300	-265.622800	62.878	-15.940	0.0374
58	25	tracking	-842.561377	69.059773	-265.603660	67.848	-23.940	0.0379
58	26	tracking	-842.498960	68.971538	-265.581500	67.848	-31.940	0.0311
58	27	tracking	-842.454465	68.854227	-265.557227	67.848	-39.940	0.0347
58	28	tracking	-842.422082	68.700383	-265.527773	42.848	-47.168	0.0284
58	29	tracking	-842.396807	68.511756	-265.490414	17.848	-47.168	0.0344
58	30	tracking	-842.372643	68.290740	-265.444023	-7.152	-47.168	0.0310
58	31	tracking	-842.343095	68.040111	-265.389933	-32.152	-47.168	0.0318
58	32	tracking	-842.315108	67.751569	-265.328502	-7.152	-55.168	0.0251
58	33	tracking	-842.294600	67.426575	-265.260010	17.848	-55.963	0.0206
58	34	landing	-842.282547	67.079320	-265.179670	17.848	-47.963	0.0231
58	35	landing	-842.278515	66.712135	-265.087254	17.848	-47.963	0.0159
58	36	landing	-842.282126	66.327345	-264.982543	17.848	-47.963	0.0141
58	37	landing	-842.293033	65.927218	-264.865359	17.848	-47.963	0.0164
59	0	tracking	-850.645964	68.867102	-257.032114	-139.104	-4.000	0.1410
59	1	tracking	-849.991601	68.807284	-257.601772	-164.104	-0.670	0.0999
59	2	tracking	-849.422535	68.751906	-258.196524	170.896	-8.670	0.0970
59	3	tracking	-848.951149	68.710040	-258.797665	153.407	-16.670	0.0923
59	4	tracking	-848.533079	68.685017	-259.402840	178.407	-24.670	0.0973
59	5	tracking	-848.135704	68.677907	-259.999512	-156.593	-32.670	0.0803
59	6	tracking	-847.761383	68.687936	-260.584443	-159.186	-40.670	0.0768
59	7	tracking	-847.390151	68.712344	-261.142272	-134.186	-46.375	0.0795
59	8	tracking	-847.034052	68.747852	-261.683844	-150.375	-42.740	0.0866
59	9	tracking	-846.691437	68.790551	-262.210929	-150.375	-34.740	0.1053
59	10	tracking	-846.360385	68.836374	-262.725899	-150.375	-26.740	0.0687
59	11	tracking	-846.038924	68.880283	-263.231329	-150.375	-18.740	0.0701
59	12	tracking	-845.711981	68.925618	-263.710438	-125.375	-26.740	0.0761
59	13	tracking	-845.375779	68.972813	-264.145543	-100.375	-34.740	0.0605
59	14	tracking	-845.036398	69.019217	-264.522830	-75.375	-42.740	0.0574
59	15	tracking	-844.705837	69.059505	-264.835665	-50.375	-50.740	0.0625
59	16	tracking	-844.316652	69.160790	-265.125424	-51.747	-42.740	0.0589
59	17	tracking	-843.999728	69.202047	-265.309861	-26.747	-34.740	0.0485
59	18	tracking	-843.703658	69.231671	-265.447027	-26.747	-26.740	0.0488
59	19	tracking	-843.427536	69.247928	-265.544791	-26.747	-25.689	0.0470
59	20	tracking	-843.180701	69.250822	-265.605332	-1.747	-17.689	0.0421
59	21	tracking	-842.970745	69.239548	-265.636063	23.253	-9.689	0.0398
59	22	tracking	-842.797671	69.214571	-265.645450	37.878	-7.940	0.0420
59	23	tracking	-842.655948	69.176808	-265.637762	37.878	-7.940	0.0369
59	24	tracking	-842.545510	69.126300	-265.622800	62.878	-15.940	0.0400
59	25	tracking	-842.461377	69.059773	-265.603660	67.848	-23.940	0.0337
59	26	tracking	-842.398960	68.971538	-265.581500	67.848	-31.940	0.0362
59	27	tracking	-842.354465	68.854227	-265.557227	67.848	-39.940	0.0301
59	28	tracking	-842.322082	68.700383	-265.527773	42.848	-47.168	0.0321
59	29	tracking	-842.296807	68.511756	-265.490414	17.848	-47.168	0.0271
59	30	tracking	-842.272643	68.290740	-265.444023	-7.152	-47.168	0.0292
59	31	tracking	-842.243095	68.040111	-265.389933	-32.152	-47.168	0.0256
59	32	tracking	-842.215108	67.751569	-265.328502	-7.152	-55.168	0.0257
59	33	tracking	-842.194600	67.426575	-265.260010	17.848	-55.963	0.0218
59	34	tracking	-842.181154	67.067392	-265.183995	17.848	-55.963	0.0200
59	35	landing	-842.175938	66.688665	-265.095258	17.848	-47.963	0.0317
59	36	landing	-842.178554	66.292733	-264.993635	17.848	-47.963	0.0197
59	37	landing	-842.188643	65.881887	-264.878995	17.848	-47.963	0.0229
60	0	tracking	-850.645964	68.867102	-257.032114	-139.104	-4.000	0.1530
60	1	tracking	-849.991601	68.807284	-257.601772	-164.104	-0.670	0.1158
60	2	tracking	-849.422535	68.751906	-258.196524	170.896	-8.670	0.1062
60	3	tracking	-848.951149	68.710040	-258.797665	153.407	-16.670	0.0880
60	4	tracking	-848.533079	68.685017	-259.402840	178.407	-24.670	0.0846
60	5	tracking	-848.135704	68.677907	-259.999512	-156.593	-32.670	0.2084
60	6	tracking	-847.761383	68.687936	-260.584443	-159.186	-40.670	0.0843
60	7	tracking	-847.390151	68.712344	-261.142272	-134.186	-46.375	0.0765
60	8	tracking	-847.034052	68.747852	-261.683844	-150.375	-42.740	0.0715
60	9	tracking	-846.691437	68.790551	-262.210929	-150.375	-34.740	0.0715
60	10	tracking	-846.360385	68.836374	-262.725899	-150.375	-26.740	0.0671
60	11	tracking	-846.038924	68.880283	-263.231329	-150.375	-18.740	0.0665
60	12	tracking	-845.711981	68.925618	-263.710438	-125.375	-26.740	0.0634
60	13	tracking	-845.375779	68.972813	-264.145543	-100.375	-34.740	0.0606
60	14	tracking	-845.036398	69.019217	-264.522830	-75.375	-42.740	0.0576
60	15	tracking	-844.705837	69.059505	-264.835665	-50.375	-50.740	0.0522
60	16	tracking	-844.416652	69.060790	-265.025424	-51.747	-42.740	0.2346
60	17	tracking	-844.099728	69.102047	-265.209861	-26.747	-34.740	0.1200
60	18	tracking	-843.803658	69.131671	-265.347027	-26.747	-26.740	0.1033
60	19	tracking	-843.527536	69.147928	-265.444791	-26.747	-25.689	0.1544
60	20	tracking	-843.280701	69.150822	-265.505332	-1.747	-17.689	0.1050
60	21	tracking	-843.070745	69.139548	-265.536063	23.253	-9.689	0.1045
60	22	tracking	-842.897671	69.114571	-265.545450	37.878	-7.940	0.1290
60	23	tracking	-842.755948	69.076808	-265.537762	37.878	-7.940	0.1009
60	24	tracking	-842.645510	69.026300	-265.522800	62.878	-15.940	0.1011
60	25	tracking	-842.561377	68.959773	-265.503660	67.848	-23.940	0.1018
60	26	tracking	-842.498960	68.871538	-265.481500	67.848	-31.940	0.0930
60	27	tracking	-842.454465	68.754227	-265.457227	67.848	-39.940	0.1019
60	28	tracking	-842.422082	68.600383	-265.427773	42.848	-47.168	0.1081
60	29	tracking	-842.396807	68.411756	-265.390414	17.848	-47.168	0.1011
60	30	tracking	-842.372643	68.190740	-265.344023	-7.152	-47.168	0.2954
60	31	tracking	-842.343095	67.940111	-265.289933	-32.152	-47.168	0.2276
60	32	tracking	-842.315108	67.651569	-265.228502	-7.152	-55.168	0.3035
60	33	tracking	-842.294600	67.326575	-265.160010	17.848	-55.963	0.2035
60	34	landing	-842.290126	66.979320	-265.084108	42.848	-47.963	0.0563
60	35	landing	-842.300768	66.611650	-265.000710	42.848	-47.963	0.0325
60	36	landing	-842.325828	66.225621	-264.909607	42.848	-47.963	0.0310
60	37	landing	-842.364747	65.823375	-264.810548	42.848	-47.963	0.0250
61	0	tracking	-850.645964	68.867102	-257.032114	-139.104	-4.000	0.1861
61	1	tracking	-849.991601	68.807284	-257.601772	-164.104	-0.670	0.1191
61	2	tracking	-849.422535	68.751906	-258.196524	170.896	-8.670	0.1071
61	3	tracking	-848.951149	68.710040	-258.797665	153.407	-16.670	0.1109
61	4	tracking	-848.533079	68.685017	-259.402840	178.407	-24.670	0.1053
61	5	tracking	-848.135704	68.677907	-259.999512	-156.593	-32.670	0.2479
61	6	tracking	-847.761383	68.687936	-260.584443	-159.186	-40.670	0.2084
61	7	tracking	-847.390151	68.712344	-261.142272	-134.186	-46.375	0.2124
61	8	tracking	-847.034052	68.747852	-261.683844	-150.375	-42.740	0.0951
61	9	tracking	-846.691437	68.790551	-262.210929	-150.375	-34.740	0.0804
61	10	tracking	-846.360385	68.836374	-262.725899	-150.375	-26.740	0.0719
61	11	tracking	-846.038924	68.880283	-263.231329	-150.375	-18.740	0.0718
61	12	tracking	-845.711981	68.925618	-263.710438	-125.375	-26.740	0.0685
61	13	tracking	-845.375779	68.972813	-264.145543	-100.375	-34.740	0.0645
61	14	tracking	-845.036398	69.019217	-264.522830	-75.375	-42.740	0.0686
61	15	tracking	-844.705837	69.059505	-264.835665	-50.375	-50.740	0.0637
61	16	tracking	-844.316652	69.060790	-265.025424	-51.747	-42.740	0.1370
61	17	tracking	-843.999728	69.102047	-265.209861	-26.747	-34.740	0.1209
61	18	tracking	-843.703658	69.131671	-265.347027	-26.747	-26.740	0.1276
61	19	tracking	-843.427536	69.147928	-265.444791	-26.747	-25.689	0.1147
61	20	tracking	-843.180701	69.150822	-265.505332	-1.747	-17.689	0.1122
61	21	tracking	-842.970745	69.139548	-265.536063	23.253	-9.689	0.1324
61	22	tracking	-842.797671	69.114571	-265.545450	37.878	-7.940	0.1071
61	23	tracking	-842.655948	69.076808	-265.537762	37.878	-7.940	0.2138
61	24	tracking	-842.545510	69.026300	-265.522800	62.878	-15.940	0.1077
61	25	tracking	-842.461377	68.959773	-265.503660	67.848	-23.940	0.1096
61	26	tracking	-842.398960	68.871538	-265.481500	67.848	-31.940	0.1102
61	27	tracking	-842.354465	68.754227	-265.457227	67.848	-39.940	0.1196
61	28	tracking	-842.322082	68.600383	-265.427773	42.848	-47.168	0.1394
61	29	tracking	-842.296807	68.411756	-265.390414	17.848	-47.168	0.1619
61	30	tracking	-842.272643	68.190740	-265.344023	-7.152	-47.168	0.2056
61	31	tracking	-842.243095	67.940111	-265.289933	-32.152	-47.168	0.1829
61	32	tracking	-842.215108	67.651569	-265.228502	-7.152	-55.168	0.1276
61	33	tracking	-842.194600	67.326575	-265.160010	17.848	-55.963	0.0995
61	34	landing	-842.190126	66.979320	-265.084108	42.848	-47.963	0.0548
61	35	landing	-842.200768	66.611650	-265.000710	42.848	-47.963	0.0194
61	36	landing	-842.225828	66.225621	-264.909607	42.848	-47.963	0.0156
61	37	landing	-842.264747	65.823375	-264.810548	42.848	-47.963	0.0147
62	0	tracking	-850.645964	68.867102	-257.032114	-139.104	-4.000	0.3556
62	1	tracking	-849.991601	68.807284	-257.601772	-164.104	-0.670	0.2270
62	2	tracking	-849.422535	68.751906	-258.196524	170.896	-8.670	0.2130
62	3	tracking	-848.951149	68.710040	-258.797665	153.407	-16.670	0.2007
62	4	tracking	-848.533079	68.685017	-259.402840	178.407	-24.670	0.1856
62	5	tracking	-848.135704	68.677907	-259.999512	-156.593	-32.670	0.2009
62	6	tracking	-847.761383	68.687936	-260.584443	-159.186	-40.670	0.1093
62	7	tracking	-847.390151	68.712344	-261.142272	-134.186	-46.375	0.0914
62	8	tracking	-847.034052	68.747852	-261.683844	-150.375	-42.740	0.0783
62	9	tracking	-846.691437	68.790551	-262.210929	-150.375	-34.740	0.0806
62	10	tracking	-846.360385	68.836374	-262.725899	-150.375	-26.740	0.0649
62	11	tracking	-846.038924	68.880283	-263.231329	-150.375	-18.740	0.0632
62	12	tracking	-845.711981	68.925618	-263.710438	-125.375	-26.740	0.0695
62	13	tracking	-845.375779	68.972813	-264.145543	-100.375	-34.740	0.0784
62	14	tracking	-845.036398	69.019217	-264.522830	-75.375	-42.740	0.0637
62	15	tracking	-844.705837	69.059505	-264.835665	-50.375	-50.740	0.0579
62	16	tracking	-844.416652	69.160790	-265.025424	-51.747	-42.740	0.0929
62	17	tracking	-844.099728	69.202047	-265.209861	-26.747	-34.740	0.0754
62	18	tracking	-843.803658	69.231671	-265.347027	-26.747	-26.740	0.0749
62	19	tracking	-843.527536	69.247928	-265.444791	-26.747	-25.689	0.0763
62	20	tracking	-843.280701	69.250822	-265.505332	-1.747	-17.689	0.0724
62	21	tracking	-843.070745	69.239548	-265.536063	23.253	-9.689	0.0725
62	22	tracking	-842.897671	69.214571	-265.545450	37.878	-7.940	0.0689
62	23	tracking	-842.755948	69.176808	-265.537762	37.878	-7.940	0.0704
62	24	tracking	-842.645510	69.126300	-265.522800	62.878	-15.940	0.0710
62	25	tracking	-842.561377	69.059773	-265.503660	67.848	-23.940	0.0659
62	26	tracking	-842.498960	68.971538	-265.481500	67.848	-31.940	0.0663
62	27	tracking	-842.454465	68.854227	-265.457227	67.848	-39.940	0.0727
62	28	tracking	-842.422082	68.700383	-265.427773	42.848	-47.168	0.0669
62	29	tracking	-842.396807	68.511756	-265.390414	17.848	-47.168	0.0603
62	30	tracking	-842.372643	68.290740	-265.344023	-7.152	-47.168	0.0561
62	31	tracking	-842.343095	68.040111	-265.289933	-32.152	-47.168	0.0632
62	32	tracking	-842.315108	67.751569	-265.228502	-7.152	-55.168	0.0568
62	33	tracking	-842.294600	67.426575	-265.160010	17.848	-55.963	0.0547
62	34	tracking	-842.281154	67.067392	-265.083995	17.848	-55.963	0.0534
62	35	landing	-842.280158	66.688665	-264.997124	29.848	-47.963	0.0240
62	36	landing	-842.290993	66.292546	-264.899292	29.848	-47.963	0.0392
62	37	landing	-842.313131	65.881223	-264.790367	29.848	-47.963	0.0142
63	0	tracking	-850.645964	68.867102	-257.032114	-139.104	-4.000	0.1693
63	1	tracking	-849.991601	68.807284	-257.601772	-164.104	-0.670	0.1131
63	2	tracking	-849.422535	68.751906	-258.196524	170.896	-8.670	0.1067
63	3	tracking	-848.951149	68.710040	-258.797665	153.407	-16.670	0.0995
63	4	tracking	-848.533079	68.685017	-259.402840	178.407	-24.670	0.0957
63	5	tracking	-848.135704	68.677907	-259.999512	-156.593	-32.670	0.0902
63	6	tracking	-847.761383	68.687936	-260.584443	-159.186	-40.670	0.0969
63	7	tracking	-847.390151	68.712344	-261.142272	-134.186	-46.375	0.1017
63	8	tracking	-847.034052	68.747852	-261.683844	-150.375	-42.740	0.0828
63	9	tracking	-846.691437	68.790551	-262.210929	-150.375	-34.740	0.0835
63	10	tracking	-846.360385	68.836374	-262.725899	-150.375	-26.740	0.0682
63	11	tracking	-846.038924	68.880283	-263.231329	-150.375	-18.740	0.0824
63	12	tracking	-845.711981	68.925618	-263.710438	-125.375	-26.740	0.0732
63	13	tracking	-845.375779	68.972813	-264.145543	-100.375	-34.740	0.0651
63	14	tracking	-845.036398	69.019217	-264.522830	-75.375	-42.740	0.0645
63	15	tracking	-844.705837	69.059505	-264.835665	-50.375	-50.740	0.0594
63	16	tracking	-844.316652	69.160790	-265.025424	-51.747	-42.740	0.1291
63	17	tracking	-843.999728	69.202047	-265.209861	-26.747	-34.740	0.1205
63	18	tracking	-843.703658	69.231671	-265.347027	-26.747	-26.740	0.1033
63	19	tracking	-843.427536	69.247928	-265.444791	-26.747	-25.689	0.1020
63	20	tracking	-843.180701	69.250822	-265.505332	-1.747	-17.689	0.1064
63	21	tracking	-842.970745	69.239548	-265.536063	23.253	-9.689	0.0976
63	22	tracking	-842.797671	69.214571	-265.545450	37.878	-7.940	0.0995
63	23	tracking	-842.655948	69.176808	-265.537762	37.878	-7.940	0.1033
63	24	tracking	-842.545510	69.126300	-265.522800	62.878	-15.940	0.0977
63	25	tracking	-842.461377	69.059773	-265.503660	67.848	-23.940	0.0988
63	26	tracking	-842.398960	68.971538	-265.481500	67.848	-31.940	0.1067
63	27	tracking	-842.354465	68.854227	-265.457227	67.848	-39.940	0.0907
63	28	tracking	-842.322082	68.700383	-265.427773	42.848	-47.168	0.0901
63	29	tracking	-842.296807	68.511756	-265.390414	17.848	-47.168	0.0900
63	30	tracking	-842.272643	68.290740	-265.344023	-7.152	-47.168	0.0853
63	31	tracking	-842.243095	68.040111	-265.289933	-32.152	-47.168	0.0863
63	32	tracking	-842.215108	67.751569	-265.228502	-7.152	-55.168	0.0833
63	33	tracking	-842.194600	67.426575	-265.160010	17.848	-55.963	0.0819
63	34	tracking	-842.181154	67.067392	-265.083995	17.848	-55.963	0.0824
63	35	landing	-842.184182	66.688665	-265.000085	42.848	-47.963	0.0185
63	36	landing	-842.202754	66.292275	-264.908208	42.848	-47.963	0.0222
63	37	landing	-842.236137	65.880261	-264.808195	42.848	-47.963	0.0154
