0	0	tracking	-850.645964	68.867102	-257.032114	-139.104	-4.000	3.0227
0	1	tracking	-849.991601	68.807284	-257.601772	-164.104	-0.670	1.5074
0	2	tracking	-849.422535	68.751906	-258.196524	170.896	-8.670	1.2938
0	3	tracking	-848.951149	68.710040	-258.797665	153.407	-16.670	1.1561
0	4	tracking	-848.533079	68.685017	-259.402840	178.407	-24.670	1.3421
0	5	tracking	-848.135704	68.677907	-259.999512	-156.593	-32.670	1.1503
0	6	tracking	-847.761383	68.687936	-260.584443	-159.186	-40.670	1.4231
0	7	tracking	-847.390151	68.712344	-261.142272	-134.186	-46.375	1.1863
0	8	tracking	-847.101170	68.679832	-261.752899	-150.375	-42.740	0.8884
0	9	tracking	-846.772999	68.706563	-262.298382	-150.375	-34.740	1.0812
0	10	tracking	-846.454302	68.737608	-262.830652	-150.375	-26.740	0.8540
0	11	tracking	-846.143493	68.767366	-263.352119	-150.375	-18.740	0.7737
0	12	tracking	-845.825358	68.799474	-263.846002	-125.375	-26.740	0.7323
0	13	tracking	-845.495990	68.834728	-264.294458	-100.375	-34.740	0.6347
0	14	tracking	-845.161670	68.870618	-264.683371	-75.375	-42.740	0.5859
0	15	tracking	-844.835033	68.901538	-265.006080	-50.375	-50.740	0.7848
0	16	tracking	-844.516392	68.925131	-265.271849	-51.747	-42.740	0.4229
0	17	tracking	-844.217359	68.940269	-265.478637	-26.747	-34.740	0.3328
0	18	tracking	-843.936801	68.945449	-265.634871	-26.747	-26.740	0.3226
0	19	tracking	-843.673899	68.939416	-265.748430	-26.747	-25.689	0.2795
0	20	tracking	-843.438806	68.922198	-265.821820	-1.747	-17.689	0.1984
0	21	tracking	-843.239711	68.892964	-265.863071	23.253	-9.689	0.2152
0	22	tracking	-843.076765	68.851959	-265.881252	37.878	-7.940	0.1637
0	23	tracking	-842.944385	68.799868	-265.880988	37.878	-7.940	0.1722
0	24	tracking	-842.842564	68.736286	-265.872492	62.878	-15.940	0.1464
0	25	tracking	-842.766284	68.657546	-265.859043	67.848	-23.940	0.1474
0	26	tracking	-842.710934	68.557618	-265.841923	67.848	-31.940	0.1275
0	27	tracking	-842.672720	68.428853	-265.822149	67.848	-39.940	0.1337
0	28	tracking	-842.645872	68.263599	-265.796767	42.848	-47.168	0.1486
0	29	tracking	-842.625522	68.063679	-265.763061	17.848	-47.168	0.1178
0	30	tracking	-842.605740	67.831580	-265.719879	-7.152	-47.168	0.1152
0	31	tracking	-842.580040	67.570149	-265.668558	-32.152	-47.168	0.1426
0	32	tracking	-842.555478	67.270930	-265.609577	-7.152	-55.168	0.1127
0	33	tracking	-842.538038	66.935425	-265.543223	17.848	-55.963	0.1025
0	34	landing	-842.528781	66.578061	-265.464587	17.848	-47.963	0.0708
0	35	landing	-842.527320	66.201223	-265.373447	17.848	-47.963	0.0588
0	36	landing	-842.533309	65.807269	-265.269599	17.848	-47.963	0.0921
1	0	tracking	-850.645964	68.867102	-257.032114	-139.104	-4.000	0.5184
1	1	tracking	-849.991601	68.807284	-257.601772	-164.104	-0.670	0.4050
1	2	tracking	-849.422535	68.751906	-258.196524	170.896	-8.670	0.4437
1	3	tracking	-848.951149	68.710040	-258.797665	153.407	-16.670	0.3235
1	4	tracking	-848.533079	68.685017	-259.402840	178.407	-24.670	0.3617
1	5	tracking	-848.135704	68.677907	-259.999512	-156.593	-32.670	0.2863
1	6	tracking	-847.761383	68.687936	-260.584443	-159.186	-40.670	0.2971
1	7	tracking	-847.390151	68.712344	-261.142272	-134.186	-46.375	0.3189
1	8	tracking	-847.001170	68.679832	-261.752899	-150.375	-42.740	0.2515
1	9	tracking	-846.672999	68.706563	-262.298382	-150.375	-34.740	0.2563
1	10	tracking	-846.354302	68.737608	-262.830652	-150.375	-26.740	0.2482
1	11	tracking	-846.043493	68.767366	-263.352119	-150.375	-18.740	0.2371
1	12	tracking	-845.725358	68.799474	-263.846002	-125.375	-26.740	0.2115
1	13	tracking	-845.395990	68.834728	-264.294458	-100.375	-34.740	0.2655
1	14	tracking	-845.061670	68.870618	-264.683371	-75.375	-42.740	0.5101
1	15	tracking	-844.735033	68.901538	-265.006080	-50.375	-50.740	0.2458
1	16	tracking	-844.416392	68.925131	-265.271849	-51.747	-42.740	0.2137
1	17	tracking	-844.117359	68.940269	-265.478637	-26.747	-34.740	0.2079
1	18	tracking	-843.836801	68.945449	-265.634871	-26.747	-26.740	0.1919
1	19	tracking	-843.573899	68.939416	-265.748430	-26.747	-25.689	0.2143
1	20	tracking	-843.338806	68.922198	-265.821820	-1.747	-17.689	0.1931
1	21	tracking	-843.139711	68.892964	-265.863071	23.253	-9.689	0.1956
1	22	tracking	-842.976765	68.851959	-265.881252	37.878	-7.940	0.2002
1	23	tracking	-842.844385	68.799868	-265.880988	37.878	-7.940	0.1629
1	24	tracking	-842.742564	68.736286	-265.872492	62.878	-15.940	0.1531
1	25	tracking	-842.666284	68.657546	-265.859043	67.848	-23.940	0.2078
1	26	tracking	-842.610934	68.557618	-265.841923	67.848	-31.940	0.1361
1	27	tracking	-842.572720	68.428853	-265.822149	67.848	-39.940	0.1413
1	28	tracking	-842.545872	68.263599	-265.796767	42.848	-47.168	0.2422
1	29	tracking	-842.525522	68.063679	-265.763061	17.848	-47.168	0.1435
1	30	tracking	-842.505740	67.831580	-265.719879	-7.152	-47.168	0.1232
1	31	tracking	-842.480040	67.570149	-265.668558	-32.152	-47.168	0.1149
1	32	tracking	-842.455478	67.270930	-265.609577	-7.152	-55.168	0.1167
1	33	tracking	-842.438038	66.935425	-265.543223	17.848	-55.963	0.1123
1	34	landing	-842.428781	66.578061	-265.464587	17.848	-47.963	0.0856
1	35	landing	-842.427320	66.201223	-265.373447	17.848	-47.963	0.0793
1	36	landing	-842.433309	65.807269	-265.269599	17.848	-47.963	0.0771
2	0	tracking	-850.645964	68.867102	-257.032114	-139.104	-4.000	0.8663
2	1	tracking	-849.991601	68.807284	-257.601772	-164.104	-0.670	0.6403
2	2	tracking	-849.422535	68.751906	-258.196524	170.896	-8.670	0.3760
2	3	tracking	-848.951149	68.710040	-258.797665	153.407	-16.670	0.2934
2	4	tracking	-848.533079	68.685017	-259.402840	178.407	-24.670	0.5308
2	5	tracking	-848.135704	68.677907	-259.999512	-156.593	-32.670	3.9811
2	6	tracking	-847.761383	68.687936	-260.584443	-159.186	-40.670	0.2930
2	7	tracking	-847.390151	68.712344	-261.142272	-134.186	-46.375	0.2593
2	8	tracking	-847.101170	68.779832	-261.752899	-150.375	-42.740	0.2513
2	9	tracking	-846.772999	68.806563	-262.298382	-150.375	-34.740	0.2390
2	10	tracking	-846.454302	68.837608	-262.830652	-150.375	-26.740	0.2472
2	11	tracking	-846.143493	68.867366	-263.352119	-150.375	-18.740	0.1962
2	12	tracking	-845.825358	68.899474	-263.846002	-125.375	-26.740	0.1902
2	13	tracking	-845.495990	68.934728	-264.294458	-100.375	-34.740	0.1993
2	14	tracking	-845.161670	68.970618	-264.683371	-75.375	-42.740	0.1717
2	15	tracking	-844.835033	69.001538	-265.006080	-50.375	-50.740	0.1605
2	16	tracking	-844.516392	69.025131	-265.271849	-51.747	-42.740	0.1672
2	17	tracking	-844.217359	69.040269	-265.478637	-26.747	-34.740	0.1519
2	18	tracking	-843.936801	69.045449	-265.634871	-26.747	-26.740	0.2128
2	19	tracking	-843.673899	69.039416	-265.748430	-26.747	-25.689	0.1574
2	20	tracking	-843.438806	69.022198	-265.821820	-1.747	-17.689	0.1474
2	21	tracking	-843.239711	68.992964	-265.863071	23.253	-9.689	0.1801
2	22	tracking	-843.076765	68.951959	-265.881252	37.878	-7.940	0.1411
2	23	tracking	-842.944385	68.899868	-265.880988	37.878	-7.940	0.1249
2	24	tracking	-842.842564	68.836286	-265.872492	62.878	-15.940	0.1461
2	25	tracking	-842.766284	68.757546	-265.859043	67.848	-23.940	0.1333
2	26	tracking	-842.710934	68.657618	-265.841923	67.848	-31.940	0.1537
2	27	tracking	-842.672720	68.528853	-265.822149	67.848	-39.940	0.2467
2	28	tracking	-842.645872	68.363599	-265.796767	42.848	-47.168	0.1421
2	29	tracking	-842.625522	68.163679	-265.763061	17.848	-47.168	0.2157
2	30	tracking	-842.605740	67.931580	-265.719879	-7.152	-47.168	0.1365
2	31	tracking	-842.580040	67.670149	-265.668558	-32.152	-47.168	0.0895
2	32	tracking	-842.555478	67.370930	-265.609577	-7.152	-55.168	0.0910
2	33	tracking	-842.538038	67.035425	-265.543223	17.848	-55.963	0.0945
2	34	landing	-842.528781	66.678061	-265.464587	17.848	-47.963	0.0685
2	35	landing	-842.527320	66.301223	-265.373447	17.848	-47.963	0.0520
2	36	landing	-842.533309	65.907269	-265.269599	17.848	-47.963	0.0465
3	0	tracking	-850.645964	68.867102	-257.032114	-139.104	-4.000	0.3895
3	1	tracking	-849.991601	68.807284	-257.601772	-164.104	-0.670	0.3279
3	2	tracking	-849.422535	68.751906	-258.196524	170.896	-8.670	0.3574
3	3	tracking	-848.951149	68.710040	-258.797665	153.407	-16.670	0.2894
3	4	tracking	-848.533079	68.685017	-259.402840	178.407	-24.670	0.2749
3	5	tracking	-848.135704	68.677907	-259.999512	-156.593	-32.670	0.2753
3	6	tracking	-847.761383	68.687936	-260.584443	-159.186	-40.670	0.2540
3	7	tracking	-847.390151	68.712344	-261.142272	-134.186	-46.375	0.2598
3	8	tracking	-847.001170	68.779832	-261.752899	-150.375	-42.740	0.4027
3	9	tracking	-846.672999	68.806563	-262.298382	-150.375	-34.740	0.3205
3	10	tracking	-846.354302	68.837608	-262.830652	-150.375	-26.740	0.4847
3	11	tracking	-846.043493	68.867366	-263.352119	-150.375	-18.740	0.3809
3	12	tracking	-845.725358	68.899474	-263.846002	-125.375	-26.740	0.3683
3	13	tracking	-845.395990	68.934728	-264.294458	-100.375	-34.740	0.4649
3	14	tracking	-845.061670	68.970618	-264.683371	-75.375	-42.740	0.2105
3	15	tracking	-844.735033	69.001538	-265.006080	-50.375	-50.740	0.1778
3	16	tracking	-844.416392	69.025131	-265.271849	-51.747	-42.740	0.1617
3	17	tracking	-844.117359	69.040269	-265.478637	-26.747	-34.740	0.1765
3	18	tracking	-843.836801	69.045449	-265.634871	-26.747	-26.740	0.1979
3	19	tracking	-843.573899	69.039416	-265.748430	-26.747	-25.689	0.1740
3	20	tracking	-843.338806	69.022198	-265.821820	-1.747	-17.689	0.1672
3	21	tracking	-843.139711	68.992964	-265.863071	23.253	-9.689	0.1757
3	22	tracking	-842.976765	68.951959	-265.881252	37.878	-7.940	0.1556
3	23	tracking	-842.844385	68.899868	-265.880988	37.878	-7.940	0.1517
3	24	tracking	-842.742564	68.836286	-265.872492	62.878	-15.940	0.1529
3	25	tracking	-842.666284	68.757546	-265.859043	67.848	-23.940	0.1365
3	26	tracking	-842.610934	68.657618	-265.841923	67.848	-31.940	0.1175
3	27	tracking	-842.572720	68.528853	-265.822149	67.848	-39.940	0.1125
3	28	tracking	-842.545872	68.363599	-265.796767	42.848	-47.168	0.1086
3	29	tracking	-842.525522	68.163679	-265.763061	17.848	-47.168	0.1101
3	30	tracking	-842.505740	67.931580	-265.719879	-7.152	-47.168	0.1054
3	31	tracking	-842.480040	67.670149	-265.668558	-32.152	-47.168	0.1254
3	32	tracking	-842.455478	67.370930	-265.609577	-7.152	-55.168	0.0913
3	33	tracking	-842.438038	67.035425	-265.543223	17.848	-55.963	0.0884
3	34	landing	-842.428781	66.678061	-265.464587	17.848	-47.963	0.0808
3	35	landing	-842.427320	66.301223	-265.373447	17.848	-47.963	0.1625
3	36	landing	-842.433309	65.907269	-265.269599	17.848	-47.963	0.1328
4	0	tracking	-850.645964	68.867102	-257.032114	-139.104	-4.000	0.4680
4	1	tracking	-849.991601	68.807284	-257.601772	-164.104	-0.670	0.3989
4	2	tracking	-849.422535	68.751906	-258.196524	170.896	-8.670	0.2982
4	3	tracking	-848.951149	68.710040	-258.797665	153.407	-16.670	0.2897
4	4	tracking	-848.533079	68.685017	-259.402840	178.407	-24.670	0.2672
4	5	tracking	-848.135704	68.677907	-259.999512	-156.593	-32.670	0.2793
4	6	tracking	-847.761383	68.687936	-260.584443	-159.186	-40.670	0.2712
4	7	tracking	-847.390151	68.712344	-261.142272	-134.186	-46.375	0.2689
4	8	tracking	-847.101170	68.679832	-261.652899	-150.375	-42.740	0.2276
4	9	tracking	-846.772999	68.706563	-262.198382	-150.375	-34.740	0.1998
4	10	tracking	-846.454302	68.737608	-262.730652	-150.375	-26.740	0.1962
4	11	tracking	-846.143493	68.767366	-263.252119	-150.375	-18.740	0.1851
4	12	tracking	-845.825358	68.799474	-263.746002	-125.375	-26.740	0.1874
4	13	tracking	-845.495990	68.834728	-264.194458	-100.375	-34.740	0.1720
4	14	tracking	-845.161670	68.870618	-264.583371	-75.375	-42.740	0.1772
4	15	tracking	-844.835033	68.901538	-264.906080	-50.375	-50.740	0.1601
4	16	tracking	-844.516392	68.925131	-265.171849	-51.747	-42.740	0.1549
4	17	tracking	-844.217359	68.940269	-265.378637	-26.747	-34.740	0.1564
4	18	tracking	-843.936801	68.945449	-265.534871	-26.747	-26.740	0.1635
4	19	tracking	-843.673899	68.939416	-265.648430	-26.747	-25.689	0.2211
4	20	tracking	-843.438806	68.922198	-265.721820	-1.747	-17.689	0.1348
4	21	tracking	-843.239711	68.892964	-265.763071	23.253	-9.689	0.1275
4	22	tracking	-843.076765	68.851959	-265.781252	37.878	-7.940	0.1412
4	23	tracking	-842.944385	68.799868	-265.780988	37.878	-7.940	0.3554
4	24	tracking	-842.842564	68.736286	-265.772492	62.878	-15.940	0.2053
4	25	tracking	-842.766284	68.657546	-265.759043	67.848	-23.940	0.2109
4	26	tracking	-842.710934	68.557618	-265.741923	67.848	-31.940	0.2466
4	27	tracking	-842.672720	68.428853	-265.722149	67.848	-39.940	0.1828
4	28	tracking	-842.645872	68.263599	-265.696767	42.848	-47.168	0.1751
4	29	tracking	-842.625522	68.063679	-265.663061	17.848	-47.168	0.1602
4	30	tracking	-842.605740	67.831580	-265.619879	-7.152	-47.168	0.1427
4	31	tracking	-842.580040	67.570149	-265.568558	-32.152	-47.168	0.1451
4	32	tracking	-842.555478	67.270930	-265.509577	-7.152	-55.168	0.1698
4	33	tracking	-842.538038	66.935425	-265.443223	17.848	-55.963	0.1362
4	34	landing	-842.528781	66.578061	-265.364587	17.848	-47.963	0.0762
4	35	landing	-842.527320	66.201223	-265.273447	17.848	-47.963	0.0743
4	36	landing	-842.533309	65.807269	-265.169599	17.848	-47.963	0.0703
5	0	tracking	-850.645964	68.867102	-257.032114	-139.104	-4.000	0.4708
5	1	tracking	-849.991601	68.807284	-257.601772	-164.104	-0.670	0.3178
5	2	tracking	-849.422535	68.751906	-258.196524	170.896	-8.670	0.3100
5	3	tracking	-848.951149	68.710040	-258.797665	153.407	-16.670	0.2950
5	4	tracking	-848.533079	68.685017	-259.402840	178.407	-24.670	0.2922
5	5	tracking	-848.135704	68.677907	-259.999512	-156.593	-32.670	0.3536
5	6	tracking	-847.761383	68.687936	-260.584443	-159.186	-40.670	0.4716
5	7	tracking	-847.390151	68.712344	-261.142272	-134.186	-46.375	0.4167
5	8	tracking	-847.001170	68.679832	-261.652899	-150.375	-42.740	0.2437
5	9	tracking	-846.672999	68.706563	-262.198382	-150.375	-34.740	0.2427
5	10	tracking	-846.354302	68.737608	-262.730652	-150.375	-26.740	0.2566
5	11	tracking	-846.043493	68.767366	-263.252119	-150.375	-18.740	0.2941
5	12	tracking	-845.725358	68.799474	-263.746002	-125.375	-26.740	0.2021
5	13	tracking	-845.395990	68.834728	-264.194458	-100.375	-34.740	0.2159
5	14	tracking	-845.061670	68.870618	-264.583371	-75.375	-42.740	0.1698
5	15	tracking	-844.735033	68.901538	-264.906080	-50.375	-50.740	0.2370
5	16	tracking	-844.416392	68.925131	-265.171849	-51.747	-42.740	0.3146
5	17	tracking	-844.117359	68.940269	-265.378637	-26.747	-34.740	0.2793
5	18	tracking	-843.836801	68.945449	-265.534871	-26.747	-26.740	0.2977
5	19	tracking	-843.573899	68.939416	-265.648430	-26.747	-25.689	0.2564
5	20	tracking	-843.338806	68.922198	-265.721820	-1.747	-17.689	0.2923
5	21	tracking	-843.139711	68.892964	-265.763071	23.253	-9.689	0.2694
5	22	tracking	-842.976765	68.851959	-265.781252	37.878	-7.940	0.2646
5	23	tracking	-842.844385	68.799868	-265.780988	37.878	-7.940	0.2393
5	24	tracking	-842.742564	68.736286	-265.772492	62.878	-15.940	0.2574
5	25	tracking	-842.666284	68.657546	-265.759043	67.848	-23.940	0.2324
5	26	tracking	-842.610934	68.557618	-265.741923	67.848	-31.940	0.2026
5	27	tracking	-842.572720	68.428853	-265.722149	67.848	-39.940	0.1868
5	28	tracking	-842.545872	68.263599	-265.696767	42.848	-47.168	0.1727
5	29	tracking	-842.525522	68.063679	-265.663061	17.848	-47.168	0.1659
5	30	tracking	-842.505740	67.831580	-265.619879	-7.152	-47.168	0.1709
5	31	tracking	-842.480040	67.570149	-265.568558	-32.152	-47.168	0.1767
5	32	tracking	-842.455478	67.270930	-265.509577	-7.152	-55.168	0.2266
5	33	tracking	-842.438038	66.935425	-265.443223	17.848	-55.963	0.1684
5	34	landing	-842.428781	66.578061	-265.364587	17.848	-47.963	0.1214
5	35	landing	-842.427320	66.201223	-265.273447	17.848	-47.963	0.1142
5	36	landing	-842.433309	65.807269	-265.169599	17.848	-47.963	0.1255
6	0	tracking	-850.645964	68.867102	-257.032114	-139.104	-4.000	0.3804
6	1	tracking	-849.991601	68.807284	-257.601772	-164.104	-0.670	0.3081
6	2	tracking	-849.422535	68.751906	-258.196524	170.896	-8.670	0.3001
6	3	tracking	-848.951149	68.710040	-258.797665	153.407	-16.670	0.2740
6	4	tracking	-848.533079	68.685017	-259.402840	178.407	-24.670	0.2627
6	5	tracking	-848.135704	68.677907	-259.999512	-156.593	-32.670	0.2556
6	6	tracking	-847.761383	68.687936	-260.584443	-159.186	-40.670	0.2570
6	7	tracking	-847.390151	68.712344	-261.142272	-134.186	-46.375	0.2503
6	8	tracking	-847.101170	68.779832	-261.652899	-150.375	-42.740	0.1953
6	9	tracking	-846.772999	68.806563	-262.198382	-150.375	-34.740	0.1833
6	10	tracking	-846.454302	68.837608	-262.730652	-150.375	-26.740	0.1977
6	11	tracking	-846.143493	68.867366	-263.252119	-150.375	-18.740	0.1871
6	12	tracking	-845.825358	68.899474	-263.746002	-125.375	-26.740	0.3129
6	13	tracking	-845.495990	68.934728	-264.194458	-100.375	-34.740	0.2043
6	14	tracking	-845.161670	68.970618	-264.583371	-75.375	-42.740	0.2679
6	15	tracking	-844.835033	69.001538	-264.906080	-50.375	-50.740	0.2116
6	16	tracking	-844.516392	69.025131	-265.171849	-51.747	-42.740	0.1643
6	17	tracking	-844.217359	69.040269	-265.378637	-26.747	-34.740	0.1986
6	18	tracking	-843.936801	69.045449	-265.534871	-26.747	-26.740	0.1447
6	19	tracking	-843.673899	69.039416	-265.648430	-26.747	-25.689	0.1485
6	20	tracking	-843.438806	69.022198	-265.721820	-1.747	-17.689	0.1534
6	21	tracking	-843.239711	68.992964	-265.763071	23.253	-9.689	0.1381
6	22	tracking	-843.076765	68.951959	-265.781252	37.878	-7.940	0.1355
6	23	tracking	-842.944385	68.899868	-265.780988	37.878	-7.940	0.1269
6	24	tracking	-842.842564	68.836286	-265.772492	62.878	-15.940	0.1077
6	25	tracking	-842.766284	68.757546	-265.759043	67.848	-23.940	0.1079
6	26	tracking	-842.710934	68.657618	-265.741923	67.848	-31.940	0.1091
6	27	tracking	-842.672720	68.528853	-265.722149	67.848	-39.940	0.1467
6	28	tracking	-842.645872	68.363599	-265.696767	42.848	-47.168	0.0972
6	29	tracking	-842.625522	68.163679	-265.663061	17.848	-47.168	0.0882
6	30	tracking	-842.605740	67.931580	-265.619879	-7.152	-47.168	0.0856
6	31	tracking	-842.580040	67.670149	-265.568558	-32.152	-47.168	0.0819
6	32	tracking	-842.555478	67.370930	-265.509577	-7.152	-55.168	0.0804
6	33	tracking	-842.538038	67.035425	-265.443223	17.848	-55.963	0.0794
6	34	landing	-842.528781	66.678061	-265.364587	17.848	-47.963	0.0477
6	35	landing	-842.527320	66.301223	-265.273447	17.848	-47.963	0.0422
6	36	landing	-842.533309	65.907269	-265.169599	17.848	-47.963	0.0384
7	0	tracking	-850.645964	68.867102	-257.032114	-139.104	-4.000	0.8260
7	1	tracking	-849.991601	68.807284	-257.601772	-164.104	-0.670	0.4943
7	2	tracking	-849.422535	68.751906	-258.196524	170.896	-8.670	0.5179
7	3	tracking	-848.951149	68.710040	-258.797665	153.407	-16.670	0.4827
7	4	tracking	-848.533079	68.685017	-259.402840	178.407	-24.670	0.4972
7	5	tracking	-848.135704	68.677907	-259.999512	-156.593	-32.670	0.3876
7	6	tracking	-847.761383	68.687936	-260.584443	-159.186	-40.670	0.3746
7	7	tracking	-847.390151	68.712344	-261.142272	-134.186	-46.375	0.4647
7	8	tracking	-847.001170	68.779832	-261.652899	-150.375	-42.740	0.3486
7	9	tracking	-846.672999	68.806563	-262.198382	-150.375	-34.740	0.3069
7	10	tracking	-846.354302	68.837608	-262.730652	-150.375	-26.740	0.3113
7	11	tracking	-846.043493	68.867366	-263.252119	-150.375	-18.740	0.2990
7	12	tracking	-845.725358	68.899474	-263.746002	-125.375	-26.740	0.2803
7	13	tracking	-845.395990	68.934728	-264.194458	-100.375	-34.740	0.2684
7	14	tracking	-845.061670	68.970618	-264.583371	-75.375	-42.740	2.7778
7	15	tracking	-844.735033	69.001538	-264.906080	-50.375	-50.740	0.2606
7	16	tracking	-844.416392	69.025131	-265.171849	-51.747	-42.740	0.2705
7	17	tracking	-844.117359	69.040269	-265.378637	-26.747	-34.740	0.2059
7	18	tracking	-843.836801	69.045449	-265.534871	-26.747	-26.740	0.2303
7	19	tracking	-843.573899	69.039416	-265.648430	-26.747	-25.689	0.1961
7	20	tracking	-843.338806	69.022198	-265.721820	-1.747	-17.689	0.1885
7	21	tracking	-843.139711	68.992964	-265.763071	23.253	-9.689	0.1848
7	22	tracking	-842.976765	68.951959	-265.781252	37.878	-7.940	0.1613
7	23	tracking	-842.844385	68.899868	-265.780988	37.878	-7.940	0.1706
7	24	tracking	-842.742564	68.836286	-265.772492	62.878	-15.940	0.1374
7	25	tracking	-842.666284	68.757546	-265.759043	67.848	-23.940	0.1367
7	26	tracking	-842.610934	68.657618	-265.741923	67.848	-31.940	0.1236
7	27	tracking	-842.572720	68.528853	-265.722149	67.848	-39.940	0.2024
7	28	tracking	-842.545872	68.363599	-265.696767	42.848	-47.168	0.1547
7	29	tracking	-842.525522	68.163679	-265.663061	17.848	-47.168	0.1160
7	30	tracking	-842.505740	67.931580	-265.619879	-7.152	-47.168	0.1054
7	31	tracking	-842.480040	67.670149	-265.568558	-32.152	-47.168	0.1083
7	32	tracking	-842.455478	67.370930	-265.509577	-7.152	-55.168	0.0987
7	33	tracking	-842.438038	67.035425	-265.443223	17.848	-55.963	0.1133
7	34	landing	-842.428781	66.678061	-265.364587	17.848	-47.963	0.0793
7	35	landing	-842.427320	66.301223	-265.273447	17.848	-47.963	0.0742
7	36	landing	-842.433309	65.907269	-265.169599	17.848	-47.963	0.0682
8	0	tracking	-850.645964	68.867102	-257.032114	-139.104	-4.000	0.4985
8	1	tracking	-849.991601	68.807284	-257.601772	-164.104	-0.670	0.8926
8	2	tracking	-849.422535	68.751906	-258.196524	170.896	-8.670	0.8881
8	3	tracking	-848.951149	68.710040	-258.797665	153.407	-16.670	0.3789
8	4	tracking	-848.533079	68.685017	-259.402840	178.407	-24.670	0.3123
8	5	tracking	-848.135704	68.677907	-259.999512	-156.593	-32.670	0.3319
8	6	tracking	-847.761383	68.687936	-260.584443	-159.186	-40.670	0.3525
8	7	tracking	-847.390151	68.712344	-261.142272	-134.186	-46.375	0.3602
8	8	tracking	-847.064730	68.681672	-261.754304	-150.375	-42.740	0.2896
8	9	tracking	-846.703340	68.711568	-262.302362	-150.375	-34.740	0.3070
8	10	tracking	-846.354339	68.746589	-262.838166	-150.375	-26.740	0.2723
8	11	tracking	-846.015706	68.781012	-263.364232	-150.375	-18.740	0.2512
8	12	tracking	-845.671661	68.818553	-263.863006	-125.375	-26.740	0.2465
8	13	tracking	-845.318102	68.860090	-264.316022	-100.375	-34.740	0.2302
8	14	tracking	-844.961199	68.903358	-264.708730	-75.375	-42.740	0.5978
8	15	tracking	-844.613663	68.942948	-265.034178	-50.375	-50.740	0.4907
8	16	tracking	-844.275734	68.976023	-265.301859	-51.747	-42.740	0.4799
8	17	tracking	-843.959198	69.000982	-265.509725	-26.747	-34.740	0.2200
8	18	tracking	-843.662795	69.015874	-265.666421	-26.747	-26.740	0.1771
8	19	tracking	-843.385559	69.019353	-265.779964	-26.747	-25.689	0.2963
8	20	tracking	-843.137682	69.011115	-265.852945	-1.747	-17.689	0.1667
8	21	tracking	-842.927335	68.990082	-265.893510	23.253	-9.689	0.1589
8	22	tracking	-842.754553	68.956515	-265.910837	37.878	-7.940	0.1545
8	23	tracking	-842.613570	68.911165	-265.909606	37.878	-7.940	0.1945
8	24	tracking	-842.504272	68.853876	-265.900151	62.878	-15.940	0.1443
8	25	tracking	-842.421487	68.781170	-265.885783	67.848	-23.940	0.1367
8	26	tracking	-842.360469	68.687166	-265.867792	67.848	-31.940	0.1265
8	27	tracking	-842.317317	68.564323	-265.847197	67.848	-39.940	0.1205
8	28	tracking	-842.286143	68.405044	-265.821006	42.848	-47.168	0.1100
8	29	tracking	-842.261945	68.211056	-265.786553	17.848	-47.168	0.1166
8	30	tracking	-842.238741	67.984752	-265.742749	-7.152	-47.168	0.1015
8	31	tracking	-842.210039	67.728929	-265.690948	-32.152	-47.168	0.1150
8	32	tracking	-842.182806	67.435214	-265.631575	-7.152	-55.168	0.0952
8	33	tracking	-842.162969	67.105083	-265.564924	17.848	-55.963	0.0927
8	34	landing	-842.151533	66.752836	-265.486163	17.848	-47.963	0.0753
8	35	landing	-842.148076	66.380826	-265.395079	17.848	-47.963	0.0704
8	36	landing	-842.152227	65.991392	-265.291463	17.848	-47.963	0.0729
9	0	tracking	-850.645964	68.867102	-257.032114	-139.104	-4.000	0.4079
9	1	tracking	-849.991601	68.807284	-257.601772	-164.104	-0.670	0.3445
9	2	tracking	-849.422535	68.751906	-258.196524	170.896	-8.670	0.3531
9	3	tracking	-848.951149	68.710040	-258.797665	153.407	-16.670	0.3792
9	4	tracking	-848.533079	68.685017	-259.402840	178.407	-24.670	0.3449
9	5	tracking	-848.135704	68.677907	-259.999512	-156.593	-32.670	0.3293
9	6	tracking	-847.761383	68.687936	-260.584443	-159.186	-40.670	0.2932
9	7	tracking	-847.390151	68.712344	-261.142272	-134.186	-46.375	0.2759
9	8	tracking	-846.964730	68.681672	-261.754304	-150.375	-42.740	0.2857
9	9	tracking	-846.603340	68.711568	-262.302362	-150.375	-34.740	0.3164
9	10	tracking	-846.254339	68.746589	-262.838166	-150.375	-26.740	0.2740
9	11	tracking	-845.915706	68.781012	-263.364232	-150.375	-18.740	0.2661
9	12	tracking	-845.571661	68.818553	-263.863006	-125.375	-26.740	0.2353
9	13	tracking	-845.218102	68.860090	-264.316022	-100.375	-34.740	0.2198
9	14	tracking	-844.861199	68.903358	-264.708730	-75.375	-42.740	0.2065
9	15	tracking	-844.513663	68.942948	-265.034178	-50.375	-50.740	0.2076
9	16	tracking	-844.175734	68.976023	-265.301859	-51.747	-42.740	0.2046
9	17	tracking	-843.859198	69.000982	-265.509725	-26.747	-34.740	0.1882
9	18	tracking	-843.562795	69.015874	-265.666421	-26.747	-26.740	0.1999
9	19	tracking	-843.285559	69.019353	-265.779964	-26.747	-25.689	0.1832
9	20	tracking	-843.037682	69.011115	-265.852945	-1.747	-17.689	0.1645
9	21	tracking	-842.827335	68.990082	-265.893510	23.253	-9.689	0.1536
9	22	tracking	-842.654553	68.956515	-265.910837	37.878	-7.940	0.1703
9	23	tracking	-842.513570	68.911165	-265.909606	37.878	-7.940	0.1503
9	24	tracking	-842.404272	68.853876	-265.900151	62.878	-15.940	0.1457
9	25	tracking	-842.321487	68.781170	-265.885783	67.848	-23.940	0.1442
9	26	tracking	-842.260469	68.687166	-265.867792	67.848	-31.940	0.1621
9	27	tracking	-842.217317	68.564323	-265.847197	67.848	-39.940	0.1411
9	28	tracking	-842.186143	68.405044	-265.821006	42.848	-47.168	0.1350
9	29	tracking	-842.161945	68.211056	-265.786553	17.848	-47.168	0.1334
9	30	tracking	-842.138741	67.984752	-265.742749	-7.152	-47.168	0.1080
9	31	tracking	-842.110039	67.728929	-265.690948	-32.152	-47.168	0.1044
9	32	tracking	-842.082806	67.435214	-265.631575	-7.152	-55.168	0.0920
9	33	tracking	-842.062969	67.105083	-265.564924	17.848	-55.963	0.0858
9	34	landing	-842.051533	66.752836	-265.486163	17.848	-47.963	0.0752
9	35	landing	-842.048076	66.380826	-265.395079	17.848	-47.963	0.0625
9	36	landing	-842.052227	65.991392	-265.291463	17.848	-47.963	0.0550
10	0	tracking	-850.645964	68.867102	-257.032114	-139.104	-4.000	0.4467
10	1	tracking	-849.991601	68.807284	-257.601772	-164.104	-0.670	0.4134
10	2	tracking	-849.422535	68.751906	-258.196524	170.896	-8.670	0.3567
10	3	tracking	-848.951149	68.710040	-258.797665	153.407	-16.670	0.3433
10	4	tracking	-848.533079	68.685017	-259.402840	178.407	-24.670	0.6710
10	5	tracking	-848.135704	68.677907	-259.999512	-156.593	-32.670	0.5388
10	6	tracking	-847.761383	68.687936	-260.584443	-159.186	-40.670	0.3476
10	7	tracking	-847.390151	68.712344	-261.142272	-134.186	-46.375	0.3576
10	8	tracking	-847.064730	68.781672	-261.754304	-150.375	-42.740	0.3722
10	9	tracking	-846.703340	68.811568	-262.302362	-150.375	-34.740	0.3521
10	10	tracking	-846.354339	68.846589	-262.838166	-150.375	-26.740	0.4280
10	11	tracking	-846.015706	68.881012	-263.364232	-150.375	-18.740	0.2935
10	12	tracking	-845.671661	68.918553	-263.863006	-125.375	-26.740	0.2870
10	13	tracking	-845.318102	68.960090	-264.316022	-100.375	-34.740	0.2904
10	14	tracking	-844.961199	69.003358	-264.708730	-75.375	-42.740	0.2589
10	15	tracking	-844.613663	69.042948	-265.034178	-50.375	-50.740	0.2568
10	16	tracking	-844.275734	69.076023	-265.301859	-51.747	-42.740	0.2403
10	17	tracking	-843.959198	69.100982	-265.509725	-26.747	-34.740	0.2249
10	18	tracking	-843.662795	69.115874	-265.666421	-26.747	-26.740	0.2282
10	19	tracking	-843.385559	69.119353	-265.779964	-26.747	-25.689	0.2035
10	20	tracking	-843.137682	69.111115	-265.852945	-1.747	-17.689	0.1867
10	21	tracking	-842.927335	69.090082	-265.893510	23.253	-9.689	0.1849
10	22	tracking	-842.754553	69.056515	-265.910837	37.878	-7.940	0.1798
10	23	tracking	-842.613570	69.011165	-265.909606	37.878	-7.940	0.1615
10	24	tracking	-842.504272	68.953876	-265.900151	62.878	-15.940	0.1842
10	25	tracking	-842.421487	68.881170	-265.885783	67.848	-23.940	0.1660
10	26	tracking	-842.360469	68.787166	-265.867792	67.848	-31.940	0.1756
10	27	tracking	-842.317317	68.664323	-265.847197	67.848	-39.940	0.1487
10	28	tracking	-842.286143	68.505044	-265.821006	42.848	-47.168	0.1497
10	29	tracking	-842.261945	68.311056	-265.786553	17.848	-47.168	0.1270
10	30	tracking	-842.238741	68.084752	-265.742749	-7.152	-47.168	0.2768
10	31	tracking	-842.210039	67.828929	-265.690948	-32.152	-47.168	0.2254
10	32	tracking	-842.182806	67.535214	-265.631575	-7.152	-55.168	0.1978
10	33	tracking	-842.162969	67.205083	-265.564924	17.848	-55.963	0.2115
10	34	landing	-842.151533	66.852836	-265.486163	17.848	-47.963	0.1803
10	35	landing	-842.148076	66.480826	-265.395079	17.848	-47.963	0.1708
10	36	landing	-842.152227	66.091392	-265.291463	17.848	-47.963	0.1595
10	37	landing	-842.163649	65.686817	-265.175154	17.848	-47.963	0.1499
11	0	tracking	-850.645964	68.867102	-257.032114	-139.104	-4.000	1.0254
11	1	tracking	-849.991601	68.807284	-257.601772	-164.104	-0.670	0.4285
11	2	tracking	-849.422535	68.751906	-258.196524	170.896	-8.670	0.3508
11	3	tracking	-848.951149	68.710040	-258.797665	153.407	-16.670	0.3441
11	4	tracking	-848.533079	68.685017	-259.402840	178.407	-24.670	0.5021
11	5	tracking	-848.135704	68.677907	-259.999512	-156.593	-32.670	0.3478
11	6	tracking	-847.761383	68.687936	-260.584443	-159.186	-40.670	0.3026
11	7	tracking	-847.390151	68.712344	-261.142272	-134.186	-46.375	0.3127
11	8	tracking	-846.964730	68.781672	-261.754304	-150.375	-42.740	0.3140
11	9	tracking	-846.603340	68.811568	-262.302362	-150.375	-34.740	0.2532
11	10	tracking	-846.254339	68.846589	-262.838166	-150.375	-26.740	0.1553
11	11	tracking	-845.915706	68.881012	-263.364232	-150.375	-18.740	0.1045
11	12	tracking	-845.571661	68.918553	-263.863006	-125.375	-26.740	0.1907
11	13	tracking	-845.218102	68.960090	-264.316022	-100.375	-34.740	0.1128
11	14	tracking	-844.861199	69.003358	-264.708730	-75.375	-42.740	0.1523
11	15	tracking	-844.513663	69.042948	-265.034178	-50.375	-50.740	0.2360
11	16	tracking	-844.175734	69.076023	-265.301859	-51.747	-42.740	0.1870
11	17	tracking	-843.859198	69.100982	-265.509725	-26.747	-34.740	0.2948
11	18	tracking	-843.562795	69.115874	-265.666421	-26.747	-26.740	0.1786
11	19	tracking	-843.285559	69.119353	-265.779964	-26.747	-25.689	0.1681
11	20	tracking	-843.037682	69.111115	-265.852945	-1.747	-17.689	0.1570
11	21	tracking	-842.827335	69.090082	-265.893510	23.253	-9.689	0.2043
11	22	tracking	-842.654553	69.056515	-265.910837	37.878	-7.940	0.1309
11	23	tracking	-842.513570	69.011165	-265.909606	37.878	-7.940	0.0713
11	24	tracking	-842.404272	68.953876	-265.900151	62.878	-15.940	0.0606
11	25	tracking	-842.321487	68.881170	-265.885783	67.848	-23.940	0.0600
11	26	tracking	-842.260469	68.787166	-265.867792	67.848	-31.940	0.0705
11	27	tracking	-842.217317	68.664323	-265.847197	67.848	-39.940	0.0542
11	28	tracking	-842.186143	68.505044	-265.821006	42.848	-47.168	0.1691
11	29	tracking	-842.161945	68.311056	-265.786553	17.848	-47.168	0.0583
11	30	tracking	-842.138741	68.084752	-265.742749	-7.152	-47.168	0.1345
11	31	tracking	-842.110039	67.828929	-265.690948	-32.152	-47.168	0.0514
11	32	tracking	-842.082806	67.535214	-265.631575	-7.152	-55.168	0.0564
11	33	tracking	-842.062969	67.205083	-265.564924	17.848	-55.963	0.0436
11	34	landing	-842.051533	66.852836	-265.486163	17.848	-47.963	0.0606
11	35	landing	-842.048076	66.480826	-265.395079	17.848	-47.963	0.0351
11	36	landing	-842.052227	66.091392	-265.291463	17.848	-47.963	0.0379
11	37	landing	-842.063649	65.686817	-265.175154	17.848	-47.963	0.0315
12	0	tracking	-850.645964	68.867102	-257.032114	-139.104	-4.000	0.2711
12	1	tracking	-849.991601	68.807284	-257.601772	-164.104	-0.670	0.1722
12	2	tracking	-849.422535	68.751906	-258.196524	170.896	-8.670	0.1303
12	3	tracking	-848.951149	68.710040	-258.797665	153.407	-16.670	0.1233
12	4	tracking	-848.533079	68.685017	-259.402840	178.407	-24.670	0.2407
12	5	tracking	-848.135704	68.677907	-259.999512	-156.593	-32.670	0.1482
12	6	tracking	-847.761383	68.687936	-260.584443	-159.186	-40.670	0.1190
12	7	tracking	-847.390151	68.712344	-261.142272	-134.186	-46.375	0.1008
12	8	tracking	-847.064730	68.681672	-261.654304	-150.375	-42.740	0.1091
12	9	tracking	-846.703340	68.711568	-262.202362	-150.375	-34.740	0.0990
12	10	tracking	-846.354339	68.746589	-262.738166	-150.375	-26.740	0.0900
12	11	tracking	-846.015706	68.781012	-263.264232	-150.375	-18.740	0.0969
12	12	tracking	-845.671661	68.818553	-263.763006	-125.375	-26.740	0.0856
12	13	tracking	-845.318102	68.860090	-264.216022	-100.375	-34.740	0.0880
12	14	tracking	-844.961199	68.903358	-264.608730	-75.375	-42.740	0.0917
12	15	tracking	-844.613663	68.942948	-264.934178	-50.375	-50.740	0.1034
12	16	tracking	-844.275734	68.976023	-265.201859	-51.747	-42.740	0.0831
12	17	tracking	-843.959198	69.000982	-265.409725	-26.747	-34.740	0.0815
12	18	tracking	-843.662795	69.015874	-265.566421	-26.747	-26.740	0.0782
12	19	tracking	-843.385559	69.019353	-265.679964	-26.747	-25.689	0.0970
12	20	tracking	-843.137682	69.011115	-265.752945	-1.747	-17.689	0.0695
12	21	tracking	-842.927335	68.990082	-265.793510	23.253	-9.689	0.0905
12	22	tracking	-842.754553	68.956515	-265.810837	37.878	-7.940	0.1258
12	23	tracking	-842.613570	68.911165	-265.809606	37.878	-7.940	0.0976
12	24	tracking	-842.504272	68.853876	-265.800151	62.878	-15.940	0.0714
12	25	tracking	-842.421487	68.781170	-265.785783	67.848	-23.940	0.0581
12	26	tracking	-842.360469	68.687166	-265.767792	67.848	-31.940	0.0532
12	27	tracking	-842.317317	68.564323	-265.747197	67.848	-39.940	0.0613
12	28	tracking	-842.286143	68.405044	-265.721006	42.848	-47.168	0.0444
12	29	tracking	-842.261945	68.211056	-265.686553	17.848	-47.168	0.0493
12	30	tracking	-842.238741	67.984752	-265.642749	-7.152	-47.168	0.0410
12	31	tracking	-842.210039	67.728929	-265.590948	-32.152	-47.168	0.0790
12	32	tracking	-842.182806	67.435214	-265.531575	-7.152	-55.168	0.0455
12	33	tracking	-842.162969	67.105083	-265.464924	17.848	-55.963	0.0356
12	34	landing	-842.151533	66.752836	-265.386163	17.848	-47.963	0.0494
12	35	landing	-842.148076	66.380826	-265.295079	17.848	-47.963	0.0411
12	36	landing	-842.152227	65.991392	-265.191463	17.848	-47.963	0.0302
13	0	tracking	-850.645964	68.867102	-257.032114	-139.104	-4.000	0.1960
13	1	tracking	-849.991601	68.807284	-257.601772	-164.104	-0.670	0.3926
13	2	tracking	-849.422535	68.751906	-258.196524	170.896	-8.670	0.3556
13	3	tracking	-848.951149	68.710040	-258.797665	153.407	-16.670	0.1606
13	4	tracking	-848.533079	68.685017	-259.402840	178.407	-24.670	0.1231
13	5	tracking	-848.135704	68.677907	-259.999512	-156.593	-32.670	0.1189
13	6	tracking	-847.761383	68.687936	-260.584443	-159.186	-40.670	0.1112
13	7	tracking	-847.390151	68.712344	-261.142272	-134.186	-46.375	0.1065
13	8	tracking	-846.964730	68.681672	-261.654304	-150.375	-42.740	0.1057
13	9	tracking	-846.603340	68.711568	-262.202362	-150.375	-34.740	0.1026
13	10	tracking	-846.254339	68.746589	-262.738166	-150.375	-26.740	0.1016
13	11	tracking	-845.915706	68.781012	-263.264232	-150.375	-18.740	0.0938
13	12	tracking	-845.571661	68.818553	-263.763006	-125.375	-26.740	0.1196
13	13	tracking	-845.218102	68.860090	-264.216022	-100.375	-34.740	0.1262
13	14	tracking	-844.861199	68.903358	-264.608730	-75.375	-42.740	0.0869
13	15	tracking	-844.513663	68.942948	-264.934178	-50.375	-50.740	0.0753
13	16	tracking	-844.175734	68.976023	-265.201859	-51.747	-42.740	0.0706
13	17	tracking	-843.859198	69.000982	-265.409725	-26.747	-34.740	0.0666
13	18	tracking	-843.562795	69.015874	-265.566421	-26.747	-26.740	0.0665
13	19	tracking	-843.285559	69.019353	-265.679964	-26.747	-25.689	0.0664
13	20	tracking	-843.037682	69.011115	-265.752945	-1.747	-17.689	0.0650
13	21	tracking	-842.827335	68.990082	-265.793510	23.253	-9.689	0.0572
13	22	tracking	-842.654553	68.956515	-265.810837	37.878	-7.940	0.0621
13	23	tracking	-842.513570	68.911165	-265.809606	37.878	-7.940	0.0576
13	24	tracking	-842.404272	68.853876	-265.800151	62.878	-15.940	0.0730
13	25	tracking	-842.321487	68.781170	-265.785783	67.848	-23.940	0.0682
13	26	tracking	-842.260469	68.687166	-265.767792	67.848	-31.940	0.0568
13	27	tracking	-842.217317	68.564323	-265.747197	67.848	-39.940	0.0645
13	28	tracking	-842.186143	68.405044	-265.721006	42.848	-47.168	0.0571
13	29	tracking	-842.161945	68.211056	-265.686553	17.848	-47.168	0.0780
13	30	tracking	-842.138741	67.984752	-265.642749	-7.152	-47.168	0.0542
13	31	tracking	-842.110039	67.728929	-265.590948	-32.152	-47.168	0.0933
13	32	tracking	-842.082806	67.435214	-265.531575	-7.152	-55.168	0.0506
13	33	tracking	-842.062969	67.105083	-265.464924	17.848	-55.963	0.0443
13	34	landing	-842.051533	66.752836	-265.386163	17.848	-47.963	0.0388
13	35	landing	-842.048076	66.380826	-265.295079	17.848	-47.963	0.0313
13	36	landing	-842.052227	65.991392	-265.191463	17.848	-47.963	0.0298
14	0	tracking	-850.645964	68.867102	-257.032114	-139.104	-4.000	0.2072
14	1	tracking	-849.991601	68.807284	-257.601772	-164.104	-0.670	0.1483
14	2	tracking	-849.422535	68.751906	-258.196524	170.896	-8.670	0.1772
14	3	tracking	-848.951149	68.710040	-258.797665	153.407	-16.670	0.1295
14	4	tracking	-848.533079	68.685017	-259.402840	178.407	-24.670	0.1184
14	5	tracking	-848.135704	68.677907	-259.999512	-156.593	-32.670	0.1269
14	6	tracking	-847.761383	68.687936	-260.584443	-159.186	-40.670	0.1208
14	7	tracking	-847.390151	68.712344	-261.142272	-134.186	-46.375	0.1031
14	8	tracking	-847.064730	68.781672	-261.654304	-150.375	-42.740	0.1211
14	9	tracking	-846.703340	68.811568	-262.202362	-150.375	-34.740	0.1047
14	10	tracking	-846.354339	68.846589	-262.738166	-150.375	-26.740	0.0976
14	11	tracking	-846.015706	68.881012	-263.264232	-150.375	-18.740	0.1050
14	12	tracking	-845.671661	68.918553	-263.763006	-125.375	-26.740	0.0878
14	13	tracking	-845.318102	68.960090	-264.216022	-100.375	-34.740	0.0864
14	14	tracking	-844.961199	69.003358	-264.608730	-75.375	-42.740	0.0849
14	15	tracking	-844.613663	69.042948	-264.934178	-50.375	-50.740	0.0873
14	16	tracking	-844.275734	69.076023	-265.201859	-51.747	-42.740	0.0749
14	17	tracking	-843.959198	69.100982	-265.409725	-26.747	-34.740	0.0699
14	18	tracking	-843.662795	69.115874	-265.566421	-26.747	-26.740	0.0728
14	19	tracking	-843.385559	69.119353	-265.679964	-26.747	-25.689	0.0666
14	20	tracking	-843.137682	69.111115	-265.752945	-1.747	-17.689	0.0633
14	21	tracking	-842.927335	69.090082	-265.793510	23.253	-9.689	0.0577
14	22	tracking	-842.754553	69.056515	-265.810837	37.878	-7.940	0.0687
14	23	tracking	-842.613570	69.011165	-265.809606	37.878	-7.940	0.0584
14	24	tracking	-842.504272	68.953876	-265.800151	62.878	-15.940	0.0562
14	25	tracking	-842.421487	68.881170	-265.785783	67.848	-23.940	0.0568
14	26	tracking	-842.360469	68.787166	-265.767792	67.848	-31.940	0.0614
14	27	tracking	-842.317317	68.664323	-265.747197	67.848	-39.940	0.0506
14	28	tracking	-842.286143	68.505044	-265.721006	42.848	-47.168	0.0550
14	29	tracking	-842.261945	68.311056	-265.686553	17.848	-47.168	0.0442
14	30	tracking	-842.238741	68.084752	-265.642749	-7.152	-47.168	0.0477
14	31	tracking	-842.210039	67.828929	-265.590948	-32.152	-47.168	0.0411
14	32	tracking	-842.182806	67.535214	-265.531575	-7.152	-55.168	0.0449
14	33	tracking	-842.162969	67.205083	-265.464924	17.848	-55.963	0.0687
14	34	landing	-842.151533	66.852836	-265.386163	17.848	-47.963	0.0409
14	35	landing	-842.148076	66.480826	-265.295079	17.848	-47.963	0.0347
14	36	landing	-842.152227	66.091392	-265.191463	17.848	-47.963	0.0308
14	37	landing	-842.163649	65.686817	-265.075154	17.848	-47.963	0.0284
15	0	tracking	-850.645964	68.867102	-257.032114	-139.104	-4.000	0.1803
15	1	tracking	-849.991601	68.807284	-257.601772	-164.104	-0.670	0.1404
15	2	tracking	-849.422535	68.751906	-258.196524	170.896	-8.670	0.1264
15	3	tracking	-848.951149	68.710040	-258.797665	153.407	-16.670	0.1234
15	4	tracking	-848.533079	68.685017	-259.402840	178.407	-24.670	0.1127
15	5	tracking	-848.135704	68.677907	-259.999512	-156.593	-32.670	0.1128
15	6	tracking	-847.761383	68.687936	-260.584443	-159.186	-40.670	0.1080
15	7	tracking	-847.390151	68.712344	-261.142272	-134.186	-46.375	0.1061
15	8	tracking	-846.964730	68.781672	-261.654304	-150.375	-42.740	0.1124
15	9	tracking	-846.603340	68.811568	-262.202362	-150.375	-34.740	0.1102
15	10	tracking	-846.254339	68.846589	-262.738166	-150.375	-26.740	0.0972
15	11	tracking	-845.915706	68.881012	-263.264232	-150.375	-18.740	0.1233
15	12	tracking	-845.571661	68.918553	-263.763006	-125.375	-26.740	0.1110
15	13	tracking	-845.218102	68.960090	-264.216022	-100.375	-34.740	0.0877
15	14	tracking	-844.861199	69.003358	-264.608730	-75.375	-42.740	0.1270
15	15	tracking	-844.513663	69.042948	-264.934178	-50.375	-50.740	0.1946
15	16	tracking	-844.175734	69.076023	-265.201859	-51.747	-42.740	0.1527
15	17	tracking	-843.859198	69.100982	-265.409725	-26.747	-34.740	0.1244
15	18	tracking	-843.562795	69.115874	-265.566421	-26.747	-26.740	0.0837
15	19	tracking	-843.285559	69.119353	-265.679964	-26.747	-25.689	0.0844
15	20	tracking	-843.037682	69.111115	-265.752945	-1.747	-17.689	0.0802
15	21	tracking	-842.827335	69.090082	-265.793510	23.253	-9.689	0.0953
15	22	tracking	-842.654553	69.056515	-265.810837	37.878	-7.940	0.0725
15	23	tracking	-842.513570	69.011165	-265.809606	37.878	-7.940	0.0737
15	24	tracking	-842.404272	68.953876	-265.800151	62.878	-15.940	0.0638
15	25	tracking	-842.321487	68.881170	-265.785783	67.848	-23.940	0.0635
15	26	tracking	-842.260469	68.787166	-265.767792	67.848	-31.940	0.0598
15	27	tracking	-842.217317	68.664323	-265.747197	67.848	-39.940	0.0594
15	28	tracking	-842.186143	68.505044	-265.721006	42.848	-47.168	0.0569
15	29	tracking	-842.161945	68.311056	-265.686553	17.848	-47.168	0.0561
15	30	tracking	-842.138741	68.084752	-265.642749	-7.152	-47.168	0.1138
15	31	tracking	-842.110039	67.828929	-265.590948	-32.152	-47.168	0.0683
15	32	tracking	-842.082806	67.535214	-265.531575	-7.152	-55.168	0.0449
15	33	tracking	-842.062969	67.205083	-265.464924	17.848	-55.963	0.0568
15	34	landing	-842.051533	66.852836	-265.386163	17.848	-47.963	0.0372
15	35	landing	-842.048076	66.480826	-265.295079	17.848	-47.963	0.0430
15	36	landing	-842.052227	66.091392	-265.191463	17.848	-47.963	0.0308
15	37	landing	-842.063649	65.686817	-265.075154	17.848	-47.963	0.0278
16	0	tracking	-850.645964	68.867102	-257.032114	-139.104	-4.000	0.2010
16	1	tracking	-849.991601	68.807284	-257.601772	-164.104	-0.670	0.1493
16	2	tracking	-849.422535	68.751906	-258.196524	170.896	-8.670	0.1573
16	3	tracking	-848.951149	68.710040	-258.797665	153.407	-16.670	0.1258
16	4	tracking	-848.533079	68.685017	-259.402840	178.407	-24.670	0.1171
16	5	tracking	-848.135704	68.677907	-259.999512	-156.593	-32.670	0.1271
16	6	tracking	-847.761383	68.687936	-260.584443	-159.186	-40.670	0.1147
16	7	tracking	-847.390151	68.712344	-261.142272	-134.186	-46.375	0.1097
16	8	tracking	-847.102120	68.716918	-261.751227	-150.375	-42.740	0.1164
16	9	tracking	-846.775525	68.778399	-262.293940	-150.375	-34.740	0.1244
16	10	tracking	-846.458552	68.842898	-262.823177	-150.375	-26.740	0.0968
16	11	tracking	-846.149432	68.905298	-263.341676	-150.375	-18.740	0.1068
16	12	tracking	-845.833170	68.969017	-263.832652	-125.375	-26.740	0.0866
16	13	tracking	-845.506175	69.034514	-264.278389	-100.375	-34.740	0.0840
16	14	tracking	-845.174806	69.099082	-264.665097	-75.375	-42.740	0.2261
16	15	tracking	-844.851547	69.156969	-264.986463	-50.375	-50.740	0.1697
16	16	tracking	-844.536744	69.205820	-265.251687	-51.747	-42.740	0.1366
16	17	tracking	-844.241677	69.244425	-265.459076	-26.747	-34.740	0.1384
16	18	tracking	-843.965306	69.271110	-265.617139	-26.747	-26.740	0.1481
16	19	tracking	-843.706938	69.284290	-265.733922	-26.747	-25.689	0.1636
16	20	tracking	-843.475940	69.284084	-265.811989	-1.747	-17.689	0.2124
16	21	tracking	-843.279821	69.269850	-265.858969	23.253	-9.689	0.1276
16	22	tracking	-843.118627	69.242074	-265.883413	37.878	-7.940	0.1309
16	23	tracking	-842.987046	69.201659	-265.889711	37.878	-7.940	0.1181
16	24	tracking	-842.885028	69.148441	-265.887525	62.878	-15.940	0.1069
16	25	tracking	-842.807848	69.079001	-265.879993	67.848	-23.940	0.1426
16	26	tracking	-842.751150	68.987537	-265.868369	67.848	-31.940	0.0721
16	27	tracking	-842.711319	68.866575	-265.853661	67.848	-39.940	0.0525
16	28	tracking	-842.682786	68.708562	-265.833057	42.848	-47.168	0.0491
16	29	tracking	-842.660802	68.515248	-265.804015	17.848	-47.168	0.0454
16	30	tracking	-842.639626	68.289053	-265.765470	-7.152	-47.168	0.0460
16	31	tracking	-842.612949	68.032817	-265.718705	-32.152	-47.168	0.0403
16	32	tracking	-842.587567	67.738157	-265.664179	-7.152	-55.168	0.0436
16	33	tracking	-842.569276	67.406589	-265.602163	17.848	-55.963	0.0363
16	34	landing	-842.559127	67.052544	-265.527815	17.848	-47.963	0.0363
16	35	landing	-842.556737	66.678426	-265.440908	17.848	-47.963	0.0357
16	36	landing	-842.561772	66.286626	-265.341226	17.848	-47.963	0.0292
16	37	landing	-842.573924	65.879476	-265.228599	17.848	-47.963	0.0286
17	0	tracking	-850.645964	68.867102	-257.032114	-139.104	-4.000	0.2403
17	1	tracking	-849.991601	68.807284	-257.601772	-164.104	-0.670	0.1442
17	2	tracking	-849.422535	68.751906	-258.196524	170.896	-8.670	0.1267
17	3	tracking	-848.951149	68.710040	-258.797665	153.407	-16.670	0.1391
17	4	tracking	-848.533079	68.685017	-259.402840	178.407	-24.670	0.1273
17	5	tracking	-848.135704	68.677907	-259.999512	-156.593	-32.670	0.1236
17	6	tracking	-847.761383	68.687936	-260.584443	-159.186	-40.670	0.1046
17	7	tracking	-847.390151	68.712344	-261.142272	-134.186	-46.375	0.1195
17	8	tracking	-847.002120	68.716918	-261.751227	-150.375	-42.740	0.0948
17	9	tracking	-846.675525	68.778399	-262.293940	-150.375	-34.740	0.0955
17	10	tracking	-846.358552	68.842898	-262.823177	-150.375	-26.740	0.0874
17	11	tracking	-846.049432	68.905298	-263.341676	-150.375	-18.740	0.0772
17	12	tracking	-845.733170	68.969017	-263.832652	-125.375	-26.740	0.0719
17	13	tracking	-845.406175	69.034514	-264.278389	-100.375	-34.740	0.0697
17	14	tracking	-845.074806	69.099082	-264.665097	-75.375	-42.740	0.0610
17	15	tracking	-844.751547	69.156969	-264.986463	-50.375	-50.740	0.0620
17	16	tracking	-844.436744	69.205820	-265.251687	-51.747	-42.740	0.0613
17	17	tracking	-844.141677	69.244425	-265.459076	-26.747	-34.740	0.0568
17	18	tracking	-843.865306	69.271110	-265.617139	-26.747	-26.740	0.0479
17	19	tracking	-843.606938	69.284290	-265.733922	-26.747	-25.689	0.0498
17	20	tracking	-843.375940	69.284084	-265.811989	-1.747	-17.689	0.0518
17	21	tracking	-843.179821	69.269850	-265.858969	23.253	-9.689	0.0464
17	22	tracking	-843.018627	69.242074	-265.883413	37.878	-7.940	0.0419
17	23	tracking	-842.887046	69.201659	-265.889711	37.878	-7.940	0.0513
17	24	tracking	-842.785028	69.148441	-265.887525	62.878	-15.940	0.0428
17	25	tracking	-842.707848	69.079001	-265.879993	67.848	-23.940	0.0351
17	26	tracking	-842.651150	68.987537	-265.868369	67.848	-31.940	0.0374
17	27	tracking	-842.611319	68.866575	-265.853661	67.848	-39.940	0.0357
17	28	tracking	-842.582786	68.708562	-265.833057	42.848	-47.168	0.0296
17	29	tracking	-842.560802	68.515248	-265.804015	17.848	-47.168	0.0278
17	30	tracking	-842.539626	68.289053	-265.765470	-7.152	-47.168	0.0265
17	31	tracking	-842.512949	68.032817	-265.718705	-32.152	-47.168	0.0245
17	32	tracking	-842.487567	67.738157	-265.664179	-7.152	-55.168	0.0227
17	33	tracking	-842.469276	67.406589	-265.602163	17.848	-55.963	0.0266
17	34	landing	-842.459127	67.052544	-265.527815	17.848	-47.963	0.0201
17	35	landing	-842.456737	66.678426	-265.440908	17.848	-47.963	0.0206
17	36	landing	-842.461772	66.286626	-265.341226	17.848	-47.963	0.0175
17	37	landing	-842.473924	65.879476	-265.228599	17.848	-47.963	0.0199
18	0	tracking	-850.645964	68.867102	-257.032114	-139.104	-4.000	0.1726
18	1	tracking	-849.991601	68.807284	-257.601772	-164.104	-0.670	0.1273
18	2	tracking	-849.422535	68.751906	-258.196524	170.896	-8.670	0.1236
18	3	tracking	-848.951149	68.710040	-258.797665	153.407	-16.670	0.1191
18	4	tracking	-848.533079	68.685017	-259.402840	178.407	-24.670	0.1131
18	5	tracking	-848.135704	68.677907	-259.999512	-156.593	-32.670	0.1021
18	6	tracking	-847.761383	68.687936	-260.584443	-159.186	-40.670	0.1082
18	7	tracking	-847.390151	68.712344	-261.142272	-134.186	-46.375	0.0967
18	8	tracking	-847.102120	68.816918	-261.751227	-150.375	-42.740	0.7104
18	9	tracking	-846.775525	68.878399	-262.293940	-150.375	-34.740	0.0984
18	10	tracking	-846.458552	68.942898	-262.823177	-150.375	-26.740	0.0887
18	11	tracking	-846.149432	69.005298	-263.341676	-150.375	-18.740	0.0872
18	12	tracking	-845.833170	69.069017	-263.832652	-125.375	-26.740	0.0771
18	13	tracking	-845.506175	69.134514	-264.278389	-100.375	-34.740	0.0735
18	14	tracking	-845.174806	69.199082	-264.665097	-75.375	-42.740	0.0664
18	15	tracking	-844.851547	69.256969	-264.986463	-50.375	-50.740	0.0627
18	16	tracking	-844.536744	69.305820	-265.251687	-51.747	-42.740	0.0601
18	17	tracking	-844.241677	69.344425	-265.459076	-26.747	-34.740	0.0607
18	18	tracking	-843.965306	69.371110	-265.617139	-26.747	-26.740	0.0589
18	19	tracking	-843.706938	69.384290	-265.733922	-26.747	-25.689	0.0595
18	20	tracking	-843.475940	69.384084	-265.811989	-1.747	-17.689	0.0568
18	21	tracking	-843.279821	69.369850	-265.858969	23.253	-9.689	0.0532
18	22	tracking	-843.118627	69.342074	-265.883413	37.878	-7.940	0.0507
18	23	tracking	-842.987046	69.301659	-265.889711	37.878	-7.940	0.0523
18	24	tracking	-842.885028	69.248441	-265.887525	62.878	-15.940	0.0492
18	25	tracking	-842.807848	69.179001	-265.879993	67.848	-23.940	0.0462
18	26	tracking	-842.751150	69.087537	-265.868369	67.848	-31.940	0.0452
18	27	tracking	-842.711319	68.966575	-265.853661	67.848	-39.940	0.0419
18	28	tracking	-842.682786	68.808562	-265.833057	42.848	-47.168	0.0406
18	29	tracking	-842.660802	68.615248	-265.804015	17.848	-47.168	0.0574
18	30	tracking	-842.639626	68.389053	-265.765470	-7.152	-47.168	0.0390
18	31	tracking	-842.612949	68.132817	-265.718705	-32.152	-47.168	0.0412
18	32	tracking	-842.587567	67.838157	-265.664179	-7.152	-55.168	0.0356
18	33	tracking	-842.569276	67.506589	-265.602163	17.848	-55.963	0.0331
18	34	tracking	-842.557717	67.140455	-265.532196	17.848	-55.963	0.0588
18	35	landing	-842.554127	66.754637	-265.449016	17.848	-47.963	0.0361
18	36	landing	-842.558153	66.351542	-265.352464	17.848	-47.963	0.0256
18	37	landing	-842.569475	65.933523	-265.242416	17.848	-47.963	0.0429
19	0	tracking	-850.645964	68.867102	-257.032114	-139.104	-4.000	0.1803
19	1	tracking	-849.991601	68.807284	-257.601772	-164.104	-0.670	0.1180
19	2	tracking	-849.422535	68.751906	-258.196524	170.896	-8.670	0.1126
19	3	tracking	-848.951149	68.710040	-258.797665	153.407	-16.670	0.1072
19	4	tracking	-848.533079	68.685017	-259.402840	178.407	-24.670	0.1059
19	5	tracking	-848.135704	68.677907	-259.999512	-156.593	-32.670	0.0999
19	6	tracking	-847.761383	68.687936	-260.584443	-159.186	-40.670	0.0951
19	7	tracking	-847.390151	68.712344	-261.142272	-134.186	-46.375	0.0933
19	8	tracking	-847.002120	68.816918	-261.751227	-150.375	-42.740	0.0808
19	9	tracking	-846.675525	68.878399	-262.293940	-150.375	-34.740	0.0745
19	10	tracking	-846.358552	68.942898	-262.823177	-150.375	-26.740	0.0801
19	11	tracking	-846.049432	69.005298	-263.341676	-150.375	-18.740	0.0699
19	12	tracking	-845.733170	69.069017	-263.832652	-125.375	-26.740	0.0754
19	13	tracking	-845.406175	69.134514	-264.278389	-100.375	-34.740	0.0606
19	14	tracking	-845.074806	69.199082	-264.665097	-75.375	-42.740	0.0566
19	15	tracking	-844.751547	69.256969	-264.986463	-50.375	-50.740	0.0578
19	16	tracking	-844.436744	69.305820	-265.251687	-51.747	-42.740	0.0586
19	17	tracking	-844.141677	69.344425	-265.459076	-26.747	-34.740	0.0486
19	18	tracking	-843.865306	69.371110	-265.617139	-26.747	-26.740	0.1634
19	19	tracking	-843.606938	69.384290	-265.733922	-26.747	-25.689	0.0755
19	20	tracking	-843.375940	69.384084	-265.811989	-1.747	-17.689	0.0543
19	21	tracking	-843.179821	69.369850	-265.858969	23.253	-9.689	0.0731
19	22	tracking	-843.018627	69.342074	-265.883413	37.878	-7.940	0.0448
19	23	tracking	-842.887046	69.301659	-265.889711	37.878	-7.940	0.0376
19	24	tracking	-842.785028	69.248441	-265.887525	62.878	-15.940	0.0359
19	25	tracking	-842.707848	69.179001	-265.879993	67.848	-23.940	0.0345
19	26	tracking	-842.651150	69.087537	-265.868369	67.848	-31.940	0.0364
19	27	tracking	-842.611319	68.966575	-265.853661	67.848	-39.940	0.0361
19	28	tracking	-842.582786	68.808562	-265.833057	42.848	-47.168	0.0341
19	29	tracking	-842.560802	68.615248	-265.804015	17.848	-47.168	0.0304
19	30	tracking	-842.539626	68.389053	-265.765470	-7.152	-47.168	0.0277
19	31	tracking	-842.512949	68.132817	-265.718705	-32.152	-47.168	0.0311
19	32	tracking	-842.487567	67.838157	-265.664179	-7.152	-55.168	0.0279
19	33	tracking	-842.469276	67.506589	-265.602163	17.848	-55.963	0.0323
19	34	tracking	-842.457717	67.140455	-265.532196	17.848	-55.963	0.0404
19	35	landing	-842.454127	66.754637	-265.449016	17.848	-47.963	0.0232
19	36	landing	-842.458153	66.351542	-265.352464	17.848	-47.963	0.0184
19	37	landing	-842.469475	65.933523	-265.242416	17.848	-47.963	0.0196
20	0	tracking	-850.645964	68.867102	-257.032114	-139.104	-4.000	0.2183
20	1	tracking	-849.991601	68.807284	-257.601772	-164.104	-0.670	0.1312
20	2	tracking	-849.422535	68.751906	-258.196524	170.896	-8.670	0.1230
20	3	tracking	-848.951149	68.710040	-258.797665	153.407	-16.670	0.1078
20	4	tracking	-848.533079	68.685017	-259.402840	178.407	-24.670	0.1002
20	5	tracking	-848.135704	68.677907	-259.999512	-156.593	-32.670	0.2177
20	6	tracking	-847.761383	68.687936	-260.584443	-159.186	-40.670	0.1629
20	7	tracking	-847.390151	68.712344	-261.142272	-134.186	-46.375	0.1720
20	8	tracking	-847.102120	68.716918	-261.651227	-150.375	-42.740	0.1570
20	9	tracking	-846.775525	68.778399	-262.193940	-150.375	-34.740	0.1656
20	10	tracking	-846.458552	68.842898	-262.723177	-150.375	-26.740	0.0866
20	11	tracking	-846.149432	68.905298	-263.241676	-150.375	-18.740	0.0862
20	12	tracking	-845.833170	68.969017	-263.732652	-125.375	-26.740	0.0737
20	13	tracking	-845.506175	69.034514	-264.178389	-100.375	-34.740	0.0673
20	14	tracking	-845.174806	69.099082	-264.565097	-75.375	-42.740	0.0674
20	15	tracking	-844.851547	69.156969	-264.886463	-50.375	-50.740	0.0619
20	16	tracking	-844.536744	69.205820	-265.151687	-51.747	-42.740	0.0754
20	17	tracking	-844.241677	69.244425	-265.359076	-26.747	-34.740	0.0592
20	18	tracking	-843.965306	69.271110	-265.517139	-26.747	-26.740	0.0548
20	19	tracking	-843.706938	69.284290	-265.633922	-26.747	-25.689	0.0798
20	20	tracking	-843.475940	69.284084	-265.711989	-1.747	-17.689	0.0636
20	21	tracking	-843.279821	69.269850	-265.758969	23.253	-9.689	0.0702
20	22	tracking	-843.118627	69.242074	-265.783413	37.878	-7.940	0.0537
20	23	tracking	-842.987046	69.201659	-265.789711	37.878	-7.940	0.0477
20	24	tracking	-842.885028	69.148441	-265.787525	62.878	-15.940	0.0472
20	25	tracking	-842.807848	69.079001	-265.779993	67.848	-23.940	0.0484
20	26	tracking	-842.751150	68.987537	-265.768369	67.848	-31.940	0.0418
20	27	tracking	-842.711319	68.866575	-265.753661	67.848	-39.940	0.0404
20	28	tracking	-842.682786	68.708562	-265.733057	42.848	-47.168	0.0387
20	29	tracking	-842.660802	68.515248	-265.704015	17.848	-47.168	0.0373
20	30	tracking	-842.639626	68.289053	-265.665470	-7.152	-47.168	0.0385
20	31	tracking	-842.612949	68.032817	-265.618705	-32.152	-47.168	0.0346
20	32	tracking	-842.587567	67.738157	-265.564179	-7.152	-55.168	0.0326
20	33	tracking	-842.569276	67.406589	-265.502163	17.848	-55.963	0.0312
20	34	landing	-842.559127	67.052544	-265.427815	17.848	-47.963	0.0289
20	35	landing	-842.556737	66.678426	-265.340908	17.848	-47.963	0.0279
20	36	landing	-842.561772	66.286626	-265.241226	17.848	-47.963	0.0242
20	37	landing	-842.573924	65.879476	-265.128599	17.848	-47.963	0.0247
21	0	tracking	-850.645964	68.867102	-257.032114	-139.104	-4.000	0.1618
21	1	tracking	-849.991601	68.807284	-257.601772	-164.104	-0.670	0.1198
21	2	tracking	-849.422535	68.751906	-258.196524	170.896	-8.670	0.1157
21	3	tracking	-848.951149	68.710040	-258.797665	153.407	-16.670	0.1077
21	4	tracking	-848.533079	68.685017	-259.402840	178.407	-24.670	0.1068
21	5	tracking	-848.135704	68.677907	-259.999512	-156.593	-32.670	0.1004
21	6	tracking	-847.761383	68.687936	-260.584443	-159.186	-40.670	0.0962
21	7	tracking	-847.390151	68.712344	-261.142272	-134.186	-46.375	0.0943
21	8	tracking	-847.002120	68.716918	-261.651227	-150.375	-42.740	0.0834
21	9	tracking	-846.675525	68.778399	-262.193940	-150.375	-34.740	0.0836
21	10	tracking	-846.358552	68.842898	-262.723177	-150.375	-26.740	0.0762
21	11	tracking	-846.049432	68.905298	-263.241676	-150.375	-18.740	0.0788
21	12	tracking	-845.733170	68.969017	-263.732652	-125.375	-26.740	0.0726
21	13	tracking	-845.406175	69.034514	-264.178389	-100.375	-34.740	0.0658
21	14	tracking	-845.074806	69.099082	-264.565097	-75.375	-42.740	0.0659
21	15	tracking	-844.751547	69.156969	-264.886463	-50.375	-50.740	0.0582
21	16	tracking	-844.436744	69.205820	-265.151687	-51.747	-42.740	0.0560
21	17	tracking	-844.141677	69.244425	-265.359076	-26.747	-34.740	0.0509
21	18	tracking	-843.865306	69.271110	-265.517139	-26.747	-26.740	0.0506
21	19	tracking	-843.606938	69.284290	-265.633922	-26.747	-25.689	0.0619
21	20	tracking	-843.375940	69.284084	-265.711989	-1.747	-17.689	0.0439
21	21	tracking	-843.179821	69.269850	-265.758969	23.253	-9.689	0.0486
21	22	tracking	-843.018627	69.242074	-265.783413	37.878	-7.940	0.0403
21	23	tracking	-842.887046	69.201659	-265.789711	37.878	-7.940	0.0396
21	24	tracking	-842.785028	69.148441	-265.787525	62.878	-15.940	0.0392
21	25	tracking	-842.707848	69.079001	-265.779993	67.848	-23.940	0.0342
21	26	tracking	-842.651150	68.987537	-265.768369	67.848	-31.940	0.0421
21	27	tracking	-842.611319	68.866575	-265.753661	67.848	-39.940	0.0324
21	28	tracking	-842.582786	68.708562	-265.733057	42.848	-47.168	0.0282
21	29	tracking	-842.560802	68.515248	-265.704015	17.848	-47.168	0.0272
21	30	tracking	-842.539626	68.289053	-265.665470	-7.152	-47.168	0.0285
21	31	tracking	-842.512949	68.032817	-265.618705	-32.152	-47.168	0.0258
21	32	tracking	-842.487567	67.738157	-265.564179	-7.152	-55.168	0.0239
21	33	tracking	-842.469276	67.406589	-265.502163	17.848	-55.963	0.0232
21	34	landing	-842.459127	67.052544	-265.427815	17.848	-47.963	0.0195
21	35	landing	-842.456737	66.678426	-265.340908	17.848	-47.963	0.0181
21	36	landing	-842.461772	66.286626	-265.241226	17.848	-47.963	0.0162
21	37	landing	-842.473924	65.879476	-265.128599	17.848	-47.963	0.0158
22	0	tracking	-850.645964	68.867102	-257.032114	-139.104	-4.000	0.1802
22	1	tracking	-849.991601	68.807284	-257.601772	-164.104	-0.670	0.1314
22	2	tracking	-849.422535	68.751906	-258.196524	170.896	-8.670	0.1256
22	3	tracking	-848.951149	68.710040	-258.797665	153.407	-16.670	0.1055
22	4	tracking	-848.533079	68.685017	-259.402840	178.407	-24.670	0.1032
22	5	tracking	-848.135704	68.677907	-259.999512	-156.593	-32.670	0.1028
22	6	tracking	-847.761383	68.687936	-260.584443	-159.186	-40.670	0.0954
22	7	tracking	-847.390151	68.712344	-261.142272	-134.186	-46.375	0.0930
22	8	tracking	-847.102120	68.816918	-261.651227	-150.375	-42.740	0.0962
22	9	tracking	-846.775525	68.878399	-262.193940	-150.375	-34.740	0.0957
22	10	tracking	-846.458552	68.942898	-262.723177	-150.375	-26.740	0.0965
22	11	tracking	-846.149432	69.005298	-263.241676	-150.375	-18.740	0.0871
22	12	tracking	-845.833170	69.069017	-263.732652	-125.375	-26.740	0.0780
22	13	tracking	-845.506175	69.134514	-264.178389	-100.375	-34.740	0.0742
22	14	tracking	-845.174806	69.199082	-264.565097	-75.375	-42.740	0.0670
22	15	tracking	-844.851547	69.256969	-264.886463	-50.375	-50.740	0.0630
22	16	tracking	-844.536744	69.305820	-265.151687	-51.747	-42.740	0.0662
22	17	tracking	-844.241677	69.344425	-265.359076	-26.747	-34.740	0.0637
22	18	tracking	-843.965306	69.371110	-265.517139	-26.747	-26.740	0.0598
22	19	tracking	-843.706938	69.384290	-265.633922	-26.747	-25.689	0.0612
22	20	tracking	-843.475940	69.384084	-265.711989	-1.747	-17.689	0.0598
22	21	tracking	-843.279821	69.369850	-265.758969	23.253	-9.689	0.0565
22	22	tracking	-843.118627	69.342074	-265.783413	37.878	-7.940	0.1110
22	23	tracking	-842.987046	69.301659	-265.789711	37.878	-7.940	0.2947
22	24	tracking	-842.885028	69.248441	-265.787525	62.878	-15.940	0.0535
22	25	tracking	-842.807848	69.179001	-265.779993	67.848	-23.940	0.0456
22	26	tracking	-842.751150	69.087537	-265.768369	67.848	-31.940	0.0468
22	27	tracking	-842.711319	68.966575	-265.753661	67.848	-39.940	0.0462
22	28	tracking	-842.682786	68.808562	-265.733057	42.848	-47.168	0.0481
22	29	tracking	-842.660802	68.615248	-265.704015	17.848	-47.168	0.0401
22	30	tracking	-842.639626	68.389053	-265.665470	-7.152	-47.168	0.0409
22	31	tracking	-842.612949	68.132817	-265.618705	-32.152	-47.168	0.0395
22	32	tracking	-842.587567	67.838157	-265.564179	-7.152	-55.168	0.0368
22	33	tracking	-842.569276	67.506589	-265.502163	17.848	-55.963	0.0347
22	34	tracking	-842.557717	67.140455	-265.432196	17.848	-55.963	0.0594
22	35	landing	-842.554127	66.754637	-265.349016	17.848	-47.963	0.0311
22	36	landing	-842.558153	66.351542	-265.252464	17.848	-47.963	0.0284
22	37	landing	-842.569475	65.933523	-265.142416	17.848	-47.963	0.0253
23	0	tracking	-850.645964	68.867102	-257.032114	-139.104	-4.000	0.2182
23	1	tracking	-849.991601	68.807284	-257.601772	-164.104	-0.670	0.1394
23	2	tracking	-849.422535	68.751906	-258.196524	170.896	-8.670	0.1311
23	3	tracking	-848.951149	68.710040	-258.797665	153.407	-16.670	0.1178
23	4	tracking	-848.533079	68.685017	-259.402840	178.407	-24.670	0.1124
23	5	tracking	-848.135704	68.677907	-259.999512	-156.593	-32.670	0.1120
23	6	tracking	-847.761383	68.687936	-260.584443	-159.186	-40.670	0.1076
23	7	tracking	-847.390151	68.712344	-261.142272	-134.186	-46.375	0.1273
23	8	tracking	-847.002120	68.816918	-261.651227	-150.375	-42.740	0.1006
23	9	tracking	-846.675525	68.878399	-262.193940	-150.375	-34.740	0.0808
23	10	tracking	-846.358552	68.942898	-262.723177	-150.375	-26.740	0.0904
23	11	tracking	-846.049432	69.005298	-263.241676	-150.375	-18.740	0.0748
23	12	tracking	-845.733170	69.069017	-263.732652	-125.375	-26.740	0.0687
23	13	tracking	-845.406175	69.134514	-264.178389	-100.375	-34.740	0.0653
23	14	tracking	-845.074806	69.199082	-264.565097	-75.375	-42.740	0.0582
23	15	tracking	-844.751547	69.256969	-264.886463	-50.375	-50.740	0.0545
23	16	tracking	-844.436744	69.305820	-265.151687	-51.747	-42.740	0.0534
23	17	tracking	-844.141677	69.344425	-265.359076	-26.747	-34.740	0.0510
23	18	tracking	-843.865306	69.371110	-265.517139	-26.747	-26.740	0.0500
23	19	tracking	-843.606938	69.384290	-265.633922	-26.747	-25.689	0.1051
23	20	tracking	-843.375940	69.384084	-265.711989	-1.747	-17.689	0.0484
23	21	tracking	-843.179821	69.369850	-265.758969	23.253	-9.689	0.0383
23	22	tracking	-843.018627	69.342074	-265.783413	37.878	-7.940	0.0366
23	23	tracking	-842.887046	69.301659	-265.789711	37.878	-7.940	0.0356
23	24	tracking	-842.785028	69.248441	-265.787525	62.878	-15.940	0.0349
23	25	tracking	-842.707848	69.179001	-265.779993	67.848	-23.940	0.0368
23	26	tracking	-842.651150	69.087537	-265.768369	67.848	-31.940	0.0506
23	27	tracking	-842.611319	68.966575	-265.753661	67.848	-39.940	0.1111
23	28	tracking	-842.582786	68.808562	-265.733057	42.848	-47.168	0.0593
23	29	tracking	-842.560802	68.615248	-265.704015	17.848	-47.168	0.0467
23	30	tracking	-842.539626	68.389053	-265.665470	-7.152	-47.168	0.0497
23	31	tracking	-842.512949	68.132817	-265.618705	-32.152	-47.168	0.0388
23	32	tracking	-842.487567	67.838157	-265.564179	-7.152	-55.168	0.0409
23	33	tracking	-842.469276	67.506589	-265.502163	17.848	-55.963	0.0348
23	34	tracking	-842.457717	67.140455	-265.432196	17.848	-55.963	0.0345
23	35	landing	-842.454127	66.754637	-265.349016	17.848	-47.963	0.0315
23	36	landing	-842.458153	66.351542	-265.252464	17.848	-47.963	0.0253
23	37	landing	-842.469475	65.933523	-265.142416	17.848	-47.963	0.0278
24	0	tracking	-850.645964	68.867102	-257.032114	-139.104	-4.000	0.2871
24	1	tracking	-849.991601	68.807284	-257.601772	-164.104	-0.670	0.2232
24	2	tracking	-849.422535	68.751906	-258.196524	170.896	-8.670	0.1978
24	3	tracking	-848.951149	68.710040	-258.797665	153.407	-16.670	0.1902
24	4	tracking	-848.533079	68.685017	-259.402840	178.407	-24.670	0.1773
24	5	tracking	-848.135704	68.677907	-259.999512	-156.593	-32.670	0.1611
24	6	tracking	-847.761383	68.687936	-260.584443	-159.186	-40.670	0.1641
24	7	tracking	-847.390151	68.712344	-261.142272	-134.186	-46.375	0.1567
24	8	tracking	-847.065680	68.718758	-261.752633	-150.375	-42.740	0.2534
24	9	tracking	-846.705811	68.783526	-262.298017	-150.375	-34.740	0.2202
24	10	tracking	-846.358370	68.852374	-262.831077	-150.375	-26.740	0.1940
24	11	tracking	-846.021263	68.919819	-263.354460	-150.375	-18.740	0.1799
24	12	tracking	-845.678787	68.989548	-263.850694	-125.375	-26.740	0.1654
24	13	tracking	-845.326971	69.062289	-264.301384	-100.375	-34.740	0.2041
24	14	tracking	-844.972115	69.135565	-264.692148	-75.375	-42.740	0.0984
24	15	tracking	-844.626907	69.203793	-265.016282	-50.375	-50.740	0.0714
24	16	tracking	-844.291508	69.264285	-265.283151	-51.747	-42.740	0.0609
24	17	tracking	-843.977488	69.315512	-265.490813	-26.747	-34.740	0.0706
24	18	tracking	-843.683640	69.355459	-265.647948	-26.747	-26.740	0.0723
24	19	tracking	-843.409291	69.382077	-265.763093	-26.747	-25.689	0.0575
24	20	tracking	-843.164046	69.394475	-265.839465	-1.747	-17.689	0.0606
24	21	tracking	-842.955282	69.391668	-265.884825	23.253	-9.689	0.0669
24	22	tracking	-842.782899	69.374199	-265.907725	37.878	-7.940	0.0505
24	23	tracking	-842.641422	69.343083	-265.912552	37.878	-7.940	0.0530
24	24	tracking	-842.530685	69.298473	-265.909005	62.878	-15.940	0.0482
24	25	tracking	-842.445829	69.237210	-265.900223	67.848	-23.940	0.0472
24	26	tracking	-842.382382	69.153697	-265.887448	67.848	-31.940	0.0506
24	27	tracking	-842.336635	69.040621	-265.871675	67.848	-39.940	0.0531
24	28	tracking	-842.302902	68.890524	-265.850044	42.848	-47.168	0.0483
24	29	tracking	-842.276296	68.705059	-265.820058	17.848	-47.168	0.0395
24	30	tracking	-842.251007	68.486536	-265.780729	-7.152	-47.168	0.0415
24	31	tracking	-842.220726	68.237727	-265.733361	-32.152	-47.168	0.0365
24	32	tracking	-842.192140	67.950353	-265.678347	-7.152	-55.168	0.0415
24	33	tracking	-842.170971	67.625896	-265.615967	17.848	-55.963	0.0338
24	34	tracking	-842.156812	67.266637	-265.545784	17.848	-55.963	0.0303
24	35	landing	-842.150837	66.887318	-265.462627	17.848	-47.963	0.0323
24	36	landing	-842.152661	66.490318	-265.366334	17.848	-47.963	0.0267
24	37	landing	-842.161938	66.077974	-265.256772	17.848	-47.963	0.0271
24	38	landing	-842.178348	65.652537	-265.133861	17.848	-47.963	0.0266
25	0	tracking	-850.645964	68.867102	-257.032114	-139.104	-4.000	0.1758
25	1	tracking	-849.991601	68.807284	-257.601772	-164.104	-0.670	0.1300
25	2	tracking	-849.422535	68.751906	-258.196524	170.896	-8.670	0.1155
25	3	tracking	-848.951149	68.710040	-258.797665	153.407	-16.670	0.1152
25	4	tracking	-848.533079	68.685017	-259.402840	178.407	-24.670	0.0942
25	5	tracking	-848.135704	68.677907	-259.999512	-156.593	-32.670	0.0899
25	6	tracking	-847.761383	68.687936	-260.584443	-159.186	-40.670	0.0866
25	7	tracking	-847.390151	68.712344	-261.142272	-134.186	-46.375	0.0843
25	8	tracking	-846.965680	68.718758	-261.752633	-150.375	-42.740	0.0910
25	9	tracking	-846.605811	68.783526	-262.298017	-150.375	-34.740	0.0845
25	10	tracking	-846.258370	68.852374	-262.831077	-150.375	-26.740	0.0777
25	11	tracking	-845.921263	68.919819	-263.354460	-150.375	-18.740	0.0783
25	12	tracking	-845.578787	68.989548	-263.850694	-125.375	-26.740	0.0765
25	13	tracking	-845.226971	69.062289	-264.301384	-100.375	-34.740	0.0723
25	14	tracking	-844.872115	69.135565	-264.692148	-75.375	-42.740	0.0673
25	15	tracking	-844.526907	69.203793	-265.016282	-50.375	-50.740	0.0646
25	16	tracking	-844.191508	69.264285	-265.283151	-51.747	-42.740	0.0709
25	17	tracking	-843.877488	69.315512	-265.490813	-26.747	-34.740	0.0997
25	18	tracking	-843.583640	69.355459	-265.647948	-26.747	-26.740	0.0578
25	19	tracking	-843.309291	69.382077	-265.763093	-26.747	-25.689	0.0556
25	20	tracking	-843.064046	69.394475	-265.839465	-1.747	-17.689	0.0833
25	21	tracking	-842.855282	69.391668	-265.884825	23.253	-9.689	0.0635
25	22	tracking	-842.682899	69.374199	-265.907725	37.878	-7.940	0.0533
25	23	tracking	-842.541422	69.343083	-265.912552	37.878	-7.940	0.0493
25	24	tracking	-842.430685	69.298473	-265.909005	62.878	-15.940	0.0458
25	25	tracking	-842.345829	69.237210	-265.900223	67.848	-23.940	0.0441
25	26	tracking	-842.282382	69.153697	-265.887448	67.848	-31.940	0.0441
25	27	tracking	-842.236635	69.040621	-265.871675	67.848	-39.940	0.0483
25	28	tracking	-842.202902	68.890524	-265.850044	42.848	-47.168	0.0412
25	29	tracking	-842.176296	68.705059	-265.820058	17.848	-47.168	0.0387
25	30	tracking	-842.151007	68.486536	-265.780729	-7.152	-47.168	0.0393
25	31	tracking	-842.120726	68.237727	-265.733361	-32.152	-47.168	0.0358
25	32	tracking	-842.092140	67.950353	-265.678347	-7.152	-55.168	0.0362
25	33	tracking	-842.070971	67.625896	-265.615967	17.848	-55.963	0.0338
25	34	tracking	-842.056812	67.266637	-265.545784	17.848	-55.963	0.0312
25	35	landing	-842.050837	66.887318	-265.462627	17.848	-47.963	0.0298
25	36	landing	-842.052661	66.490318	-265.366334	17.848	-47.963	0.0279
25	37	landing	-842.061938	66.077974	-265.256772	17.848	-47.963	0.0297
25	38	landing	-842.078348	65.652537	-265.133861	17.848	-47.963	0.0245
26	0	tracking	-850.645964	68.867102	-257.032114	-139.104	-4.000	0.3652
26	1	tracking	-849.991601	68.807284	-257.601772	-164.104	-0.670	0.1580
26	2	tracking	-849.422535	68.751906	-258.196524	170.896	-8.670	0.1350
26	3	tracking	-848.951149	68.710040	-258.797665	153.407	-16.670	0.1131
26	4	tracking	-848.533079	68.685017	-259.402840	178.407	-24.670	0.0915
26	5	tracking	-848.135704	68.677907	-259.999512	-156.593	-32.670	0.0917
26	6	tracking	-847.761383	68.687936	-260.584443	-159.186	-40.670	0.0837
26	7	tracking	-847.390151	68.712344	-261.142272	-134.186	-46.375	0.0840
26	8	tracking	-847.065680	68.818758	-261.752633	-150.375	-42.740	0.0939
26	9	tracking	-846.705811	68.883526	-262.298017	-150.375	-34.740	0.0813
26	10	tracking	-846.358370	68.952374	-262.831077	-150.375	-26.740	0.0752
26	11	tracking	-846.021263	69.019819	-263.354460	-150.375	-18.740	0.1585
26	12	tracking	-845.678787	69.089548	-263.850694	-125.375	-26.740	0.1128
26	13	tracking	-845.326971	69.162289	-264.301384	-100.375	-34.740	0.0756
26	14	tracking	-844.972115	69.235565	-264.692148	-75.375	-42.740	0.0674
26	15	tracking	-844.626907	69.303793	-265.016282	-50.375	-50.740	0.0697
26	16	tracking	-844.291508	69.364285	-265.283151	-51.747	-42.740	0.0600
26	17	tracking	-843.977488	69.415512	-265.490813	-26.747	-34.740	0.0564
26	18	tracking	-843.683640	69.455459	-265.647948	-26.747	-26.740	0.0540
26	19	tracking	-843.409291	69.482077	-265.763093	-26.747	-25.689	0.0552
26	20	tracking	-843.164046	69.494475	-265.839465	-1.747	-17.689	0.0645
26	21	tracking	-842.955282	69.491668	-265.884825	23.253	-9.689	0.0567
26	22	tracking	-842.782899	69.474199	-265.907725	37.878	-7.940	0.0474
26	23	tracking	-842.641422	69.443083	-265.912552	37.878	-7.940	0.0502
26	24	tracking	-842.530685	69.398473	-265.909005	62.878	-15.940	0.0478
26	25	tracking	-842.445829	69.337210	-265.900223	67.848	-23.940	0.0426
26	26	tracking	-842.382382	69.253697	-265.887448	67.848	-31.940	0.0414
26	27	tracking	-842.336635	69.140621	-265.871675	67.848	-39.940	0.0405
26	28	tracking	-842.302902	68.990524	-265.850044	42.848	-47.168	0.0375
26	29	tracking	-842.276296	68.805059	-265.820058	17.848	-47.168	0.0369
26	30	tracking	-842.251007	68.586536	-265.780729	-7.152	-47.168	0.0394
26	31	tracking	-842.220726	68.337727	-265.733361	-32.152	-47.168	0.0349
26	32	tracking	-842.192140	68.050353	-265.678347	-7.152	-55.168	0.0318
26	33	tracking	-842.170971	67.725896	-265.615967	17.848	-55.963	0.0326
26	34	tracking	-842.156812	67.366637	-265.545784	17.848	-55.963	0.0286
26	35	landing	-842.150837	66.987318	-265.462627	17.848	-47.963	0.0266
26	36	landing	-842.152661	66.590318	-265.366334	17.848	-47.963	0.0291
26	37	landing	-842.161938	66.177974	-265.256772	17.848	-47.963	0.0277
26	38	landing	-842.178348	65.752537	-265.133861	17.848	-47.963	0.0246
27	0	tracking	-850.645964	68.867102	-257.032114	-139.104	-4.000	0.1648
27	1	tracking	-849.991601	68.807284	-257.601772	-164.104	-0.670	0.1195
27	2	tracking	-849.422535	68.751906	-258.196524	170.896	-8.670	0.1222
27	3	tracking	-848.951149	68.710040	-258.797665	153.407	-16.670	0.0994
27	4	tracking	-848.533079	68.685017	-259.402840	178.407	-24.670	0.0981
27	5	tracking	-848.135704	68.677907	-259.999512	-156.593	-32.670	0.0917
27	6	tracking	-847.761383	68.687936	-260.584443	-159.186	-40.670	0.0891
27	7	tracking	-847.390151	68.712344	-261.142272	-134.186	-46.375	0.0832
27	8	tracking	-846.965680	68.818758	-261.752633	-150.375	-42.740	0.0928
27	9	tracking	-846.605811	68.883526	-262.298017	-150.375	-34.740	0.0837
27	10	tracking	-846.258370	68.952374	-262.831077	-150.375	-26.740	0.0796
27	11	tracking	-845.921263	69.019819	-263.354460	-150.375	-18.740	0.0817
27	12	tracking	-845.578787	69.089548	-263.850694	-125.375	-26.740	0.0736
27	13	tracking	-845.226971	69.162289	-264.301384	-100.375	-34.740	0.0748
27	14	tracking	-844.872115	69.235565	-264.692148	-75.375	-42.740	0.0676
27	15	tracking	-844.526907	69.303793	-265.016282	-50.375	-50.740	0.0620
27	16	tracking	-844.191508	69.364285	-265.283151	-51.747	-42.740	0.0835
27	17	tracking	-843.877488	69.415512	-265.490813	-26.747	-34.740	0.0770
27	18	tracking	-843.583640	69.455459	-265.647948	-26.747	-26.740	0.0586
27	19	tracking	-843.309291	69.482077	-265.763093	-26.747	-25.689	0.0551
27	20	tracking	-843.064046	69.494475	-265.839465	-1.747	-17.689	0.1082
27	21	tracking	-842.855282	69.491668	-265.884825	23.253	-9.689	0.1388
27	22	tracking	-842.682899	69.474199	-265.907725	37.878	-7.940	0.1352
27	23	tracking	-842.541422	69.443083	-265.912552	37.878	-7.940	0.1395
27	24	tracking	-842.430685	69.398473	-265.909005	62.878	-15.940	0.1013
27	25	tracking	-842.345829	69.337210	-265.900223	67.848	-23.940	0.1383
27	26	tracking	-842.282382	69.253697	-265.887448	67.848	-31.940	0.0640
27	27	tracking	-842.236635	69.140621	-265.871675	67.848	-39.940	0.0519
27	28	tracking	-842.202902	68.990524	-265.850044	42.848	-47.168	0.0530
27	29	tracking	-842.176296	68.805059	-265.820058	17.848	-47.168	0.0581
27	30	tracking	-842.151007	68.586536	-265.780729	-7.152	-47.168	0.0412
27	31	tracking	-842.120726	68.337727	-265.733361	-32.152	-47.168	0.0343
27	32	tracking	-842.092140	68.050353	-265.678347	-7.152	-55.168	0.0340
27	33	tracking	-842.070971	67.725896	-265.615967	17.848	-55.963	0.0318
27	34	tracking	-842.056812	67.366637	-265.545784	17.848	-55.963	0.0290
27	35	landing	-842.050837	66.987318	-265.462627	17.848	-47.963	0.0278
27	36	landing	-842.052661	66.590318	-265.366334	17.848	-47.963	0.0250
27	37	landing	-842.061938	66.177974	-265.256772	17.848	-47.963	0.0231
27	38	landing	-842.078348	65.752537	-265.133861	17.848	-47.963	0.0268
28	0	tracking	-850.645964	68.867102	-257.032114	-139.104	-4.000	0.1615
28	1	tracking	-849.991601	68.807284	-257.601772	-164.104	-0.670	0.1195
28	2	tracking	-849.422535	68.751906	-258.196524	170.896	-8.670	0.2229
28	3	tracking	-848.951149	68.710040	-258.797665	153.407	-16.670	0.1030
28	4	tracking	-848.533079	68.685017	-259.402840	178.407	-24.670	0.0960
28	5	tracking	-848.135704	68.677907	-259.999512	-156.593	-32.670	0.0889
28	6	tracking	-847.761383	68.687936	-260.584443	-159.186	-40.670	0.0832
28	7	tracking	-847.390151	68.712344	-261.142272	-134.186	-46.375	0.0832
28	8	tracking	-847.065680	68.718758	-261.652633	-150.375	-42.740	0.0933
28	9	tracking	-846.705811	68.783526	-262.198017	-150.375	-34.740	0.2154
28	10	tracking	-846.358370	68.852374	-262.731077	-150.375	-26.740	0.1054
28	11	tracking	-846.021263	68.919819	-263.254460	-150.375	-18.740	0.0800
28	12	tracking	-845.678787	68.989548	-263.750694	-125.375	-26.740	0.0790
28	13	tracking	-845.326971	69.062289	-264.201384	-100.375	-34.740	0.0735
28	14	tracking	-844.972115	69.135565	-264.592148	-75.375	-42.740	0.0676
28	15	tracking	-844.626907	69.203793	-264.916282	-50.375	-50.740	0.0678
28	16	tracking	-844.291508	69.264285	-265.183151	-51.747	-42.740	0.0803
28	17	tracking	-843.977488	69.315512	-265.390813	-26.747	-34.740	0.0634
28	18	tracking	-843.683640	69.355459	-265.547948	-26.747	-26.740	0.0594
28	19	tracking	-843.409291	69.382077	-265.663093	-26.747	-25.689	0.0609
28	20	tracking	-843.164046	69.394475	-265.739465	-1.747	-17.689	0.0525
28	21	tracking	-842.955282	69.391668	-265.784825	23.253	-9.689	0.0665
28	22	tracking	-842.782899	69.374199	-265.807725	37.878	-7.940	0.0570
28	23	tracking	-842.641422	69.343083	-265.812552	37.878	-7.940	0.0486
28	24	tracking	-842.530685	69.298473	-265.809005	62.878	-15.940	0.0493
28	25	tracking	-842.445829	69.237210	-265.800223	67.848	-23.940	0.0467
28	26	tracking	-842.382382	69.153697	-265.787448	67.848	-31.940	0.0488
28	27	tracking	-842.336635	69.040621	-265.771675	67.848	-39.940	0.0449
28	28	tracking	-842.302902	68.890524	-265.750044	42.848	-47.168	0.0417
28	29	tracking	-842.276296	68.705059	-265.720058	17.848	-47.168	0.0395
28	30	tracking	-842.251007	68.486536	-265.680729	-7.152	-47.168	0.0785
28	31	tracking	-842.220726	68.237727	-265.633361	-32.152	-47.168	0.0591
28	32	tracking	-842.192140	67.950353	-265.578347	-7.152	-55.168	0.0376
28	33	tracking	-842.170971	67.625896	-265.515967	17.848	-55.963	0.0391
28	34	tracking	-842.156812	67.266637	-265.445784	17.848	-55.963	0.0311
28	35	landing	-842.150837	66.887318	-265.362627	17.848	-47.963	0.0302
28	36	landing	-842.152661	66.490318	-265.266334	17.848	-47.963	0.0273
28	37	landing	-842.161938	66.077974	-265.156772	17.848	-47.963	0.0259
28	38	landing	-842.178348	65.652537	-265.033861	17.848	-47.963	0.0232
29	0	tracking	-850.645964	68.867102	-257.032114	-139.104	-4.000	0.5045
29	1	tracking	-849.991601	68.807284	-257.601772	-164.104	-0.670	0.2887
29	2	tracking	-849.422535	68.751906	-258.196524	170.896	-8.670	0.2323
29	3	tracking	-848.951149	68.710040	-258.797665	153.407	-16.670	0.2309
29	4	tracking	-848.533079	68.685017	-259.402840	178.407	-24.670	0.1926
29	5	tracking	-848.135704	68.677907	-259.999512	-156.593	-32.670	0.2410
29	6	tracking	-847.761383	68.687936	-260.584443	-159.186	-40.670	0.1070
29	7	tracking	-847.390151	68.712344	-261.142272	-134.186	-46.375	0.0870
29	8	tracking	-846.965680	68.718758	-261.652633	-150.375	-42.740	0.0884
29	9	tracking	-846.605811	68.783526	-262.198017	-150.375	-34.740	0.0854
29	10	tracking	-846.258370	68.852374	-262.731077	-150.375	-26.740	0.0831
29	11	tracking	-845.921263	68.919819	-263.254460	-150.375	-18.740	0.0758
29	12	tracking	-845.578787	68.989548	-263.750694	-125.375	-26.740	0.0792
29	13	tracking	-845.226971	69.062289	-264.201384	-100.375	-34.740	0.0747
29	14	tracking	-844.872115	69.135565	-264.592148	-75.375	-42.740	0.0718
29	15	tracking	-844.526907	69.203793	-264.916282	-50.375	-50.740	0.0606
29	16	tracking	-844.191508	69.264285	-265.183151	-51.747	-42.740	0.0569
29	17	tracking	-843.877488	69.315512	-265.390813	-26.747	-34.740	0.0573
29	18	tracking	-843.583640	69.355459	-265.547948	-26.747	-26.740	0.0569
29	19	tracking	-843.309291	69.382077	-265.663093	-26.747	-25.689	0.0594
29	20	tracking	-843.064046	69.394475	-265.739465	-1.747	-17.689	0.0540
29	21	tracking	-842.855282	69.391668	-265.784825	23.253	-9.689	0.0515
29	22	tracking	-842.682899	69.374199	-265.807725	37.878	-7.940	0.0502
29	23	tracking	-842.541422	69.343083	-265.812552	37.878	-7.940	0.0526
29	24	tracking	-842.430685	69.298473	-265.809005	62.878	-15.940	0.0578
29	25	tracking	-842.345829	69.237210	-265.800223	67.848	-23.940	0.0537
29	26	tracking	-842.282382	69.153697	-265.787448	67.848	-31.940	0.0476
29	27	tracking	-842.236635	69.040621	-265.771675	67.848	-39.940	0.0448
29	28	tracking	-842.202902	68.890524	-265.750044	42.848	-47.168	0.0474
29	29	tracking	-842.176296	68.705059	-265.720058	17.848	-47.168	0.0530
29	30	tracking	-842.151007	68.486536	-265.680729	-7.152	-47.168	0.0447
29	31	tracking	-842.120726	68.237727	-265.633361	-32.152	-47.168	0.0381
29	32	tracking	-842.092140	67.950353	-265.578347	-7.152	-55.168	0.0329
29	33	tracking	-842.070971	67.625896	-265.515967	17.848	-55.963	0.0334
29	34	tracking	-842.056812	67.266637	-265.445784	17.848	-55.963	0.0326
29	35	landing	-842.050837	66.887318	-265.362627	17.848	-47.963	0.0296
29	36	landing	-842.052661	66.490318	-265.266334	17.848	-47.963	0.0281
29	37	landing	-842.061938	66.077974	-265.156772	17.848	-47.963	0.0259
29	38	landing	-842.078348	65.652537	-265.033861	17.848	-47.963	0.0212
30	0	tracking	-850.645964	68.867102	-257.032114	-139.104	-4.000	0.2386
30	1	tracking	-849.991601	68.807284	-257.601772	-164.104	-0.670	0.1640
30	2	tracking	-849.422535	68.751906	-258.196524	170.896	-8.670	0.1112
30	3	tracking	-848.951149	68.710040	-258.797665	153.407	-16.670	0.1218
30	4	tracking	-848.533079	68.685017	-259.402840	178.407	-24.670	0.1076
30	5	tracking	-848.135704	68.677907	-259.999512	-156.593	-32.670	0.0956
30	6	tracking	-847.761383	68.687936	-260.584443	-159.186	-40.670	0.1013
30	7	tracking	-847.390151	68.712344	-261.142272	-134.186	-46.375	0.1142
30	8	tracking	-847.065680	68.818758	-261.652633	-150.375	-42.740	0.0986
30	9	tracking	-846.705811	68.883526	-262.198017	-150.375	-34.740	0.0915
30	10	tracking	-846.358370	68.952374	-262.731077	-150.375	-26.740	0.1039
30	11	tracking	-846.021263	69.019819	-263.254460	-150.375	-18.740	0.0949
30	12	tracking	-845.678787	69.089548	-263.750694	-125.375	-26.740	0.0811
30	13	tracking	-845.326971	69.162289	-264.201384	-100.375	-34.740	0.0788
30	14	tracking	-844.972115	69.235565	-264.592148	-75.375	-42.740	0.0807
30	15	tracking	-844.626907	69.303793	-264.916282	-50.375	-50.740	0.0986
30	16	tracking	-844.291508	69.364285	-265.183151	-51.747	-42.740	0.0655
30	17	tracking	-843.977488	69.415512	-265.390813	-26.747	-34.740	0.0705
30	18	tracking	-843.683640	69.455459	-265.547948	-26.747	-26.740	0.0693
30	19	tracking	-843.409291	69.482077	-265.663093	-26.747	-25.689	0.0602
30	20	tracking	-843.164046	69.494475	-265.739465	-1.747	-17.689	0.0576
30	21	tracking	-842.955282	69.491668	-265.784825	23.253	-9.689	0.0661
30	22	tracking	-842.782899	69.474199	-265.807725	37.878	-7.940	0.0696
30	23	tracking	-842.641422	69.443083	-265.812552	37.878	-7.940	0.0562
30	24	tracking	-842.530685	69.398473	-265.809005	62.878	-15.940	0.0499
30	25	tracking	-842.445829	69.337210	-265.800223	67.848	-23.940	0.0509
30	26	tracking	-842.382382	69.253697	-265.787448	67.848	-31.940	0.0437
30	27	tracking	-842.336635	69.140621	-265.771675	67.848	-39.940	0.0474
30	28	tracking	-842.302902	68.990524	-265.750044	42.848	-47.168	0.0408
30	29	tracking	-842.276296	68.805059	-265.720058	17.848	-47.168	0.0427
30	30	tracking	-842.251007	68.586536	-265.680729	-7.152	-47.168	0.0389
30	31	tracking	-842.220726	68.337727	-265.633361	-32.152	-47.168	0.0591
30	32	tracking	-842.192140	68.050353	-265.578347	-7.152	-55.168	0.0382
30	33	tracking	-842.170971	67.725896	-265.515967	17.848	-55.963	0.0412
30	34	tracking	-842.156812	67.366637	-265.445784	17.848	-55.963	0.0306
30	35	landing	-842.150837	66.987318	-265.362627	17.848	-47.963	0.0300
30	36	landing	-842.152661	66.590318	-265.266334	17.848	-47.963	0.0293
30	37	landing	-842.161938	66.177974	-265.156772	17.848	-47.963	0.0233
30	38	landing	-842.178348	65.752537	-265.033861	17.848	-47.963	0.0231
31	0	tracking	-850.645964	68.867102	-257.032114	-139.104	-4.000	0.1625
31	1	tracking	-849.991601	68.807284	-257.601772	-164.104	-0.670	0.1274
31	2	tracking	-849.422535	68.751906	-258.196524	170.896	-8.670	0.1212
31	3	tracking	-848.951149	68.710040	-258.797665	153.407	-16.670	0.1068
31	4	tracking	-848.533079	68.685017	-259.402840	178.407	-24.670	0.0971
31	5	tracking	-848.135704	68.677907	-259.999512	-156.593	-32.670	0.0970
31	6	tracking	-847.761383	68.687936	-260.584443	-159.186	-40.670	0.0939
31	7	tracking	-847.390151	68.712344	-261.142272	-134.186	-46.375	0.0912
31	8	tracking	-846.965680	68.818758	-261.652633	-150.375	-42.740	0.1006
31	9	tracking	-846.605811	68.883526	-262.198017	-150.375	-34.740	0.0901
31	10	tracking	-846.258370	68.952374	-262.731077	-150.375	-26.740	0.1032
31	11	tracking	-845.921263	69.019819	-263.254460	-150.375	-18.740	0.0906
31	12	tracking	-845.578787	69.089548	-263.750694	-125.375	-26.740	0.0784
31	13	tracking	-845.226971	69.162289	-264.201384	-100.375	-34.740	0.0807
31	14	tracking	-844.872115	69.235565	-264.592148	-75.375	-42.740	0.0722
31	15	tracking	-844.526907	69.303793	-264.916282	-50.375	-50.740	0.0753
31	16	tracking	-844.191508	69.364285	-265.183151	-51.747	-42.740	0.0982
31	17	tracking	-843.877488	69.415512	-265.390813	-26.747	-34.740	0.1433
31	18	tracking	-843.583640	69.455459	-265.547948	-26.747	-26.740	0.1189
31	19	tracking	-843.309291	69.482077	-265.663093	-26.747	-25.689	0.0901
31	20	tracking	-843.064046	69.494475	-265.739465	-1.747	-17.689	0.0957
31	21	tracking	-842.855282	69.491668	-265.784825	23.253	-9.689	0.1018
31	22	tracking	-842.682899	69.474199	-265.807725	37.878	-7.940	0.0992
31	23	tracking	-842.541422	69.443083	-265.812552	37.878	-7.940	0.0872
31	24	tracking	-842.430685	69.398473	-265.809005	62.878	-15.940	0.0813
31	25	tracking	-842.345829	69.337210	-265.800223	67.848	-23.940	0.0787
31	26	tracking	-842.282382	69.253697	-265.787448	67.848	-31.940	0.0795
31	27	tracking	-842.236635	69.140621	-265.771675	67.848	-39.940	0.0925
31	28	tracking	-842.202902	68.990524	-265.750044	42.848	-47.168	0.0904
31	29	tracking	-842.176296	68.805059	-265.720058	17.848	-47.168	0.0902
31	30	tracking	-842.151007	68.586536	-265.680729	-7.152	-47.168	0.0631
31	31	tracking	-842.120726	68.337727	-265.633361	-32.152	-47.168	0.0698
31	32	tracking	-842.092140	68.050353	-265.578347	-7.152	-55.168	0.0565
31	33	tracking	-842.070971	67.725896	-265.515967	17.848	-55.963	0.0657
31	34	tracking	-842.056812	67.366637	-265.445784	17.848	-55.963	0.0530
31	35	landing	-842.050837	66.987318	-265.362627	17.848	-47.963	0.0485
31	36	landing	-842.052661	66.590318	-265.266334	17.848	-47.963	0.0483
31	37	landing	-842.061938	66.177974	-265.156772	17.848	-47.963	0.0430
31	38	landing	-842.078348	65.752537	-265.033861	17.848	-47.963	0.0399
32	0	tracking	-850.645964	68.867102	-257.032114	-139.104	-4.000	0.2862
32	1	tracking	-849.991601	68.807284	-257.601772	-164.104	-0.670	0.2230
32	2	tracking	-849.422535	68.751906	-258.196524	170.896	-8.670	0.1958
32	3	tracking	-848.951149	68.710040	-258.797665	153.407	-16.670	0.2343
32	4	tracking	-848.533079	68.685017	-259.402840	178.407	-24.670	0.1773
32	5	tracking	-848.135704	68.677907	-259.999512	-156.593	-32.670	0.1495
32	6	tracking	-847.761383	68.687936	-260.584443	-159.186	-40.670	0.1603
32	7	tracking	-847.390151	68.712344	-261.142272	-134.186	-46.375	0.1656
32	8	tracking	-847.102421	68.676951	-261.715058	-150.375	-42.740	0.1332
32	9	tracking	-846.776554	68.698707	-262.224734	-150.375	-34.740	0.1625
32	10	tracking	-846.461032	68.723481	-262.723126	-150.375	-26.740	0.1197
32	11	tracking	-846.154318	68.745986	-263.212185	-150.375	-18.740	0.1221
32	12	tracking	-845.841425	68.769874	-263.676059	-125.375	-26.740	0.1070
32	13	tracking	-845.518405	68.795618	-264.097469	-100.375	-34.740	0.0946
32	14	tracking	-845.191140	68.820524	-264.462650	-75.375	-42.740	0.0807
32	15	tracking	-844.871723	68.838928	-264.764989	-50.375	-50.740	0.0708
32	16	tracking	-844.560181	68.849268	-265.013131	-51.747	-42.740	0.0573
32	17	tracking	-844.267703	68.851106	-265.204672	-26.747	-34.740	0.0552
32	18	tracking	-843.993082	68.843505	-265.347510	-26.747	-26.740	0.0519
32	19	tracking	-843.735489	68.825333	-265.449171	-26.747	-25.689	0.0531
32	20	tracking	-843.505121	68.796939	-265.511812	-1.747	-17.689	0.0471
32	21	tracking	-843.310341	68.757658	-265.543241	23.253	-9.689	0.0479
32	22	tracking	-843.151431	68.707667	-265.552425	37.878	-7.940	0.0523
32	23	tracking	-843.022853	68.647551	-265.543880	37.878	-7.940	0.0488
32	24	tracking	-842.924728	68.576711	-265.527848	62.878	-15.940	0.0482
32	25	tracking	-842.852027	68.491312	-265.507567	67.848	-23.940	0.0471
32	26	tracking	-842.800115	68.385197	-265.484259	67.848	-31.940	0.0444
32	27	tracking	-842.765190	68.250642	-265.458880	67.848	-39.940	0.0376
32	28	tracking	-842.741444	68.079989	-265.428320	42.848	-47.168	0.0401
32	29	tracking	-842.723964	67.875184	-265.389668	17.848	-47.168	0.0339
32	30	tracking	-842.706686	67.638799	-265.341658	-7.152	-47.168	0.0325
32	31	tracking	-842.682987	67.373688	-265.285669	-32.152	-47.168	0.0378
32	32	tracking	-842.660165	67.071329	-265.222187	-7.152	-55.168	0.0338
32	33	tracking	-842.644378	66.733214	-265.151503	17.848	-55.963	0.0295
32	34	landing	-842.636712	66.373764	-265.068647	17.848	-47.963	0.0267
32	35	landing	-842.636782	65.995347	-264.973389	17.848	-47.963	0.0257
33	0	tracking	-850.645964	68.867102	-257.032114	-139.104	-4.000	0.2764
33	1	tracking	-849.991601	68.807284	-257.601772	-164.104	-0.670	0.4318
33	2	tracking	-849.422535	68.751906	-258.196524	170.896	-8.670	0.2695
33	3	tracking	-848.951149	68.710040	-258.797665	153.407	-16.670	0.2528
33	4	tracking	-848.533079	68.685017	-259.402840	178.407	-24.670	0.2057
33	5	tracking	-848.135704	68.677907	-259.999512	-156.593	-32.670	0.1841
33	6	tracking	-847.761383	68.687936	-260.584443	-159.186	-40.670	0.1791
33	7	tracking	-847.390151	68.712344	-261.142272	-134.186	-46.375	0.2304
33	8	tracking	-847.002421	68.676951	-261.715058	-150.375	-42.740	0.1879
33	9	tracking	-846.676554	68.698707	-262.224734	-150.375	-34.740	0.1593
33	10	tracking	-846.361032	68.723481	-262.723126	-150.375	-26.740	0.0911
33	11	tracking	-846.054318	68.745986	-263.212185	-150.375	-18.740	0.0706
33	12	tracking	-845.741425	68.769874	-263.676059	-125.375	-26.740	0.0636
33	13	tracking	-845.418405	68.795618	-264.097469	-100.375	-34.740	0.0555
33	14	tracking	-845.091140	68.820524	-264.462650	-75.375	-42.740	0.1055
33	15	tracking	-844.771723	68.838928	-264.764989	-50.375	-50.740	0.0520
33	16	tracking	-844.460181	68.849268	-265.013131	-51.747	-42.740	0.0511
33	17	tracking	-844.167703	68.851106	-265.204672	-26.747	-34.740	0.0499
33	18	tracking	-843.893082	68.843505	-265.347510	-26.747	-26.740	0.0556
33	19	tracking	-843.635489	68.825333	-265.449171	-26.747	-25.689	0.0512
33	20	tracking	-843.405121	68.796939	-265.511812	-1.747	-17.689	0.0440
33	21	tracking	-843.210341	68.757658	-265.543241	23.253	-9.689	0.0471
33	22	tracking	-843.051431	68.707667	-265.552425	37.878	-7.940	0.0415
33	23	tracking	-842.922853	68.647551	-265.543880	37.878	-7.940	0.0418
33	24	tracking	-842.824728	68.576711	-265.527848	62.878	-15.940	0.0357
33	25	tracking	-842.752027	68.491312	-265.507567	67.848	-23.940	0.0556
33	26	tracking	-842.700115	68.385197	-265.484259	67.848	-31.940	0.0362
33	27	tracking	-842.665190	68.250642	-265.458880	67.848	-39.940	0.0368
33	28	tracking	-842.641444	68.079989	-265.428320	42.848	-47.168	0.0362
33	29	tracking	-842.623964	67.875184	-265.389668	17.848	-47.168	0.0300
33	30	tracking	-842.606686	67.638799	-265.341658	-7.152	-47.168	0.0285
33	31	tracking	-842.582987	67.373688	-265.285669	-32.152	-47.168	0.0317
33	32	tracking	-842.560165	67.071329	-265.222187	-7.152	-55.168	0.0329
33	33	tracking	-842.544378	66.733214	-265.151503	17.848	-55.963	0.0275
33	34	landing	-842.536712	66.373764	-265.068647	17.848	-47.963	0.0190
33	35	landing	-842.536782	65.995347	-264.973389	17.848	-47.963	0.0195
34	0	tracking	-850.645964	68.867102	-257.032114	-139.104	-4.000	0.3242
34	1	tracking	-849.991601	68.807284	-257.601772	-164.104	-0.670	0.2496
34	2	tracking	-849.422535	68.751906	-258.196524	170.896	-8.670	0.2668
34	3	tracking	-848.951149	68.710040	-258.797665	153.407	-16.670	0.2666
34	4	tracking	-848.533079	68.685017	-259.402840	178.407	-24.670	0.1465
34	5	tracking	-848.135704	68.677907	-259.999512	-156.593	-32.670	0.1513
34	6	tracking	-847.761383	68.687936	-260.584443	-159.186	-40.670	0.3009
34	7	tracking	-847.390151	68.712344	-261.142272	-134.186	-46.375	0.1955
34	8	tracking	-847.102421	68.776951	-261.715058	-150.375	-42.740	0.1562
34	9	tracking	-846.776554	68.798707	-262.224734	-150.375	-34.740	0.1528
34	10	tracking	-846.461032	68.823481	-262.723126	-150.375	-26.740	0.1413
34	11	tracking	-846.154318	68.845986	-263.212185	-150.375	-18.740	0.1373
34	12	tracking	-845.841425	68.869874	-263.676059	-125.375	-26.740	0.1360
34	13	tracking	-845.518405	68.895618	-264.097469	-100.375	-34.740	0.1146
34	14	tracking	-845.191140	68.920524	-264.462650	-75.375	-42.740	0.1249
34	15	tracking	-844.871723	68.938928	-264.764989	-50.375	-50.740	0.1517
34	16	tracking	-844.560181	68.949268	-265.013131	-51.747	-42.740	0.1258
34	17	tracking	-844.267703	68.951106	-265.204672	-26.747	-34.740	0.1102
34	18	tracking	-843.993082	68.943505	-265.347510	-26.747	-26.740	0.1120
34	19	tracking	-843.735489	68.925333	-265.449171	-26.747	-25.689	0.1266
34	20	tracking	-843.505121	68.896939	-265.511812	-1.747	-17.689	0.1101
34	21	tracking	-843.310341	68.857658	-265.543241	23.253	-9.689	0.1040
34	22	tracking	-843.151431	68.807667	-265.552425	37.878	-7.940	0.0923
34	23	tracking	-843.022853	68.747551	-265.543880	37.878	-7.940	0.0960
34	24	tracking	-842.924728	68.676711	-265.527848	62.878	-15.940	0.0759
34	25	tracking	-842.852027	68.591312	-265.507567	67.848	-23.940	0.0529
34	26	tracking	-842.800115	68.485197	-265.484259	67.848	-31.940	0.0468
34	27	tracking	-842.765190	68.350642	-265.458880	67.848	-39.940	0.0458
34	28	tracking	-842.741444	68.179989	-265.428320	42.848	-47.168	0.0444
34	29	tracking	-842.723964	67.975184	-265.389668	17.848	-47.168	0.0463
34	30	tracking	-842.706686	67.738799	-265.341658	-7.152	-47.168	0.0407
34	31	tracking	-842.682987	67.473688	-265.285669	-32.152	-47.168	0.0550
34	32	tracking	-842.660165	67.171329	-265.222187	-7.152	-55.168	0.0880
34	33	tracking	-842.644378	66.833214	-265.151503	17.848	-55.963	0.0753
34	34	landing	-842.636712	66.473764	-265.068647	17.848	-47.963	0.1122
34	35	landing	-842.636782	66.095347	-264.973389	17.848	-47.963	0.0787
34	36	landing	-842.644246	65.700299	-264.865528	17.848	-47.963	0.0546
35	0	tracking	-850.645964	68.867102	-257.032114	-139.104	-4.000	0.6573
35	1	tracking	-849.991601	68.807284	-257.601772	-164.104	-0.670	0.3193
35	2	tracking	-849.422535	68.751906	-258.196524	170.896	-8.670	0.2533
35	3	tracking	-848.951149	68.710040	-258.797665	153.407	-16.670	0.2467
35	4	tracking	-848.533079	68.685017	-259.402840	178.407	-24.670	0.2301
35	5	tracking	-848.135704	68.677907	-259.999512	-156.593	-32.670	0.2366
35	6	tracking	-847.761383	68.687936	-260.584443	-159.186	-40.670	0.2531
35	7	tracking	-847.390151	68.712344	-261.142272	-134.186	-46.375	0.2247
35	8	tracking	-847.002421	68.776951	-261.715058	-150.375	-42.740	0.1738
35	9	tracking	-846.676554	68.798707	-262.224734	-150.375	-34.740	0.1679
35	10	tracking	-846.361032	68.823481	-262.723126	-150.375	-26.740	0.1539
35	11	tracking	-846.054318	68.845986	-263.212185	-150.375	-18.740	0.1394
35	12	tracking	-845.741425	68.869874	-263.676059	-125.375	-26.740	0.1446
35	13	tracking	-845.418405	68.895618	-264.097469	-100.375	-34.740	0.1371
35	14	tracking	-845.091140	68.920524	-264.462650	-75.375	-42.740	0.1257
35	15	tracking	-844.771723	68.938928	-264.764989	-50.375	-50.740	0.1677
35	16	tracking	-844.460181	68.949268	-265.013131	-51.747	-42.740	0.0780
35	17	tracking	-844.167703	68.951106	-265.204672	-26.747	-34.740	0.0684
35	18	tracking	-843.893082	68.943505	-265.347510	-26.747	-26.740	0.0557
35	19	tracking	-843.635489	68.925333	-265.449171	-26.747	-25.689	0.0576
35	20	tracking	-843.405121	68.896939	-265.511812	-1.747	-17.689	0.0518
35	21	tracking	-843.210341	68.857658	-265.543241	23.253	-9.689	0.0501
35	22	tracking	-843.051431	68.807667	-265.552425	37.878	-7.940	0.0519
35	23	tracking	-842.922853	68.747551	-265.543880	37.878	-7.940	0.0470
35	24	tracking	-842.824728	68.676711	-265.527848	62.878	-15.940	0.0535
35	25	tracking	-842.752027	68.591312	-265.507567	67.848	-23.940	0.0423
35	26	tracking	-842.700115	68.485197	-265.484259	67.848	-31.940	0.0416
35	27	tracking	-842.665190	68.350642	-265.458880	67.848	-39.940	0.0436
35	28	tracking	-842.641444	68.179989	-265.428320	42.848	-47.168	0.0393
35	29	tracking	-842.623964	67.975184	-265.389668	17.848	-47.168	0.0416
35	30	tracking	-842.606686	67.738799	-265.341658	-7.152	-47.168	0.0343
35	31	tracking	-842.582987	67.473688	-265.285669	-32.152	-47.168	0.0379
35	32	tracking	-842.560165	67.171329	-265.222187	-7.152	-55.168	0.0428
35	33	tracking	-842.544378	66.833214	-265.151503	17.848	-55.963	0.0364
35	34	landing	-842.536712	66.473764	-265.068647	17.848	-47.963	0.0314
35	35	landing	-842.536782	66.095347	-264.973389	17.848	-47.963	0.0309
35	36	landing	-842.544246	65.700299	-264.865528	17.848	-47.963	0.0245
36	0	tracking	-850.645964	68.867102	-257.032114	-139.104	-4.000	0.2103
36	1	tracking	-849.991601	68.807284	-257.601772	-164.104	-0.670	0.1412
36	2	tracking	-849.422535	68.751906	-258.196524	170.896	-8.670	0.1320
36	3	tracking	-848.951149	68.710040	-258.797665	153.407	-16.670	0.1287
36	4	tracking	-848.533079	68.685017	-259.402840	178.407	-24.670	0.1428
36	5	tracking	-848.135704	68.677907	-259.999512	-156.593	-32.670	0.1127
36	6	tracking	-847.761383	68.687936	-260.584443	-159.186	-40.670	0.1122
36	7	tracking	-847.390151	68.712344	-261.142272	-134.186	-46.375	0.1048
36	8	tracking	-847.102421	68.676951	-261.615058	-150.375	-42.740	0.1000
36	9	tracking	-846.776554	68.698707	-262.124734	-150.375	-34.740	0.1029
36	10	tracking	-846.461032	68.723481	-262.623126	-150.375	-26.740	0.1226
36	11	tracking	-846.154318	68.745986	-263.112185	-150.375	-18.740	0.0826
36	12	tracking	-845.841425	68.769874	-263.576059	-125.375	-26.740	0.1159
36	13	tracking	-845.518405	68.795618	-263.997469	-100.375	-34.740	0.0812
36	14	tracking	-845.191140	68.820524	-264.362650	-75.375	-42.740	0.0905
36	15	tracking	-844.871723	68.838928	-264.664989	-50.375	-50.740	0.1059
36	16	tracking	-844.560181	68.849268	-264.913131	-51.747	-42.740	0.0978
36	17	tracking	-844.267703	68.851106	-265.104672	-26.747	-34.740	0.1020
36	18	tracking	-843.993082	68.843505	-265.247510	-26.747	-26.740	0.0787
36	19	tracking	-843.735489	68.825333	-265.349171	-26.747	-25.689	0.0581
36	20	tracking	-843.505121	68.796939	-265.411812	-1.747	-17.689	0.0604
36	21	tracking	-843.310341	68.757658	-265.443241	23.253	-9.689	0.0671
36	22	tracking	-843.151431	68.707667	-265.452425	37.878	-7.940	0.0529
36	23	tracking	-843.022853	68.647551	-265.443880	37.878	-7.940	0.0538
36	24	tracking	-842.924728	68.576711	-265.427848	62.878	-15.940	0.0480
36	25	tracking	-842.852027	68.491312	-265.407567	67.848	-23.940	0.0478
36	26	tracking	-842.800115	68.385197	-265.384259	67.848	-31.940	0.0474
36	27	tracking	-842.765190	68.250642	-265.358880	67.848	-39.940	0.0438
36	28	tracking	-842.741444	68.079989	-265.328320	42.848	-47.168	0.0433
36	29	tracking	-842.723964	67.875184	-265.289668	17.848	-47.168	0.0475
36	30	tracking	-842.706686	67.638799	-265.241658	-7.152	-47.168	0.0375
36	31	tracking	-842.682987	67.373688	-265.185669	-32.152	-47.168	0.0385
36	32	tracking	-842.660165	67.071329	-265.122187	-7.152	-55.168	0.0372
36	33	tracking	-842.644378	66.733214	-265.051503	17.848	-55.963	0.0341
36	34	landing	-842.636712	66.373764	-264.968647	17.848	-47.963	0.0340
36	35	landing	-842.636782	65.995347	-264.873389	17.848	-47.963	0.0263
37	0	tracking	-850.645964	68.867102	-257.032114	-139.104	-4.000	0.1982
37	1	tracking	-849.991601	68.807284	-257.601772	-164.104	-0.670	0.2037
37	2	tracking	-849.422535	68.751906	-258.196524	170.896	-8.670	0.1540
37	3	tracking	-848.951149	68.710040	-258.797665	153.407	-16.670	0.1232
37	4	tracking	-848.533079	68.685017	-259.402840	178.407	-24.670	0.1152
37	5	tracking	-848.135704	68.677907	-259.999512	-156.593	-32.670	0.1225
37	6	tracking	-847.761383	68.687936	-260.584443	-159.186	-40.670	0.1031
37	7	tracking	-847.390151	68.712344	-261.142272	-134.186	-46.375	0.1301
37	8	tracking	-847.002421	68.676951	-261.615058	-150.375	-42.740	0.0883
37	9	tracking	-846.676554	68.698707	-262.124734	-150.375	-34.740	0.0848
37	10	tracking	-846.361032	68.723481	-262.623126	-150.375	-26.740	0.0831
37	11	tracking	-846.054318	68.745986	-263.112185	-150.375	-18.740	0.0772
37	12	tracking	-845.741425	68.769874	-263.576059	-125.375	-26.740	0.0702
37	13	tracking	-845.418405	68.795618	-263.997469	-100.375	-34.740	0.0633
37	14	tracking	-845.091140	68.820524	-264.362650	-75.375	-42.740	0.0653
37	15	tracking	-844.771723	68.838928	-264.664989	-50.375	-50.740	0.0630
37	16	tracking	-844.460181	68.849268	-264.913131	-51.747	-42.740	0.0560
37	17	tracking	-844.167703	68.851106	-265.104672	-26.747	-34.740	0.0567
37	18	tracking	-843.893082	68.843505	-265.247510	-26.747	-26.740	0.1196
37	19	tracking	-843.635489	68.825333	-265.349171	-26.747	-25.689	0.0505
37	20	tracking	-843.405121	68.796939	-265.411812	-1.747	-17.689	0.0584
37	21	tracking	-843.210341	68.757658	-265.443241	23.253	-9.689	0.0509
37	22	tracking	-843.051431	68.707667	-265.452425	37.878	-7.940	0.0470
37	23	tracking	-842.922853	68.647551	-265.443880	37.878	-7.940	0.0396
37	24	tracking	-842.824728	68.576711	-265.427848	62.878	-15.940	0.0464
37	25	tracking	-842.752027	68.491312	-265.407567	67.848	-23.940	0.0375
37	26	tracking	-842.700115	68.385197	-265.384259	67.848	-31.940	0.0400
37	27	tracking	-842.665190	68.250642	-265.358880	67.848	-39.940	0.0367
37	28	tracking	-842.641444	68.079989	-265.328320	42.848	-47.168	0.0344
37	29	tracking	-842.623964	67.875184	-265.289668	17.848	-47.168	0.0342
37	30	tracking	-842.606686	67.638799	-265.241658	-7.152	-47.168	0.0314
37	31	tracking	-842.582987	67.373688	-265.185669	-32.152	-47.168	0.0264
37	32	tracking	-842.560165	67.071329	-265.122187	-7.152	-55.168	0.0260
37	33	tracking	-842.544378	66.733214	-265.051503	17.848	-55.963	0.0213
37	34	landing	-842.536712	66.373764	-264.968647	17.848	-47.963	0.0184
37	35	landing	-842.536782	65.995347	-264.873389	17.848	-47.963	0.0176
38	0	tracking	-850.645964	68.867102	-257.032114	-139.104	-4.000	0.1948
38	1	tracking	-849.991601	68.807284	-257.601772	-164.104	-0.670	0.1359
38	2	tracking	-849.422535	68.751906	-258.196524	170.896	-8.670	0.1287
38	3	tracking	-848.951149	68.710040	-258.797665	153.407	-16.670	0.1206
38	4	tracking	-848.533079	68.685017	-259.402840	178.407	-24.670	0.1924
38	5	tracking	-848.135704	68.677907	-259.999512	-156.593	-32.670	0.1374
38	6	tracking	-847.761383	68.687936	-260.584443	-159.186	-40.670	0.1121
38	7	tracking	-847.390151	68.712344	-261.142272	-134.186	-46.375	0.1016
38	8	tracking	-847.102421	68.776951	-261.615058	-150.375	-42.740	1.9341
38	9	tracking	-846.776554	68.798707	-262.124734	-150.375	-34.740	0.4985
38	10	tracking	-846.461032	68.823481	-262.623126	-150.375	-26.740	0.3923
38	11	tracking	-846.154318	68.845986	-263.112185	-150.375	-18.740	0.3718
38	12	tracking	-845.841425	68.869874	-263.576059	-125.375	-26.740	0.3698
38	13	tracking	-845.518405	68.895618	-263.997469	-100.375	-34.740	0.1817
38	14	tracking	-845.191140	68.920524	-264.362650	-75.375	-42.740	0.1954
38	15	tracking	-844.871723	68.938928	-264.664989	-50.375	-50.740	0.2122
38	16	tracking	-844.560181	68.949268	-264.913131	-51.747	-42.740	0.1693
38	17	tracking	-844.267703	68.951106	-265.104672	-26.747	-34.740	0.2356
38	18	tracking	-843.993082	68.943505	-265.247510	-26.747	-26.740	0.1856
38	19	tracking	-843.735489	68.925333	-265.349171	-26.747	-25.689	0.1893
38	20	tracking	-843.505121	68.896939	-265.411812	-1.747	-17.689	0.1835
38	21	tracking	-843.310341	68.857658	-265.443241	23.253	-9.689	0.1809
38	22	tracking	-843.151431	68.807667	-265.452425	37.878	-7.940	0.1704
38	23	tracking	-843.022853	68.747551	-265.443880	37.878	-7.940	0.2065
38	24	tracking	-842.924728	68.676711	-265.427848	62.878	-15.940	0.2173
38	25	tracking	-842.852027	68.591312	-265.407567	67.848	-23.940	0.2190
38	26	tracking	-842.800115	68.485197	-265.384259	67.848	-31.940	0.1511
38	27	tracking	-842.765190	68.350642	-265.358880	67.848	-39.940	0.1531
38	28	tracking	-842.741444	68.179989	-265.328320	42.848	-47.168	0.1683
38	29	tracking	-842.723964	67.975184	-265.289668	17.848	-47.168	0.1569
38	30	tracking	-842.706686	67.738799	-265.241658	-7.152	-47.168	0.1757
38	31	tracking	-842.682987	67.473688	-265.185669	-32.152	-47.168	0.1467
38	32	tracking	-842.660165	67.171329	-265.122187	-7.152	-55.168	0.1336
38	33	tracking	-842.644378	66.833214	-265.051503	17.848	-55.963	0.1324
38	34	landing	-842.644512	66.473764	-264.973214	42.848	-47.963	0.0306
38	35	landing	-842.659702	66.094889	-264.887212	42.848	-47.963	0.0301
38	36	landing	-842.689280	65.698673	-264.793288	42.848	-47.963	0.0278
39	0	tracking	-850.645964	68.867102	-257.032114	-139.104	-4.000	0.1786
39	1	tracking	-849.991601	68.807284	-257.601772	-164.104	-0.670	0.1292
39	2	tracking	-849.422535	68.751906	-258.196524	170.896	-8.670	0.1267
39	3	tracking	-848.951149	68.710040	-258.797665	153.407	-16.670	0.1255
39	4	tracking	-848.533079	68.685017	-259.402840	178.407	-24.670	0.1084
39	5	tracking	-848.135704	68.677907	-259.999512	-156.593	-32.670	0.1023
39	6	tracking	-847.761383	68.687936	-260.584443	-159.186	-40.670	0.1304
39	7	tracking	-847.390151	68.712344	-261.142272	-134.186	-46.375	0.1158
39	8	tracking	-847.002421	68.776951	-261.615058	-150.375	-42.740	0.1381
39	9	tracking	-846.676554	68.798707	-262.124734	-150.375	-34.740	0.1259
39	10	tracking	-846.361032	68.823481	-262.623126	-150.375	-26.740	0.1201
39	11	tracking	-846.054318	68.845986	-263.112185	-150.375	-18.740	0.1090
39	12	tracking	-845.741425	68.869874	-263.576059	-125.375	-26.740	0.1202
39	13	tracking	-845.418405	68.895618	-263.997469	-100.375	-34.740	0.1070
39	14	tracking	-845.091140	68.920524	-264.362650	-75.375	-42.740	0.1050
39	15	tracking	-844.771723	68.938928	-264.664989	-50.375	-50.740	0.0989
39	16	tracking	-844.460181	68.949268	-264.913131	-51.747	-42.740	0.0952
39	17	tracking	-844.167703	68.951106	-265.104672	-26.747	-34.740	0.0915
39	18	tracking	-843.893082	68.943505	-265.247510	-26.747	-26.740	0.1331
39	19	tracking	-843.635489	68.925333	-265.349171	-26.747	-25.689	0.1166
39	20	tracking	-843.405121	68.896939	-265.411812	-1.747	-17.689	0.0966
39	21	tracking	-843.210341	68.857658	-265.443241	23.253	-9.689	0.1270
39	22	tracking	-843.051431	68.807667	-265.452425	37.878	-7.940	0.1434
39	23	tracking	-842.922853	68.747551	-265.443880	37.878	-7.940	0.0826
39	24	tracking	-842.824728	68.676711	-265.427848	62.878	-15.940	0.0745
39	25	tracking	-842.752027	68.591312	-265.407567	67.848	-23.940	0.0833
39	26	tracking	-842.700115	68.485197	-265.384259	67.848	-31.940	0.0777
39	27	tracking	-842.665190	68.350642	-265.358880	67.848	-39.940	0.0914
39	28	tracking	-842.641444	68.179989	-265.328320	42.848	-47.168	0.0938
39	29	tracking	-842.623964	67.975184	-265.289668	17.848	-47.168	0.0969
39	30	tracking	-842.606686	67.738799	-265.241658	-7.152	-47.168	0.0920
39	31	tracking	-842.582987	67.473688	-265.185669	-32.152	-47.168	0.0660
39	32	tracking	-842.560165	67.171329	-265.122187	-7.152	-55.168	0.0767
39	33	tracking	-842.544378	66.833214	-265.051503	17.848	-55.963	0.0773
39	34	landing	-842.540704	66.473764	-264.970412	29.848	-47.963	0.0286
39	35	landing	-842.548564	66.095157	-264.878758	29.848	-47.963	0.0257
39	36	landing	-842.567472	65.699628	-264.776349	29.848	-47.963	0.0280
40	0	tracking	-850.645964	68.867102	-257.032114	-139.104	-4.000	0.1821
40	1	tracking	-849.991601	68.807284	-257.601772	-164.104	-0.670	0.1351
40	2	tracking	-849.422535	68.751906	-258.196524	170.896	-8.670	0.1504
40	3	tracking	-848.951149	68.710040	-258.797665	153.407	-16.670	0.1550
40	4	tracking	-848.533079	68.685017	-259.402840	178.407	-24.670	0.1300
40	5	tracking	-848.135704	68.677907	-259.999512	-156.593	-32.670	0.1251
40	6	tracking	-847.761383	68.687936	-260.584443	-159.186	-40.670	0.1031
40	7	tracking	-847.390151	68.712344	-261.142272	-134.186	-46.375	0.0996
40	8	tracking	-847.065941	68.678885	-261.716535	-150.375	-42.740	0.1018
40	9	tracking	-846.706783	68.703962	-262.228913	-150.375	-34.740	0.0904
40	10	tracking	-846.360863	68.732902	-262.731005	-150.375	-26.740	0.0837
40	11	tracking	-846.026261	68.760166	-263.224772	-150.375	-18.740	0.0938
40	12	tracking	-845.687499	68.789427	-263.693567	-125.375	-26.740	0.0960
40	13	tracking	-845.340288	68.821430	-264.119570	-100.375	-34.740	0.0747
40	14	tracking	-844.990413	68.853723	-264.488569	-75.375	-42.740	0.0979
40	15	tracking	-844.650057	68.880836	-264.793651	-50.375	-50.740	0.0903
40	16	tracking	-844.319173	68.900721	-265.043697	-51.747	-42.740	0.0698
40	17	tracking	-844.009137	68.912457	-265.236291	-26.747	-34.740	0.0622
40	18	tracking	-843.718613	68.914650	-265.379557	-26.747	-26.740	0.0650
40	19	tracking	-843.446630	68.906079	-265.481159	-26.747	-25.689	0.0744
40	20	tracking	-843.203428	68.886751	-265.543341	-1.747	-17.689	0.0545
40	21	tracking	-842.997354	68.855750	-265.574033	23.253	-9.689	0.0697
40	22	tracking	-842.828575	68.813270	-265.582310	37.878	-7.940	0.0542
40	23	tracking	-842.691368	68.759963	-265.572748	37.878	-7.940	0.0562
40	24	tracking	-842.585744	68.695477	-265.555712	62.878	-15.940	0.0463
40	25	tracking	-842.506515	68.616170	-265.534473	67.848	-23.940	0.0648
40	26	tracking	-842.448911	68.516029	-265.510262	67.848	-31.940	0.0491
40	27	tracking	-842.409018	68.387435	-265.484035	67.848	-39.940	0.0514
40	28	tracking	-842.380905	68.222774	-265.452656	42.848	-47.168	0.0390
40	29	tracking	-842.359535	68.023885	-265.413272	17.848	-47.168	0.0440
40	30	tracking	-842.338800	67.793249	-265.364678	-7.152	-47.168	0.0415
40	31	tracking	-842.312076	67.533678	-265.308258	-32.152	-47.168	0.0856
40	32	tracking	-842.286566	67.236739	-265.244439	-7.152	-55.168	0.0389
40	33	tracking	-842.268363	66.903901	-265.173515	17.848	-55.963	0.0326
40	34	landing	-842.258498	66.549465	-265.090590	17.848	-47.963	0.0389
40	35	landing	-842.256554	66.175770	-264.995441	17.848	-47.963	0.0263
40	36	landing	-842.262164	65.785134	-264.887863	17.848	-47.963	0.0283
41	0	tracking	-850.645964	68.867102	-257.032114	-139.104	-4.000	0.2157
41	1	tracking	-849.991601	68.807284	-257.601772	-164.104	-0.670	0.1447
41	2	tracking	-849.422535	68.751906	-258.196524	170.896	-8.670	0.1250
41	3	tracking	-848.951149	68.710040	-258.797665	153.407	-16.670	0.1440
41	4	tracking	-848.533079	68.685017	-259.402840	178.407	-24.670	0.1182
41	5	tracking	-848.135704	68.677907	-259.999512	-156.593	-32.670	0.1171
41	6	tracking	-847.761383	68.687936	-260.584443	-159.186	-40.670	0.1084
41	7	tracking	-847.390151	68.712344	-261.142272	-134.186	-46.375	0.1007
41	8	tracking	-846.965941	68.678885	-261.716535	-150.375	-42.740	0.1012
41	9	tracking	-846.606783	68.703962	-262.228913	-150.375	-34.740	0.1197
41	10	tracking	-846.260863	68.732902	-262.731005	-150.375	-26.740	0.0984
41	11	tracking	-845.926261	68.760166	-263.224772	-150.375	-18.740	0.0812
41	12	tracking	-845.587499	68.789427	-263.693567	-125.375	-26.740	0.0847
41	13	tracking	-845.240288	68.821430	-264.119570	-100.375	-34.740	0.0792
41	14	tracking	-844.890413	68.853723	-264.488569	-75.375	-42.740	0.0734
41	15	tracking	-844.550057	68.880836	-264.793651	-50.375	-50.740	0.0721
41	16	tracking	-844.219173	68.900721	-265.043697	-51.747	-42.740	0.0610
41	17	tracking	-843.909137	68.912457	-265.236291	-26.747	-34.740	0.0686
41	18	tracking	-843.618613	68.914650	-265.379557	-26.747	-26.740	0.0720
41	19	tracking	-843.346630	68.906079	-265.481159	-26.747	-25.689	0.0548
41	20	tracking	-843.103428	68.886751	-265.543341	-1.747	-17.689	0.0686
41	21	tracking	-842.897354	68.855750	-265.574033	23.253	-9.689	0.0631
41	22	tracking	-842.728575	68.813270	-265.582310	37.878	-7.940	0.0535
41	23	tracking	-842.591368	68.759963	-265.572748	37.878	-7.940	0.0578
41	24	tracking	-842.485744	68.695477	-265.555712	62.878	-15.940	0.0533
41	25	tracking	-842.406515	68.616170	-265.534473	67.848	-23.940	0.0570
41	26	tracking	-842.348911	68.516029	-265.510262	67.848	-31.940	0.0447
41	27	tracking	-842.309018	68.387435	-265.484035	67.848	-39.940	0.0542
41	28	tracking	-842.280905	68.222774	-265.452656	42.848	-47.168	0.0400
41	29	tracking	-842.259535	68.023885	-265.413272	17.848	-47.168	0.0463
41	30	tracking	-842.238800	67.793249	-265.364678	-7.152	-47.168	0.0386
41	31	tracking	-842.212076	67.533678	-265.308258	-32.152	-47.168	0.0627
41	32	tracking	-842.186566	67.236739	-265.244439	-7.152	-55.168	0.0428
41	33	tracking	-842.168363	66.903901	-265.173515	17.848	-55.963	0.0346
41	34	landing	-842.158498	66.549465	-265.090590	17.848	-47.963	0.0281
41	35	landing	-842.156554	66.175770	-264.995441	17.848	-47.963	0.0335
41	36	landing	-842.162164	65.785134	-264.887863	17.848	-47.963	0.0263
42	0	tracking	-850.645964	68.867102	-257.032114	-139.104	-4.000	0.2289
42	1	tracking	-849.991601	68.807284	-257.601772	-164.104	-0.670	0.1456
42	2	tracking	-849.422535	68.751906	-258.196524	170.896	-8.670	0.1340
42	3	tracking	-848.951149	68.710040	-258.797665	153.407	-16.670	0.1312
42	4	tracking	-848.533079	68.685017	-259.402840	178.407	-24.670	0.1146
42	5	tracking	-848.135704	68.677907	-259.999512	-156.593	-32.670	0.1050
42	6	tracking	-847.761383	68.687936	-260.584443	-159.186	-40.670	0.1041
42	7	tracking	-847.390151	68.712344	-261.142272	-134.186	-46.375	0.1143
42	8	tracking	-847.065941	68.778885	-261.716535	-150.375	-42.740	0.0848
42	9	tracking	-846.706783	68.803962	-262.228913	-150.375	-34.740	0.0866
42	10	tracking	-846.360863	68.832902	-262.731005	-150.375	-26.740	0.0849
42	11	tracking	-846.026261	68.860166	-263.224772	-150.375	-18.740	0.0801
42	12	tracking	-845.687499	68.889427	-263.693567	-125.375	-26.740	0.0808
42	13	tracking	-845.340288	68.921430	-264.119570	-100.375	-34.740	0.0713
42	14	tracking	-844.990413	68.953723	-264.488569	-75.375	-42.740	0.0919
42	15	tracking	-844.650057	68.980836	-264.793651	-50.375	-50.740	0.0688
42	16	tracking	-844.319173	69.000721	-265.043697	-51.747	-42.740	0.0781
42	17	tracking	-844.009137	69.012457	-265.236291	-26.747	-34.740	0.0685
42	18	tracking	-843.718613	69.014650	-265.379557	-26.747	-26.740	0.0617
42	19	tracking	-843.446630	69.006079	-265.481159	-26.747	-25.689	0.0537
42	20	tracking	-843.203428	68.986751	-265.543341	-1.747	-17.689	0.0579
42	21	tracking	-842.997354	68.955750	-265.574033	23.253	-9.689	0.0520
42	22	tracking	-842.828575	68.913270	-265.582310	37.878	-7.940	0.0688
42	23	tracking	-842.691368	68.859963	-265.572748	37.878	-7.940	0.0632
42	24	tracking	-842.585744	68.795477	-265.555712	62.878	-15.940	0.0660
42	25	tracking	-842.506515	68.716170	-265.534473	67.848	-23.940	0.0532
42	26	tracking	-842.448911	68.616029	-265.510262	67.848	-31.940	0.0463
42	27	tracking	-842.409018	68.487435	-265.484035	67.848	-39.940	0.0467
42	28	tracking	-842.380905	68.322774	-265.452656	42.848	-47.168	0.0395
42	29	tracking	-842.359535	68.123885	-265.413272	17.848	-47.168	0.0595
42	30	tracking	-842.338800	67.893249	-265.364678	-7.152	-47.168	0.0417
42	31	tracking	-842.312076	67.633678	-265.308258	-32.152	-47.168	0.0377
42	32	tracking	-842.286566	67.336739	-265.244439	-7.152	-55.168	0.0434
42	33	tracking	-842.268363	67.003901	-265.173515	17.848	-55.963	0.0581
42	34	landing	-842.258498	66.649465	-265.090590	17.848	-47.963	0.0496
42	35	landing	-842.256554	66.275770	-264.995441	17.848	-47.963	0.0412
42	36	landing	-842.262164	65.885134	-264.887863	17.848	-47.963	0.0267
43	0	tracking	-850.645964	68.867102	-257.032114	-139.104	-4.000	0.2342
43	1	tracking	-849.991601	68.807284	-257.601772	-164.104	-0.670	0.1813
43	2	tracking	-849.422535	68.751906	-258.196524	170.896	-8.670	0.1318
43	3	tracking	-848.951149	68.710040	-258.797665	153.407	-16.670	0.1418
43	4	tracking	-848.533079	68.685017	-259.402840	178.407	-24.670	0.1388
43	5	tracking	-848.135704	68.677907	-259.999512	-156.593	-32.670	0.1203
43	6	tracking	-847.761383	68.687936	-260.584443	-159.186	-40.670	0.1000
43	7	tracking	-847.390151	68.712344	-261.142272	-134.186	-46.375	0.2444
43	8	tracking	-846.965941	68.778885	-261.716535	-150.375	-42.740	0.1071
43	9	tracking	-846.606783	68.803962	-262.228913	-150.375	-34.740	0.0912
43	10	tracking	-846.260863	68.832902	-262.731005	-150.375	-26.740	0.0899
43	11	tracking	-845.926261	68.860166	-263.224772	-150.375	-18.740	0.0828
43	12	tracking	-845.587499	68.889427	-263.693567	-125.375	-26.740	0.0918
43	13	tracking	-845.240288	68.921430	-264.119570	-100.375	-34.740	0.0736
43	14	tracking	-844.890413	68.953723	-264.488569	-75.375	-42.740	0.0647
43	15	tracking	-844.550057	68.980836	-264.793651	-50.375	-50.740	0.0648
43	16	tracking	-844.219173	69.000721	-265.043697	-51.747	-42.740	0.0648
43	17	tracking	-843.909137	69.012457	-265.236291	-26.747	-34.740	0.0740
43	18	tracking	-843.618613	69.014650	-265.379557	-26.747	-26.740	0.0599
43	19	tracking	-843.346630	69.006079	-265.481159	-26.747	-25.689	0.0574
43	20	tracking	-843.103428	68.986751	-265.543341	-1.747	-17.689	0.0562
43	21	tracking	-842.897354	68.955750	-265.574033	23.253	-9.689	0.0536
43	22	tracking	-842.728575	68.913270	-265.582310	37.878	-7.940	0.0549
43	23	tracking	-842.591368	68.859963	-265.572748	37.878	-7.940	0.0539
43	24	tracking	-842.485744	68.795477	-265.555712	62.878	-15.940	0.0656
43	25	tracking	-842.406515	68.716170	-265.534473	67.848	-23.940	0.0538
43	26	tracking	-842.348911	68.616029	-265.510262	67.848	-31.940	0.0434
43	27	tracking	-842.309018	68.487435	-265.484035	67.848	-39.940	0.0409
43	28	tracking	-842.280905	68.322774	-265.452656	42.848	-47.168	0.0501
43	29	tracking	-842.259535	68.123885	-265.413272	17.848	-47.168	0.0448
43	30	tracking	-842.238800	67.893249	-265.364678	-7.152	-47.168	0.0457
43	31	tracking	-842.212076	67.633678	-265.308258	-32.152	-47.168	0.0419
43	32	tracking	-842.186566	67.336739	-265.244439	-7.152	-55.168	0.1699
43	33	tracking	-842.168363	67.003901	-265.173515	17.848	-55.963	0.0411
43	34	landing	-842.158498	66.649465	-265.090590	17.848	-47.963	0.0290
43	35	landing	-842.156554	66.275770	-264.995441	17.848	-47.963	0.0278
43	36	landing	-842.162164	65.885134	-264.887863	17.848	-47.963	0.0271
44	0	tracking	-850.645964	68.867102	-257.032114	-139.104	-4.000	0.1815
44	1	tracking	-849.991601	68.807284	-257.601772	-164.104	-0.670	0.1264
44	2	tracking	-849.422535	68.751906	-258.196524	170.896	-8.670	0.1525
44	3	tracking	-848.951149	68.710040	-258.797665	153.407	-16.670	0.1168
44	4	tracking	-848.533079	68.685017	-259.402840	178.407	-24.670	0.1097
44	5	tracking	-848.135704	68.677907	-259.999512	-156.593	-32.670	0.1114
44	6	tracking	-847.761383	68.687936	-260.584443	-159.186	-40.670	0.1066
44	7	tracking	-847.390151	68.712344	-261.142272	-134.186	-46.375	0.1043
44	8	tracking	-847.065941	68.678885	-261.616535	-150.375	-42.740	0.1771
44	9	tracking	-846.706783	68.703962	-262.128913	-150.375	-34.740	0.1720
44	10	tracking	-846.360863	68.732902	-262.631005	-150.375	-26.740	0.1338
44	11	tracking	-846.026261	68.760166	-263.124772	-150.375	-18.740	0.2329
44	12	tracking	-845.687499	68.789427	-263.593567	-125.375	-26.740	0.1392
44	13	tracking	-845.340288	68.821430	-264.019570	-100.375	-34.740	0.1279
44	14	tracking	-844.990413	68.853723	-264.388569	-75.375	-42.740	0.1299
44	15	tracking	-844.650057	68.880836	-264.693651	-50.375	-50.740	0.1380
44	16	tracking	-844.319173	68.900721	-264.943697	-51.747	-42.740	0.1110
44	17	tracking	-844.009137	68.912457	-265.136291	-26.747	-34.740	0.1065
44	18	tracking	-843.718613	68.914650	-265.279557	-26.747	-26.740	0.0968
44	19	tracking	-843.446630	68.906079	-265.381159	-26.747	-25.689	0.1073
44	20	tracking	-843.203428	68.886751	-265.443341	-1.747	-17.689	0.1015
44	21	tracking	-842.997354	68.855750	-265.474033	23.253	-9.689	0.0947
44	22	tracking	-842.828575	68.813270	-265.482310	37.878	-7.940	0.1205
44	23	tracking	-842.691368	68.759963	-265.472748	37.878	-7.940	0.2561
44	24	tracking	-842.585744	68.695477	-265.455712	62.878	-15.940	0.2038
44	25	tracking	-842.506515	68.616170	-265.434473	67.848	-23.940	0.1836
44	26	tracking	-842.448911	68.516029	-265.410262	67.848	-31.940	0.1898
44	27	tracking	-842.409018	68.387435	-265.384035	67.848	-39.940	0.1809
44	28	tracking	-842.380905	68.222774	-265.352656	42.848	-47.168	0.2075
44	29	tracking	-842.359535	68.023885	-265.313272	17.848	-47.168	0.1755
44	30	tracking	-842.338800	67.793249	-265.264678	-7.152	-47.168	0.1896
44	31	tracking	-842.312076	67.533678	-265.208258	-32.152	-47.168	0.0987
44	32	tracking	-842.286566	67.236739	-265.144439	-7.152	-55.168	0.0762
44	33	tracking	-842.268363	66.903901	-265.073515	17.848	-55.963	0.0765
44	34	landing	-842.262461	66.549465	-264.992342	29.848	-47.963	0.0279
44	35	landing	-842.268244	66.175573	-264.900776	29.848	-47.963	0.0229
44	36	landing	-842.285198	65.784433	-264.798623	29.848	-47.963	0.0358
45	0	tracking	-850.645964	68.867102	-257.032114	-139.104	-4.000	0.1741
45	1	tracking	-849.991601	68.807284	-257.601772	-164.104	-0.670	0.1310
45	2	tracking	-849.422535	68.751906	-258.196524	170.896	-8.670	0.1130
45	3	tracking	-848.951149	68.710040	-258.797665	153.407	-16.670	0.1134
45	4	tracking	-848.533079	68.685017	-259.402840	178.407	-24.670	0.1213
45	5	tracking	-848.135704	68.677907	-259.999512	-156.593	-32.670	0.0998
45	6	tracking	-847.761383	68.687936	-260.584443	-159.186	-40.670	0.1179
45	7	tracking	-847.390151	68.712344	-261.142272	-134.186	-46.375	0.0976
45	8	tracking	-846.965941	68.678885	-261.616535	-150.375	-42.740	0.1675
45	9	tracking	-846.606783	68.703962	-262.128913	-150.375	-34.740	0.1520
45	10	tracking	-846.260863	68.732902	-262.631005	-150.375	-26.740	0.1373
45	11	tracking	-845.926261	68.760166	-263.124772	-150.375	-18.740	0.1416
45	12	tracking	-845.587499	68.789427	-263.593567	-125.375	-26.740	0.2217
45	13	tracking	-845.240288	68.821430	-264.019570	-100.375	-34.740	0.2777
45	14	tracking	-844.890413	68.853723	-264.388569	-75.375	-42.740	0.2141
45	15	tracking	-844.550057	68.880836	-264.693651	-50.375	-50.740	0.1167
45	16	tracking	-844.219173	68.900721	-264.943697	-51.747	-42.740	0.1132
45	17	tracking	-843.909137	68.912457	-265.136291	-26.747	-34.740	0.1089
45	18	tracking	-843.618613	68.914650	-265.279557	-26.747	-26.740	0.1114
45	19	tracking	-843.346630	68.906079	-265.381159	-26.747	-25.689	0.1014
45	20	tracking	-843.103428	68.886751	-265.443341	-1.747	-17.689	0.0902
45	21	tracking	-842.897354	68.855750	-265.474033	23.253	-9.689	0.0994
45	22	tracking	-842.728575	68.813270	-265.482310	37.878	-7.940	0.1003
45	23	tracking	-842.591368	68.759963	-265.472748	37.878	-7.940	0.0919
45	24	tracking	-842.485744	68.695477	-265.455712	62.878	-15.940	0.1090
45	25	tracking	-842.406515	68.616170	-265.434473	67.848	-23.940	0.0987
45	26	tracking	-842.348911	68.516029	-265.410262	67.848	-31.940	0.1012
45	27	tracking	-842.309018	68.387435	-265.384035	67.848	-39.940	0.0984
45	28	tracking	-842.280905	68.222774	-265.352656	42.848	-47.168	0.0954
45	29	tracking	-842.259535	68.023885	-265.313272	17.848	-47.168	0.0801
45	30	tracking	-842.238800	67.793249	-265.264678	-7.152	-47.168	0.0788
45	31	tracking	-842.212076	67.533678	-265.208258	-32.152	-47.168	0.0892
45	32	tracking	-842.186566	67.236739	-265.144439	-7.152	-55.168	0.0821
45	33	tracking	-842.168363	66.903901	-265.073515	17.848	-55.963	0.0800
45	34	landing	-842.162461	66.549465	-264.992342	29.848	-47.963	0.0331
45	35	landing	-842.168244	66.175573	-264.900776	29.848	-47.963	0.0274
45	36	landing	-842.185198	65.784433	-264.798623	29.848	-47.963	0.0311
46	0	tracking	-850.645964	68.867102	-257.032114	-139.104	-4.000	0.1768
46	1	tracking	-849.991601	68.807284	-257.601772	-164.104	-0.670	0.1162
46	2	tracking	-849.422535	68.751906	-258.196524	170.896	-8.670	0.1080
46	3	tracking	-848.951149	68.710040	-258.797665	153.407	-16.670	0.1188
46	4	tracking	-848.533079	68.685017	-259.402840	178.407	-24.670	0.1040
46	5	tracking	-848.135704	68.677907	-259.999512	-156.593	-32.670	0.1196
46	6	tracking	-847.761383	68.687936	-260.584443	-159.186	-40.670	0.0906
46	7	tracking	-847.390151	68.712344	-261.142272	-134.186	-46.375	0.0861
46	8	tracking	-847.065941	68.778885	-261.616535	-150.375	-42.740	0.1553
46	9	tracking	-846.706783	68.803962	-262.128913	-150.375	-34.740	0.1194
46	10	tracking	-846.360863	68.832902	-262.631005	-150.375	-26.740	0.1237
46	11	tracking	-846.026261	68.860166	-263.124772	-150.375	-18.740	0.1093
46	12	tracking	-845.687499	68.889427	-263.593567	-125.375	-26.740	0.1204
46	13	tracking	-845.340288	68.921430	-264.019570	-100.375	-34.740	0.1152
46	14	tracking	-844.990413	68.953723	-264.388569	-75.375	-42.740	0.1024
46	15	tracking	-844.650057	68.980836	-264.693651	-50.375	-50.740	0.1057
46	16	tracking	-844.319173	69.000721	-264.943697	-51.747	-42.740	0.1009
46	17	tracking	-844.009137	69.012457	-265.136291	-26.747	-34.740	0.0960
46	18	tracking	-843.718613	69.014650	-265.279557	-26.747	-26.740	0.0936
46	19	tracking	-843.446630	69.006079	-265.381159	-26.747	-25.689	0.1014
46	20	tracking	-843.203428	68.986751	-265.443341	-1.747	-17.689	0.0911
46	21	tracking	-842.997354	68.955750	-265.474033	23.253	-9.689	0.0907
46	22	tracking	-842.828575	68.913270	-265.482310	37.878	-7.940	0.1524
46	23	tracking	-842.691368	68.859963	-265.472748	37.878	-7.940	0.0889
46	24	tracking	-842.585744	68.795477	-265.455712	62.878	-15.940	0.1001
46	25	tracking	-842.506515	68.716170	-265.434473	67.848	-23.940	0.0850
46	26	tracking	-842.448911	68.616029	-265.410262	67.848	-31.940	0.0956
46	27	tracking	-842.409018	68.487435	-265.384035	67.848	-39.940	0.1012
46	28	tracking	-842.380905	68.322774	-265.352656	42.848	-47.168	0.0868
46	29	tracking	-842.359535	68.123885	-265.313272	17.848	-47.168	0.0786
46	30	tracking	-842.338800	67.893249	-265.264678	-7.152	-47.168	0.0728
46	31	tracking	-842.312076	67.633678	-265.208258	-32.152	-47.168	0.0902
46	32	tracking	-842.286566	67.336739	-265.144439	-7.152	-55.168	0.0769
46	33	tracking	-842.268363	67.003901	-265.073515	17.848	-55.963	0.0741
46	34	landing	-842.262461	66.649465	-264.992342	29.848	-47.963	0.0288
46	35	landing	-842.268244	66.275573	-264.900776	29.848	-47.963	0.0234
46	36	landing	-842.285198	65.884433	-264.798623	29.848	-47.963	0.0207
47	0	tracking	-850.645964	68.867102	-257.032114	-139.104	-4.000	0.1816
47	1	tracking	-849.991601	68.807284	-257.601772	-164.104	-0.670	0.1122
47	2	tracking	-849.422535	68.751906	-258.196524	170.896	-8.670	0.1081
47	3	tracking	-848.951149	68.710040	-258.797665	153.407	-16.670	0.2021
47	4	tracking	-848.533079	68.685017	-259.402840	178.407	-24.670	0.1185
47	5	tracking	-848.135704	68.677907	-259.999512	-156.593	-32.670	0.0936
47	6	tracking	-847.761383	68.687936	-260.584443	-159.186	-40.670	0.0979
47	7	tracking	-847.390151	68.712344	-261.142272	-134.186	-46.375	0.0991
47	8	tracking	-846.965941	68.778885	-261.616535	-150.375	-42.740	0.1354
47	9	tracking	-846.606783	68.803962	-262.128913	-150.375	-34.740	0.1279
47	10	tracking	-846.260863	68.832902	-262.631005	-150.375	-26.740	0.1156
47	11	tracking	-845.926261	68.860166	-263.124772	-150.375	-18.740	0.1148
47	12	tracking	-845.587499	68.889427	-263.593567	-125.375	-26.740	0.1125
47	13	tracking	-845.240288	68.921430	-264.019570	-100.375	-34.740	0.1088
47	14	tracking	-844.890413	68.953723	-264.388569	-75.375	-42.740	0.1144
47	15	tracking	-844.550057	68.980836	-264.693651	-50.375	-50.740	0.0994
47	16	tracking	-844.219173	69.000721	-264.943697	-51.747	-42.740	0.1031
47	17	tracking	-843.909137	69.012457	-265.136291	-26.747	-34.740	0.0999
47	18	tracking	-843.618613	69.014650	-265.279557	-26.747	-26.740	0.0956
47	19	tracking	-843.346630	69.006079	-265.381159	-26.747	-25.689	0.0954
47	20	tracking	-843.103428	68.986751	-265.443341	-1.747	-17.689	0.0936
47	21	tracking	-842.897354	68.955750	-265.474033	23.253	-9.689	0.0982
47	22	tracking	-842.728575	68.913270	-265.482310	37.878	-7.940	0.0961
47	23	tracking	-842.591368	68.859963	-265.472748	37.878	-7.940	0.1015
47	24	tracking	-842.485744	68.795477	-265.455712	62.878	-15.940	0.0826
47	25	tracking	-842.406515	68.716170	-265.434473	67.848	-23.940	0.0872
47	26	tracking	-842.348911	68.616029	-265.410262	67.848	-31.940	0.0847
47	27	tracking	-842.309018	68.487435	-265.384035	67.848	-39.940	0.0816
47	28	tracking	-842.280905	68.322774	-265.352656	42.848	-47.168	0.0745
47	29	tracking	-842.259535	68.123885	-265.313272	17.848	-47.168	0.0741
47	30	tracking	-842.238800	67.893249	-265.264678	-7.152	-47.168	0.0830
47	31	tracking	-842.212076	67.633678	-265.208258	-32.152	-47.168	0.0995
47	32	tracking	-842.186566	67.336739	-265.144439	-7.152	-55.168	0.0922
47	33	tracking	-842.168363	67.003901	-265.073515	17.848	-55.963	0.2018
47	34	landing	-842.162461	66.649465	-264.992342	29.848	-47.963	0.0363
47	35	landing	-842.168244	66.275573	-264.900776	29.848	-47.963	0.0269
47	36	landing	-842.185198	65.884433	-264.798623	29.848	-47.963	0.0243
48	0	tracking	-850.645964	68.867102	-257.032114	-139.104	-4.000	0.2151
48	1	tracking	-849.991601	68.807284	-257.601772	-164.104	-0.670	0.1484
48	2	tracking	-849.422535	68.751906	-258.196524	170.896	-8.670	0.1300
48	3	tracking	-848.951149	68.710040	-258.797665	153.407	-16.670	0.1173
48	4	tracking	-848.533079	68.685017	-259.402840	178.407	-24.670	0.0926
48	5	tracking	-848.135704	68.677907	-259.999512	-156.593	-32.670	0.0897
48	6	tracking	-847.761383	68.687936	-260.584443	-159.186	-40.670	0.0864
48	7	tracking	-847.390151	68.712344	-261.142272	-134.186	-46.375	0.0869
48	8	tracking	-847.103371	68.714036	-261.713386	-150.375	-42.740	0.1427
48	9	tracking	-846.779166	68.770353	-262.220142	-150.375	-34.740	0.1345
48	10	tracking	-846.465627	68.827994	-262.715047	-150.375	-26.740	0.1508
48	11	tracking	-846.160908	68.882424	-263.200595	-150.375	-18.740	0.1367
48	12	tracking	-845.850626	68.936615	-263.660751	-125.375	-26.740	0.1287
48	13	tracking	-845.531206	68.990701	-264.078615	-100.375	-34.740	0.1185
48	14	tracking	-845.208529	69.041799	-264.440997	-75.375	-42.740	0.1680
48	15	tracking	-844.894203	69.084342	-264.741672	-50.375	-50.740	0.1239
48	16	tracking	-844.588392	69.116652	-264.989274	-51.747	-42.740	0.1057
48	17	tracking	-844.301785	69.138223	-265.181851	-26.747	-34.740	0.1147
48	18	tracking	-844.033188	69.148173	-265.327185	-26.747	-26.740	0.1083
48	19	tracking	-843.781690	69.145579	-265.432514	-26.747	-25.689	0.1022
48	20	tracking	-843.556802	69.130904	-265.500057	-1.747	-17.689	0.0962
48	21	tracking	-843.366292	69.103677	-265.537281	23.253	-9.689	0.0963
48	22	tracking	-843.210356	69.064287	-265.552697	37.878	-7.940	0.2052
48	23	tracking	-843.083716	69.013496	-265.550620	37.878	-7.940	0.1070
48	24	tracking	-842.986459	68.950875	-265.540790	62.878	-15.940	0.1044
48	25	tracking	-842.913834	68.872772	-265.526319	67.848	-23.940	0.1223
48	26	tracking	-842.861449	68.773197	-265.508409	67.848	-31.940	0.0941
48	27	tracking	-842.825678	68.644551	-265.488011	67.848	-39.940	0.1000
48	28	tracking	-842.800913	68.479238	-265.462175	42.848	-47.168	0.1074
48	29	tracking	-842.782393	68.279156	-265.428143	17.848	-47.168	0.0986
48	30	tracking	-842.764246	68.046847	-265.384708	-7.152	-47.168	0.0878
48	31	tracking	-842.740015	67.785183	-265.333182	-32.152	-47.168	0.0826
48	32	tracking	-842.716766	67.485694	-265.274043	-7.152	-55.168	0.0974
48	33	tracking	-842.700489	67.149897	-265.207563	17.848	-55.963	0.0842
48	34	landing	-842.696190	66.792245	-265.130549	29.848	-47.963	0.0423
48	35	landing	-842.703311	66.414946	-265.042844	29.848	-47.963	0.0309
48	36	landing	-842.721390	66.020268	-264.944250	29.848	-47.963	0.0236
48	37	landing	-842.750020	65.610463	-264.834580	29.848	-47.963	0.0234
49	0	tracking	-850.645964	68.867102	-257.032114	-139.104	-4.000	0.1507
49	1	tracking	-849.991601	68.807284	-257.601772	-164.104	-0.670	0.1158
49	2	tracking	-849.422535	68.751906	-258.196524	170.896	-8.670	0.1030
49	3	tracking	-848.951149	68.710040	-258.797665	153.407	-16.670	0.0959
49	4	tracking	-848.533079	68.685017	-259.402840	178.407	-24.670	0.0978
49	5	tracking	-848.135704	68.677907	-259.999512	-156.593	-32.670	0.0896
49	6	tracking	-847.761383	68.687936	-260.584443	-159.186	-40.670	0.0903
49	7	tracking	-847.390151	68.712344	-261.142272	-134.186	-46.375	0.1013
49	8	tracking	-847.003371	68.714036	-261.713386	-150.375	-42.740	0.1093
49	9	tracking	-846.679166	68.770353	-262.220142	-150.375	-34.740	0.0903
49	10	tracking	-846.365627	68.827994	-262.715047	-150.375	-26.740	0.0777
49	11	tracking	-846.060908	68.882424	-263.200595	-150.375	-18.740	0.0717
49	12	tracking	-845.750626	68.936615	-263.660751	-125.375	-26.740	0.0659
49	13	tracking	-845.431206	68.990701	-264.078615	-100.375	-34.740	0.0691
49	14	tracking	-845.108529	69.041799	-264.440997	-75.375	-42.740	0.0663
49	15	tracking	-844.794203	69.084342	-264.741672	-50.375	-50.740	0.0629
49	16	tracking	-844.488392	69.116652	-264.989274	-51.747	-42.740	0.0623
49	17	tracking	-844.201785	69.138223	-265.181851	-26.747	-34.740	0.0599
49	18	tracking	-843.933188	69.148173	-265.327185	-26.747	-26.740	0.0518
49	19	tracking	-843.681690	69.145579	-265.432514	-26.747	-25.689	0.0626
49	20	tracking	-843.456802	69.130904	-265.500057	-1.747	-17.689	0.0511
49	21	tracking	-843.266292	69.103677	-265.537281	23.253	-9.689	0.0511
49	22	tracking	-843.110356	69.064287	-265.552697	37.878	-7.940	0.0609
49	23	tracking	-842.983716	69.013496	-265.550620	37.878	-7.940	0.0532
49	24	tracking	-842.886459	68.950875	-265.540790	62.878	-15.940	0.0515
49	25	tracking	-842.813834	68.872772	-265.526319	67.848	-23.940	0.0545
49	26	tracking	-842.761449	68.773197	-265.508409	67.848	-31.940	0.0397
49	27	tracking	-842.725678	68.644551	-265.488011	67.848	-39.940	0.0457
49	28	tracking	-842.700913	68.479238	-265.462175	42.848	-47.168	0.0357
49	29	tracking	-842.682393	68.279156	-265.428143	17.848	-47.168	0.0413
49	30	tracking	-842.664246	68.046847	-265.384708	-7.152	-47.168	0.0451
49	31	tracking	-842.640015	67.785183	-265.333182	-32.152	-47.168	0.0392
49	32	tracking	-842.616766	67.485694	-265.274043	-7.152	-55.168	0.0368
49	33	tracking	-842.600489	67.149897	-265.207563	17.848	-55.963	0.0322
49	34	landing	-842.592270	66.792245	-265.128816	17.848	-47.963	0.0439
49	35	landing	-842.591736	66.415137	-265.037566	17.848	-47.963	0.0248
49	36	landing	-842.598557	66.020940	-264.933603	17.848	-47.963	0.0242
49	37	landing	-842.612427	65.611953	-264.816769	17.848	-47.963	0.0265
50	0	tracking	-850.645964	68.867102	-257.032114	-139.104	-4.000	0.1623
50	1	tracking	-849.991601	68.807284	-257.601772	-164.104	-0.670	0.1198
50	2	tracking	-849.422535	68.751906	-258.196524	170.896	-8.670	0.1172
50	3	tracking	-848.951149	68.710040	-258.797665	153.407	-16.670	0.1065
50	4	tracking	-848.533079	68.685017	-259.402840	178.407	-24.670	0.1035
50	5	tracking	-848.135704	68.677907	-259.999512	-156.593	-32.670	0.0953
50	6	tracking	-847.761383	68.687936	-260.584443	-159.186	-40.670	0.0872
50	7	tracking	-847.390151	68.712344	-261.142272	-134.186	-46.375	0.0900
50	8	tracking	-847.103371	68.814036	-261.713386	-150.375	-42.740	0.1681
50	9	tracking	-846.779166	68.870353	-262.220142	-150.375	-34.740	0.1382
50	10	tracking	-846.465627	68.927994	-262.715047	-150.375	-26.740	0.1352
50	11	tracking	-846.160908	68.982424	-263.200595	-150.375	-18.740	0.1206
50	12	tracking	-845.850626	69.036615	-263.660751	-125.375	-26.740	0.1273
50	13	tracking	-845.531206	69.090701	-264.078615	-100.375	-34.740	0.1318
50	14	tracking	-845.208529	69.141799	-264.440997	-75.375	-42.740	0.1203
50	15	tracking	-844.894203	69.184342	-264.741672	-50.375	-50.740	0.1081
50	16	tracking	-844.588392	69.216652	-264.989274	-51.747	-42.740	0.1064
50	17	tracking	-844.301785	69.238223	-265.181851	-26.747	-34.740	0.1046
50	18	tracking	-844.033188	69.248173	-265.327185	-26.747	-26.740	0.1217
50	19	tracking	-843.781690	69.245579	-265.432514	-26.747	-25.689	0.1107
50	20	tracking	-843.556802	69.230904	-265.500057	-1.747	-17.689	0.1046
50	21	tracking	-843.366292	69.203677	-265.537281	23.253	-9.689	0.1324
50	22	tracking	-843.210356	69.164287	-265.552697	37.878	-7.940	0.0988
50	23	tracking	-843.083716	69.113496	-265.550620	37.878	-7.940	0.1125
50	24	tracking	-842.986459	69.050875	-265.540790	62.878	-15.940	0.0939
50	25	tracking	-842.913834	68.972772	-265.526319	67.848	-23.940	0.0931
50	26	tracking	-842.861449	68.873197	-265.508409	67.848	-31.940	0.0914
50	27	tracking	-842.825678	68.744551	-265.488011	67.848	-39.940	0.0985
50	28	tracking	-842.800913	68.579238	-265.462175	42.848	-47.168	0.0903
50	29	tracking	-842.782393	68.379156	-265.428143	17.848	-47.168	0.0909
50	30	tracking	-842.764246	68.146847	-265.384708	-7.152	-47.168	0.1059
50	31	tracking	-842.740015	67.885183	-265.333182	-32.152	-47.168	0.1125
50	32	tracking	-842.716766	67.585694	-265.274043	-7.152	-55.168	0.0930
50	33	tracking	-842.700489	67.249897	-265.207563	17.848	-55.963	0.0954
50	34	landing	-842.696190	66.892245	-265.130549	29.848	-47.963	0.0360
50	35	landing	-842.703311	66.514946	-265.042844	29.848	-47.963	0.0273
50	36	landing	-842.721390	66.120268	-264.944250	29.848	-47.963	0.0316
50	37	landing	-842.750020	65.710463	-264.834580	29.848	-47.963	0.0218
51	0	tracking	-850.645964	68.867102	-257.032114	-139.104	-4.000	0.1620
51	1	tracking	-849.991601	68.807284	-257.601772	-164.104	-0.670	0.1192
51	2	tracking	-849.422535	68.751906	-258.196524	170.896	-8.670	0.1136
51	3	tracking	-848.951149	68.710040	-258.797665	153.407	-16.670	0.1201
51	4	tracking	-848.533079	68.685017	-259.402840	178.407	-24.670	0.0974
51	5	tracking	-848.135704	68.677907	-259.999512	-156.593	-32.670	0.1034
51	6	tracking	-847.761383	68.687936	-260.584443	-159.186	-40.670	0.0931
51	7	tracking	-847.390151	68.712344	-261.142272	-134.186	-46.375	0.0926
51	8	tracking	-847.003371	68.814036	-261.713386	-150.375	-42.740	0.0924
51	9	tracking	-846.679166	68.870353	-262.220142	-150.375	-34.740	0.0955
51	10	tracking	-846.365627	68.927994	-262.715047	-150.375	-26.740	0.2488
51	11	tracking	-846.060908	68.982424	-263.200595	-150.375	-18.740	0.0959
51	12	tracking	-845.750626	69.036615	-263.660751	-125.375	-26.740	0.0878
51	13	tracking	-845.431206	69.090701	-264.078615	-100.375	-34.740	0.0744
51	14	tracking	-845.108529	69.141799	-264.440997	-75.375	-42.740	0.0763
51	15	tracking	-844.794203	69.184342	-264.741672	-50.375	-50.740	0.0687
51	16	tracking	-844.488392	69.216652	-264.989274	-51.747	-42.740	0.0577
51	17	tracking	-844.201785	69.238223	-265.181851	-26.747	-34.740	0.0603
51	18	tracking	-843.933188	69.248173	-265.327185	-26.747	-26.740	0.0619
51	19	tracking	-843.681690	69.245579	-265.432514	-26.747	-25.689	0.0517
51	20	tracking	-843.456802	69.230904	-265.500057	-1.747	-17.689	0.1544
51	21	tracking	-843.266292	69.203677	-265.537281	23.253	-9.689	0.1378
51	22	tracking	-843.110356	69.164287	-265.552697	37.878	-7.940	0.1033
51	23	tracking	-842.983716	69.113496	-265.550620	37.878	-7.940	0.1118
51	24	tracking	-842.886459	69.050875	-265.540790	62.878	-15.940	0.0818
51	25	tracking	-842.813834	68.972772	-265.526319	67.848	-23.940	0.0776
51	26	tracking	-842.761449	68.873197	-265.508409	67.848	-31.940	0.0893
51	27	tracking	-842.725678	68.744551	-265.488011	67.848	-39.940	0.0777
51	28	tracking	-842.700913	68.579238	-265.462175	42.848	-47.168	0.0805
51	29	tracking	-842.682393	68.379156	-265.428143	17.848	-47.168	0.0673
51	30	tracking	-842.664246	68.146847	-265.384708	-7.152	-47.168	0.0607
51	31	tracking	-842.640015	67.885183	-265.333182	-32.152	-47.168	0.0684
51	32	tracking	-842.616766	67.585694	-265.274043	-7.152	-55.168	0.0570
51	33	tracking	-842.600489	67.249897	-265.207563	17.848	-55.963	0.0674
51	34	landing	-842.592270	66.892245	-265.128816	17.848	-47.963	0.0641
51	35	landing	-842.591736	66.515137	-265.037566	17.848	-47.963	0.0511
51	36	landing	-842.598557	66.120940	-264.933603	17.848	-47.963	0.0577
51	37	landing	-842.612427	65.711953	-264.816769	17.848	-47.963	0.0413
52	0	tracking	-850.645964	68.867102	-257.032114	-139.104	-4.000	0.1769
52	1	tracking	-849.991601	68.807284	-257.601772	-164.104	-0.670	0.1497
52	2	tracking	-849.422535	68.751906	-258.196524	170.896	-8.670	0.1127
52	3	tracking	-848.951149	68.710040	-258.797665	153.407	-16.670	0.1211
52	4	tracking	-848.533079	68.685017	-259.402840	178.407	-24.670	0.1037
52	5	tracking	-848.135704	68.677907	-259.999512	-156.593	-32.670	0.0991
52	6	tracking	-847.761383	68.687936	-260.584443	-159.186	-40.670	0.1132
52	7	tracking	-847.390151	68.712344	-261.142272	-134.186	-46.375	0.0972
52	8	tracking	-847.103371	68.714036	-261.613386	-150.375	-42.740	0.2136
52	9	tracking	-846.779166	68.770353	-262.120142	-150.375	-34.740	0.0859
52	10	tracking	-846.465627	68.827994	-262.615047	-150.375	-26.740	0.1633
52	11	tracking	-846.160908	68.882424	-263.100595	-150.375	-18.740	0.1275
52	12	tracking	-845.850626	68.936615	-263.560751	-125.375	-26.740	0.0752
52	13	tracking	-845.531206	68.990701	-263.978615	-100.375	-34.740	0.0660
52	14	tracking	-845.208529	69.041799	-264.340997	-75.375	-42.740	0.0670
52	15	tracking	-844.894203	69.084342	-264.641672	-50.375	-50.740	0.0648
52	16	tracking	-844.588392	69.116652	-264.889274	-51.747	-42.740	0.0732
52	17	tracking	-844.301785	69.138223	-265.081851	-26.747	-34.740	0.0637
52	18	tracking	-844.033188	69.148173	-265.227185	-26.747	-26.740	0.0538
52	19	tracking	-843.781690	69.145579	-265.332514	-26.747	-25.689	0.0545
52	20	tracking	-843.556802	69.130904	-265.400057	-1.747	-17.689	0.0527
52	21	tracking	-843.366292	69.103677	-265.437281	23.253	-9.689	0.0501
52	22	tracking	-843.210356	69.064287	-265.452697	37.878	-7.940	0.0471
52	23	tracking	-843.083716	69.013496	-265.450620	37.878	-7.940	0.0540
52	24	tracking	-842.986459	68.950875	-265.440790	62.878	-15.940	0.0489
52	25	tracking	-842.913834	68.872772	-265.426319	67.848	-23.940	0.0512
52	26	tracking	-842.861449	68.773197	-265.408409	67.848	-31.940	0.0432
52	27	tracking	-842.825678	68.644551	-265.388011	67.848	-39.940	0.0494
52	28	tracking	-842.800913	68.479238	-265.362175	42.848	-47.168	0.0384
52	29	tracking	-842.782393	68.279156	-265.328143	17.848	-47.168	0.0467
52	30	tracking	-842.764246	68.046847	-265.284708	-7.152	-47.168	0.0438
52	31	tracking	-842.740015	67.785183	-265.233182	-32.152	-47.168	0.0441
52	32	tracking	-842.716766	67.485694	-265.174043	-7.152	-55.168	0.0339
52	33	tracking	-842.700489	67.149897	-265.107563	17.848	-55.963	0.0316
52	34	tracking	-842.690841	66.780141	-265.033256	17.848	-55.963	0.0322
52	35	landing	-842.689087	66.391307	-264.945794	17.848	-47.963	0.0347
52	36	landing	-842.694880	65.985783	-264.845021	17.848	-47.963	0.0225
53	0	tracking	-850.645964	68.867102	-257.032114	-139.104	-4.000	0.1738
53	1	tracking	-849.991601	68.807284	-257.601772	-164.104	-0.670	0.1302
53	2	tracking	-849.422535	68.751906	-258.196524	170.896	-8.670	0.1105
53	3	tracking	-848.951149	68.710040	-258.797665	153.407	-16.670	0.1092
53	4	tracking	-848.533079	68.685017	-259.402840	178.407	-24.670	0.1023
53	5	tracking	-848.135704	68.677907	-259.999512	-156.593	-32.670	0.1215
53	6	tracking	-847.761383	68.687936	-260.584443	-159.186	-40.670	0.0964
53	7	tracking	-847.390151	68.712344	-261.142272	-134.186	-46.375	0.0939
53	8	tracking	-847.003371	68.714036	-261.613386	-150.375	-42.740	0.3669
53	9	tracking	-846.679166	68.770353	-262.120142	-150.375	-34.740	0.0949
53	10	tracking	-846.365627	68.827994	-262.615047	-150.375	-26.740	0.0876
53	11	tracking	-846.060908	68.882424	-263.100595	-150.375	-18.740	0.0870
53	12	tracking	-845.750626	68.936615	-263.560751	-125.375	-26.740	0.0750
53	13	tracking	-845.431206	68.990701	-263.978615	-100.375	-34.740	0.0721
53	14	tracking	-845.108529	69.041799	-264.340997	-75.375	-42.740	0.0653
53	15	tracking	-844.794203	69.084342	-264.641672	-50.375	-50.740	0.0648
53	16	tracking	-844.488392	69.116652	-264.889274	-51.747	-42.740	0.0620
53	17	tracking	-844.201785	69.138223	-265.081851	-26.747	-34.740	0.0587
53	18	tracking	-843.933188	69.148173	-265.227185	-26.747	-26.740	0.0546
53	19	tracking	-843.681690	69.145579	-265.332514	-26.747	-25.689	0.0624
53	20	tracking	-843.456802	69.130904	-265.400057	-1.747	-17.689	0.0664
53	21	tracking	-843.266292	69.103677	-265.437281	23.253	-9.689	0.0527
53	22	tracking	-843.110356	69.064287	-265.452697	37.878	-7.940	0.0533
53	23	tracking	-842.983716	69.013496	-265.450620	37.878	-7.940	0.0522
53	24	tracking	-842.886459	68.950875	-265.440790	62.878	-15.940	0.0447
53	25	tracking	-842.813834	68.872772	-265.426319	67.848	-23.940	0.0470
53	26	tracking	-842.761449	68.773197	-265.408409	67.848	-31.940	0.0413
53	27	tracking	-842.725678	68.644551	-265.388011	67.848	-39.940	0.0444
53	28	tracking	-842.700913	68.479238	-265.362175	42.848	-47.168	0.0848
53	29	tracking	-842.682393	68.279156	-265.328143	17.848	-47.168	0.1426
53	30	tracking	-842.664246	68.046847	-265.284708	-7.152	-47.168	0.0888
53	31	tracking	-842.640015	67.785183	-265.233182	-32.152	-47.168	0.0741
53	32	tracking	-842.616766	67.485694	-265.174043	-7.152	-55.168	0.0589
53	33	tracking	-842.600489	67.149897	-265.107563	17.848	-55.963	0.0539
53	34	tracking	-842.590841	66.780141	-265.033256	17.848	-55.963	0.0676
53	35	landing	-842.589087	66.391307	-264.945794	17.848	-47.963	0.0487
53	36	landing	-842.594880	65.985783	-264.845021	17.848	-47.963	0.0431
54	0	tracking	-850.645964	68.867102	-257.032114	-139.104	-4.000	0.3236
54	1	tracking	-849.991601	68.807284	-257.601772	-164.104	-0.670	0.2349
54	2	tracking	-849.422535	68.751906	-258.196524	170.896	-8.670	0.2344
54	3	tracking	-848.951149	68.710040	-258.797665	153.407	-16.670	0.2277
54	4	tracking	-848.533079	68.685017	-259.402840	178.407	-24.670	0.2012
54	5	tracking	-848.135704	68.677907	-259.999512	-156.593	-32.670	0.1958
54	6	tracking	-847.761383	68.687936	-260.584443	-159.186	-40.670	0.1798
54	7	tracking	-847.390151	68.712344	-261.142272	-134.186	-46.375	0.1786
54	8	corrected	-847.104849	68.814036	-261.614193	-152.375	-42.740	6.6019
54	9	tracking	-846.783334	68.870345	-262.122408	-152.208	-34.740	0.2200
54	10	tracking	-846.473473	68.927965	-262.619298	-152.042	-26.740	0.1437
54	11	tracking	-846.173219	68.982363	-263.107242	-151.875	-18.740	0.1345
54	12	tracking	-845.867670	69.036506	-263.570522	-126.875	-26.740	0.1378
54	13	tracking	-845.552689	69.090542	-263.992291	-101.875	-34.740	0.1425
54	14	tracking	-845.233689	69.141628	-264.359144	-76.875	-42.740	0.1475
54	15	tracking	-844.922015	69.184251	-264.664472	-51.875	-50.740	0.1283
54	16	tracking	-844.618257	69.216747	-264.916462	-52.414	-42.740	0.2138
54	17	tracking	-844.333115	69.238574	-265.113043	-27.414	-34.740	0.1315
54	18	tracking	-844.065640	69.248815	-265.261959	-27.080	-26.740	0.1327
54	19	tracking	-843.815052	69.246522	-265.370480	-26.914	-25.689	0.1562
54	20	tracking	-843.590900	69.232131	-265.440858	-1.914	-17.689	0.1281
54	21	tracking	-843.400973	69.205158	-265.480590	23.086	-9.689	0.2510
54	22	tracking	-843.245538	69.165991	-265.498263	37.878	-7.940	0.1448
54	23	tracking	-843.119318	69.115393	-265.498233	37.878	-7.940	0.1359
54	24	tracking	-843.022386	69.052928	-265.490251	62.878	-15.940	0.1450
54	25	tracking	-842.950001	68.974941	-265.477448	67.848	-23.940	0.2078
54	26	tracking	-842.897783	68.875435	-265.461041	67.848	-31.940	0.2064
54	27	tracking	-842.862113	68.746802	-265.442004	67.848	-39.940	0.1252
54	28	tracking	-842.837401	68.581433	-265.417419	42.848	-47.168	0.1023
54	29	tracking	-842.818908	68.381212	-265.384566	17.848	-47.168	0.0998
54	30	tracking	-842.800794	68.148678	-265.342250	-7.152	-47.168	0.1070
54	31	tracking	-842.776628	67.886707	-265.291778	-32.152	-47.168	0.1028
54	32	tracking	-842.753443	67.586827	-265.233636	-7.152	-55.168	0.1349
54	33	tracking	-842.737208	67.250559	-265.168098	17.848	-55.963	0.1003
54	34	tracking	-842.727580	66.880261	-265.094678	17.848	-55.963	0.1149
54	35	tracking	-842.724270	66.478335	-265.012899	17.848	-55.963	0.1002
54	36	landing	-842.718319	66.060033	-264.916107	-7.152	-47.963	0.0301
54	37	landing	-842.709796	65.627809	-264.804201	-7.152	-47.963	0.0238
55	0	tracking	-850.645964	68.867102	-257.032114	-139.104	-4.000	0.1966
55	1	tracking	-849.991601	68.807284	-257.601772	-164.104	-0.670	0.1378
55	2	tracking	-849.422535	68.751906	-258.196524	170.896	-8.670	0.1122
55	3	tracking	-848.951149	68.710040	-258.797665	153.407	-16.670	0.2923
55	4	tracking	-848.533079	68.685017	-259.402840	178.407	-24.670	0.2584
55	5	tracking	-848.135704	68.677907	-259.999512	-156.593	-32.670	0.2013
55	6	tracking	-847.761383	68.687936	-260.584443	-159.186	-40.670	0.1982
55	7	tracking	-847.390151	68.712344	-261.142272	-134.186	-46.375	0.1841
55	8	corrected	-847.004106	68.814036	-261.613796	-151.375	-42.740	1.7325
55	9	tracking	-846.681240	68.870349	-262.121293	-151.292	-34.740	0.2386
55	10	tracking	-846.369531	68.927981	-262.617207	-151.208	-26.740	0.1955
55	11	tracking	-846.067035	68.982397	-263.103972	-151.125	-18.740	0.1753
55	12	tracking	-845.759106	69.036566	-263.565710	-126.125	-26.740	0.1700
55	13	tracking	-845.441889	69.090631	-263.985546	-101.125	-34.740	0.1524
55	14	tracking	-845.121031	69.141728	-264.350180	-76.125	-42.740	0.1462
55	15	tracking	-844.808011	69.184318	-264.653192	-51.125	-50.740	0.1673
55	16	tracking	-844.503207	69.216728	-264.902997	-52.080	-42.740	0.1657
55	17	tracking	-844.217316	69.238434	-265.097583	-27.080	-34.740	0.1468
55	18	tracking	-843.949264	69.248537	-265.244714	-26.914	-26.740	0.1433
55	19	tracking	-843.698207	69.246101	-265.351643	-26.830	-25.689	0.1391
55	20	tracking	-843.473675	69.231575	-265.420607	-1.830	-17.689	0.1445
55	21	tracking	-843.283445	69.204481	-265.459089	23.170	-9.689	0.1379
55	22	tracking	-843.127750	69.165208	-265.475636	37.878	-7.940	0.1368
55	23	tracking	-843.001311	69.114519	-265.474585	37.878	-7.940	0.1276
55	24	tracking	-842.904209	69.051980	-265.465681	62.878	-15.940	0.1281
55	25	tracking	-842.831697	68.973940	-265.452046	67.848	-23.940	0.2363
55	26	tracking	-842.779390	68.874403	-265.434889	67.848	-31.940	0.1431
55	27	tracking	-842.743663	68.745768	-265.415173	67.848	-39.940	0.1373
55	28	tracking	-842.718920	68.580430	-265.389964	42.848	-47.168	0.1650
55	29	tracking	-842.700408	68.380283	-265.356523	17.848	-47.168	0.2411
55	30	tracking	-842.682274	68.147865	-265.313650	-7.152	-47.168	0.1322
55	31	tracking	-842.658072	67.886049	-265.262652	-32.152	-47.168	0.1197
55	32	tracking	-842.634852	67.586368	-265.204013	-7.152	-55.168	0.1169
55	33	tracking	-842.618593	67.250338	-265.138006	17.848	-55.963	0.1143
55	34	tracking	-842.608952	66.880313	-265.064143	17.848	-55.963	0.1128
55	35	landing	-842.615532	66.491186	-264.981977	42.848	-47.963	0.0339
55	36	landing	-842.637475	66.084917	-264.891432	42.848	-47.963	0.0266
55	37	landing	-842.674102	65.663603	-264.792347	42.848	-47.963	0.0283
56	0	tracking	-850.645964	68.867102	-257.032114	-139.104	-4.000	0.1666
56	1	tracking	-849.991601	68.807284	-257.601772	-164.104	-0.670	0.1274
56	2	tracking	-849.422535	68.751906	-258.196524	170.896	-8.670	0.1747
56	3	tracking	-848.951149	68.710040	-258.797665	153.407	-16.670	0.2213
56	4	tracking	-848.533079	68.685017	-259.402840	178.407	-24.670	0.1549
56	5	tracking	-848.135704	68.677907	-259.999512	-156.593	-32.670	0.1739
56	6	tracking	-847.761383	68.687936	-260.584443	-159.186	-40.670	0.1580
56	7	tracking	-847.390151	68.712344	-261.142272	-134.186	-46.375	0.1736
56	8	tracking	-847.066891	68.715970	-261.714864	-150.375	-42.740	0.1480
56	9	tracking	-846.709337	68.775736	-262.224422	-150.375	-34.740	0.1366
56	10	tracking	-846.365226	68.837936	-262.723332	-150.375	-26.740	0.1193
56	11	tracking	-846.032394	68.897649	-263.213986	-150.375	-18.740	0.1099
56	12	tracking	-845.695734	68.958126	-263.679635	-125.375	-26.740	0.1015
56	13	tracking	-845.351293	69.019773	-264.102672	-100.375	-34.740	0.1094
56	14	tracking	-845.004907	69.079947	-264.469293	-75.375	-42.740	0.2225
56	15	tracking	-844.668536	69.133054	-264.772983	-50.375	-50.740	0.0801
56	16	tracking	-844.342207	69.176996	-265.022580	-51.747	-42.740	0.0632
56	17	tracking	-844.036897	69.210732	-265.216101	-26.747	-34.740	0.0617
56	18	tracking	-843.751369	69.232692	-265.361748	-26.747	-26.740	0.0563
56	19	tracking	-843.484608	69.241735	-265.467002	-26.747	-25.689	0.0567
56	20	tracking	-843.246113	69.237965	-265.534177	-1.747	-17.689	0.0459
56	21	tracking	-843.043581	69.220662	-265.570832	23.253	-9.689	0.0597
56	22	tracking	-842.877077	69.190245	-265.585555	37.878	-7.940	0.0429
56	23	tracking	-842.741144	69.147567	-265.582705	37.878	-7.940	0.0467
56	24	tracking	-842.635751	69.092482	-265.572111	62.878	-15.940	0.0527
56	25	tracking	-842.555997	69.021563	-265.556911	67.848	-23.940	0.0489
56	26	tracking	-842.497363	68.928996	-265.538309	67.848	-31.940	0.0461
56	27	tracking	-842.456118	68.807309	-265.517257	67.848	-39.940	0.0339
56	28	tracking	-842.426534	68.648972	-265.490774	42.848	-47.168	0.0407
56	29	tracking	-842.403721	68.455771	-265.456167	17.848	-47.168	0.0327
56	30	tracking	-842.381759	68.230143	-265.412307	-7.152	-47.168	0.1298
56	31	tracking	-842.354199	67.974905	-265.360511	-32.152	-47.168	0.0357
56	32	tracking	-842.327991	67.681687	-265.301197	-7.152	-55.168	0.0320
56	33	tracking	-842.309053	67.351978	-265.234643	17.848	-55.963	0.0345
56	34	landing	-842.298404	67.000095	-265.156009	17.848	-47.963	0.0253
56	35	landing	-842.295639	66.628403	-265.065068	17.848	-47.963	0.0252
56	36	landing	-842.300399	66.239252	-264.961603	17.848	-47.963	0.0297
56	37	landing	-842.312358	65.834930	-264.845448	17.848	-47.963	0.0200
57	0	tracking	-850.645964	68.867102	-257.032114	-139.104	-4.000	0.1575
57	1	tracking	-849.991601	68.807284	-257.601772	-164.104	-0.670	0.1170
57	2	tracking	-849.422535	68.751906	-258.196524	170.896	-8.670	0.1041
57	3	tracking	-848.951149	68.710040	-258.797665	153.407	-16.670	0.1087
57	4	tracking	-848.533079	68.685017	-259.402840	178.407	-24.670	0.0933
57	5	tracking	-848.135704	68.677907	-259.999512	-156.593	-32.670	0.0919
57	6	tracking	-847.761383	68.687936	-260.584443	-159.186	-40.670	0.0862
57	7	tracking	-847.390151	68.712344	-261.142272	-134.186	-46.375	0.1070
57	8	tracking	-846.966891	68.715970	-261.714864	-150.375	-42.740	0.0949
57	9	tracking	-846.609337	68.775736	-262.224422	-150.375	-34.740	0.1504
57	10	tracking	-846.265226	68.837936	-262.723332	-150.375	-26.740	0.0896
57	11	tracking	-845.932394	68.897649	-263.213986	-150.375	-18.740	0.0766
57	12	tracking	-845.595734	68.958126	-263.679635	-125.375	-26.740	0.0804
57	13	tracking	-845.251293	69.019773	-264.102672	-100.375	-34.740	0.0847
57	14	tracking	-844.904907	69.079947	-264.469293	-75.375	-42.740	0.0641
57	15	tracking	-844.568536	69.133054	-264.772983	-50.375	-50.740	0.0587
57	16	tracking	-844.242207	69.176996	-265.022580	-51.747	-42.740	0.0546
57	17	tracking	-843.936897	69.210732	-265.216101	-26.747	-34.740	0.0614
57	18	tracking	-843.651369	69.232692	-265.361748	-26.747	-26.740	0.0915
57	19	tracking	-843.384608	69.241735	-265.467002	-26.747	-25.689	0.0687
57	20	tracking	-843.146113	69.237965	-265.534177	-1.747	-17.689	0.0591
57	21	tracking	-842.943581	69.220662	-265.570832	23.253	-9.689	0.0535
57	22	tracking	-842.777077	69.190245	-265.585555	37.878	-7.940	0.0431
57	23	tracking	-842.641144	69.147567	-265.582705	37.878	-7.940	0.0617
57	24	tracking	-842.535751	69.092482	-265.572111	62.878	-15.940	0.0510
57	25	tracking	-842.455997	69.021563	-265.556911	67.848	-23.940	0.0497
57	26	tracking	-842.397363	68.928996	-265.538309	67.848	-31.940	0.0455
57	27	tracking	-842.356118	68.807309	-265.517257	67.848	-39.940	0.0576
57	28	tracking	-842.326534	68.648972	-265.490774	42.848	-47.168	0.0377
57	29	tracking	-842.303721	68.455771	-265.456167	17.848	-47.168	0.0461
57	30	tracking	-842.281759	68.230143	-265.412307	-7.152	-47.168	0.0359
57	31	tracking	-842.254199	67.974905	-265.360511	-32.152	-47.168	0.0485
57	32	tracking	-842.227991	67.681687	-265.301197	-7.152	-55.168	0.0436
57	33	tracking	-842.209053	67.351978	-265.234643	17.848	-55.963	0.0342
57	34	landing	-842.198404	67.000095	-265.156009	17.848	-47.963	0.0364
57	35	landing	-842.195639	66.628403	-265.065068	17.848	-47.963	0.0300
57	36	landing	-842.200399	66.239252	-264.961603	17.848	-47.963	0.0266
57	37	landing	-842.212358	65.834930	-264.845448	17.848	-47.963	0.0297
58	0	tracking	-850.645964	68.867102	-257.032114	-139.104	-4.000	0.4974
58	1	tracking	-849.991601	68.807284	-257.601772	-164.104	-0.670	0.2748
58	2	tracking	-849.422535	68.751906	-258.196524	170.896	-8.670	0.1260
58	3	tracking	-848.951149	68.710040	-258.797665	153.407	-16.670	0.1031
58	4	tracking	-848.533079	68.685017	-259.402840	178.407	-24.670	0.1011
58	5	tracking	-848.135704	68.677907	-259.999512	-156.593	-32.670	0.1013
58	6	tracking	-847.761383	68.687936	-260.584443	-159.186	-40.670	0.0868
58	7	tracking	-847.390151	68.712344	-261.142272	-134.186	-46.375	0.0804
58	8	tracking	-847.066891	68.815970	-261.714864	-150.375	-42.740	0.0878
58	9	tracking	-846.709337	68.875736	-262.224422	-150.375	-34.740	0.0778
58	10	tracking	-846.365226	68.937936	-262.723332	-150.375	-26.740	0.0754
58	11	tracking	-846.032394	68.997649	-263.213986	-150.375	-18.740	0.1336
58	12	tracking	-845.695734	69.058126	-263.679635	-125.375	-26.740	0.0836
58	13	tracking	-845.351293	69.119773	-264.102672	-100.375	-34.740	0.0819
58	14	tracking	-845.004907	69.179947	-264.469293	-75.375	-42.740	0.1126
58	15	tracking	-844.668536	69.233054	-264.772983	-50.375	-50.740	0.0623
58	16	tracking	-844.342207	69.276996	-265.022580	-51.747	-42.740	0.0600
58	17	tracking	-844.036897	69.310732	-265.216101	-26.747	-34.740	0.0540
58	18	tracking	-843.751369	69.332692	-265.361748	-26.747	-26.740	0.0564
58	19	tracking	-843.484608	69.341735	-265.467002	-26.747	-25.689	0.0513
58	20	tracking	-843.246113	69.337965	-265.534177	-1.747	-17.689	0.0542
58	21	tracking	-843.043581	69.320662	-265.570832	23.253	-9.689	0.0544
58	22	tracking	-842.877077	69.290245	-265.585555	37.878	-7.940	0.0469
58	23	tracking	-842.741144	69.247567	-265.582705	37.878	-7.940	0.0493
58	24	tracking	-842.635751	69.192482	-265.572111	62.878	-15.940	0.0447
58	25	tracking	-842.555997	69.121563	-265.556911	67.848	-23.940	0.0472
58	26	tracking	-842.497363	69.028996	-265.538309	67.848	-31.940	0.0378
58	27	tracking	-842.456118	68.907309	-265.517257	67.848	-39.940	0.0368
58	28	tracking	-842.426534	68.748972	-265.490774	42.848	-47.168	0.0374
58	29	tracking	-842.403721	68.555771	-265.456167	17.848	-47.168	0.0399
58	30	tracking	-842.381759	68.330143	-265.412307	-7.152	-47.168	0.0328
58	31	tracking	-842.354199	68.074905	-265.360511	-32.152	-47.168	0.0387
58	32	tracking	-842.327991	67.781687	-265.301197	-7.152	-55.168	0.0283
58	33	tracking	-842.309053	67.451978	-265.234643	17.848	-55.963	0.0597
58	34	tracking	-842.296996	67.088080	-265.160381	17.848	-55.963	0.0258
58	35	landing	-842.293033	66.704757	-265.073163	17.848	-47.963	0.0343
58	36	landing	-842.296785	66.304376	-264.972827	17.848	-47.963	0.0325
58	37	landing	-842.307914	65.889248	-264.859251	17.848	-47.963	0.0217
59	0	tracking	-850.645964	68.867102	-257.032114	-139.104	-4.000	0.1528
59	1	tracking	-849.991601	68.807284	-257.601772	-164.104	-0.670	0.1165
59	2	tracking	-849.422535	68.751906	-258.196524	170.896	-8.670	0.1669
59	3	tracking	-848.951149	68.710040	-258.797665	153.407	-16.670	0.1409
59	4	tracking	-848.533079	68.685017	-259.402840	178.407	-24.670	0.1089
59	5	tracking	-848.135704	68.677907	-259.999512	-156.593	-32.670	0.0946
59	6	tracking	-847.761383	68.687936	-260.584443	-159.186	-40.670	0.0891
59	7	tracking	-847.390151	68.712344	-261.142272	-134.186	-46.375	0.0935
59	8	tracking	-846.966891	68.815970	-261.714864	-150.375	-42.740	0.1512
59	9	tracking	-846.609337	68.875736	-262.224422	-150.375	-34.740	0.0923
59	10	tracking	-846.265226	68.937936	-262.723332	-150.375	-26.740	0.0906
59	11	tracking	-845.932394	68.997649	-263.213986	-150.375	-18.740	0.0895
59	12	tracking	-845.595734	69.058126	-263.679635	-125.375	-26.740	0.1551
59	13	tracking	-845.251293	69.119773	-264.102672	-100.375	-34.740	0.1958
59	14	tracking	-844.904907	69.179947	-264.469293	-75.375	-42.740	0.1110
59	15	tracking	-844.568536	69.233054	-264.772983	-50.375	-50.740	0.0763
59	16	tracking	-844.242207	69.276996	-265.022580	-51.747	-42.740	0.2003
59	17	tracking	-843.936897	69.310732	-265.216101	-26.747	-34.740	0.1011
59	18	tracking	-843.651369	69.332692	-265.361748	-26.747	-26.740	0.1236
59	19	tracking	-843.384608	69.341735	-265.467002	-26.747	-25.689	0.0792
59	20	tracking	-843.146113	69.337965	-265.534177	-1.747	-17.689	0.0828
59	21	tracking	-842.943581	69.320662	-265.570832	23.253	-9.689	0.0722
59	22	tracking	-842.777077	69.290245	-265.585555	37.878	-7.940	0.0559
59	23	tracking	-842.641144	69.247567	-265.582705	37.878	-7.940	0.0518
59	24	tracking	-842.535751	69.192482	-265.572111	62.878	-15.940	0.0506
59	25	tracking	-842.455997	69.121563	-265.556911	67.848	-23.940	0.0393
59	26	tracking	-842.397363	69.028996	-265.538309	67.848	-31.940	0.0458
59	27	tracking	-842.356118	68.907309	-265.517257	67.848	-39.940	0.0378
59	28	tracking	-842.326534	68.748972	-265.490774	42.848	-47.168	0.0448
59	29	tracking	-842.303721	68.555771	-265.456167	17.848	-47.168	0.0433
59	30	tracking	-842.281759	68.330143	-265.412307	-7.152	-47.168	0.0452
59	31	tracking	-842.254199	68.074905	-265.360511	-32.152	-47.168	0.0342
59	32	tracking	-842.227991	67.781687	-265.301197	-7.152	-55.168	0.0320
59	33	tracking	-842.209053	67.451978	-265.234643	17.848	-55.963	0.0370
59	34	tracking	-842.196996	67.088080	-265.160381	17.848	-55.963	0.0298
59	35	landing	-842.193033	66.704757	-265.073163	17.848	-47.963	0.0372
59	36	landing	-842.196785	66.304376	-264.972827	17.848	-47.963	0.0238
59	37	landing	-842.207914	65.889248	-264.859251	17.848	-47.963	0.0240
60	0	tracking	-850.645964	68.867102	-257.032114	-139.104	-4.000	0.2703
60	1	tracking	-849.991601	68.807284	-257.601772	-164.104	-0.670	0.1222
60	2	tracking	-849.422535	68.751906	-258.196524	170.896	-8.670	0.1300
60	3	tracking	-848.951149	68.710040	-258.797665	153.407	-16.670	0.1167
60	4	tracking	-848.533079	68.685017	-259.402840	178.407	-24.670	0.1040
60	5	tracking	-848.135704	68.677907	-259.999512	-156.593	-32.670	0.1210
60	6	tracking	-847.761383	68.687936	-260.584443	-159.186	-40.670	0.1048
60	7	tracking	-847.390151	68.712344	-261.142272	-134.186	-46.375	0.1047
60	8	tracking	-847.066891	68.715970	-261.614864	-150.375	-42.740	0.2575
60	9	tracking	-846.709337	68.775736	-262.124422	-150.375	-34.740	0.1693
60	10	tracking	-846.365226	68.837936	-262.623332	-150.375	-26.740	0.1555
60	11	tracking	-846.032394	68.897649	-263.113986	-150.375	-18.740	0.1685
60	12	tracking	-845.695734	68.958126	-263.579635	-125.375	-26.740	0.1427
60	13	tracking	-845.351293	69.019773	-264.002672	-100.375	-34.740	0.1553
60	14	tracking	-845.004907	69.079947	-264.369293	-75.375	-42.740	0.1697
60	15	tracking	-844.668536	69.133054	-264.672983	-50.375	-50.740	0.1943
60	16	tracking	-844.342207	69.176996	-264.922580	-51.747	-42.740	0.1554
60	17	tracking	-844.036897	69.210732	-265.116101	-26.747	-34.740	0.1301
60	18	tracking	-843.751369	69.232692	-265.261748	-26.747	-26.740	0.1312
60	19	tracking	-843.484608	69.241735	-265.367002	-26.747	-25.689	0.1350
60	20	tracking	-843.246113	69.237965	-265.434177	-1.747	-17.689	0.1397
60	21	tracking	-843.043581	69.220662	-265.470832	23.253	-9.689	0.1271
60	22	tracking	-842.877077	69.190245	-265.485555	37.878	-7.940	0.1462
60	23	tracking	-842.741144	69.147567	-265.482705	37.878	-7.940	0.1429
60	24	tracking	-842.635751	69.092482	-265.472111	62.878	-15.940	0.1226
60	25	tracking	-842.555997	69.021563	-265.456911	67.848	-23.940	0.1256
60	26	tracking	-842.497363	68.928996	-265.438309	67.848	-31.940	0.1268
60	27	tracking	-842.456118	68.807309	-265.417257	67.848	-39.940	0.1253
60	28	tracking	-842.426534	68.648972	-265.390774	42.848	-47.168	0.1100
60	29	tracking	-842.403721	68.455771	-265.356167	17.848	-47.168	0.1171
60	30	tracking	-842.381759	68.230143	-265.312307	-7.152	-47.168	0.1161
60	31	tracking	-842.354199	67.974905	-265.260511	-32.152	-47.168	0.1231
60	32	tracking	-842.327991	67.681687	-265.201197	-7.152	-55.168	0.1402
60	33	tracking	-842.309053	67.351978	-265.134643	17.848	-55.963	0.1064
60	34	landing	-842.305992	67.000095	-265.060452	42.848	-47.963	0.0530
60	35	landing	-842.317930	66.627928	-264.978537	42.848	-47.963	0.0212
60	36	landing	-842.344204	66.237568	-264.888692	42.848	-47.963	0.0189
60	37	landing	-842.384279	65.831186	-264.790674	42.848	-47.963	0.0229
61	0	tracking	-850.645964	68.867102	-257.032114	-139.104	-4.000	0.1789
61	1	tracking	-849.991601	68.807284	-257.601772	-164.104	-0.670	0.1335
61	2	tracking	-849.422535	68.751906	-258.196524	170.896	-8.670	0.1253
61	3	tracking	-848.951149	68.710040	-258.797665	153.407	-16.670	0.1099
61	4	tracking	-848.533079	68.685017	-259.402840	178.407	-24.670	0.1203
61	5	tracking	-848.135704	68.677907	-259.999512	-156.593	-32.670	0.1216
61	6	tracking	-847.761383	68.687936	-260.584443	-159.186	-40.670	0.1058
61	7	tracking	-847.390151	68.712344	-261.142272	-134.186	-46.375	0.1038
61	8	tracking	-846.966891	68.715970	-261.614864	-150.375	-42.740	0.2008
61	9	tracking	-846.609337	68.775736	-262.124422	-150.375	-34.740	0.2051
61	10	tracking	-846.265226	68.837936	-262.623332	-150.375	-26.740	0.1861
61	11	tracking	-845.932394	68.897649	-263.113986	-150.375	-18.740	0.1627
61	12	tracking	-845.595734	68.958126	-263.579635	-125.375	-26.740	0.1604
61	13	tracking	-845.251293	69.019773	-264.002672	-100.375	-34.740	0.1632
61	14	tracking	-844.904907	69.079947	-264.369293	-75.375	-42.740	0.1623
61	15	tracking	-844.568536	69.133054	-264.672983	-50.375	-50.740	0.1904
61	16	tracking	-844.242207	69.176996	-264.922580	-51.747	-42.740	0.1501
61	17	tracking	-843.936897	69.210732	-265.116101	-26.747	-34.740	0.1447
61	18	tracking	-843.651369	69.232692	-265.261748	-26.747	-26.740	0.1771
61	19	tracking	-843.384608	69.241735	-265.367002	-26.747	-25.689	0.1408
61	20	tracking	-843.146113	69.237965	-265.434177	-1.747	-17.689	0.1328
61	21	tracking	-842.943581	69.220662	-265.470832	23.253	-9.689	0.1553
61	22	tracking	-842.777077	69.190245	-265.485555	37.878	-7.940	0.1337
61	23	tracking	-842.641144	69.147567	-265.482705	37.878	-7.940	0.1364
61	24	tracking	-842.535751	69.092482	-265.472111	62.878	-15.940	0.1255
61	25	tracking	-842.455997	69.021563	-265.456911	67.848	-23.940	0.1310
61	26	tracking	-842.397363	68.928996	-265.438309	67.848	-31.940	0.1481
61	27	tracking	-842.356118	68.807309	-265.417257	67.848	-39.940	0.1344
61	28	tracking	-842.326534	68.648972	-265.390774	42.848	-47.168	0.1231
61	29	tracking	-842.303721	68.455771	-265.356167	17.848	-47.168	0.1423
61	30	tracking	-842.281759	68.230143	-265.312307	-7.152	-47.168	0.1298
61	31	tracking	-842.254199	67.974905	-265.260511	-32.152	-47.168	0.1392
61	32	tracking	-842.227991	67.681687	-265.201197	-7.152	-55.168	0.1171
61	33	tracking	-842.209053	67.351978	-265.134643	17.848	-55.963	0.1381
61	34	landing	-842.205992	67.000095	-265.060452	42.848	-47.963	0.0309
61	35	landing	-842.217930	66.627928	-264.978537	42.848	-47.963	0.0341
61	36	landing	-842.244204	66.237568	-264.888692	42.848	-47.963	0.0243
61	37	landing	-842.284279	65.831186	-264.790674	42.848	-47.963	0.0225
62	0	tracking	-850.645964	68.867102	-257.032114	-139.104	-4.000	0.1783
62	1	tracking	-849.991601	68.807284	-257.601772	-164.104	-0.670	0.1268
62	2	tracking	-849.422535	68.751906	-258.196524	170.896	-8.670	0.1240
62	3	tracking	-848.951149	68.710040	-258.797665	153.407	-16.670	0.1415
62	4	tracking	-848.533079	68.685017	-259.402840	178.407	-24.670	0.1117
62	5	tracking	-848.135704	68.677907	-259.999512	-156.593	-32.670	0.1081
62	6	tracking	-847.761383	68.687936	-260.584443	-159.186	-40.670	0.1021
62	7	tracking	-847.390151	68.712344	-261.142272	-134.186	-46.375	0.0973
62	8	tracking	-847.066891	68.815970	-261.614864	-150.375	-42.740	0.1739
62	9	tracking	-846.709337	68.875736	-262.124422	-150.375	-34.740	0.1665
62	10	tracking	-846.365226	68.937936	-262.623332	-150.375	-26.740	0.1803
62	11	tracking	-846.032394	68.997649	-263.113986	-150.375	-18.740	0.1907
62	12	tracking	-845.695734	69.058126	-263.579635	-125.375	-26.740	0.1613
62	13	tracking	-845.351293	69.119773	-264.002672	-100.375	-34.740	0.1569
62	14	tracking	-845.004907	69.179947	-264.369293	-75.375	-42.740	0.1873
62	15	tracking	-844.668536	69.233054	-264.672983	-50.375	-50.740	0.2485
62	16	tracking	-844.342207	69.276996	-264.922580	-51.747	-42.740	0.1855
62	17	tracking	-844.036897	69.310732	-265.116101	-26.747	-34.740	0.1553
62	18	tracking	-843.751369	69.332692	-265.261748	-26.747	-26.740	0.1622
62	19	tracking	-843.484608	69.341735	-265.367002	-26.747	-25.689	0.1313
62	20	tracking	-843.246113	69.337965	-265.434177	-1.747	-17.689	0.1363
62	21	tracking	-843.043581	69.320662	-265.470832	23.253	-9.689	0.1320
62	22	tracking	-842.877077	69.290245	-265.485555	37.878	-7.940	0.1352
62	23	tracking	-842.741144	69.247567	-265.482705	37.878	-7.940	0.1355
62	24	tracking	-842.635751	69.192482	-265.472111	62.878	-15.940	0.1316
62	25	tracking	-842.555997	69.121563	-265.456911	67.848	-23.940	0.1459
62	26	tracking	-842.497363	69.028996	-265.438309	67.848	-31.940	0.1346
62	27	tracking	-842.456118	68.907309	-265.417257	67.848	-39.940	0.1244
62	28	tracking	-842.426534	68.748972	-265.390774	42.848	-47.168	0.2161
62	29	tracking	-842.403721	68.555771	-265.356167	17.848	-47.168	0.1396
62	30	tracking	-842.381759	68.330143	-265.312307	-7.152	-47.168	0.1573
62	31	tracking	-842.354199	68.074905	-265.260511	-32.152	-47.168	0.1235
62	32	tracking	-842.327991	67.781687	-265.201197	-7.152	-55.168	0.1342
62	33	tracking	-842.309053	67.451978	-265.134643	17.848	-55.963	0.1272
62	34	tracking	-842.296996	67.088080	-265.060381	17.848	-55.963	0.1173
62	35	landing	-842.301294	66.704757	-264.978000	42.848	-47.963	0.0316
62	36	landing	-842.321050	66.303927	-264.887428	42.848	-47.963	0.0257
62	37	landing	-842.355556	65.887661	-264.788503	42.848	-47.963	0.0246
63	0	tracking	-850.645964	68.867102	-257.032114	-139.104	-4.000	0.2060
63	1	tracking	-849.991601	68.807284	-257.601772	-164.104	-0.670	0.1589
63	2	tracking	-849.422535	68.751906	-258.196524	170.896	-8.670	0.1655
63	3	tracking	-848.951149	68.710040	-258.797665	153.407	-16.670	0.1333
63	4	tracking	-848.533079	68.685017	-259.402840	178.407	-24.670	0.1135
63	5	tracking	-848.135704	68.677907	-259.999512	-156.593	-32.670	0.1067
63	6	tracking	-847.761383	68.687936	-260.584443	-159.186	-40.670	0.0990
63	7	tracking	-847.390151	68.712344	-261.142272	-134.186	-46.375	0.0976
63	8	tracking	-846.966891	68.815970	-261.614864	-150.375	-42.740	0.1985
63	9	tracking	-846.609337	68.875736	-262.124422	-150.375	-34.740	0.1796
63	10	tracking	-846.265226	68.937936	-262.623332	-150.375	-26.740	0.1659
63	11	tracking	-845.932394	68.997649	-263.113986	-150.375	-18.740	0.1663
63	12	tracking	-845.595734	69.058126	-263.579635	-125.375	-26.740	0.1575
63	13	tracking	-845.251293	69.119773	-264.002672	-100.375	-34.740	0.2011
63	14	tracking	-844.904907	69.179947	-264.369293	-75.375	-42.740	0.1556
63	15	tracking	-844.568536	69.233054	-264.672983	-50.375	-50.740	0.1668
63	16	tracking	-844.242207	69.276996	-264.922580	-51.747	-42.740	0.1452
63	17	tracking	-843.936897	69.310732	-265.116101	-26.747	-34.740	0.1938
63	18	tracking	-843.651369	69.332692	-265.261748	-26.747	-26.740	0.1608
63	19	tracking	-843.384608	69.341735	-265.367002	-26.747	-25.689	0.1501
63	20	tracking	-843.146113	69.337965	-265.434177	-1.747	-17.689	0.1453
63	21	tracking	-842.943581	69.320662	-265.470832	23.253	-9.689	0.1406
63	22	tracking	-842.777077	69.290245	-265.485555	37.878	-7.940	0.1319
63	23	tracking	-842.641144	69.247567	-265.482705	37.878	-7.940	0.1556
63	24	tracking	-842.535751	69.192482	-265.472111	62.878	-15.940	0.1488
63	25	tracking	-842.455997	69.121563	-265.456911	67.848	-23.940	0.1278
63	26	tracking	-842.397363	69.028996	-265.438309	67.848	-31.940	0.1402
63	27	tracking	-842.356118	68.907309	-265.417257	67.848	-39.940	0.1842
63	28	tracking	-842.326534	68.748972	-265.390774	42.848	-47.168	0.1539
63	29	tracking	-842.303721	68.555771	-265.356167	17.848	-47.168	0.1146
63	30	tracking	-842.281759	68.330143	-265.312307	-7.152	-47.168	0.1199
63	31	tracking	-842.254199	68.074905	-265.260511	-32.152	-47.168	0.1111
63	32	tracking	-842.227991	67.781687	-265.201197	-7.152	-55.168	0.1066
63	33	tracking	-842.209053	67.451978	-265.134643	17.848	-55.963	0.1143
63	34	tracking	-842.196996	67.088080	-265.060381	17.848	-55.963	0.1070
63	35	landing	-842.201294	66.704757	-264.978000	42.848	-47.963	0.0277
63	36	landing	-842.221050	66.303927	-264.887428	42.848	-47.963	0.0221
63	37	landing	-842.255556	65.887661	-264.788503	42.848	-47.963	0.0264
