-1	0	tracking	-850.645964	68.867102	-257.032114	-139.104	-4.000	6.3378
-1	1	tracking	-849.991601	68.807284	-257.601772	-164.104	-0.670	0.6810
-1	2	tracking	-849.422535	68.751906	-258.196524	170.896	-8.670	0.6691
-1	3	tracking	-848.951149	68.710040	-258.797665	153.407	-16.670	0.6332
-1	4	tracking	-848.533079	68.685017	-259.402840	178.407	-24.670	0.5817
-1	5	tracking	-848.135704	68.677907	-259.999512	-156.593	-32.670	0.5729
-1	6	tracking	-847.761383	68.687936	-260.584443	-159.186	-40.670	0.6044
-1	7	tracking	-847.390151	68.712344	-261.142272	-134.186	-46.375	0.5545
-1	8	tracking	-847.034052	68.747852	-261.683844	-150.375	-42.740	0.3915
-1	9	tracking	-846.691437	68.790551	-262.210929	-150.375	-34.740	0.3063
-1	10	tracking	-846.360385	68.836374	-262.725899	-150.375	-26.740	0.3539
-1	11	tracking	-846.038924	68.880283	-263.231329	-150.375	-18.740	0.3654
-1	12	tracking	-845.711981	68.925618	-263.710438	-125.375	-26.740	0.3752
-1	13	tracking	-845.375779	68.972813	-264.145543	-100.375	-34.740	0.2918
-1	14	tracking	-845.036398	69.019217	-264.522830	-75.375	-42.740	0.2693
-1	15	tracking	-844.705837	69.059505	-264.835665	-50.375	-50.740	0.2617
-1	16	tracking	-844.384292	69.091438	-265.093102	-51.747	-42.740	0.2361
-1	17	tracking	-844.083004	69.113982	-265.293128	-26.747	-34.740	0.2398
-1	18	tracking	-843.800745	69.125732	-265.443948	-26.747	-26.740	0.4261
-1	19	tracking	-843.536584	69.125555	-265.553190	-26.747	-25.689	0.3043
-1	20	tracking	-843.300384	69.113535	-265.623253	-1.747	-17.689	0.1891
-1	21	tracking	-843.100129	69.088903	-265.661946	23.253	-9.689	0.1758
-1	22	tracking	-842.935939	69.051976	-265.678117	37.878	-7.940	0.1560
-1	23	tracking	-842.802291	69.003506	-265.676269	37.878	-7.940	0.1582
-1	24	tracking	-842.699176	68.943190	-265.666444	62.878	-15.940	0.1854
-1	25	tracking	-842.621629	68.867454	-265.651857	67.848	-23.940	0.1440
-1	26	tracking	-842.565079	68.770355	-265.633754	67.848	-31.940	0.1385
-1	27	tracking	-842.525759	68.644315	-265.613118	67.848	-39.940	0.1569
-1	28	tracking	-842.497919	68.481735	-265.586975	42.848	-47.168	0.1337
-1	29	tracking	-842.476678	68.284429	-265.552612	17.848	-47.168	0.1361
-1	30	tracking	-842.456107	68.054867	-265.508875	-7.152	-47.168	0.1334
-1	31	tracking	-842.429727	67.795885	-265.457098	-32.152	-47.168	0.1259
-1	32	tracking	-842.404562	67.499061	-265.397731	-7.152	-55.168	0.2264
-1	33	tracking	-842.386576	67.165890	-265.331058	17.848	-55.963	0.1674
-1	34	landing	-842.376815	66.810754	-265.252196	17.848	-47.963	0.1051
-1	35	landing	-842.374883	66.436026	-265.160919	17.848	-47.963	0.0866
-1	36	landing	-842.380430	66.044063	-265.057020	17.848	-47.963	0.0915
-1	37	landing	-842.393135	65.637154	-264.940337	17.848	-47.963	0.0750
0	0	tracking	-850.645964	68.867102	-257.032114	-139.104	-4.000	0.3857
0	1	tracking	-849.991601	68.807284	-257.601772	-164.104	-0.670	0.3260
0	2	tracking	-849.422535	68.751906	-258.196524	170.896	-8.670	0.2914
0	3	tracking	-848.951149	68.710040	-258.797665	153.407	-16.670	0.3028
0	4	tracking	-848.533079	68.685017	-259.402840	178.407	-24.670	0.2898
0	5	tracking	-848.135704	68.677907	-259.999512	-156.593	-32.670	0.3469
0	6	tracking	-847.761383	68.687936	-260.584443	-159.186	-40.670	0.2905
0	7	tracking	-847.390151	68.712344	-261.142272	-134.186	-46.375	0.2640
0	8	tracking	-847.034052	68.747852	-261.683844	-150.375	-42.740	0.2618
0	9	tracking	-846.691437	68.790551	-262.210929	-150.375	-34.740	0.3134
0	10	tracking	-846.360385	68.836374	-262.725899	-150.375	-26.740	0.2723
0	11	tracking	-846.038924	68.880283	-263.231329	-150.375	-18.740	0.4894
0	12	tracking	-845.711981	68.925618	-263.710438	-125.375	-26.740	0.2789
0	13	tracking	-845.375779	68.972813	-264.145543	-100.375	-34.740	0.2044
0	14	tracking	-845.036398	69.019217	-264.522830	-75.375	-42.740	0.2853
0	15	tracking	-844.705837	69.059505	-264.835665	-50.375	-50.740	0.2007
0	16	tracking	-844.451352	69.022903	-265.160322	-51.747	-42.740	0.1772
0	17	tracking	-844.164826	69.028378	-265.374825	-26.747	-34.740	0.1751
0	18	tracking	-843.895315	69.024526	-265.537737	-26.747	-26.740	0.1790
0	19	tracking	-843.642195	69.010021	-265.657125	-26.747	-25.689	0.1671
0	20	tracking	-843.415814	68.985007	-265.735599	-1.747	-17.689	0.1476
0	21	tracking	-843.224503	68.948734	-265.781330	23.253	-9.689	0.1458
0	22	tracking	-843.068487	68.901393	-265.803509	37.878	-7.940	0.1467
0	23	tracking	-842.942254	68.843590	-265.806844	37.878	-7.940	0.1347
0	24	tracking	-842.845844	68.774719	-265.801589	62.878	-15.940	0.1299
0	25	tracking	-842.774310	68.690942	-265.791056	67.848	-23.940	0.1227
0	26	tracking	-842.723105	68.586091	-265.776570	67.848	-31.940	0.1276
0	27	tracking	-842.688490	68.452405	-265.759181	67.848	-39.940	0.1273
0	28	tracking	-842.664775	68.282157	-265.736004	42.848	-47.168	3.2206
0	29	tracking	-842.647194	68.077221	-265.704331	17.848	-47.168	0.2104
0	30	tracking	-842.629882	67.840142	-265.662981	-7.152	-47.168	0.1091
0	31	tracking	-842.606378	67.573813	-265.613285	-32.152	-47.168	0.1009
0	32	tracking	-842.583775	67.269700	-265.555777	-7.152	-55.168	0.1063
0	33	tracking	-842.568078	66.929331	-265.490744	17.848	-55.963	0.1260
0	34	landing	-842.560396	66.567255	-265.413219	17.848	-47.963	0.0707
0	35	landing	-842.560367	66.185887	-265.322978	17.848	-47.963	0.0774
0	36	landing	-842.567668	65.787609	-265.219821	17.848	-47.963	0.0640
1	0	tracking	-850.645964	68.867102	-257.032114	-139.104	-4.000	0.5517
1	1	tracking	-849.991601	68.807284	-257.601772	-164.104	-0.670	0.3611
1	2	tracking	-849.422535	68.751906	-258.196524	170.896	-8.670	0.3209
1	3	tracking	-848.951149	68.710040	-258.797665	153.407	-16.670	0.2799
1	4	tracking	-848.533079	68.685017	-259.402840	178.407	-24.670	0.3471
1	5	tracking	-848.135704	68.677907	-259.999512	-156.593	-32.670	0.2984
1	6	tracking	-847.761383	68.687936	-260.584443	-159.186	-40.670	0.2563
1	7	tracking	-847.390151	68.712344	-261.142272	-134.186	-46.375	0.2514
1	8	tracking	-847.034052	68.747852	-261.683844	-150.375	-42.740	0.3539
1	9	tracking	-846.691437	68.790551	-262.210929	-150.375	-34.740	0.2399
1	10	tracking	-846.360385	68.836374	-262.725899	-150.375	-26.740	0.2179
1	11	tracking	-846.038924	68.880283	-263.231329	-150.375	-18.740	0.2187
1	12	tracking	-845.711981	68.925618	-263.710438	-125.375	-26.740	0.2075
1	13	tracking	-845.375779	68.972813	-264.145543	-100.375	-34.740	0.2207
1	14	tracking	-845.036398	69.019217	-264.522830	-75.375	-42.740	0.1953
1	15	tracking	-844.705837	69.059505	-264.835665	-50.375	-50.740	0.2264
1	16	tracking	-844.351352	69.022903	-265.160322	-51.747	-42.740	0.1693
1	17	tracking	-844.064826	69.028378	-265.374825	-26.747	-34.740	0.1757
1	18	tracking	-843.795315	69.024526	-265.537737	-26.747	-26.740	0.1481
1	19	tracking	-843.542195	69.010021	-265.657125	-26.747	-25.689	0.1958
1	20	tracking	-843.315814	68.985007	-265.735599	-1.747	-17.689	0.1253
1	21	tracking	-843.124503	68.948734	-265.781330	23.253	-9.689	0.1426
1	22	tracking	-842.968487	68.901393	-265.803509	37.878	-7.940	0.1223
1	23	tracking	-842.842254	68.843590	-265.806844	37.878	-7.940	0.1280
1	24	tracking	-842.745844	68.774719	-265.801589	62.878	-15.940	0.1099
1	25	tracking	-842.674310	68.690942	-265.791056	67.848	-23.940	0.1183
1	26	tracking	-842.623105	68.586091	-265.776570	67.848	-31.940	0.1204
1	27	tracking	-842.588490	68.452405	-265.759181	67.848	-39.940	0.1273
1	28	tracking	-842.564775	68.282157	-265.736004	42.848	-47.168	0.0913
1	29	tracking	-842.547194	68.077221	-265.704331	17.848	-47.168	0.0975
1	30	tracking	-842.529882	67.840142	-265.662981	-7.152	-47.168	0.0944
1	31	tracking	-842.506378	67.573813	-265.613285	-32.152	-47.168	0.0874
1	32	tracking	-842.483775	67.269700	-265.555777	-7.152	-55.168	0.0944
1	33	tracking	-842.468078	66.929331	-265.490744	17.848	-55.963	0.0673
1	34	landing	-842.460396	66.567255	-265.413219	17.848	-47.963	0.0537
1	35	landing	-842.460367	66.185887	-265.322978	17.848	-47.963	0.0531
1	36	landing	-842.467668	65.787609	-265.219821	17.848	-47.963	0.0524
2	0	tracking	-850.645964	68.867102	-257.032114	-139.104	-4.000	0.3805
2	1	tracking	-849.991601	68.807284	-257.601772	-164.104	-0.670	0.3403
2	2	tracking	-849.422535	68.751906	-258.196524	170.896	-8.670	0.3131
2	3	tracking	-848.951149	68.710040	-258.797665	153.407	-16.670	0.2969
2	4	tracking	-848.533079	68.685017	-259.402840	178.407	-24.670	0.2689
2	5	tracking	-848.135704	68.677907	-259.999512	-156.593	-32.670	0.2524
2	6	tracking	-847.761383	68.687936	-260.584443	-159.186	-40.670	0.2635
2	7	tracking	-847.390151	68.712344	-261.142272	-134.186	-46.375	0.2321
2	8	tracking	-847.034052	68.747852	-261.683844	-150.375	-42.740	0.2762
2	9	tracking	-846.691437	68.790551	-262.210929	-150.375	-34.740	0.2375
2	10	tracking	-846.360385	68.836374	-262.725899	-150.375	-26.740	0.3380
2	11	tracking	-846.038924	68.880283	-263.231329	-150.375	-18.740	0.2759
2	12	tracking	-845.711981	68.925618	-263.710438	-125.375	-26.740	0.2776
2	13	tracking	-845.375779	68.972813	-264.145543	-100.375	-34.740	0.2775
2	14	tracking	-845.036398	69.019217	-264.522830	-75.375	-42.740	0.2078
2	15	tracking	-844.705837	69.059505	-264.835665	-50.375	-50.740	0.2068
2	16	tracking	-844.451352	69.122903	-265.160322	-51.747	-42.740	0.1853
2	17	tracking	-844.164826	69.128378	-265.374825	-26.747	-34.740	0.1761
2	18	tracking	-843.895315	69.124526	-265.537737	-26.747	-26.740	0.1598
2	19	tracking	-843.642195	69.110021	-265.657125	-26.747	-25.689	0.1657
2	20	tracking	-843.415814	69.085007	-265.735599	-1.747	-17.689	0.1794
2	21	tracking	-843.224503	69.048734	-265.781330	23.253	-9.689	0.1465
2	22	tracking	-843.068487	69.001393	-265.803509	37.878	-7.940	0.1396
2	23	tracking	-842.942254	68.943590	-265.806844	37.878	-7.940	0.1186
2	24	tracking	-842.845844	68.874719	-265.801589	62.878	-15.940	0.1264
2	25	tracking	-842.774310	68.790942	-265.791056	67.848	-23.940	0.1368
2	26	tracking	-842.723105	68.686091	-265.776570	67.848	-31.940	0.1196
2	27	tracking	-842.688490	68.552405	-265.759181	67.848	-39.940	0.1236
2	28	tracking	-842.664775	68.382157	-265.736004	42.848	-47.168	0.1008
2	29	tracking	-842.647194	68.177221	-265.704331	17.848	-47.168	0.1005
2	30	tracking	-842.629882	67.940142	-265.662981	-7.152	-47.168	0.0985
2	31	tracking	-842.606378	67.673813	-265.613285	-32.152	-47.168	0.0877
2	32	tracking	-842.583775	67.369700	-265.555777	-7.152	-55.168	0.0889
2	33	tracking	-842.568078	67.029331	-265.490744	17.848	-55.963	0.0821
2	34	landing	-842.560396	66.667255	-265.413219	17.848	-47.963	0.0543
2	35	landing	-842.560367	66.285887	-265.322978	17.848	-47.963	0.0508
2	36	landing	-842.567668	65.887609	-265.219821	17.848	-47.963	0.0509
3	0	tracking	-850.645964	68.867102	-257.032114	-139.104	-4.000	0.3293
3	1	tracking	-849.991601	68.807284	-257.601772	-164.104	-0.670	0.3546
3	2	tracking	-849.422535	68.751906	-258.196524	170.896	-8.670	0.2774
3	3	tracking	-848.951149	68.710040	-258.797665	153.407	-16.670	0.2679
3	4	tracking	-848.533079	68.685017	-259.402840	178.407	-24.670	0.2380
3	5	tracking	-848.135704	68.677907	-259.999512	-156.593	-32.670	0.2384
3	6	tracking	-847.761383	68.687936	-260.584443	-159.186	-40.670	0.2429
3	7	tracking	-847.390151	68.712344	-261.142272	-134.186	-46.375	0.2281
3	8	tracking	-847.034052	68.747852	-261.683844	-150.375	-42.740	0.2466
3	9	tracking	-846.691437	68.790551	-262.210929	-150.375	-34.740	0.2406
3	10	tracking	-846.360385	68.836374	-262.725899	-150.375	-26.740	0.2575
3	11	tracking	-846.038924	68.880283	-263.231329	-150.375	-18.740	0.2830
3	12	tracking	-845.711981	68.925618	-263.710438	-125.375	-26.740	0.2028
3	13	tracking	-845.375779	68.972813	-264.145543	-100.375	-34.740	0.1938
3	14	tracking	-845.036398	69.019217	-264.522830	-75.375	-42.740	0.1782
3	15	tracking	-844.705837	69.059505	-264.835665	-50.375	-50.740	0.2351
3	16	tracking	-844.351352	69.122903	-265.160322	-51.747	-42.740	0.1691
3	17	tracking	-844.064826	69.128378	-265.374825	-26.747	-34.740	0.1322
3	18	tracking	-843.795315	69.124526	-265.537737	-26.747	-26.740	0.1247
3	19	tracking	-843.542195	69.110021	-265.657125	-26.747	-25.689	0.1279
3	20	tracking	-843.315814	69.085007	-265.735599	-1.747	-17.689	0.1159
3	21	tracking	-843.124503	69.048734	-265.781330	23.253	-9.689	0.1015
3	22	tracking	-842.968487	69.001393	-265.803509	37.878	-7.940	0.1020
3	23	tracking	-842.842254	68.943590	-265.806844	37.878	-7.940	0.1035
3	24	tracking	-842.745844	68.874719	-265.801589	62.878	-15.940	0.0925
3	25	tracking	-842.674310	68.790942	-265.791056	67.848	-23.940	0.0917
3	26	tracking	-842.623105	68.686091	-265.776570	67.848	-31.940	0.0864
3	27	tracking	-842.588490	68.552405	-265.759181	67.848	-39.940	0.0844
3	28	tracking	-842.564775	68.382157	-265.736004	42.848	-47.168	0.0851
3	29	tracking	-842.547194	68.177221	-265.704331	17.848	-47.168	0.0913
3	30	tracking	-842.529882	67.940142	-265.662981	-7.152	-47.168	0.0661
3	31	tracking	-842.506378	67.673813	-265.613285	-32.152	-47.168	0.0643
3	32	tracking	-842.483775	67.369700	-265.555777	-7.152	-55.168	0.0615
3	33	tracking	-842.468078	67.029331	-265.490744	17.848	-55.963	0.0616
3	34	landing	-842.460396	66.667255	-265.413219	17.848	-47.963	0.0377
3	35	landing	-842.460367	66.285887	-265.322978	17.848	-47.963	0.0468
3	36	landing	-842.467668	65.887609	-265.219821	17.848	-47.963	0.0365
4	0	tracking	-850.645964	68.867102	-257.032114	-139.104	-4.000	0.3625
4	1	tracking	-849.991601	68.807284	-257.601772	-164.104	-0.670	0.3137
4	2	tracking	-849.422535	68.751906	-258.196524	170.896	-8.670	0.3033
4	3	tracking	-848.951149	68.710040	-258.797665	153.407	-16.670	0.2683
4	4	tracking	-848.533079	68.685017	-259.402840	178.407	-24.670	0.2684
4	5	tracking	-848.135704	68.677907	-259.999512	-156.593	-32.670	0.2608
4	6	tracking	-847.761383	68.687936	-260.584443	-159.186	-40.670	0.2681
4	7	tracking	-847.390151	68.712344	-261.142272	-134.186	-46.375	0.6871
4	8	tracking	-847.034052	68.747852	-261.683844	-150.375	-42.740	0.5660
4	9	tracking	-846.691437	68.790551	-262.210929	-150.375	-34.740	0.5232
4	10	tracking	-846.360385	68.836374	-262.725899	-150.375	-26.740	0.4657
4	11	tracking	-846.038924	68.880283	-263.231329	-150.375	-18.740	0.2143
4	12	tracking	-845.711981	68.925618	-263.710438	-125.375	-26.740	0.2399
4	13	tracking	-845.375779	68.972813	-264.145543	-100.375	-34.740	0.1988
4	14	tracking	-845.036398	69.019217	-264.522830	-75.375	-42.740	0.1820
4	15	tracking	-844.705837	69.059505	-264.835665	-50.375	-50.740	0.1836
4	16	tracking	-844.451352	69.022903	-265.060322	-51.747	-42.740	0.1703
4	17	tracking	-844.164826	69.028378	-265.274825	-26.747	-34.740	0.1774
4	18	tracking	-843.895315	69.024526	-265.437737	-26.747	-26.740	0.1607
4	19	tracking	-843.642195	69.010021	-265.557125	-26.747	-25.689	0.1507
4	20	tracking	-843.415814	68.985007	-265.635599	-1.747	-17.689	0.1365
4	21	tracking	-843.224503	68.948734	-265.681330	23.253	-9.689	0.1528
4	22	tracking	-843.068487	68.901393	-265.703509	37.878	-7.940	0.1512
4	23	tracking	-842.942254	68.843590	-265.706844	37.878	-7.940	0.1330
4	24	tracking	-842.845844	68.774719	-265.701589	62.878	-15.940	0.1299
4	25	tracking	-842.774310	68.690942	-265.691056	67.848	-23.940	0.1182
4	26	tracking	-842.723105	68.586091	-265.676570	67.848	-31.940	0.1096
4	27	tracking	-842.688490	68.452405	-265.659181	67.848	-39.940	0.1187
4	28	tracking	-842.664775	68.282157	-265.636004	42.848	-47.168	0.1072
4	29	tracking	-842.647194	68.077221	-265.604331	17.848	-47.168	0.0930
4	30	tracking	-842.629882	67.840142	-265.562981	-7.152	-47.168	0.0894
4	31	tracking	-842.606378	67.573813	-265.513285	-32.152	-47.168	0.0855
4	32	tracking	-842.583775	67.269700	-265.455777	-7.152	-55.168	0.1258
4	33	tracking	-842.568078	66.929331	-265.390744	17.848	-55.963	0.0771
4	34	landing	-842.560396	66.567255	-265.313219	17.848	-47.963	0.0594
4	35	landing	-842.560367	66.185887	-265.222978	17.848	-47.963	0.0495
4	36	landing	-842.567668	65.787609	-265.119821	17.848	-47.963	0.0444
5	0	tracking	-850.645964	68.867102	-257.032114	-139.104	-4.000	0.3183
5	1	tracking	-849.991601	68.807284	-257.601772	-164.104	-0.670	0.2636
5	2	tracking	-849.422535	68.751906	-258.196524	170.896	-8.670	0.2525
5	3	tracking	-848.951149	68.710040	-258.797665	153.407	-16.670	0.2571
5	4	tracking	-848.533079	68.685017	-259.402840	178.407	-24.670	0.5787
5	5	tracking	-848.135704	68.677907	-259.999512	-156.593	-32.670	0.3900
5	6	tracking	-847.761383	68.687936	-260.584443	-159.186	-40.670	0.3582
5	7	tracking	-847.390151	68.712344	-261.142272	-134.186	-46.375	0.3579
5	8	tracking	-847.034052	68.747852	-261.683844	-150.375	-42.740	0.3923
5	9	tracking	-846.691437	68.790551	-262.210929	-150.375	-34.740	0.2979
5	10	tracking	-846.360385	68.836374	-262.725899	-150.375	-26.740	0.3378
5	11	tracking	-846.038924	68.880283	-263.231329	-150.375	-18.740	0.2788
5	12	tracking	-845.711981	68.925618	-263.710438	-125.375	-26.740	0.2930
5	13	tracking	-845.375779	68.972813	-264.145543	-100.375	-34.740	0.2871
5	14	tracking	-845.036398	69.019217	-264.522830	-75.375	-42.740	0.2848
5	15	tracking	-844.705837	69.059505	-264.835665	-50.375	-50.740	0.2690
5	16	tracking	-844.351352	69.022903	-265.060322	-51.747	-42.740	0.1916
5	17	tracking	-844.064826	69.028378	-265.274825	-26.747	-34.740	0.1904
5	18	tracking	-843.795315	69.024526	-265.437737	-26.747	-26.740	0.1696
5	19	tracking	-843.542195	69.010021	-265.557125	-26.747	-25.689	0.1849
5	20	tracking	-843.315814	68.985007	-265.635599	-1.747	-17.689	0.1526
5	21	tracking	-843.124503	68.948734	-265.681330	23.253	-9.689	0.1405
5	22	tracking	-842.968487	68.901393	-265.703509	37.878	-7.940	0.1364
5	23	tracking	-842.842254	68.843590	-265.706844	37.878	-7.940	0.1348
5	24	tracking	-842.745844	68.774719	-265.701589	62.878	-15.940	0.1466
5	25	tracking	-842.674310	68.690942	-265.691056	67.848	-23.940	0.1140
5	26	tracking	-842.623105	68.586091	-265.676570	67.848	-31.940	0.1071
5	27	tracking	-842.588490	68.452405	-265.659181	67.848	-39.940	0.0982
5	28	tracking	-842.564775	68.282157	-265.636004	42.848	-47.168	0.0934
5	29	tracking	-842.547194	68.077221	-265.604331	17.848	-47.168	0.0914
5	30	tracking	-842.529882	67.840142	-265.562981	-7.152	-47.168	0.0821
5	31	tracking	-842.506378	67.573813	-265.513285	-32.152	-47.168	0.0777
5	32	tracking	-842.483775	67.269700	-265.455777	-7.152	-55.168	0.0786
5	33	tracking	-842.468078	66.929331	-265.390744	17.848	-55.963	0.0706
5	34	landing	-842.460396	66.567255	-265.313219	17.848	-47.963	0.0528
5	35	landing	-842.460367	66.185887	-265.222978	17.848	-47.963	0.0474
5	36	landing	-842.467668	65.787609	-265.119821	17.848	-47.963	0.0413
6	0	tracking	-850.645964	68.867102	-257.032114	-139.104	-4.000	3.1025
6	1	tracking	-849.991601	68.807284	-257.601772	-164.104	-0.670	0.4392
6	2	tracking	-849.422535	68.751906	-258.196524	170.896	-8.670	0.4007
6	3	tracking	-848.951149	68.710040	-258.797665	153.407	-16.670	0.3619
6	4	tracking	-848.533079	68.685017	-259.402840	178.407	-24.670	0.3646
6	5	tracking	-848.135704	68.677907	-259.999512	-156.593	-32.670	0.3647
6	6	tracking	-847.761383	68.687936	-260.584443	-159.186	-40.670	0.3379
6	7	tracking	-847.390151	68.712344	-261.142272	-134.186	-46.375	0.3354
6	8	tracking	-847.034052	68.747852	-261.683844	-150.375	-42.740	0.3021
6	9	tracking	-846.691437	68.790551	-262.210929	-150.375	-34.740	0.2889
6	10	tracking	-846.360385	68.836374	-262.725899	-150.375	-26.740	0.2961
6	11	tracking	-846.038924	68.880283	-263.231329	-150.375	-18.740	0.2733
6	12	tracking	-845.711981	68.925618	-263.710438	-125.375	-26.740	0.2621
6	13	tracking	-845.375779	68.972813	-264.145543	-100.375	-34.740	0.2726
6	14	tracking	-845.036398	69.019217	-264.522830	-75.375	-42.740	0.3240
6	15	tracking	-844.705837	69.059505	-264.835665	-50.375	-50.740	0.2558
6	16	tracking	-844.451352	69.122903	-265.060322	-51.747	-42.740	0.2573
6	17	tracking	-844.164826	69.128378	-265.274825	-26.747	-34.740	0.2780
6	18	tracking	-843.895315	69.124526	-265.437737	-26.747	-26.740	0.2105
6	19	tracking	-843.642195	69.110021	-265.557125	-26.747	-25.689	0.2078
6	20	tracking	-843.415814	69.085007	-265.635599	-1.747	-17.689	0.1985
6	21	tracking	-843.224503	69.048734	-265.681330	23.253	-9.689	0.1961
6	22	tracking	-843.068487	69.001393	-265.703509	37.878	-7.940	0.1659
6	23	tracking	-842.942254	68.943590	-265.706844	37.878	-7.940	0.1650
6	24	tracking	-842.845844	68.874719	-265.701589	62.878	-15.940	0.1549
6	25	tracking	-842.774310	68.790942	-265.691056	67.848	-23.940	0.1422
6	26	tracking	-842.723105	68.686091	-265.676570	67.848	-31.940	0.1311
6	27	tracking	-842.688490	68.552405	-265.659181	67.848	-39.940	0.1793
6	28	tracking	-842.664775	68.382157	-265.636004	42.848	-47.168	0.1298
6	29	tracking	-842.647194	68.177221	-265.604331	17.848	-47.168	0.1241
6	30	tracking	-842.629882	67.940142	-265.562981	-7.152	-47.168	0.1411
6	31	tracking	-842.606378	67.673813	-265.513285	-32.152	-47.168	0.0993
6	32	tracking	-842.583775	67.369700	-265.455777	-7.152	-55.168	0.0903
6	33	tracking	-842.568078	67.029331	-265.390744	17.848	-55.963	0.0941
6	34	landing	-842.560396	66.667255	-265.313219	17.848	-47.963	0.0689
6	35	landing	-842.560367	66.285887	-265.222978	17.848	-47.963	0.0643
6	36	landing	-842.567668	65.887609	-265.119821	17.848	-47.963	0.0570
7	0	tracking	-850.645964	68.867102	-257.032114	-139.104	-4.000	0.4448
7	1	tracking	-849.991601	68.807284	-257.601772	-164.104	-0.670	0.3625
7	2	tracking	-849.422535	68.751906	-258.196524	170.896	-8.670	0.3587
7	3	tracking	-848.951149	68.710040	-258.797665	153.407	-16.670	0.3336
7	4	tracking	-848.533079	68.685017	-259.402840	178.407	-24.670	0.3210
7	5	tracking	-848.135704	68.677907	-259.999512	-156.593	-32.670	0.3246
7	6	tracking	-847.761383	68.687936	-260.584443	-159.186	-40.670	0.3112
7	7	tracking	-847.390151	68.712344	-261.142272	-134.186	-46.375	0.2937
7	8	tracking	-847.034052	68.747852	-261.683844	-150.375	-42.740	0.2928
7	9	tracking	-846.691437	68.790551	-262.210929	-150.375	-34.740	0.2725
7	10	tracking	-846.360385	68.836374	-262.725899	-150.375	-26.740	0.2644
7	11	tracking	-846.038924	68.880283	-263.231329	-150.375	-18.740	0.2649
7	12	tracking	-845.711981	68.925618	-263.710438	-125.375	-26.740	0.4624
7	13	tracking	-845.375779	68.972813	-264.145543	-100.375	-34.740	0.2590
7	14	tracking	-845.036398	69.019217	-264.522830	-75.375	-42.740	0.2286
7	15	tracking	-844.705837	69.059505	-264.835665	-50.375	-50.740	0.2175
7	16	tracking	-844.351352	69.122903	-265.060322	-51.747	-42.740	0.1910
7	17	tracking	-844.064826	69.128378	-265.274825	-26.747	-34.740	0.1749
7	18	tracking	-843.795315	69.124526	-265.437737	-26.747	-26.740	0.1683
7	19	tracking	-843.542195	69.110021	-265.557125	-26.747	-25.689	0.1463
7	20	tracking	-843.315814	69.085007	-265.635599	-1.747	-17.689	0.1522
7	21	tracking	-843.124503	69.048734	-265.681330	23.253	-9.689	0.1271
7	22	tracking	-842.968487	69.001393	-265.703509	37.878	-7.940	0.1178
7	23	tracking	-842.842254	68.943590	-265.706844	37.878	-7.940	0.1152
7	24	tracking	-842.745844	68.874719	-265.701589	62.878	-15.940	0.1093
7	25	tracking	-842.674310	68.790942	-265.691056	67.848	-23.940	0.1010
7	26	tracking	-842.623105	68.686091	-265.676570	67.848	-31.940	0.1022
7	27	tracking	-842.588490	68.552405	-265.659181	67.848	-39.940	0.1074
7	28	tracking	-842.564775	68.382157	-265.636004	42.848	-47.168	0.0830
7	29	tracking	-842.547194	68.177221	-265.604331	17.848	-47.168	0.0776
7	30	tracking	-842.529882	67.940142	-265.562981	-7.152	-47.168	0.0650
7	31	tracking	-842.506378	67.673813	-265.513285	-32.152	-47.168	0.0617
7	32	tracking	-842.483775	67.369700	-265.455777	-7.152	-55.168	0.0564
7	33	tracking	-842.468078	67.029331	-265.390744	17.848	-55.963	0.0552
7	34	landing	-842.460396	66.667255	-265.313219	17.848	-47.963	0.0703
7	35	landing	-842.460367	66.285887	-265.222978	17.848	-47.963	0.0536
7	36	landing	-842.467668	65.887609	-265.119821	17.848	-47.963	0.0407
8	0	tracking	-850.645964	68.867102	-257.032114	-139.104	-4.000	0.8960
8	1	tracking	-849.991601	68.807284	-257.601772	-164.104	-0.670	0.7701
8	2	tracking	-849.422535	68.751906	-258.196524	170.896	-8.670	0.3676
8	3	tracking	-848.951149	68.710040	-258.797665	153.407	-16.670	0.3413
8	4	tracking	-848.533079	68.685017	-259.402840	178.407	-24.670	0.3163
8	5	tracking	-848.135704	68.677907	-259.999512	-156.593	-32.670	0.3104
8	6	tracking	-847.761383	68.687936	-260.584443	-159.186	-40.670	0.3405
8	7	tracking	-847.390151	68.712344	-261.142272	-134.186	-46.375	0.2954
8	8	tracking	-847.034052	68.747852	-261.683844	-150.375	-42.740	0.2982
8	9	tracking	-846.691437	68.790551	-262.210929	-150.375	-34.740	0.2779
8	10	tracking	-846.360385	68.836374	-262.725899	-150.375	-26.740	0.2694
8	11	tracking	-846.038924	68.880283	-263.231329	-150.375	-18.740	0.2502
8	12	tracking	-845.711981	68.925618	-263.710438	-125.375	-26.740	0.2570
8	13	tracking	-845.375779	68.972813	-264.145543	-100.375	-34.740	0.2529
8	14	tracking	-845.036398	69.019217	-264.522830	-75.375	-42.740	0.2340
8	15	tracking	-844.705837	69.059505	-264.835665	-50.375	-50.740	0.2326
8	16	tracking	-844.414056	69.025302	-265.159017	-51.747	-42.740	0.2146
8	17	tracking	-844.093389	69.034941	-265.370547	-26.747	-34.740	0.1945
8	18	tracking	-843.792611	69.036324	-265.529132	-26.747	-26.740	0.1906
8	19	tracking	-843.510859	69.027899	-265.643129	-26.747	-25.689	0.2055
8	20	tracking	-843.258917	69.009219	-265.715170	-1.747	-17.689	0.1684
8	21	tracking	-843.045438	68.979024	-265.753755	23.253	-9.689	0.1653
8	22	tracking	-842.870514	68.937406	-265.768484	37.878	-7.940	0.1503
8	23	tracking	-842.728164	68.884973	-265.764242	37.878	-7.940	0.1413
8	24	tracking	-842.618281	68.821434	-265.751780	62.878	-15.940	0.1347
8	25	tracking	-842.535474	68.743160	-265.734530	67.848	-23.940	0.1380
8	26	tracking	-842.474810	68.644128	-265.713820	67.848	-31.940	0.1219
8	27	tracking	-842.432251	68.516687	-265.690689	67.848	-39.940	0.1167
8	28	tracking	-842.401764	68.353168	-265.662065	42.848	-47.168	0.1109
8	29	tracking	-842.378258	68.155318	-265.625202	17.848	-47.168	0.1013
8	30	tracking	-842.355635	67.925553	-265.578976	-7.152	-47.168	0.0939
8	31	tracking	-842.327302	67.666670	-265.524780	-32.152	-47.168	0.0896
8	32	tracking	-842.300370	67.370253	-265.463050	-7.152	-55.168	0.0829
8	33	tracking	-842.280867	67.037766	-265.394093	17.848	-55.963	0.0781
8	34	landing	-842.269805	66.683514	-265.313042	17.848	-47.963	0.0679
8	35	landing	-842.266754	66.309831	-265.219688	17.848	-47.963	0.0608
8	36	landing	-842.271338	65.919043	-265.113831	17.848	-47.963	0.0520
9	0	tracking	-850.645964	68.867102	-257.032114	-139.104	-4.000	0.4087
9	1	tracking	-849.991601	68.807284	-257.601772	-164.104	-0.670	0.3587
9	2	tracking	-849.422535	68.751906	-258.196524	170.896	-8.670	0.3423
9	3	tracking	-848.951149	68.710040	-258.797665	153.407	-16.670	0.3495
9	4	tracking	-848.533079	68.685017	-259.402840	178.407	-24.670	0.3906
9	5	tracking	-848.135704	68.677907	-259.999512	-156.593	-32.670	0.6411
9	6	tracking	-847.761383	68.687936	-260.584443	-159.186	-40.670	0.6112
9	7	tracking	-847.390151	68.712344	-261.142272	-134.186	-46.375	0.3082
9	8	tracking	-847.034052	68.747852	-261.683844	-150.375	-42.740	0.2876
9	9	tracking	-846.691437	68.790551	-262.210929	-150.375	-34.740	0.2888
9	10	tracking	-846.360385	68.836374	-262.725899	-150.375	-26.740	0.2770
9	11	tracking	-846.038924	68.880283	-263.231329	-150.375	-18.740	0.2632
9	12	tracking	-845.711981	68.925618	-263.710438	-125.375	-26.740	0.3040
9	13	tracking	-845.375779	68.972813	-264.145543	-100.375	-34.740	0.2419
9	14	tracking	-845.036398	69.019217	-264.522830	-75.375	-42.740	0.2380
9	15	tracking	-844.705837	69.059505	-264.835665	-50.375	-50.740	0.2184
9	16	tracking	-844.314056	69.025302	-265.159017	-51.747	-42.740	0.2038
9	17	tracking	-843.993389	69.034941	-265.370547	-26.747	-34.740	0.1861
9	18	tracking	-843.692611	69.036324	-265.529132	-26.747	-26.740	0.1171
9	19	tracking	-843.410859	69.027899	-265.643129	-26.747	-25.689	0.0887
9	20	tracking	-843.158917	69.009219	-265.715170	-1.747	-17.689	0.0742
9	21	tracking	-842.945438	68.979024	-265.753755	23.253	-9.689	0.0585
9	22	tracking	-842.770514	68.937406	-265.768484	37.878	-7.940	0.0635
9	23	tracking	-842.628164	68.884973	-265.764242	37.878	-7.940	0.0573
9	24	tracking	-842.518281	68.821434	-265.751780	62.878	-15.940	0.0531
9	25	tracking	-842.435474	68.743160	-265.734530	67.848	-23.940	0.0517
9	26	tracking	-842.374810	68.644128	-265.713820	67.848	-31.940	0.0481
9	27	tracking	-842.332251	68.516687	-265.690689	67.848	-39.940	0.0451
9	28	tracking	-842.301764	68.353168	-265.662065	42.848	-47.168	0.0515
9	29	tracking	-842.278258	68.155318	-265.625202	17.848	-47.168	0.0466
9	30	tracking	-842.255635	67.925553	-265.578976	-7.152	-47.168	0.0427
9	31	tracking	-842.227302	67.666670	-265.524780	-32.152	-47.168	0.0414
9	32	tracking	-842.200370	67.370253	-265.463050	-7.152	-55.168	0.0451
9	33	tracking	-842.180867	67.037766	-265.394093	17.848	-55.963	0.0393
9	34	landing	-842.169805	66.683514	-265.313042	17.848	-47.963	0.0332
9	35	landing	-842.166754	66.309831	-265.219688	17.848	-47.963	0.0307
9	36	landing	-842.171338	65.919043	-265.113831	17.848	-47.963	0.0290
10	0	tracking	-850.645964	68.867102	-257.032114	-139.104	-4.000	0.2115
10	1	tracking	-849.991601	68.807284	-257.601772	-164.104	-0.670	0.1380
10	2	tracking	-849.422535	68.751906	-258.196524	170.896	-8.670	0.1284
10	3	tracking	-848.951149	68.710040	-258.797665	153.407	-16.670	0.1496
10	4	tracking	-848.533079	68.685017	-259.402840	178.407	-24.670	0.3200
10	5	tracking	-848.135704	68.677907	-259.999512	-156.593	-32.670	0.1819
10	6	tracking	-847.761383	68.687936	-260.584443	-159.186	-40.670	0.2716
10	7	tracking	-847.390151	68.712344	-261.142272	-134.186	-46.375	0.1224
10	8	tracking	-847.034052	68.747852	-261.683844	-150.375	-42.740	0.1029
10	9	tracking	-846.691437	68.790551	-262.210929	-150.375	-34.740	0.0983
10	10	tracking	-846.360385	68.836374	-262.725899	-150.375	-26.740	0.0898
10	11	tracking	-846.038924	68.880283	-263.231329	-150.375	-18.740	0.1012
10	12	tracking	-845.711981	68.925618	-263.710438	-125.375	-26.740	0.0928
10	13	tracking	-845.375779	68.972813	-264.145543	-100.375	-34.740	0.0817
10	14	tracking	-845.036398	69.019217	-264.522830	-75.375	-42.740	0.0805
10	15	tracking	-844.705837	69.059505	-264.835665	-50.375	-50.740	0.0733
10	16	tracking	-844.414056	69.125302	-265.159017	-51.747	-42.740	0.0749
10	17	tracking	-844.093389	69.134941	-265.370547	-26.747	-34.740	0.1341
10	18	tracking	-843.792611	69.136324	-265.529132	-26.747	-26.740	0.0731
10	19	tracking	-843.510859	69.127899	-265.643129	-26.747	-25.689	0.0671
10	20	tracking	-843.258917	69.109219	-265.715170	-1.747	-17.689	0.0884
10	21	tracking	-843.045438	69.079024	-265.753755	23.253	-9.689	0.0593
10	22	tracking	-842.870514	69.037406	-265.768484	37.878	-7.940	0.0566
10	23	tracking	-842.728164	68.984973	-265.764242	37.878	-7.940	0.1312
10	24	tracking	-842.618281	68.921434	-265.751780	62.878	-15.940	0.0690
10	25	tracking	-842.535474	68.843160	-265.734530	67.848	-23.940	0.0544
10	26	tracking	-842.474810	68.744128	-265.713820	67.848	-31.940	0.0493
10	27	tracking	-842.432251	68.616687	-265.690689	67.848	-39.940	0.0476
10	28	tracking	-842.401764	68.453168	-265.662065	42.848	-47.168	0.0509
10	29	tracking	-842.378258	68.255318	-265.625202	17.848	-47.168	0.0470
10	30	tracking	-842.355635	68.025553	-265.578976	-7.152	-47.168	0.0430
10	31	tracking	-842.327302	67.766670	-265.524780	-32.152	-47.168	0.0436
10	32	tracking	-842.300370	67.470253	-265.463050	-7.152	-55.168	0.0394
10	33	tracking	-842.280867	67.137766	-265.394093	17.848	-55.963	0.0389
10	34	landing	-842.269805	66.783514	-265.313042	17.848	-47.963	0.0358
10	35	landing	-842.266754	66.409831	-265.219688	17.848	-47.963	0.0321
10	36	landing	-842.271338	66.019043	-265.113831	17.848	-47.963	0.0323
10	37	landing	-842.283213	65.613410	-264.995317	17.848	-47.963	0.0298
11	0	tracking	-850.645964	68.867102	-257.032114	-139.104	-4.000	0.1856
11	1	tracking	-849.991601	68.807284	-257.601772	-164.104	-0.670	0.1349
11	2	tracking	-849.422535	68.751906	-258.196524	170.896	-8.670	0.1227
11	3	tracking	-848.951149	68.710040	-258.797665	153.407	-16.670	0.1142
11	4	tracking	-848.533079	68.685017	-259.402840	178.407	-24.670	0.2058
11	5	tracking	-848.135704	68.677907	-259.999512	-156.593	-32.670	0.1183
11	6	tracking	-847.761383	68.687936	-260.584443	-159.186	-40.670	0.0980
11	7	tracking	-847.390151	68.712344	-261.142272	-134.186	-46.375	0.0956
11	8	tracking	-847.034052	68.747852	-261.683844	-150.375	-42.740	0.0917
11	9	tracking	-846.691437	68.790551	-262.210929	-150.375	-34.740	0.0862
11	10	tracking	-846.360385	68.836374	-262.725899	-150.375	-26.740	0.1221
11	11	tracking	-846.038924	68.880283	-263.231329	-150.375	-18.740	0.0887
11	12	tracking	-845.711981	68.925618	-263.710438	-125.375	-26.740	0.0796
11	13	tracking	-845.375779	68.972813	-264.145543	-100.375	-34.740	0.0779
11	14	tracking	-845.036398	69.019217	-264.522830	-75.375	-42.740	0.1257
11	15	tracking	-844.705837	69.059505	-264.835665	-50.375	-50.740	0.2258
11	16	tracking	-844.314056	69.125302	-265.159017	-51.747	-42.740	0.1696
11	17	tracking	-843.993389	69.134941	-265.370547	-26.747	-34.740	0.1574
11	18	tracking	-843.692611	69.136324	-265.529132	-26.747	-26.740	0.1501
11	19	tracking	-843.410859	69.127899	-265.643129	-26.747	-25.689	0.1777
11	20	tracking	-843.158917	69.109219	-265.715170	-1.747	-17.689	0.1411
11	21	tracking	-842.945438	69.079024	-265.753755	23.253	-9.689	0.1325
11	22	tracking	-842.770514	69.037406	-265.768484	37.878	-7.940	0.1378
11	23	tracking	-842.628164	68.984973	-265.764242	37.878	-7.940	0.0756
11	24	tracking	-842.518281	68.921434	-265.751780	62.878	-15.940	0.0665
11	25	tracking	-842.435474	68.843160	-265.734530	67.848	-23.940	0.0583
11	26	tracking	-842.374810	68.744128	-265.713820	67.848	-31.940	0.0528
11	27	tracking	-842.332251	68.616687	-265.690689	67.848	-39.940	0.0663
11	28	tracking	-842.301764	68.453168	-265.662065	42.848	-47.168	0.0492
11	29	tracking	-842.278258	68.255318	-265.625202	17.848	-47.168	0.0496
11	30	tracking	-842.255635	68.025553	-265.578976	-7.152	-47.168	0.0461
11	31	tracking	-842.227302	67.766670	-265.524780	-32.152	-47.168	0.0482
11	32	tracking	-842.200370	67.470253	-265.463050	-7.152	-55.168	0.0413
11	33	tracking	-842.180867	67.137766	-265.394093	17.848	-55.963	0.0415
11	34	landing	-842.169805	66.783514	-265.313042	17.848	-47.963	0.0362
11	35	landing	-842.166754	66.409831	-265.219688	17.848	-47.963	0.0502
11	36	landing	-842.171338	66.019043	-265.113831	17.848	-47.963	0.0456
11	37	landing	-842.183213	65.613410	-264.995317	17.848	-47.963	0.0337
12	0	tracking	-850.645964	68.867102	-257.032114	-139.104	-4.000	0.2023
12	1	tracking	-849.991601	68.807284	-257.601772	-164.104	-0.670	0.1865
12	2	tracking	-849.422535	68.751906	-258.196524	170.896	-8.670	0.2065
12	3	tracking	-848.951149	68.710040	-258.797665	153.407	-16.670	0.1365
12	4	tracking	-848.533079	68.685017	-259.402840	178.407	-24.670	0.1332
12	5	tracking	-848.135704	68.677907	-259.999512	-156.593	-32.670	0.1203
12	6	tracking	-847.761383	68.687936	-260.584443	-159.186	-40.670	0.1291
12	7	tracking	-847.390151	68.712344	-261.142272	-134.186	-46.375	0.1069
12	8	tracking	-847.034052	68.747852	-261.683844	-150.375	-42.740	0.1029
12	9	tracking	-846.691437	68.790551	-262.210929	-150.375	-34.740	0.1081
12	10	tracking	-846.360385	68.836374	-262.725899	-150.375	-26.740	0.0990
12	11	tracking	-846.038924	68.880283	-263.231329	-150.375	-18.740	0.0906
12	12	tracking	-845.711981	68.925618	-263.710438	-125.375	-26.740	0.1317
12	13	tracking	-845.375779	68.972813	-264.145543	-100.375	-34.740	0.1033
12	14	tracking	-845.036398	69.019217	-264.522830	-75.375	-42.740	0.0876
12	15	tracking	-844.705837	69.059505	-264.835665	-50.375	-50.740	0.0884
12	16	tracking	-844.414056	69.025302	-265.059017	-51.747	-42.740	0.0888
12	17	tracking	-844.093389	69.034941	-265.270547	-26.747	-34.740	0.0764
12	18	tracking	-843.792611	69.036324	-265.429132	-26.747	-26.740	0.0782
12	19	tracking	-843.510859	69.027899	-265.543129	-26.747	-25.689	0.0600
12	20	tracking	-843.258917	69.009219	-265.615170	-1.747	-17.689	0.0549
12	21	tracking	-843.045438	68.979024	-265.653755	23.253	-9.689	0.0550
12	22	tracking	-842.870514	68.937406	-265.668484	37.878	-7.940	0.0505
12	23	tracking	-842.728164	68.884973	-265.664242	37.878	-7.940	0.0489
12	24	tracking	-842.618281	68.821434	-265.651780	62.878	-15.940	0.0516
12	25	tracking	-842.535474	68.743160	-265.634530	67.848	-23.940	0.0475
12	26	tracking	-842.474810	68.644128	-265.613820	67.848	-31.940	0.0521
12	27	tracking	-842.432251	68.516687	-265.590689	67.848	-39.940	0.0444
12	28	tracking	-842.401764	68.353168	-265.562065	42.848	-47.168	0.0471
12	29	tracking	-842.378258	68.155318	-265.525202	17.848	-47.168	0.0499
12	30	tracking	-842.355635	67.925553	-265.478976	-7.152	-47.168	0.0460
12	31	tracking	-842.327302	67.666670	-265.424780	-32.152	-47.168	0.0771
12	32	tracking	-842.300370	67.370253	-265.363050	-7.152	-55.168	0.0397
12	33	tracking	-842.280867	67.037766	-265.294093	17.848	-55.963	0.0427
12	34	landing	-842.269805	66.683514	-265.213042	17.848	-47.963	0.0362
12	35	landing	-842.266754	66.309831	-265.119688	17.848	-47.963	0.0358
12	36	landing	-842.271338	65.919043	-265.013831	17.848	-47.963	0.0369
13	0	tracking	-850.645964	68.867102	-257.032114	-139.104	-4.000	0.3313
13	1	tracking	-849.991601	68.807284	-257.601772	-164.104	-0.670	0.2528
13	2	tracking	-849.422535	68.751906	-258.196524	170.896	-8.670	0.2173
13	3	tracking	-848.951149	68.710040	-258.797665	153.407	-16.670	0.2316
13	4	tracking	-848.533079	68.685017	-259.402840	178.407	-24.670	0.3201
13	5	tracking	-848.135704	68.677907	-259.999512	-156.593	-32.670	0.2139
13	6	tracking	-847.761383	68.687936	-260.584443	-159.186	-40.670	0.1971
13	7	tracking	-847.390151	68.712344	-261.142272	-134.186	-46.375	0.1870
13	8	tracking	-847.034052	68.747852	-261.683844	-150.375	-42.740	0.1835
13	9	tracking	-846.691437	68.790551	-262.210929	-150.375	-34.740	0.1745
13	10	tracking	-846.360385	68.836374	-262.725899	-150.375	-26.740	0.2939
13	11	tracking	-846.038924	68.880283	-263.231329	-150.375	-18.740	0.0984
13	12	tracking	-845.711981	68.925618	-263.710438	-125.375	-26.740	0.1584
13	13	tracking	-845.375779	68.972813	-264.145543	-100.375	-34.740	0.0801
13	14	tracking	-845.036398	69.019217	-264.522830	-75.375	-42.740	0.0726
13	15	tracking	-844.705837	69.059505	-264.835665	-50.375	-50.740	0.0716
13	16	tracking	-844.314056	69.025302	-265.059017	-51.747	-42.740	0.0625
13	17	tracking	-843.993389	69.034941	-265.270547	-26.747	-34.740	0.0641
13	18	tracking	-843.692611	69.036324	-265.429132	-26.747	-26.740	0.0609
13	19	tracking	-843.410859	69.027899	-265.543129	-26.747	-25.689	0.0869
13	20	tracking	-843.158917	69.009219	-265.615170	-1.747	-17.689	0.0601
13	21	tracking	-842.945438	68.979024	-265.653755	23.253	-9.689	0.0561
13	22	tracking	-842.770514	68.937406	-265.668484	37.878	-7.940	0.0531
13	23	tracking	-842.628164	68.884973	-265.664242	37.878	-7.940	0.0507
13	24	tracking	-842.518281	68.821434	-265.651780	62.878	-15.940	0.1109
13	25	tracking	-842.435474	68.743160	-265.634530	67.848	-23.940	0.0483
13	26	tracking	-842.374810	68.644128	-265.613820	67.848	-31.940	0.0477
13	27	tracking	-842.332251	68.516687	-265.590689	67.848	-39.940	0.0414
13	28	tracking	-842.301764	68.353168	-265.562065	42.848	-47.168	0.0428
13	29	tracking	-842.278258	68.155318	-265.525202	17.848	-47.168	0.0392
13	30	tracking	-842.255635	67.925553	-265.478976	-7.152	-47.168	0.0391
13	31	tracking	-842.227302	67.666670	-265.424780	-32.152	-47.168	0.0376
13	32	tracking	-842.200370	67.370253	-265.363050	-7.152	-55.168	0.0573
13	33	tracking	-842.180867	67.037766	-265.294093	17.848	-55.963	0.0319
13	34	landing	-842.169805	66.683514	-265.213042	17.848	-47.963	0.0465
13	35	landing	-842.166754	66.309831	-265.119688	17.848	-47.963	0.0302
13	36	landing	-842.171338	65.919043	-265.013831	17.848	-47.963	0.0269
14	0	tracking	-850.645964	68.867102	-257.032114	-139.104	-4.000	0.3709
14	1	tracking	-849.991601	68.807284	-257.601772	-164.104	-0.670	0.2709
14	2	tracking	-849.422535	68.751906	-258.196524	170.896	-8.670	0.2496
14	3	tracking	-848.951149	68.710040	-258.797665	153.407	-16.670	0.1345
14	4	tracking	-848.533079	68.685017	-259.402840	178.407	-24.670	0.1083
14	5	tracking	-848.135704	68.677907	-259.999512	-156.593	-32.670	0.1201
14	6	tracking	-847.761383	68.687936	-260.584443	-159.186	-40.670	0.1107
14	7	tracking	-847.390151	68.712344	-261.142272	-134.186	-46.375	0.0976
14	8	tracking	-847.034052	68.747852	-261.683844	-150.375	-42.740	0.1108
14	9	tracking	-846.691437	68.790551	-262.210929	-150.375	-34.740	0.1372
14	10	tracking	-846.360385	68.836374	-262.725899	-150.375	-26.740	0.0884
14	11	tracking	-846.038924	68.880283	-263.231329	-150.375	-18.740	0.0896
14	12	tracking	-845.711981	68.925618	-263.710438	-125.375	-26.740	0.0837
14	13	tracking	-845.375779	68.972813	-264.145543	-100.375	-34.740	0.0790
14	14	tracking	-845.036398	69.019217	-264.522830	-75.375	-42.740	0.0829
14	15	tracking	-844.705837	69.059505	-264.835665	-50.375	-50.740	0.0753
14	16	tracking	-844.414056	69.125302	-265.059017	-51.747	-42.740	0.0760
14	17	tracking	-844.093389	69.134941	-265.270547	-26.747	-34.740	0.0648
14	18	tracking	-843.792611	69.136324	-265.429132	-26.747	-26.740	0.0828
14	19	tracking	-843.510859	69.127899	-265.543129	-26.747	-25.689	0.0840
14	20	tracking	-843.258917	69.109219	-265.615170	-1.747	-17.689	0.0631
14	21	tracking	-843.045438	69.079024	-265.653755	23.253	-9.689	0.0585
14	22	tracking	-842.870514	69.037406	-265.668484	37.878	-7.940	0.0706
14	23	tracking	-842.728164	68.984973	-265.664242	37.878	-7.940	0.0625
14	24	tracking	-842.618281	68.921434	-265.651780	62.878	-15.940	0.0587
14	25	tracking	-842.535474	68.843160	-265.634530	67.848	-23.940	0.0565
14	26	tracking	-842.474810	68.744128	-265.613820	67.848	-31.940	0.0490
14	27	tracking	-842.432251	68.616687	-265.590689	67.848	-39.940	0.0507
14	28	tracking	-842.401764	68.453168	-265.562065	42.848	-47.168	0.0471
14	29	tracking	-842.378258	68.255318	-265.525202	17.848	-47.168	0.0494
14	30	tracking	-842.355635	68.025553	-265.478976	-7.152	-47.168	0.0397
14	31	tracking	-842.327302	67.766670	-265.424780	-32.152	-47.168	0.0432
14	32	tracking	-842.300370	67.470253	-265.363050	-7.152	-55.168	0.0412
14	33	tracking	-842.280867	67.137766	-265.294093	17.848	-55.963	0.0419
14	34	landing	-842.269805	66.783514	-265.213042	17.848	-47.963	0.0431
14	35	landing	-842.266754	66.409831	-265.119688	17.848	-47.963	0.0326
14	36	landing	-842.271338	66.019043	-265.013831	17.848	-47.963	0.0307
14	37	landing	-842.283213	65.613410	-264.895317	17.848	-47.963	0.0283
15	0	tracking	-850.645964	68.867102	-257.032114	-139.104	-4.000	0.1790
15	1	tracking	-849.991601	68.807284	-257.601772	-164.104	-0.670	0.1269
15	2	tracking	-849.422535	68.751906	-258.196524	170.896	-8.670	0.1219
15	3	tracking	-848.951149	68.710040	-258.797665	153.407	-16.670	0.1313
15	4	tracking	-848.533079	68.685017	-259.402840	178.407	-24.670	0.1283
15	5	tracking	-848.135704	68.677907	-259.999512	-156.593	-32.670	0.1035
15	6	tracking	-847.761383	68.687936	-260.584443	-159.186	-40.670	0.0976
15	7	tracking	-847.390151	68.712344	-261.142272	-134.186	-46.375	0.1064
15	8	tracking	-847.034052	68.747852	-261.683844	-150.375	-42.740	0.0980
15	9	tracking	-846.691437	68.790551	-262.210929	-150.375	-34.740	0.0900
15	10	tracking	-846.360385	68.836374	-262.725899	-150.375	-26.740	0.0869
15	11	tracking	-846.038924	68.880283	-263.231329	-150.375	-18.740	0.0849
15	12	tracking	-845.711981	68.925618	-263.710438	-125.375	-26.740	0.2910
15	13	tracking	-845.375779	68.972813	-264.145543	-100.375	-34.740	0.1569
15	14	tracking	-845.036398	69.019217	-264.522830	-75.375	-42.740	0.1426
15	15	tracking	-844.705837	69.059505	-264.835665	-50.375	-50.740	0.1514
15	16	tracking	-844.314056	69.125302	-265.059017	-51.747	-42.740	0.2321
15	17	tracking	-843.993389	69.134941	-265.270547	-26.747	-34.740	0.1679
15	18	tracking	-843.692611	69.136324	-265.429132	-26.747	-26.740	0.0811
15	19	tracking	-843.410859	69.127899	-265.543129	-26.747	-25.689	0.0652
15	20	tracking	-843.158917	69.109219	-265.615170	-1.747	-17.689	0.1250
15	21	tracking	-842.945438	69.079024	-265.653755	23.253	-9.689	0.1644
15	22	tracking	-842.770514	69.037406	-265.668484	37.878	-7.940	0.1012
15	23	tracking	-842.628164	68.984973	-265.664242	37.878	-7.940	0.1017
15	24	tracking	-842.518281	68.921434	-265.651780	62.878	-15.940	0.0958
15	25	tracking	-842.435474	68.843160	-265.634530	67.848	-23.940	0.0910
15	26	tracking	-842.374810	68.744128	-265.613820	67.848	-31.940	0.1069
15	27	tracking	-842.332251	68.616687	-265.590689	67.848	-39.940	0.0949
15	28	tracking	-842.301764	68.453168	-265.562065	42.848	-47.168	0.0904
15	29	tracking	-842.278258	68.255318	-265.525202	17.848	-47.168	0.1084
15	30	tracking	-842.255635	68.025553	-265.478976	-7.152	-47.168	0.0605
15	31	tracking	-842.227302	67.766670	-265.424780	-32.152	-47.168	0.0380
15	32	tracking	-842.200370	67.470253	-265.363050	-7.152	-55.168	0.0425
15	33	tracking	-842.180867	67.137766	-265.294093	17.848	-55.963	0.0335
15	34	landing	-842.169805	66.783514	-265.213042	17.848	-47.963	0.0352
15	35	landing	-842.166754	66.409831	-265.119688	17.848	-47.963	0.0287
15	36	landing	-842.171338	66.019043	-265.013831	17.848	-47.963	0.0279
15	37	landing	-842.183213	65.613410	-264.895317	17.848	-47.963	0.0250
16	0	tracking	-850.645964	68.867102	-257.032114	-139.104	-4.000	0.1706
16	1	tracking	-849.991601	68.807284	-257.601772	-164.104	-0.670	0.1205
16	2	tracking	-849.422535	68.751906	-258.196524	170.896	-8.670	0.1185
16	3	tracking	-848.951149	68.710040	-258.797665	153.407	-16.670	0.1156
16	4	tracking	-848.533079	68.685017	-259.402840	178.407	-24.670	0.1150
16	5	tracking	-848.135704	68.677907	-259.999512	-156.593	-32.670	0.1055
16	6	tracking	-847.761383	68.687936	-260.584443	-159.186	-40.670	0.1096
16	7	tracking	-847.390151	68.712344	-261.142272	-134.186	-46.375	0.1083
16	8	tracking	-847.034052	68.747852	-261.683844	-150.375	-42.740	0.0979
16	9	tracking	-846.691437	68.790551	-262.210929	-150.375	-34.740	0.1042
16	10	tracking	-846.360385	68.836374	-262.725899	-150.375	-26.740	0.0857
16	11	tracking	-846.038924	68.880283	-263.231329	-150.375	-18.740	0.0833
16	12	tracking	-845.711981	68.925618	-263.710438	-125.375	-26.740	0.0792
16	13	tracking	-845.375779	68.972813	-264.145543	-100.375	-34.740	0.0736
16	14	tracking	-845.036398	69.019217	-264.522830	-75.375	-42.740	0.0691
16	15	tracking	-844.705837	69.059505	-264.835665	-50.375	-50.740	0.0696
16	16	tracking	-844.452384	69.060658	-265.161136	-51.747	-42.740	0.0720
16	17	tracking	-844.167492	69.101390	-265.377781	-26.747	-34.740	0.0653
16	18	tracking	-843.900290	69.130004	-265.544295	-26.747	-26.740	0.0638
16	19	tracking	-843.650288	69.144729	-265.668997	-26.747	-25.689	0.0607
16	20	tracking	-843.426759	69.145740	-265.754610	-1.747	-17.689	0.0591
16	21	tracking	-843.237090	69.132490	-265.808793	23.253	-9.689	0.0580
16	22	tracking	-843.081334	69.105506	-265.840050	37.878	-7.940	0.0575
16	23	tracking	-842.954314	69.065720	-265.852783	37.878	-7.940	0.0586
16	24	tracking	-842.855992	69.012920	-265.856521	62.878	-15.940	0.0579
16	25	tracking	-842.781790	68.943670	-265.854395	67.848	-23.940	0.0484
16	26	tracking	-842.727488	68.852159	-265.847691	67.848	-31.940	0.0749
16	27	tracking	-842.689571	68.730899	-265.837458	67.848	-39.940	0.0582
16	28	tracking	-842.662593	68.572314	-265.821002	42.848	-47.168	0.0499
16	29	tracking	-842.641923	68.378135	-265.795883	17.848	-47.168	0.0438
16	30	tracking	-842.621948	68.150773	-265.761080	-7.152	-47.168	0.5966
16	31	tracking	-842.596465	67.893092	-265.717845	-32.152	-47.168	0.0390
16	32	tracking	-842.572173	67.596686	-265.666675	-7.152	-55.168	0.0328
16	33	tracking	-842.554794	67.263097	-265.607836	17.848	-55.963	0.0283
16	34	landing	-842.545409	66.906852	-265.536469	17.848	-47.963	0.0280
16	35	landing	-842.543658	66.530390	-265.452345	17.848	-47.963	0.0258
16	36	landing	-842.549229	66.136136	-265.355247	17.848	-47.963	0.0242
16	37	landing	-842.561832	65.726449	-265.245005	17.848	-47.963	0.0242
17	0	tracking	-850.645964	68.867102	-257.032114	-139.104	-4.000	0.1628
17	1	tracking	-849.991601	68.807284	-257.601772	-164.104	-0.670	0.1306
17	2	tracking	-849.422535	68.751906	-258.196524	170.896	-8.670	0.1111
17	3	tracking	-848.951149	68.710040	-258.797665	153.407	-16.670	0.1011
17	4	tracking	-848.533079	68.685017	-259.402840	178.407	-24.670	0.1108
17	5	tracking	-848.135704	68.677907	-259.999512	-156.593	-32.670	0.0938
17	6	tracking	-847.761383	68.687936	-260.584443	-159.186	-40.670	0.1945
17	7	tracking	-847.390151	68.712344	-261.142272	-134.186	-46.375	0.1742
17	8	tracking	-847.034052	68.747852	-261.683844	-150.375	-42.740	0.1846
17	9	tracking	-846.691437	68.790551	-262.210929	-150.375	-34.740	0.0911
17	10	tracking	-846.360385	68.836374	-262.725899	-150.375	-26.740	0.0867
17	11	tracking	-846.038924	68.880283	-263.231329	-150.375	-18.740	0.0773
17	12	tracking	-845.711981	68.925618	-263.710438	-125.375	-26.740	0.0707
17	13	tracking	-845.375779	68.972813	-264.145543	-100.375	-34.740	0.0666
17	14	tracking	-845.036398	69.019217	-264.522830	-75.375	-42.740	0.0641
17	15	tracking	-844.705837	69.059505	-264.835665	-50.375	-50.740	0.0620
17	16	tracking	-844.352384	69.060658	-265.161136	-51.747	-42.740	0.0834
17	17	tracking	-844.067492	69.101390	-265.377781	-26.747	-34.740	0.0527
17	18	tracking	-843.800290	69.130004	-265.544295	-26.747	-26.740	0.0509
17	19	tracking	-843.550288	69.144729	-265.668997	-26.747	-25.689	0.0483
17	20	tracking	-843.326759	69.145740	-265.754610	-1.747	-17.689	0.0459
17	21	tracking	-843.137090	69.132490	-265.808793	23.253	-9.689	0.0442
17	22	tracking	-842.981334	69.105506	-265.840050	37.878	-7.940	0.0408
17	23	tracking	-842.854314	69.065720	-265.852783	37.878	-7.940	0.0605
17	24	tracking	-842.755992	69.012920	-265.856521	62.878	-15.940	0.0370
17	25	tracking	-842.681790	68.943670	-265.854395	67.848	-23.940	0.0357
17	26	tracking	-842.627488	68.852159	-265.847691	67.848	-31.940	0.0325
17	27	tracking	-842.589571	68.730899	-265.837458	67.848	-39.940	0.0318
17	28	tracking	-842.562593	68.572314	-265.821002	42.848	-47.168	0.0309
17	29	tracking	-842.541923	68.378135	-265.795883	17.848	-47.168	0.0297
17	30	tracking	-842.521948	68.150773	-265.761080	-7.152	-47.168	0.0269
17	31	tracking	-842.496465	67.893092	-265.717845	-32.152	-47.168	0.0280
17	32	tracking	-842.472173	67.596686	-265.666675	-7.152	-55.168	0.0269
17	33	tracking	-842.454794	67.263097	-265.607836	17.848	-55.963	0.0242
17	34	landing	-842.445409	66.906852	-265.536469	17.848	-47.963	0.0232
17	35	landing	-842.443658	66.530390	-265.452345	17.848	-47.963	0.0210
17	36	landing	-842.449229	66.136136	-265.355247	17.848	-47.963	0.0199
17	37	landing	-842.461832	65.726449	-265.245005	17.848	-47.963	0.0192
18	0	tracking	-850.645964	68.867102	-257.032114	-139.104	-4.000	0.1632
18	1	tracking	-849.991601	68.807284	-257.601772	-164.104	-0.670	0.1183
18	2	tracking	-849.422535	68.751906	-258.196524	170.896	-8.670	0.1097
18	3	tracking	-848.951149	68.710040	-258.797665	153.407	-16.670	0.1018
18	4	tracking	-848.533079	68.685017	-259.402840	178.407	-24.670	0.0980
18	5	tracking	-848.135704	68.677907	-259.999512	-156.593	-32.670	0.1060
18	6	tracking	-847.761383	68.687936	-260.584443	-159.186	-40.670	0.0932
18	7	tracking	-847.390151	68.712344	-261.142272	-134.186	-46.375	0.0910
18	8	tracking	-847.034052	68.747852	-261.683844	-150.375	-42.740	0.0887
18	9	tracking	-846.691437	68.790551	-262.210929	-150.375	-34.740	0.0885
18	10	tracking	-846.360385	68.836374	-262.725899	-150.375	-26.740	0.0855
18	11	tracking	-846.038924	68.880283	-263.231329	-150.375	-18.740	0.0807
18	12	tracking	-845.711981	68.925618	-263.710438	-125.375	-26.740	0.0816
18	13	tracking	-845.375779	68.972813	-264.145543	-100.375	-34.740	0.0755
18	14	tracking	-845.036398	69.019217	-264.522830	-75.375	-42.740	0.0787
18	15	tracking	-844.705837	69.059505	-264.835665	-50.375	-50.740	0.1424
18	16	tracking	-844.452384	69.160658	-265.161136	-51.747	-42.740	0.1613
18	17	tracking	-844.167492	69.201390	-265.377781	-26.747	-34.740	0.0678
18	18	tracking	-843.900290	69.230004	-265.544295	-26.747	-26.740	0.0536
18	19	tracking	-843.650288	69.244729	-265.668997	-26.747	-25.689	0.0506
18	20	tracking	-843.426759	69.245740	-265.754610	-1.747	-17.689	0.0496
18	21	tracking	-843.237090	69.232490	-265.808793	23.253	-9.689	0.0464
18	22	tracking	-843.081334	69.205506	-265.840050	37.878	-7.940	0.0459
18	23	tracking	-842.954314	69.165720	-265.852783	37.878	-7.940	0.0491
18	24	tracking	-842.855992	69.112920	-265.856521	62.878	-15.940	0.0429
18	25	tracking	-842.781790	69.043670	-265.854395	67.848	-23.940	0.0412
18	26	tracking	-842.727488	68.952159	-265.847691	67.848	-31.940	0.0556
18	27	tracking	-842.689571	68.830899	-265.837458	67.848	-39.940	0.0382
18	28	tracking	-842.662593	68.672314	-265.821002	42.848	-47.168	0.0359
18	29	tracking	-842.641923	68.478135	-265.795883	17.848	-47.168	0.0344
18	30	tracking	-842.621948	68.250773	-265.761080	-7.152	-47.168	0.0341
18	31	tracking	-842.596465	67.993092	-265.717845	-32.152	-47.168	0.0327
18	32	tracking	-842.572173	67.696686	-265.666675	-7.152	-55.168	0.0325
18	33	tracking	-842.554794	67.363097	-265.607836	17.848	-55.963	0.0298
18	34	landing	-842.545409	67.006852	-265.536469	17.848	-47.963	0.0274
18	35	landing	-842.543658	66.630390	-265.452345	17.848	-47.963	0.0249
18	36	landing	-842.549229	66.236136	-265.355247	17.848	-47.963	0.0237
18	37	landing	-842.561832	65.826449	-265.245005	17.848	-47.963	0.0247
19	0	tracking	-850.645964	68.867102	-257.032114	-139.104	-4.000	0.1602
19	1	tracking	-849.991601	68.807284	-257.601772	-164.104	-0.670	0.3946
19	2	tracking	-849.422535	68.751906	-258.196524	170.896	-8.670	0.1451
19	3	tracking	-848.951149	68.710040	-258.797665	153.407	-16.670	0.1035
19	4	tracking	-848.533079	68.685017	-259.402840	178.407	-24.670	0.0955
19	5	tracking	-848.135704	68.677907	-259.999512	-156.593	-32.670	0.0873
19	6	tracking	-847.761383	68.687936	-260.584443	-159.186	-40.670	0.0860
19	7	tracking	-847.390151	68.712344	-261.142272	-134.186	-46.375	0.0873
19	8	tracking	-847.034052	68.747852	-261.683844	-150.375	-42.740	0.0817
19	9	tracking	-846.691437	68.790551	-262.210929	-150.375	-34.740	0.0785
19	10	tracking	-846.360385	68.836374	-262.725899	-150.375	-26.740	0.0743
19	11	tracking	-846.038924	68.880283	-263.231329	-150.375	-18.740	0.0741
19	12	tracking	-845.711981	68.925618	-263.710438	-125.375	-26.740	0.0690
19	13	tracking	-845.375779	68.972813	-264.145543	-100.375	-34.740	0.0685
19	14	tracking	-845.036398	69.019217	-264.522830	-75.375	-42.740	0.0645
19	15	tracking	-844.705837	69.059505	-264.835665	-50.375	-50.740	0.0618
19	16	tracking	-844.352384	69.160658	-265.161136	-51.747	-42.740	0.0540
19	17	tracking	-844.067492	69.201390	-265.377781	-26.747	-34.740	0.0488
19	18	tracking	-843.800290	69.230004	-265.544295	-26.747	-26.740	0.0455
19	19	tracking	-843.550288	69.244729	-265.668997	-26.747	-25.689	0.0435
19	20	tracking	-843.326759	69.245740	-265.754610	-1.747	-17.689	0.0429
19	21	tracking	-843.137090	69.232490	-265.808793	23.253	-9.689	0.0393
19	22	tracking	-842.981334	69.205506	-265.840050	37.878	-7.940	0.0389
19	23	tracking	-842.854314	69.165720	-265.852783	37.878	-7.940	0.0369
19	24	tracking	-842.755992	69.112920	-265.856521	62.878	-15.940	0.0373
19	25	tracking	-842.681790	69.043670	-265.854395	67.848	-23.940	0.0364
19	26	tracking	-842.627488	68.952159	-265.847691	67.848	-31.940	0.0335
19	27	tracking	-842.589571	68.830899	-265.837458	67.848	-39.940	0.0311
19	28	tracking	-842.562593	68.672314	-265.821002	42.848	-47.168	0.0299
19	29	tracking	-842.541923	68.478135	-265.795883	17.848	-47.168	0.0284
19	30	tracking	-842.521948	68.250773	-265.761080	-7.152	-47.168	0.0272
19	31	tracking	-842.496465	67.993092	-265.717845	-32.152	-47.168	0.0265
19	32	tracking	-842.472173	67.696686	-265.666675	-7.152	-55.168	0.0249
19	33	tracking	-842.454794	67.363097	-265.607836	17.848	-55.963	0.0226
19	34	landing	-842.445409	67.006852	-265.536469	17.848	-47.963	0.0219
19	35	landing	-842.443658	66.630390	-265.452345	17.848	-47.963	0.0189
19	36	landing	-842.449229	66.236136	-265.355247	17.848	-47.963	0.0175
19	37	landing	-842.461832	65.826449	-265.245005	17.848	-47.963	0.0174
20	0	tracking	-850.645964	68.867102	-257.032114	-139.104	-4.000	0.1662
20	1	tracking	-849.991601	68.807284	-257.601772	-164.104	-0.670	0.1170
20	2	tracking	-849.422535	68.751906	-258.196524	170.896	-8.670	0.1102
20	3	tracking	-848.951149	68.710040	-258.797665	153.407	-16.670	0.1064
20	4	tracking	-848.533079	68.685017	-259.402840	178.407	-24.670	0.1000
20	5	tracking	-848.135704	68.677907	-259.999512	-156.593	-32.670	0.0991
20	6	tracking	-847.761383	68.687936	-260.584443	-159.186	-40.670	0.0964
20	7	tracking	-847.390151	68.712344	-261.142272	-134.186	-46.375	0.0942
20	8	tracking	-847.034052	68.747852	-261.683844	-150.375	-42.740	0.2582
20	9	tracking	-846.691437	68.790551	-262.210929	-150.375	-34.740	0.1768
20	10	tracking	-846.360385	68.836374	-262.725899	-150.375	-26.740	0.1603
20	11	tracking	-846.038924	68.880283	-263.231329	-150.375	-18.740	0.1554
20	12	tracking	-845.711981	68.925618	-263.710438	-125.375	-26.740	0.1452
20	13	tracking	-845.375779	68.972813	-264.145543	-100.375	-34.740	0.1435
20	14	tracking	-845.036398	69.019217	-264.522830	-75.375	-42.740	0.2045
20	15	tracking	-844.705837	69.059505	-264.835665	-50.375	-50.740	0.1180
20	16	tracking	-844.452384	69.060658	-265.061136	-51.747	-42.740	0.4367
20	17	tracking	-844.167492	69.101390	-265.277781	-26.747	-34.740	0.0794
20	18	tracking	-843.900290	69.130004	-265.444295	-26.747	-26.740	0.0551
20	19	tracking	-843.650288	69.144729	-265.568997	-26.747	-25.689	0.0508
20	20	tracking	-843.426759	69.145740	-265.654610	-1.747	-17.689	0.0481
20	21	tracking	-843.237090	69.132490	-265.708793	23.253	-9.689	0.0436
20	22	tracking	-843.081334	69.105506	-265.740050	37.878	-7.940	0.0398
20	23	tracking	-842.954314	69.065720	-265.752783	37.878	-7.940	0.0425
20	24	tracking	-842.855992	69.012920	-265.756521	62.878	-15.940	0.0367
20	25	tracking	-842.781790	68.943670	-265.754395	67.848	-23.940	0.0343
20	26	tracking	-842.727488	68.852159	-265.747691	67.848	-31.940	0.0324
20	27	tracking	-842.689571	68.730899	-265.737458	67.848	-39.940	0.0314
20	28	tracking	-842.662593	68.572314	-265.721002	42.848	-47.168	0.0300
20	29	tracking	-842.641923	68.378135	-265.695883	17.848	-47.168	0.0287
20	30	tracking	-842.621948	68.150773	-265.661080	-7.152	-47.168	0.0272
20	31	tracking	-842.596465	67.893092	-265.617845	-32.152	-47.168	0.0254
20	32	tracking	-842.572173	67.596686	-265.566675	-7.152	-55.168	0.0251
20	33	tracking	-842.554794	67.263097	-265.507836	17.848	-55.963	0.0332
20	34	landing	-842.545409	66.906852	-265.436469	17.848	-47.963	0.0212
20	35	landing	-842.543658	66.530390	-265.352345	17.848	-47.963	0.0196
20	36	landing	-842.549229	66.136136	-265.255247	17.848	-47.963	0.0180
20	37	landing	-842.561832	65.726449	-265.145005	17.848	-47.963	0.0179
21	0	tracking	-850.645964	68.867102	-257.032114	-139.104	-4.000	0.1556
21	1	tracking	-849.991601	68.807284	-257.601772	-164.104	-0.670	0.1015
21	2	tracking	-849.422535	68.751906	-258.196524	170.896	-8.670	0.1522
21	3	tracking	-848.951149	68.710040	-258.797665	153.407	-16.670	0.0972
21	4	tracking	-848.533079	68.685017	-259.402840	178.407	-24.670	0.0831
21	5	tracking	-848.135704	68.677907	-259.999512	-156.593	-32.670	0.0819
21	6	tracking	-847.761383	68.687936	-260.584443	-159.186	-40.670	0.0794
21	7	tracking	-847.390151	68.712344	-261.142272	-134.186	-46.375	0.0860
21	8	tracking	-847.034052	68.747852	-261.683844	-150.375	-42.740	0.1341
21	9	tracking	-846.691437	68.790551	-262.210929	-150.375	-34.740	0.0726
21	10	tracking	-846.360385	68.836374	-262.725899	-150.375	-26.740	0.0660
21	11	tracking	-846.038924	68.880283	-263.231329	-150.375	-18.740	0.0657
21	12	tracking	-845.711981	68.925618	-263.710438	-125.375	-26.740	0.0626
21	13	tracking	-845.375779	68.972813	-264.145543	-100.375	-34.740	0.0598
21	14	tracking	-845.036398	69.019217	-264.522830	-75.375	-42.740	0.0571
21	15	tracking	-844.705837	69.059505	-264.835665	-50.375	-50.740	0.0651
21	16	tracking	-844.352384	69.060658	-265.061136	-51.747	-42.740	0.0529
21	17	tracking	-844.067492	69.101390	-265.277781	-26.747	-34.740	0.0485
21	18	tracking	-843.800290	69.130004	-265.444295	-26.747	-26.740	0.0460
21	19	tracking	-843.550288	69.144729	-265.568997	-26.747	-25.689	0.0454
21	20	tracking	-843.326759	69.145740	-265.654610	-1.747	-17.689	0.0422
21	21	tracking	-843.137090	69.132490	-265.708793	23.253	-9.689	0.0403
21	22	tracking	-842.981334	69.105506	-265.740050	37.878	-7.940	0.0400
21	23	tracking	-842.854314	69.065720	-265.752783	37.878	-7.940	0.0363
21	24	tracking	-842.755992	69.012920	-265.756521	62.878	-15.940	0.0355
21	25	tracking	-842.681790	68.943670	-265.754395	67.848	-23.940	0.0376
21	26	tracking	-842.627488	68.852159	-265.747691	67.848	-31.940	0.0325
21	27	tracking	-842.589571	68.730899	-265.737458	67.848	-39.940	0.0307
21	28	tracking	-842.562593	68.572314	-265.721002	42.848	-47.168	0.0285
21	29	tracking	-842.541923	68.378135	-265.695883	17.848	-47.168	0.0268
21	30	tracking	-842.521948	68.150773	-265.661080	-7.152	-47.168	0.0252
21	31	tracking	-842.496465	67.893092	-265.617845	-32.152	-47.168	0.0240
21	32	tracking	-842.472173	67.596686	-265.566675	-7.152	-55.168	0.0251
21	33	tracking	-842.454794	67.263097	-265.507836	17.848	-55.963	0.0281
21	34	landing	-842.445409	66.906852	-265.436469	17.848	-47.963	0.0203
21	35	landing	-842.443658	66.530390	-265.352345	17.848	-47.963	0.0527
21	36	landing	-842.449229	66.136136	-265.255247	17.848	-47.963	0.0325
21	37	landing	-842.461832	65.726449	-265.145005	17.848	-47.963	0.0236
22	0	tracking	-850.645964	68.867102	-257.032114	-139.104	-4.000	0.1752
22	1	tracking	-849.991601	68.807284	-257.601772	-164.104	-0.670	0.0995
22	2	tracking	-849.422535	68.751906	-258.196524	170.896	-8.670	0.0927
22	3	tracking	-848.951149	68.710040	-258.797665	153.407	-16.670	0.0871
22	4	tracking	-848.533079	68.685017	-259.402840	178.407	-24.670	0.0866
22	5	tracking	-848.135704	68.677907	-259.999512	-156.593	-32.670	0.0761
22	6	tracking	-847.761383	68.687936	-260.584443	-159.186	-40.670	0.0743
22	7	tracking	-847.390151	68.712344	-261.142272	-134.186	-46.375	0.0735
22	8	tracking	-847.034052	68.747852	-261.683844	-150.375	-42.740	0.0698
22	9	tracking	-846.691437	68.790551	-262.210929	-150.375	-34.740	0.0696
22	10	tracking	-846.360385	68.836374	-262.725899	-150.375	-26.740	0.0672
22	11	tracking	-846.038924	68.880283	-263.231329	-150.375	-18.740	0.0648
22	12	tracking	-845.711981	68.925618	-263.710438	-125.375	-26.740	0.0622
22	13	tracking	-845.375779	68.972813	-264.145543	-100.375	-34.740	0.0643
22	14	tracking	-845.036398	69.019217	-264.522830	-75.375	-42.740	0.0575
22	15	tracking	-844.705837	69.059505	-264.835665	-50.375	-50.740	0.1287
22	16	tracking	-844.452384	69.160658	-265.061136	-51.747	-42.740	0.0790
22	17	tracking	-844.167492	69.201390	-265.277781	-26.747	-34.740	0.0528
22	18	tracking	-843.900290	69.230004	-265.444295	-26.747	-26.740	0.0494
22	19	tracking	-843.650288	69.244729	-265.568997	-26.747	-25.689	0.0464
22	20	tracking	-843.426759	69.245740	-265.654610	-1.747	-17.689	0.0438
22	21	tracking	-843.237090	69.232490	-265.708793	23.253	-9.689	0.0507
22	22	tracking	-843.081334	69.205506	-265.740050	37.878	-7.940	0.0415
22	23	tracking	-842.954314	69.165720	-265.752783	37.878	-7.940	0.0375
22	24	tracking	-842.855992	69.112920	-265.756521	62.878	-15.940	0.0512
22	25	tracking	-842.781790	69.043670	-265.754395	67.848	-23.940	0.0404
22	26	tracking	-842.727488	68.952159	-265.747691	67.848	-31.940	0.0336
22	27	tracking	-842.689571	68.830899	-265.737458	67.848	-39.940	0.0312
22	28	tracking	-842.662593	68.672314	-265.721002	42.848	-47.168	0.0305
22	29	tracking	-842.641923	68.478135	-265.695883	17.848	-47.168	0.0280
22	30	tracking	-842.621948	68.250773	-265.661080	-7.152	-47.168	0.0267
22	31	tracking	-842.596465	67.993092	-265.617845	-32.152	-47.168	0.0255
22	32	tracking	-842.572173	67.696686	-265.566675	-7.152	-55.168	0.0254
22	33	tracking	-842.554794	67.363097	-265.507836	17.848	-55.963	0.0228
22	34	landing	-842.545409	67.006852	-265.436469	17.848	-47.963	0.0207
22	35	landing	-842.543658	66.630390	-265.352345	17.848	-47.963	0.0179
22	36	landing	-842.549229	66.236136	-265.255247	17.848	-47.963	0.0168
22	37	landing	-842.561832	65.826449	-265.145005	17.848	-47.963	0.0177
23	0	tracking	-850.645964	68.867102	-257.032114	-139.104	-4.000	0.1388
23	1	tracking	-849.991601	68.807284	-257.601772	-164.104	-0.670	0.0950
23	2	tracking	-849.422535	68.751906	-258.196524	170.896	-8.670	0.1276
23	3	tracking	-848.951149	68.710040	-258.797665	153.407	-16.670	0.0946
23	4	tracking	-848.533079	68.685017	-259.402840	178.407	-24.670	0.0983
23	5	tracking	-848.135704	68.677907	-259.999512	-156.593	-32.670	0.0830
23	6	tracking	-847.761383	68.687936	-260.584443	-159.186	-40.670	0.0794
23	7	tracking	-847.390151	68.712344	-261.142272	-134.186	-46.375	0.0807
23	8	tracking	-847.034052	68.747852	-261.683844	-150.375	-42.740	0.0766
23	9	tracking	-846.691437	68.790551	-262.210929	-150.375	-34.740	0.0764
23	10	tracking	-846.360385	68.836374	-262.725899	-150.375	-26.740	0.0713
23	11	tracking	-846.038924	68.880283	-263.231329	-150.375	-18.740	0.0699
23	12	tracking	-845.711981	68.925618	-263.710438	-125.375	-26.740	0.0656
23	13	tracking	-845.375779	68.972813	-264.145543	-100.375	-34.740	0.0655
23	14	tracking	-845.036398	69.019217	-264.522830	-75.375	-42.740	0.0634
23	15	tracking	-844.705837	69.059505	-264.835665	-50.375	-50.740	0.0608
23	16	tracking	-844.352384	69.160658	-265.061136	-51.747	-42.740	0.0502
23	17	tracking	-844.067492	69.201390	-265.277781	-26.747	-34.740	0.0464
23	18	tracking	-843.800290	69.230004	-265.444295	-26.747	-26.740	0.1119
23	19	tracking	-843.550288	69.244729	-265.568997	-26.747	-25.689	0.1416
23	20	tracking	-843.326759	69.245740	-265.654610	-1.747	-17.689	0.0655
23	21	tracking	-843.137090	69.232490	-265.708793	23.253	-9.689	0.0597
23	22	tracking	-842.981334	69.205506	-265.740050	37.878	-7.940	0.0549
23	23	tracking	-842.854314	69.165720	-265.752783	37.878	-7.940	0.0583
23	24	tracking	-842.755992	69.112920	-265.756521	62.878	-15.940	0.0892
23	25	tracking	-842.681790	69.043670	-265.754395	67.848	-23.940	0.0535
23	26	tracking	-842.627488	68.952159	-265.747691	67.848	-31.940	0.0547
23	27	tracking	-842.589571	68.830899	-265.737458	67.848	-39.940	0.0370
23	28	tracking	-842.562593	68.672314	-265.721002	42.848	-47.168	0.0249
23	29	tracking	-842.541923	68.478135	-265.695883	17.848	-47.168	0.0228
23	30	tracking	-842.521948	68.250773	-265.661080	-7.152	-47.168	0.0216
23	31	tracking	-842.496465	67.993092	-265.617845	-32.152	-47.168	0.0388
23	32	tracking	-842.472173	67.696686	-265.566675	-7.152	-55.168	0.0210
23	33	tracking	-842.454794	67.363097	-265.507836	17.848	-55.963	0.0180
23	34	landing	-842.445409	67.006852	-265.436469	17.848	-47.963	0.0166
23	35	landing	-842.443658	66.630390	-265.352345	17.848	-47.963	0.0152
23	36	landing	-842.449229	66.236136	-265.255247	17.848	-47.963	0.0139
23	37	landing	-842.461832	65.826449	-265.145005	17.848	-47.963	0.0127
24	0	tracking	-850.645964	68.867102	-257.032114	-139.104	-4.000	0.1761
24	1	tracking	-849.991601	68.807284	-257.601772	-164.104	-0.670	0.0955
24	2	tracking	-849.422535	68.751906	-258.196524	170.896	-8.670	0.0889
24	3	tracking	-848.951149	68.710040	-258.797665	153.407	-16.670	0.0891
24	4	tracking	-848.533079	68.685017	-259.402840	178.407	-24.670	0.0807
24	5	tracking	-848.135704	68.677907	-259.999512	-156.593	-32.670	0.0861
24	6	tracking	-847.761383	68.687936	-260.584443	-159.186	-40.670	0.0781
24	7	tracking	-847.390151	68.712344	-261.142272	-134.186	-46.375	0.0741
24	8	tracking	-847.034052	68.747852	-261.683844	-150.375	-42.740	0.0684
24	9	tracking	-846.691437	68.790551	-262.210929	-150.375	-34.740	0.0690
24	10	tracking	-846.360385	68.836374	-262.725899	-150.375	-26.740	0.0630
24	11	tracking	-846.038924	68.880283	-263.231329	-150.375	-18.740	0.0630
24	12	tracking	-845.711981	68.925618	-263.710438	-125.375	-26.740	0.0608
24	13	tracking	-845.375779	68.972813	-264.145543	-100.375	-34.740	0.0590
24	14	tracking	-845.036398	69.019217	-264.522830	-75.375	-42.740	0.0539
24	15	tracking	-844.705837	69.059505	-264.835665	-50.375	-50.740	0.0565
24	16	tracking	-844.415088	69.063056	-265.159831	-51.747	-42.740	0.0758
24	17	tracking	-844.095993	69.108106	-265.373380	-26.747	-34.740	0.0621
24	18	tracking	-843.797342	69.142421	-265.535205	-26.747	-26.740	0.0504
24	19	tracking	-843.518472	69.163872	-265.654048	-26.747	-25.689	0.0467
24	20	tracking	-843.269173	69.171782	-265.732891	-1.747	-17.689	0.0467
24	21	tracking	-843.057120	69.165102	-265.779702	23.253	-9.689	0.0418
24	22	tracking	-842.882217	69.144271	-265.803365	37.878	-7.940	0.0416
24	23	tracking	-842.738826	69.110229	-265.808447	37.878	-7.940	0.0389
24	24	tracking	-842.626751	69.063081	-265.804940	62.878	-15.940	0.0378
24	25	tracking	-842.540982	68.999609	-265.796079	67.848	-23.940	0.0355
24	26	tracking	-842.476920	68.914147	-265.783153	67.848	-31.940	0.0458
24	27	tracking	-842.430765	68.799323	-265.767189	67.848	-39.940	0.0329
24	28	tracking	-842.396740	68.647634	-265.745310	42.848	-47.168	0.0314
24	29	tracking	-842.369901	68.460716	-265.715016	17.848	-47.168	0.0288
24	30	tracking	-842.344395	68.240871	-265.675325	-7.152	-47.168	0.0282
24	31	tracking	-842.313875	67.990865	-265.627561	-32.152	-47.168	0.0263
24	32	tracking	-842.285067	67.702403	-265.572128	-7.152	-55.168	0.1615
24	33	tracking	-842.263720	67.376962	-265.509316	17.848	-55.963	0.0828
24	34	landing	-842.250810	67.028809	-265.434375	17.848	-47.963	0.0302
24	35	landing	-842.245911	66.660299	-265.347093	17.848	-47.963	0.0273
24	36	landing	-842.248651	66.273794	-265.247258	17.848	-47.963	0.0182
24	37	landing	-842.258696	65.871606	-265.134692	17.848	-47.963	0.0414
25	0	tracking	-850.645964	68.867102	-257.032114	-139.104	-4.000	0.1581
25	1	tracking	-849.991601	68.807284	-257.601772	-164.104	-0.670	0.1045
25	2	tracking	-849.422535	68.751906	-258.196524	170.896	-8.670	0.0935
25	3	tracking	-848.951149	68.710040	-258.797665	153.407	-16.670	0.0877
25	4	tracking	-848.533079	68.685017	-259.402840	178.407	-24.670	0.0835
25	5	tracking	-848.135704	68.677907	-259.999512	-156.593	-32.670	0.0857
25	6	tracking	-847.761383	68.687936	-260.584443	-159.186	-40.670	0.0790
25	7	tracking	-847.390151	68.712344	-261.142272	-134.186	-46.375	0.0733
25	8	tracking	-847.034052	68.747852	-261.683844	-150.375	-42.740	0.0713
25	9	tracking	-846.691437	68.790551	-262.210929	-150.375	-34.740	0.0790
25	10	tracking	-846.360385	68.836374	-262.725899	-150.375	-26.740	0.0823
25	11	tracking	-846.038924	68.880283	-263.231329	-150.375	-18.740	0.0688
25	12	tracking	-845.711981	68.925618	-263.710438	-125.375	-26.740	0.0658
25	13	tracking	-845.375779	68.972813	-264.145543	-100.375	-34.740	0.0627
25	14	tracking	-845.036398	69.019217	-264.522830	-75.375	-42.740	0.0612
25	15	tracking	-844.705837	69.059505	-264.835665	-50.375	-50.740	0.0602
25	16	tracking	-844.315088	69.063056	-265.159831	-51.747	-42.740	0.0628
25	17	tracking	-843.995993	69.108106	-265.373380	-26.747	-34.740	0.0570
25	18	tracking	-843.697342	69.142421	-265.535205	-26.747	-26.740	0.0549
25	19	tracking	-843.418472	69.163872	-265.654048	-26.747	-25.689	0.0515
25	20	tracking	-843.169173	69.171782	-265.732891	-1.747	-17.689	0.0494
25	21	tracking	-842.957120	69.165102	-265.779702	23.253	-9.689	0.0490
25	22	tracking	-842.782217	69.144271	-265.803365	37.878	-7.940	0.0494
25	23	tracking	-842.638826	69.110229	-265.808447	37.878	-7.940	0.0475
25	24	tracking	-842.526751	69.063081	-265.804940	62.878	-15.940	0.0495
25	25	tracking	-842.440982	68.999609	-265.796079	67.848	-23.940	0.0672
25	26	tracking	-842.376920	68.914147	-265.783153	67.848	-31.940	0.0723
25	27	tracking	-842.330765	68.799323	-265.767189	67.848	-39.940	0.0597
25	28	tracking	-842.296740	68.647634	-265.745310	42.848	-47.168	0.0557
25	29	tracking	-842.269901	68.460716	-265.715016	17.848	-47.168	0.0481
25	30	tracking	-842.244395	68.240871	-265.675325	-7.152	-47.168	0.0487
25	31	tracking	-842.213875	67.990865	-265.627561	-32.152	-47.168	0.0499
25	32	tracking	-842.185067	67.702403	-265.572128	-7.152	-55.168	0.0440
25	33	tracking	-842.163720	67.376962	-265.509316	17.848	-55.963	0.0486
25	34	landing	-842.150810	67.028809	-265.434375	17.848	-47.963	0.0393
25	35	landing	-842.145911	66.660299	-265.347093	17.848	-47.963	0.1299
25	36	landing	-842.148651	66.273794	-265.247258	17.848	-47.963	0.0529
25	37	landing	-842.158696	65.871606	-265.134692	17.848	-47.963	0.0298
26	0	tracking	-850.645964	68.867102	-257.032114	-139.104	-4.000	0.1518
26	1	tracking	-849.991601	68.807284	-257.601772	-164.104	-0.670	0.0957
26	2	tracking	-849.422535	68.751906	-258.196524	170.896	-8.670	0.1020
26	3	tracking	-848.951149	68.710040	-258.797665	153.407	-16.670	0.0886
26	4	tracking	-848.533079	68.685017	-259.402840	178.407	-24.670	0.0793
26	5	tracking	-848.135704	68.677907	-259.999512	-156.593	-32.670	0.0748
26	6	tracking	-847.761383	68.687936	-260.584443	-159.186	-40.670	0.0716
26	7	tracking	-847.390151	68.712344	-261.142272	-134.186	-46.375	0.0723
26	8	tracking	-847.034052	68.747852	-261.683844	-150.375	-42.740	0.0690
26	9	tracking	-846.691437	68.790551	-262.210929	-150.375	-34.740	0.0703
26	10	tracking	-846.360385	68.836374	-262.725899	-150.375	-26.740	0.0651
26	11	tracking	-846.038924	68.880283	-263.231329	-150.375	-18.740	0.0626
26	12	tracking	-845.711981	68.925618	-263.710438	-125.375	-26.740	0.0717
26	13	tracking	-845.375779	68.972813	-264.145543	-100.375	-34.740	0.0690
26	14	tracking	-845.036398	69.019217	-264.522830	-75.375	-42.740	0.0563
26	15	tracking	-844.705837	69.059505	-264.835665	-50.375	-50.740	0.0531
26	16	tracking	-844.415088	69.163056	-265.159831	-51.747	-42.740	0.0619
26	17	tracking	-844.095993	69.208106	-265.373380	-26.747	-34.740	0.0487
26	18	tracking	-843.797342	69.242421	-265.535205	-26.747	-26.740	0.0463
26	19	tracking	-843.518472	69.263872	-265.654048	-26.747	-25.689	0.0452
26	20	tracking	-843.269173	69.271782	-265.732891	-1.747	-17.689	0.0434
26	21	tracking	-843.057120	69.265102	-265.779702	23.253	-9.689	0.0425
26	22	tracking	-842.882217	69.244271	-265.803365	37.878	-7.940	0.0409
26	23	tracking	-842.738826	69.210229	-265.808447	37.878	-7.940	0.0380
26	24	tracking	-842.626751	69.163081	-265.804940	62.878	-15.940	0.0369
26	25	tracking	-842.540982	69.099609	-265.796079	67.848	-23.940	0.0517
26	26	tracking	-842.476920	69.014147	-265.783153	67.848	-31.940	0.0380
26	27	tracking	-842.430765	68.899323	-265.767189	67.848	-39.940	0.0330
26	28	tracking	-842.396740	68.747634	-265.745310	42.848	-47.168	0.0371
26	29	tracking	-842.369901	68.560716	-265.715016	17.848	-47.168	0.0296
26	30	tracking	-842.344395	68.340871	-265.675325	-7.152	-47.168	0.0280
26	31	tracking	-842.313875	68.090865	-265.627561	-32.152	-47.168	0.0276
26	32	tracking	-842.285067	67.802403	-265.572128	-7.152	-55.168	0.0254
26	33	tracking	-842.263720	67.476962	-265.509316	17.848	-55.963	0.0257
26	34	tracking	-842.249421	67.116819	-265.438689	17.848	-55.963	0.0232
26	35	landing	-842.243342	66.736715	-265.355072	17.848	-47.963	0.0202
26	36	landing	-842.245093	66.339024	-265.258307	17.848	-47.963	0.0190
26	37	landing	-842.254325	65.926076	-265.148265	17.848	-47.963	0.0177
27	0	tracking	-850.645964	68.867102	-257.032114	-139.104	-4.000	0.1402
27	1	tracking	-849.991601	68.807284	-257.601772	-164.104	-0.670	0.1002
27	2	tracking	-849.422535	68.751906	-258.196524	170.896	-8.670	0.0858
27	3	tracking	-848.951149	68.710040	-258.797665	153.407	-16.670	0.0825
27	4	tracking	-848.533079	68.685017	-259.402840	178.407	-24.670	0.1084
27	5	tracking	-848.135704	68.677907	-259.999512	-156.593	-32.670	0.0779
27	6	tracking	-847.761383	68.687936	-260.584443	-159.186	-40.670	0.0743
27	7	tracking	-847.390151	68.712344	-261.142272	-134.186	-46.375	0.0685
27	8	tracking	-847.034052	68.747852	-261.683844	-150.375	-42.740	0.0678
27	9	tracking	-846.691437	68.790551	-262.210929	-150.375	-34.740	0.0655
27	10	tracking	-846.360385	68.836374	-262.725899	-150.375	-26.740	0.0620
27	11	tracking	-846.038924	68.880283	-263.231329	-150.375	-18.740	0.0606
27	12	tracking	-845.711981	68.925618	-263.710438	-125.375	-26.740	0.0577
27	13	tracking	-845.375779	68.972813	-264.145543	-100.375	-34.740	0.0577
27	14	tracking	-845.036398	69.019217	-264.522830	-75.375	-42.740	0.0736
27	15	tracking	-844.705837	69.059505	-264.835665	-50.375	-50.740	0.0568
27	16	tracking	-844.315088	69.163056	-265.159831	-51.747	-42.740	0.0614
27	17	tracking	-843.995993	69.208106	-265.373380	-26.747	-34.740	0.1232
27	18	tracking	-843.697342	69.242421	-265.535205	-26.747	-26.740	0.0990
27	19	tracking	-843.418472	69.263872	-265.654048	-26.747	-25.689	0.0864
27	20	tracking	-843.169173	69.271782	-265.732891	-1.747	-17.689	0.0858
27	21	tracking	-842.957120	69.265102	-265.779702	23.253	-9.689	0.0795
27	22	tracking	-842.782217	69.244271	-265.803365	37.878	-7.940	0.0733
27	23	tracking	-842.638826	69.210229	-265.808447	37.878	-7.940	0.0691
27	24	tracking	-842.526751	69.163081	-265.804940	62.878	-15.940	0.0706
27	25	tracking	-842.440982	69.099609	-265.796079	67.848	-23.940	0.0671
27	26	tracking	-842.376920	69.014147	-265.783153	67.848	-31.940	0.0648
27	27	tracking	-842.330765	68.899323	-265.767189	67.848	-39.940	0.0591
27	28	tracking	-842.296740	68.747634	-265.745310	42.848	-47.168	0.0586
27	29	tracking	-842.269901	68.560716	-265.715016	17.848	-47.168	0.0568
27	30	tracking	-842.244395	68.340871	-265.675325	-7.152	-47.168	0.0513
27	31	tracking	-842.213875	68.090865	-265.627561	-32.152	-47.168	0.0474
27	32	tracking	-842.185067	67.802403	-265.572128	-7.152	-55.168	0.0841
27	33	tracking	-842.163720	67.476962	-265.509316	17.848	-55.963	0.0572
27	34	tracking	-842.149421	67.116819	-265.438689	17.848	-55.963	0.0427
27	35	landing	-842.143342	66.736715	-265.355072	17.848	-47.963	0.2044
27	36	landing	-842.145093	66.339024	-265.258307	17.848	-47.963	0.0308
27	37	landing	-842.154325	65.926076	-265.148265	17.848	-47.963	0.0276
28	0	tracking	-850.645964	68.867102	-257.032114	-139.104	-4.000	0.1725
28	1	tracking	-849.991601	68.807284	-257.601772	-164.104	-0.670	0.0991
28	2	tracking	-849.422535	68.751906	-258.196524	170.896	-8.670	0.0895
28	3	tracking	-848.951149	68.710040	-258.797665	153.407	-16.670	0.0895
28	4	tracking	-848.533079	68.685017	-259.402840	178.407	-24.670	0.0918
28	5	tracking	-848.135704	68.677907	-259.999512	-156.593	-32.670	0.0864
28	6	tracking	-847.761383	68.687936	-260.584443	-159.186	-40.670	0.0713
28	7	tracking	-847.390151	68.712344	-261.142272	-134.186	-46.375	0.0684
28	8	tracking	-847.034052	68.747852	-261.683844	-150.375	-42.740	0.0663
28	9	tracking	-846.691437	68.790551	-262.210929	-150.375	-34.740	0.0669
28	10	tracking	-846.360385	68.836374	-262.725899	-150.375	-26.740	0.0619
28	11	tracking	-846.038924	68.880283	-263.231329	-150.375	-18.740	0.0601
28	12	tracking	-845.711981	68.925618	-263.710438	-125.375	-26.740	0.0698
28	13	tracking	-845.375779	68.972813	-264.145543	-100.375	-34.740	0.0552
28	14	tracking	-845.036398	69.019217	-264.522830	-75.375	-42.740	0.0530
28	15	tracking	-844.705837	69.059505	-264.835665	-50.375	-50.740	0.0516
28	16	tracking	-844.415088	69.063056	-265.059831	-51.747	-42.740	0.0525
28	17	tracking	-844.095993	69.108106	-265.273380	-26.747	-34.740	0.0474
28	18	tracking	-843.797342	69.142421	-265.435205	-26.747	-26.740	0.0447
28	19	tracking	-843.518472	69.163872	-265.554048	-26.747	-25.689	0.0429
28	20	tracking	-843.269173	69.171782	-265.632891	-1.747	-17.689	0.0409
28	21	tracking	-843.057120	69.165102	-265.679702	23.253	-9.689	0.0686
28	22	tracking	-842.882217	69.144271	-265.703365	37.878	-7.940	0.0580
28	23	tracking	-842.738826	69.110229	-265.708447	37.878	-7.940	0.0393
28	24	tracking	-842.626751	69.063081	-265.704940	62.878	-15.940	0.0407
28	25	tracking	-842.540982	68.999609	-265.696079	67.848	-23.940	0.0358
28	26	tracking	-842.476920	68.914147	-265.683153	67.848	-31.940	0.0337
28	27	tracking	-842.430765	68.799323	-265.667189	67.848	-39.940	0.0354
28	28	tracking	-842.396740	68.647634	-265.645310	42.848	-47.168	0.0310
28	29	tracking	-842.369901	68.460716	-265.615016	17.848	-47.168	0.0295
28	30	tracking	-842.344395	68.240871	-265.575325	-7.152	-47.168	0.0281
28	31	tracking	-842.313875	67.990865	-265.527561	-32.152	-47.168	0.0266
28	32	tracking	-842.285067	67.702403	-265.472128	-7.152	-55.168	0.0494
28	33	tracking	-842.263720	67.376962	-265.409316	17.848	-55.963	0.0255
28	34	landing	-842.250810	67.028809	-265.334375	17.848	-47.963	0.0277
28	35	landing	-842.245911	66.660299	-265.247093	17.848	-47.963	0.0242
28	36	landing	-842.248651	66.273794	-265.147258	17.848	-47.963	0.0185
28	37	landing	-842.258696	65.871606	-265.034692	17.848	-47.963	0.0189
29	0	tracking	-850.645964	68.867102	-257.032114	-139.104	-4.000	0.1507
29	1	tracking	-849.991601	68.807284	-257.601772	-164.104	-0.670	0.1022
29	2	tracking	-849.422535	68.751906	-258.196524	170.896	-8.670	0.1004
29	3	tracking	-848.951149	68.710040	-258.797665	153.407	-16.670	0.0945
29	4	tracking	-848.533079	68.685017	-259.402840	178.407	-24.670	0.0892
29	5	tracking	-848.135704	68.677907	-259.999512	-156.593	-32.670	0.0977
29	6	tracking	-847.761383	68.687936	-260.584443	-159.186	-40.670	0.0991
29	7	tracking	-847.390151	68.712344	-261.142272	-134.186	-46.375	0.0875
29	8	tracking	-847.034052	68.747852	-261.683844	-150.375	-42.740	0.0762
29	9	tracking	-846.691437	68.790551	-262.210929	-150.375	-34.740	0.0905
29	10	tracking	-846.360385	68.836374	-262.725899	-150.375	-26.740	0.0866
29	11	tracking	-846.038924	68.880283	-263.231329	-150.375	-18.740	0.0693
29	12	tracking	-845.711981	68.925618	-263.710438	-125.375	-26.740	0.0655
29	13	tracking	-845.375779	68.972813	-264.145543	-100.375	-34.740	0.0643
29	14	tracking	-845.036398	69.019217	-264.522830	-75.375	-42.740	0.0557
29	15	tracking	-844.705837	69.059505	-264.835665	-50.375	-50.740	0.0742
29	16	tracking	-844.315088	69.063056	-265.059831	-51.747	-42.740	0.0720
29	17	tracking	-843.995993	69.108106	-265.273380	-26.747	-34.740	0.0580
29	18	tracking	-843.697342	69.142421	-265.435205	-26.747	-26.740	0.0535
29	19	tracking	-843.418472	69.163872	-265.554048	-26.747	-25.689	0.0476
29	20	tracking	-843.169173	69.171782	-265.632891	-1.747	-17.689	0.0475
29	21	tracking	-842.957120	69.165102	-265.679702	23.253	-9.689	0.0471
29	22	tracking	-842.782217	69.144271	-265.703365	37.878	-7.940	0.0427
29	23	tracking	-842.638826	69.110229	-265.708447	37.878	-7.940	0.0425
29	24	tracking	-842.526751	69.063081	-265.704940	62.878	-15.940	0.0403
29	25	tracking	-842.440982	68.999609	-265.696079	67.848	-23.940	0.0359
29	26	tracking	-842.376920	68.914147	-265.683153	67.848	-31.940	0.0407
29	27	tracking	-842.330765	68.799323	-265.667189	67.848	-39.940	0.0599
29	28	tracking	-842.296740	68.647634	-265.645310	42.848	-47.168	0.0371
29	29	tracking	-842.269901	68.460716	-265.615016	17.848	-47.168	0.0287
29	30	tracking	-842.244395	68.240871	-265.575325	-7.152	-47.168	0.0312
29	31	tracking	-842.213875	67.990865	-265.527561	-32.152	-47.168	0.0274
29	32	tracking	-842.185067	67.702403	-265.472128	-7.152	-55.168	0.0253
29	33	tracking	-842.163720	67.376962	-265.409316	17.848	-55.963	0.0280
29	34	landing	-842.150810	67.028809	-265.334375	17.848	-47.963	0.0240
29	35	landing	-842.145911	66.660299	-265.247093	17.848	-47.963	0.0197
29	36	landing	-842.148651	66.273794	-265.147258	17.848	-47.963	0.0216
29	37	landing	-842.158696	65.871606	-265.034692	17.848	-47.963	0.0179
30	0	tracking	-850.645964	68.867102	-257.032114	-139.104	-4.000	0.1488
30	1	tracking	-849.991601	68.807284	-257.601772	-164.104	-0.670	0.1052
30	2	tracking	-849.422535	68.751906	-258.196524	170.896	-8.670	0.0930
30	3	tracking	-848.951149	68.710040	-258.797665	153.407	-16.670	0.1121
30	4	tracking	-848.533079	68.685017	-259.402840	178.407	-24.670	0.0839
30	5	tracking	-848.135704	68.677907	-259.999512	-156.593	-32.670	0.1008
30	6	tracking	-847.761383	68.687936	-260.584443	-159.186	-40.670	0.0772
30	7	tracking	-847.390151	68.712344	-261.142272	-134.186	-46.375	0.0744
30	8	tracking	-847.034052	68.747852	-261.683844	-150.375	-42.740	0.0731
30	9	tracking	-846.691437	68.790551	-262.210929	-150.375	-34.740	0.0963
30	10	tracking	-846.360385	68.836374	-262.725899	-150.375	-26.740	0.0799
30	11	tracking	-846.038924	68.880283	-263.231329	-150.375	-18.740	0.0669
30	12	tracking	-845.711981	68.925618	-263.710438	-125.375	-26.740	0.0600
30	13	tracking	-845.375779	68.972813	-264.145543	-100.375	-34.740	0.0612
30	14	tracking	-845.036398	69.019217	-264.522830	-75.375	-42.740	0.0584
30	15	tracking	-844.705837	69.059505	-264.835665	-50.375	-50.740	0.0753
30	16	tracking	-844.415088	69.163056	-265.059831	-51.747	-42.740	0.0571
30	17	tracking	-844.095993	69.208106	-265.273380	-26.747	-34.740	0.0546
30	18	tracking	-843.797342	69.242421	-265.435205	-26.747	-26.740	0.0456
30	19	tracking	-843.518472	69.263872	-265.554048	-26.747	-25.689	0.0491
30	20	tracking	-843.269173	69.271782	-265.632891	-1.747	-17.689	0.0470
30	21	tracking	-843.057120	69.265102	-265.679702	23.253	-9.689	0.0416
30	22	tracking	-842.882217	69.244271	-265.703365	37.878	-7.940	0.0438
30	23	tracking	-842.738826	69.210229	-265.708447	37.878	-7.940	0.0958
30	24	tracking	-842.626751	69.163081	-265.704940	62.878	-15.940	0.0380
30	25	tracking	-842.540982	69.099609	-265.696079	67.848	-23.940	0.0429
30	26	tracking	-842.476920	69.014147	-265.683153	67.848	-31.940	0.0342
30	27	tracking	-842.430765	68.899323	-265.667189	67.848	-39.940	0.0362
30	28	tracking	-842.396740	68.747634	-265.645310	42.848	-47.168	0.0317
30	29	tracking	-842.369901	68.560716	-265.615016	17.848	-47.168	0.0340
30	30	tracking	-842.344395	68.340871	-265.575325	-7.152	-47.168	0.0291
30	31	tracking	-842.313875	68.090865	-265.527561	-32.152	-47.168	0.0327
30	32	tracking	-842.285067	67.802403	-265.472128	-7.152	-55.168	0.0258
30	33	tracking	-842.263720	67.476962	-265.409316	17.848	-55.963	0.1809
30	34	tracking	-842.249421	67.116819	-265.338689	17.848	-55.963	0.0440
30	35	landing	-842.243342	66.736715	-265.255072	17.848	-47.963	0.0249
30	36	landing	-842.245093	66.339024	-265.158307	17.848	-47.963	0.0230
30	37	landing	-842.254325	65.926076	-265.048265	17.848	-47.963	0.0232
31	0	tracking	-850.645964	68.867102	-257.032114	-139.104	-4.000	0.2042
31	1	tracking	-849.991601	68.807284	-257.601772	-164.104	-0.670	0.1127
31	2	tracking	-849.422535	68.751906	-258.196524	170.896	-8.670	0.0966
31	3	tracking	-848.951149	68.710040	-258.797665	153.407	-16.670	0.0906
31	4	tracking	-848.533079	68.685017	-259.402840	178.407	-24.670	0.0942
31	5	tracking	-848.135704	68.677907	-259.999512	-156.593	-32.670	0.0861
31	6	tracking	-847.761383	68.687936	-260.584443	-159.186	-40.670	0.0818
31	7	tracking	-847.390151	68.712344	-261.142272	-134.186	-46.375	0.0793
31	8	tracking	-847.034052	68.747852	-261.683844	-150.375	-42.740	0.0790
31	9	tracking	-846.691437	68.790551	-262.210929	-150.375	-34.740	0.0773
31	10	tracking	-846.360385	68.836374	-262.725899	-150.375	-26.740	0.0696
31	11	tracking	-846.038924	68.880283	-263.231329	-150.375	-18.740	0.0697
31	12	tracking	-845.711981	68.925618	-263.710438	-125.375	-26.740	0.0660
31	13	tracking	-845.375779	68.972813	-264.145543	-100.375	-34.740	0.0720
31	14	tracking	-845.036398	69.019217	-264.522830	-75.375	-42.740	0.0676
31	15	tracking	-844.705837	69.059505	-264.835665	-50.375	-50.740	0.0598
31	16	tracking	-844.315088	69.163056	-265.059831	-51.747	-42.740	0.0576
31	17	tracking	-843.995993	69.208106	-265.273380	-26.747	-34.740	0.0549
31	18	tracking	-843.697342	69.242421	-265.435205	-26.747	-26.740	0.0523
31	19	tracking	-843.418472	69.263872	-265.554048	-26.747	-25.689	0.0516
31	20	tracking	-843.169173	69.271782	-265.632891	-1.747	-17.689	0.0453
31	21	tracking	-842.957120	69.265102	-265.679702	23.253	-9.689	0.0493
31	22	tracking	-842.782217	69.244271	-265.703365	37.878	-7.940	0.0456
31	23	tracking	-842.638826	69.210229	-265.708447	37.878	-7.940	0.0427
31	24	tracking	-842.526751	69.163081	-265.704940	62.878	-15.940	0.0438
31	25	tracking	-842.440982	69.099609	-265.696079	67.848	-23.940	0.0384
31	26	tracking	-842.376920	69.014147	-265.683153	67.848	-31.940	0.0382
31	27	tracking	-842.330765	68.899323	-265.667189	67.848	-39.940	0.0390
31	28	tracking	-842.296740	68.747634	-265.645310	42.848	-47.168	0.0330
31	29	tracking	-842.269901	68.560716	-265.615016	17.848	-47.168	0.0340
31	30	tracking	-842.244395	68.340871	-265.575325	-7.152	-47.168	0.0310
31	31	tracking	-842.213875	68.090865	-265.527561	-32.152	-47.168	0.0318
31	32	tracking	-842.185067	67.802403	-265.472128	-7.152	-55.168	0.0265
31	33	tracking	-842.163720	67.476962	-265.409316	17.848	-55.963	0.0277
31	34	tracking	-842.149421	67.116819	-265.338689	17.848	-55.963	0.0270
31	35	landing	-842.143342	66.736715	-265.255072	17.848	-47.963	0.0221
31	36	landing	-842.145093	66.339024	-265.158307	17.848	-47.963	0.0188
31	37	landing	-842.154325	65.926076	-265.048265	17.848	-47.963	0.0213
32	0	tracking	-850.645964	68.867102	-257.032114	-139.104	-4.000	0.1443
32	1	tracking	-849.991601	68.807284	-257.601772	-164.104	-0.670	0.1115
32	2	tracking	-849.422535	68.751906	-258.196524	170.896	-8.670	0.0987
32	3	tracking	-848.951149	68.710040	-258.797665	153.407	-16.670	0.0925
32	4	tracking	-848.533079	68.685017	-259.402840	178.407	-24.670	0.0855
32	5	tracking	-848.135704	68.677907	-259.999512	-156.593	-32.670	0.0801
32	6	tracking	-847.761383	68.687936	-260.584443	-159.186	-40.670	0.0810
32	7	tracking	-847.390151	68.712344	-261.142272	-134.186	-46.375	0.0721
32	8	tracking	-847.034052	68.747852	-261.683844	-150.375	-42.740	0.0711
32	9	tracking	-846.691437	68.790551	-262.210929	-150.375	-34.740	0.0695
32	10	tracking	-846.360385	68.836374	-262.725899	-150.375	-26.740	0.0658
32	11	tracking	-846.038924	68.880283	-263.231329	-150.375	-18.740	0.0649
32	12	tracking	-845.711981	68.925618	-263.710438	-125.375	-26.740	0.0617
32	13	tracking	-845.375779	68.972813	-264.145543	-100.375	-34.740	0.0600
32	14	tracking	-845.036398	69.019217	-264.522830	-75.375	-42.740	0.0565
32	15	tracking	-844.705837	69.059505	-264.835665	-50.375	-50.740	0.0553
32	16	tracking	-844.453018	69.020488	-265.125996	-51.747	-42.740	0.0479
32	17	tracking	-844.168744	69.022079	-265.311434	-26.747	-34.740	0.0532
32	18	tracking	-843.901805	69.013678	-265.449573	-26.747	-26.740	0.0549
32	19	tracking	-843.651369	68.994298	-265.547667	-26.747	-25.689	0.0418
32	20	tracking	-843.427396	68.964524	-265.607733	-1.747	-17.689	0.0450
32	21	tracking	-843.238110	68.923876	-265.637344	23.253	-9.689	0.0435
32	22	tracking	-843.083839	68.872580	-265.645238	37.878	-7.940	0.0382
32	23	tracking	-842.959193	68.811228	-265.635803	37.878	-7.940	0.0391
32	24	tracking	-842.864355	68.739156	-265.619087	62.878	-15.940	0.0518
32	25	tracking	-842.794423	68.652491	-265.598263	67.848	-23.940	0.0373
32	26	tracking	-842.744866	68.545058	-265.574516	67.848	-31.940	0.0315
32	27	tracking	-842.711967	68.409131	-265.548775	67.848	-39.940	0.0339
32	28	tracking	-842.689995	68.237066	-265.517927	42.848	-47.168	0.0284
32	29	tracking	-842.674095	68.030865	-265.479020	17.848	-47.168	0.0301
32	30	tracking	-842.658221	67.793140	-265.430754	-7.152	-47.168	0.0261
32	31	tracking	-842.635752	67.526755	-265.374504	-32.152	-47.168	0.0281
32	32	tracking	-842.614023	67.223167	-265.310768	-7.152	-55.168	0.0245
32	33	tracking	-842.599218	66.883871	-265.239833	17.848	-55.963	0.0283
32	34	landing	-842.592442	66.523320	-265.156706	17.848	-47.963	0.0237
32	35	landing	-842.593323	66.143891	-265.061151	17.848	-47.963	0.0195
32	36	landing	-842.601529	65.747923	-264.952966	17.848	-47.963	0.0173
33	0	tracking	-850.645964	68.867102	-257.032114	-139.104	-4.000	0.1598
33	1	tracking	-849.991601	68.807284	-257.601772	-164.104	-0.670	0.1885
33	2	tracking	-849.422535	68.751906	-258.196524	170.896	-8.670	0.1477
33	3	tracking	-848.951149	68.710040	-258.797665	153.407	-16.670	0.0982
33	4	tracking	-848.533079	68.685017	-259.402840	178.407	-24.670	0.1071
33	5	tracking	-848.135704	68.677907	-259.999512	-156.593	-32.670	0.1115
33	6	tracking	-847.761383	68.687936	-260.584443	-159.186	-40.670	0.0926
33	7	tracking	-847.390151	68.712344	-261.142272	-134.186	-46.375	0.1104
33	8	tracking	-847.034052	68.747852	-261.683844	-150.375	-42.740	0.0787
33	9	tracking	-846.691437	68.790551	-262.210929	-150.375	-34.740	0.0751
33	10	tracking	-846.360385	68.836374	-262.725899	-150.375	-26.740	0.0842
33	11	tracking	-846.038924	68.880283	-263.231329	-150.375	-18.740	0.0697
33	12	tracking	-845.711981	68.925618	-263.710438	-125.375	-26.740	0.0696
33	13	tracking	-845.375779	68.972813	-264.145543	-100.375	-34.740	0.0743
33	14	tracking	-845.036398	69.019217	-264.522830	-75.375	-42.740	0.0582
33	15	tracking	-844.705837	69.059505	-264.835665	-50.375	-50.740	0.0567
33	16	tracking	-844.353018	69.020488	-265.125996	-51.747	-42.740	0.0484
33	17	tracking	-844.068744	69.022079	-265.311434	-26.747	-34.740	0.0461
33	18	tracking	-843.801805	69.013678	-265.449573	-26.747	-26.740	0.0399
33	19	tracking	-843.551369	68.994298	-265.547667	-26.747	-25.689	0.0459
33	20	tracking	-843.327396	68.964524	-265.607733	-1.747	-17.689	0.0337
33	21	tracking	-843.138110	68.923876	-265.637344	23.253	-9.689	0.0348
33	22	tracking	-842.983839	68.872580	-265.645238	37.878	-7.940	0.0300
33	23	tracking	-842.859193	68.811228	-265.635803	37.878	-7.940	0.0323
33	24	tracking	-842.764355	68.739156	-265.619087	62.878	-15.940	0.0319
33	25	tracking	-842.694423	68.652491	-265.598263	67.848	-23.940	0.0331
33	26	tracking	-842.644866	68.545058	-265.574516	67.848	-31.940	0.0270
33	27	tracking	-842.611967	68.409131	-265.548775	67.848	-39.940	0.0280
33	28	tracking	-842.589995	68.237066	-265.517927	42.848	-47.168	0.0261
33	29	tracking	-842.574095	68.030865	-265.479020	17.848	-47.168	0.0212
33	30	tracking	-842.558221	67.793140	-265.430754	-7.152	-47.168	0.0193
33	31	tracking	-842.535752	67.526755	-265.374504	-32.152	-47.168	0.0213
33	32	tracking	-842.514023	67.223167	-265.310768	-7.152	-55.168	0.0215
33	33	tracking	-842.499218	66.883871	-265.239833	17.848	-55.963	0.0156
33	34	landing	-842.492442	66.523320	-265.156706	17.848	-47.963	0.0140
33	35	landing	-842.493323	66.143891	-265.061151	17.848	-47.963	0.0166
33	36	landing	-842.501529	65.747923	-264.952966	17.848	-47.963	0.0117
34	0	tracking	-850.645964	68.867102	-257.032114	-139.104	-4.000	0.2244
34	1	tracking	-849.991601	68.807284	-257.601772	-164.104	-0.670	0.1625
34	2	tracking	-849.422535	68.751906	-258.196524	170.896	-8.670	0.1586
34	3	tracking	-848.951149	68.710040	-258.797665	153.407	-16.670	0.1592
34	4	tracking	-848.533079	68.685017	-259.402840	178.407	-24.670	0.1557
34	5	tracking	-848.135704	68.677907	-259.999512	-156.593	-32.670	0.1053
34	6	tracking	-847.761383	68.687936	-260.584443	-159.186	-40.670	0.0801
34	7	tracking	-847.390151	68.712344	-261.142272	-134.186	-46.375	0.0761
34	8	tracking	-847.034052	68.747852	-261.683844	-150.375	-42.740	0.0707
34	9	tracking	-846.691437	68.790551	-262.210929	-150.375	-34.740	0.0755
34	10	tracking	-846.360385	68.836374	-262.725899	-150.375	-26.740	0.0760
34	11	tracking	-846.038924	68.880283	-263.231329	-150.375	-18.740	0.0657
34	12	tracking	-845.711981	68.925618	-263.710438	-125.375	-26.740	0.0570
34	13	tracking	-845.375779	68.972813	-264.145543	-100.375	-34.740	0.0568
34	14	tracking	-845.036398	69.019217	-264.522830	-75.375	-42.740	0.0549
34	15	tracking	-844.705837	69.059505	-264.835665	-50.375	-50.740	0.0552
34	16	tracking	-844.453018	69.120488	-265.125996	-51.747	-42.740	0.0523
34	17	tracking	-844.168744	69.122079	-265.311434	-26.747	-34.740	0.0515
34	18	tracking	-843.901805	69.113678	-265.449573	-26.747	-26.740	0.0437
34	19	tracking	-843.651369	69.094298	-265.547667	-26.747	-25.689	0.0482
34	20	tracking	-843.427396	69.064524	-265.607733	-1.747	-17.689	0.0459
34	21	tracking	-843.238110	69.023876	-265.637344	23.253	-9.689	0.0389
34	22	tracking	-843.083839	68.972580	-265.645238	37.878	-7.940	0.0398
34	23	tracking	-842.959193	68.911228	-265.635803	37.878	-7.940	0.0365
34	24	tracking	-842.864355	68.839156	-265.619087	62.878	-15.940	0.0370
34	25	tracking	-842.794423	68.752491	-265.598263	67.848	-23.940	0.0332
34	26	tracking	-842.744866	68.645058	-265.574516	67.848	-31.940	0.0302
34	27	tracking	-842.711967	68.509131	-265.548775	67.848	-39.940	0.0304
34	28	tracking	-842.689995	68.337066	-265.517927	42.848	-47.168	0.0286
34	29	tracking	-842.674095	68.130865	-265.479020	17.848	-47.168	0.0266
34	30	tracking	-842.658221	67.893140	-265.430754	-7.152	-47.168	0.0288
34	31	tracking	-842.635752	67.626755	-265.374504	-32.152	-47.168	0.0243
34	32	tracking	-842.614023	67.323167	-265.310768	-7.152	-55.168	0.0276
34	33	tracking	-842.599218	66.983871	-265.239833	17.848	-55.963	0.0225
34	34	landing	-842.592442	66.623320	-265.156706	17.848	-47.963	0.0210
34	35	landing	-842.593323	66.243891	-265.061151	17.848	-47.963	0.0220
34	36	landing	-842.601529	65.847923	-264.952966	17.848	-47.963	0.0202
35	0	tracking	-850.645964	68.867102	-257.032114	-139.104	-4.000	0.1552
35	1	tracking	-849.991601	68.807284	-257.601772	-164.104	-0.670	0.1001
35	2	tracking	-849.422535	68.751906	-258.196524	170.896	-8.670	0.0965
35	3	tracking	-848.951149	68.710040	-258.797665	153.407	-16.670	0.0904
35	4	tracking	-848.533079	68.685017	-259.402840	178.407	-24.670	0.1118
35	5	tracking	-848.135704	68.677907	-259.999512	-156.593	-32.670	0.0803
35	6	tracking	-847.761383	68.687936	-260.584443	-159.186	-40.670	0.0766
35	7	tracking	-847.390151	68.712344	-261.142272	-134.186	-46.375	0.0760
35	8	tracking	-847.034052	68.747852	-261.683844	-150.375	-42.740	0.0717
35	9	tracking	-846.691437	68.790551	-262.210929	-150.375	-34.740	0.0706
35	10	tracking	-846.360385	68.836374	-262.725899	-150.375	-26.740	0.0686
35	11	tracking	-846.038924	68.880283	-263.231329	-150.375	-18.740	0.0671
35	12	tracking	-845.711981	68.925618	-263.710438	-125.375	-26.740	0.0871
35	13	tracking	-845.375779	68.972813	-264.145543	-100.375	-34.740	0.0614
35	14	tracking	-845.036398	69.019217	-264.522830	-75.375	-42.740	0.0707
35	15	tracking	-844.705837	69.059505	-264.835665	-50.375	-50.740	0.0636
35	16	tracking	-844.353018	69.120488	-265.125996	-51.747	-42.740	0.0445
35	17	tracking	-844.068744	69.122079	-265.311434	-26.747	-34.740	0.0563
35	18	tracking	-843.801805	69.113678	-265.449573	-26.747	-26.740	0.0406
35	19	tracking	-843.551369	69.094298	-265.547667	-26.747	-25.689	0.0358
35	20	tracking	-843.327396	69.064524	-265.607733	-1.747	-17.689	0.0370
35	21	tracking	-843.138110	69.023876	-265.637344	23.253	-9.689	0.0321
35	22	tracking	-842.983839	68.972580	-265.645238	37.878	-7.940	0.0343
35	23	tracking	-842.859193	68.911228	-265.635803	37.878	-7.940	0.0277
35	24	tracking	-842.764355	68.839156	-265.619087	62.878	-15.940	0.0299
35	25	tracking	-842.694423	68.752491	-265.598263	67.848	-23.940	0.0286
35	26	tracking	-842.644866	68.645058	-265.574516	67.848	-31.940	0.0278
35	27	tracking	-842.611967	68.509131	-265.548775	67.848	-39.940	0.0234
35	28	tracking	-842.589995	68.337066	-265.517927	42.848	-47.168	0.0221
35	29	tracking	-842.574095	68.130865	-265.479020	17.848	-47.168	0.0243
35	30	tracking	-842.558221	67.893140	-265.430754	-7.152	-47.168	0.0189
35	31	tracking	-842.535752	67.626755	-265.374504	-32.152	-47.168	0.0169
35	32	tracking	-842.514023	67.323167	-265.310768	-7.152	-55.168	0.0162
35	33	tracking	-842.499218	66.983871	-265.239833	17.848	-55.963	0.0185
35	34	landing	-842.492442	66.623320	-265.156706	17.848	-47.963	0.0132
35	35	landing	-842.493323	66.243891	-265.061151	17.848	-47.963	0.0116
35	36	landing	-842.501529	65.847923	-264.952966	17.848	-47.963	0.0110
36	0	tracking	-850.645964	68.867102	-257.032114	-139.104	-4.000	0.1509
36	1	tracking	-849.991601	68.807284	-257.601772	-164.104	-0.670	0.1139
36	2	tracking	-849.422535	68.751906	-258.196524	170.896	-8.670	0.1001
36	3	tracking	-848.951149	68.710040	-258.797665	153.407	-16.670	0.0974
36	4	tracking	-848.533079	68.685017	-259.402840	178.407	-24.670	0.0887
36	5	tracking	-848.135704	68.677907	-259.999512	-156.593	-32.670	0.0919
36	6	tracking	-847.761383	68.687936	-260.584443	-159.186	-40.670	0.0774
36	7	tracking	-847.390151	68.712344	-261.142272	-134.186	-46.375	0.0748
36	8	tracking	-847.034052	68.747852	-261.683844	-150.375	-42.740	0.0717
36	9	tracking	-846.691437	68.790551	-262.210929	-150.375	-34.740	0.0719
36	10	tracking	-846.360385	68.836374	-262.725899	-150.375	-26.740	0.0673
36	11	tracking	-846.038924	68.880283	-263.231329	-150.375	-18.740	0.0763
36	12	tracking	-845.711981	68.925618	-263.710438	-125.375	-26.740	0.0637
36	13	tracking	-845.375779	68.972813	-264.145543	-100.375	-34.740	0.0606
36	14	tracking	-845.036398	69.019217	-264.522830	-75.375	-42.740	0.0544
36	15	tracking	-844.705837	69.059505	-264.835665	-50.375	-50.740	0.0578
36	16	tracking	-844.453018	69.020488	-265.025996	-51.747	-42.740	0.0519
36	17	tracking	-844.168744	69.022079	-265.211434	-26.747	-34.740	0.0479
36	18	tracking	-843.901805	69.013678	-265.349573	-26.747	-26.740	0.0441
36	19	tracking	-843.651369	68.994298	-265.447667	-26.747	-25.689	0.0446
36	20	tracking	-843.427396	68.964524	-265.507733	-1.747	-17.689	0.0424
36	21	tracking	-843.238110	68.923876	-265.537344	23.253	-9.689	0.0379
36	22	tracking	-843.083839	68.872580	-265.545238	37.878	-7.940	0.0409
36	23	tracking	-842.959193	68.811228	-265.535803	37.878	-7.940	0.0354
36	24	tracking	-842.864355	68.739156	-265.519087	62.878	-15.940	0.0437
36	25	tracking	-842.794423	68.652491	-265.498263	67.848	-23.940	0.0405
36	26	tracking	-842.744866	68.545058	-265.474516	67.848	-31.940	0.0379
36	27	tracking	-842.711967	68.409131	-265.448775	67.848	-39.940	0.0330
36	28	tracking	-842.689995	68.237066	-265.417927	42.848	-47.168	0.0337
36	29	tracking	-842.674095	68.030865	-265.379020	17.848	-47.168	0.0292
36	30	tracking	-842.658221	67.793140	-265.330754	-7.152	-47.168	0.0313
36	31	tracking	-842.635752	67.526755	-265.274504	-32.152	-47.168	0.0264
36	32	tracking	-842.614023	67.223167	-265.210768	-7.152	-55.168	0.0279
36	33	tracking	-842.599218	66.883871	-265.139833	17.848	-55.963	0.0238
36	34	landing	-842.592442	66.523320	-265.056706	17.848	-47.963	0.0217
36	35	landing	-842.593323	66.143891	-264.961151	17.848	-47.963	0.0233
36	36	landing	-842.601529	65.747923	-264.852966	17.848	-47.963	0.0168
37	0	tracking	-850.645964	68.867102	-257.032114	-139.104	-4.000	0.1394
37	1	tracking	-849.991601	68.807284	-257.601772	-164.104	-0.670	0.0980
37	2	tracking	-849.422535	68.751906	-258.196524	170.896	-8.670	0.1010
37	3	tracking	-848.951149	68.710040	-258.797665	153.407	-16.670	0.0926
37	4	tracking	-848.533079	68.685017	-259.402840	178.407	-24.670	0.1380
37	5	tracking	-848.135704	68.677907	-259.999512	-156.593	-32.670	0.1135
37	6	tracking	-847.761383	68.687936	-260.584443	-159.186	-40.670	0.0862
37	7	tracking	-847.390151	68.712344	-261.142272	-134.186	-46.375	0.0786
37	8	tracking	-847.034052	68.747852	-261.683844	-150.375	-42.740	0.0789
37	9	tracking	-846.691437	68.790551	-262.210929	-150.375	-34.740	0.0940
37	10	tracking	-846.360385	68.836374	-262.725899	-150.375	-26.740	0.0748
37	11	tracking	-846.038924	68.880283	-263.231329	-150.375	-18.740	0.0744
37	12	tracking	-845.711981	68.925618	-263.710438	-125.375	-26.740	0.0720
37	13	tracking	-845.375779	68.972813	-264.145543	-100.375	-34.740	0.1901
37	14	tracking	-845.036398	69.019217	-264.522830	-75.375	-42.740	0.1410
37	15	tracking	-844.705837	69.059505	-264.835665	-50.375	-50.740	0.1292
37	16	tracking	-844.353018	69.020488	-265.025996	-51.747	-42.740	0.0903
37	17	tracking	-844.068744	69.022079	-265.211434	-26.747	-34.740	0.0835
37	18	tracking	-843.801805	69.013678	-265.349573	-26.747	-26.740	0.0818
37	19	tracking	-843.551369	68.994298	-265.447667	-26.747	-25.689	0.0633
37	20	tracking	-843.327396	68.964524	-265.507733	-1.747	-17.689	0.0467
37	21	tracking	-843.138110	68.923876	-265.537344	23.253	-9.689	0.0303
37	22	tracking	-842.983839	68.872580	-265.545238	37.878	-7.940	0.0285
37	23	tracking	-842.859193	68.811228	-265.535803	37.878	-7.940	0.0312
37	24	tracking	-842.764355	68.739156	-265.519087	62.878	-15.940	0.0263
37	25	tracking	-842.694423	68.652491	-265.498263	67.848	-23.940	0.0303
37	26	tracking	-842.644866	68.545058	-265.474516	67.848	-31.940	0.0241
37	27	tracking	-842.611967	68.409131	-265.448775	67.848	-39.940	0.0248
37	28	tracking	-842.589995	68.237066	-265.417927	42.848	-47.168	0.0378
37	29	tracking	-842.574095	68.030865	-265.379020	17.848	-47.168	0.0229
37	30	tracking	-842.558221	67.793140	-265.330754	-7.152	-47.168	0.0228
37	31	tracking	-842.535752	67.526755	-265.274504	-32.152	-47.168	0.0181
37	32	tracking	-842.514023	67.223167	-265.210768	-7.152	-55.168	0.0181
37	33	tracking	-842.499218	66.883871	-265.139833	17.848	-55.963	0.0156
37	34	landing	-842.492442	66.523320	-265.056706	17.848	-47.963	0.0184
37	35	landing	-842.493323	66.143891	-264.961151	17.848	-47.963	0.0135
37	36	landing	-842.501529	65.747923	-264.852966	17.848	-47.963	0.0121
38	0	tracking	-850.645964	68.867102	-257.032114	-139.104	-4.000	0.1544
38	1	tracking	-849.991601	68.807284	-257.601772	-164.104	-0.670	0.1320
38	2	tracking	-849.422535	68.751906	-258.196524	170.896	-8.670	0.1284
38	3	tracking	-848.951149	68.710040	-258.797665	153.407	-16.670	0.2232
38	4	tracking	-848.533079	68.685017	-259.402840	178.407	-24.670	0.1238
38	5	tracking	-848.135704	68.677907	-259.999512	-156.593	-32.670	0.0826
38	6	tracking	-847.761383	68.687936	-260.584443	-159.186	-40.670	0.0824
38	7	tracking	-847.390151	68.712344	-261.142272	-134.186	-46.375	0.0803
38	8	tracking	-847.034052	68.747852	-261.683844	-150.375	-42.740	0.0730
38	9	tracking	-846.691437	68.790551	-262.210929	-150.375	-34.740	0.0716
38	10	tracking	-846.360385	68.836374	-262.725899	-150.375	-26.740	0.0702
38	11	tracking	-846.038924	68.880283	-263.231329	-150.375	-18.740	0.0648
38	12	tracking	-845.711981	68.925618	-263.710438	-125.375	-26.740	0.0617
38	13	tracking	-845.375779	68.972813	-264.145543	-100.375	-34.740	0.0769
38	14	tracking	-845.036398	69.019217	-264.522830	-75.375	-42.740	0.0599
38	15	tracking	-844.705837	69.059505	-264.835665	-50.375	-50.740	0.0573
38	16	tracking	-844.453018	69.120488	-265.025996	-51.747	-42.740	0.0619
38	17	tracking	-844.168744	69.122079	-265.211434	-26.747	-34.740	0.0555
38	18	tracking	-843.901805	69.113678	-265.349573	-26.747	-26.740	0.0471
38	19	tracking	-843.651369	69.094298	-265.447667	-26.747	-25.689	0.0466
38	20	tracking	-843.427396	69.064524	-265.507733	-1.747	-17.689	0.0407
38	21	tracking	-843.238110	69.023876	-265.537344	23.253	-9.689	0.0429
38	22	tracking	-843.083839	68.972580	-265.545238	37.878	-7.940	0.0420
38	23	tracking	-842.959193	68.911228	-265.535803	37.878	-7.940	0.0376
38	24	tracking	-842.864355	68.839156	-265.519087	62.878	-15.940	0.0390
38	25	tracking	-842.794423	68.752491	-265.498263	67.848	-23.940	0.0347
38	26	tracking	-842.744866	68.645058	-265.474516	67.848	-31.940	0.0360
38	27	tracking	-842.711967	68.509131	-265.448775	67.848	-39.940	0.0327
38	28	tracking	-842.689995	68.337066	-265.417927	42.848	-47.168	0.0339
38	29	tracking	-842.674095	68.130865	-265.379020	17.848	-47.168	0.0309
38	30	tracking	-842.658221	67.893140	-265.330754	-7.152	-47.168	0.0278
38	31	tracking	-842.635752	67.626755	-265.274504	-32.152	-47.168	0.0352
38	32	tracking	-842.614023	67.323167	-265.210768	-7.152	-55.168	0.0250
38	33	tracking	-842.599218	66.983871	-265.139833	17.848	-55.963	0.0275
38	34	landing	-842.592442	66.623320	-265.056706	17.848	-47.963	0.0214
38	35	landing	-842.593323	66.243891	-264.961151	17.848	-47.963	0.0179
38	36	landing	-842.601529	65.847923	-264.852966	17.848	-47.963	0.0177
39	0	tracking	-850.645964	68.867102	-257.032114	-139.104	-4.000	0.1539
39	1	tracking	-849.991601	68.807284	-257.601772	-164.104	-0.670	0.1048
39	2	tracking	-849.422535	68.751906	-258.196524	170.896	-8.670	0.1045
39	3	tracking	-848.951149	68.710040	-258.797665	153.407	-16.670	0.1080
39	4	tracking	-848.533079	68.685017	-259.402840	178.407	-24.670	0.0942
39	5	tracking	-848.135704	68.677907	-259.999512	-156.593	-32.670	0.3240
39	6	tracking	-847.761383	68.687936	-260.584443	-159.186	-40.670	0.1768
39	7	tracking	-847.390151	68.712344	-261.142272	-134.186	-46.375	0.1941
39	8	tracking	-847.034052	68.747852	-261.683844	-150.375	-42.740	0.2516
39	9	tracking	-846.691437	68.790551	-262.210929	-150.375	-34.740	0.0982
39	10	tracking	-846.360385	68.836374	-262.725899	-150.375	-26.740	0.0760
39	11	tracking	-846.038924	68.880283	-263.231329	-150.375	-18.740	0.0686
39	12	tracking	-845.711981	68.925618	-263.710438	-125.375	-26.740	0.0636
39	13	tracking	-845.375779	68.972813	-264.145543	-100.375	-34.740	0.0619
39	14	tracking	-845.036398	69.019217	-264.522830	-75.375	-42.740	0.0585
39	15	tracking	-844.705837	69.059505	-264.835665	-50.375	-50.740	0.0529
39	16	tracking	-844.353018	69.120488	-265.025996	-51.747	-42.740	0.0428
39	17	tracking	-844.068744	69.122079	-265.211434	-26.747	-34.740	0.0416
39	18	tracking	-843.801805	69.113678	-265.349573	-26.747	-26.740	0.0371
39	19	tracking	-843.551369	69.094298	-265.447667	-26.747	-25.689	0.0369
39	20	tracking	-843.327396	69.064524	-265.507733	-1.747	-17.689	0.0546
39	21	tracking	-843.138110	69.023876	-265.537344	23.253	-9.689	0.0344
39	22	tracking	-842.983839	68.972580	-265.545238	37.878	-7.940	0.0288
39	23	tracking	-842.859193	68.911228	-265.535803	37.878	-7.940	0.0305
39	24	tracking	-842.764355	68.839156	-265.519087	62.878	-15.940	0.0266
39	25	tracking	-842.694423	68.752491	-265.498263	67.848	-23.940	0.0325
39	26	tracking	-842.644866	68.645058	-265.474516	67.848	-31.940	0.0308
39	27	tracking	-842.611967	68.509131	-265.448775	67.848	-39.940	0.0276
39	28	tracking	-842.589995	68.337066	-265.417927	42.848	-47.168	0.0275
39	29	tracking	-842.574095	68.130865	-265.379020	17.848	-47.168	0.0213
39	30	tracking	-842.558221	67.893140	-265.330754	-7.152	-47.168	0.0196
39	31	tracking	-842.535752	67.626755	-265.274504	-32.152	-47.168	0.0202
39	32	tracking	-842.514023	67.323167	-265.210768	-7.152	-55.168	0.0164
39	33	tracking	-842.499218	66.983871	-265.139833	17.848	-55.963	0.0146
39	34	landing	-842.492442	66.623320	-265.056706	17.848	-47.963	0.0132
39	35	landing	-842.493323	66.243891	-264.961151	17.848	-47.963	0.0157
39	36	landing	-842.501529	65.847923	-264.852966	17.848	-47.963	0.0120
40	0	tracking	-850.645964	68.867102	-257.032114	-139.104	-4.000	0.1703
40	1	tracking	-849.991601	68.807284	-257.601772	-164.104	-0.670	0.1036
40	2	tracking	-849.422535	68.751906	-258.196524	170.896	-8.670	0.1041
40	3	tracking	-848.951149	68.710040	-258.797665	153.407	-16.670	0.0890
40	4	tracking	-848.533079	68.685017	-259.402840	178.407	-24.670	0.0809
40	5	tracking	-848.135704	68.677907	-259.999512	-156.593	-32.670	0.0770
40	6	tracking	-847.761383	68.687936	-260.584443	-159.186	-40.670	0.0737
40	7	tracking	-847.390151	68.712344	-261.142272	-134.186	-46.375	0.0758
40	8	tracking	-847.034052	68.747852	-261.683844	-150.375	-42.740	0.0708
40	9	tracking	-846.691437	68.790551	-262.210929	-150.375	-34.740	0.1174
40	10	tracking	-846.360385	68.836374	-262.725899	-150.375	-26.740	0.0676
40	11	tracking	-846.038924	68.880283	-263.231329	-150.375	-18.740	0.0797
40	12	tracking	-845.711981	68.925618	-263.710438	-125.375	-26.740	0.0643
40	13	tracking	-845.375779	68.972813	-264.145543	-100.375	-34.740	0.0590
40	14	tracking	-845.036398	69.019217	-264.522830	-75.375	-42.740	0.0571
40	15	tracking	-844.705837	69.059505	-264.835665	-50.375	-50.740	0.0558
40	16	tracking	-844.415620	69.023036	-265.124610	-51.747	-42.740	0.0531
40	17	tracking	-844.097061	69.029038	-265.306901	-26.747	-34.740	0.0448
40	18	tracking	-843.798684	69.026175	-265.440471	-26.747	-26.740	0.0470
40	19	tracking	-843.519426	69.013213	-265.532885	-26.747	-25.689	0.0437
40	20	tracking	-843.269721	68.990118	-265.586191	-1.747	-17.689	0.0391
40	21	tracking	-843.058141	68.955876	-265.608305	23.253	-9.689	0.0406
40	22	tracking	-842.884882	68.910607	-265.608391	37.878	-7.940	0.0364
40	23	tracking	-842.744080	68.854907	-265.591021	37.878	-7.940	0.0378
40	24	tracking	-842.635773	68.788444	-265.566761	62.878	-15.940	0.0364
40	25	tracking	-842.554603	68.707564	-265.538903	67.848	-23.940	0.0499
40	26	tracking	-842.495643	68.606245	-265.508642	67.848	-31.940	0.0369
40	27	tracking	-842.454868	68.476869	-265.476893	67.848	-39.940	0.0318
40	28	tracking	-842.426185	68.311839	-265.440359	42.848	-47.168	0.0320
40	29	tracking	-842.404408	68.113002	-265.396068	17.848	-47.168	0.0304
40	30	tracking	-842.383269	67.882833	-265.342776	-7.152	-47.168	0.0287
40	31	tracking	-842.356022	67.624112	-265.281908	-32.152	-47.168	0.0301
40	32	tracking	-842.330011	67.328419	-265.213856	-7.152	-55.168	0.0248
40	33	tracking	-842.311440	66.997192	-265.138920	17.848	-55.963	0.0223
40	34	landing	-842.301315	66.644634	-265.052208	17.848	-47.963	0.0217
40	35	landing	-842.299201	66.273050	-264.953494	17.848	-47.963	0.0193
40	36	landing	-842.304713	65.884723	-264.842573	17.848	-47.963	0.0175
41	0	tracking	-850.645964	68.867102	-257.032114	-139.104	-4.000	0.3195
41	1	tracking	-849.991601	68.807284	-257.601772	-164.104	-0.670	0.2341
41	2	tracking	-849.422535	68.751906	-258.196524	170.896	-8.670	0.2034
41	3	tracking	-848.951149	68.710040	-258.797665	153.407	-16.670	0.1925
41	4	tracking	-848.533079	68.685017	-259.402840	178.407	-24.670	0.1842
41	5	tracking	-848.135704	68.677907	-259.999512	-156.593	-32.670	0.2002
41	6	tracking	-847.761383	68.687936	-260.584443	-159.186	-40.670	0.1327
41	7	tracking	-847.390151	68.712344	-261.142272	-134.186	-46.375	0.0830
41	8	tracking	-847.034052	68.747852	-261.683844	-150.375	-42.740	0.0741
41	9	tracking	-846.691437	68.790551	-262.210929	-150.375	-34.740	0.0718
41	10	tracking	-846.360385	68.836374	-262.725899	-150.375	-26.740	0.0673
41	11	tracking	-846.038924	68.880283	-263.231329	-150.375	-18.740	0.0712
41	12	tracking	-845.711981	68.925618	-263.710438	-125.375	-26.740	0.0679
41	13	tracking	-845.375779	68.972813	-264.145543	-100.375	-34.740	0.0630
41	14	tracking	-845.036398	69.019217	-264.522830	-75.375	-42.740	0.0650
41	15	tracking	-844.705837	69.059505	-264.835665	-50.375	-50.740	0.0586
41	16	tracking	-844.315620	69.023036	-265.124610	-51.747	-42.740	0.0739
41	17	tracking	-843.997061	69.029038	-265.306901	-26.747	-34.740	0.0587
41	18	tracking	-843.698684	69.026175	-265.440471	-26.747	-26.740	0.0500
41	19	tracking	-843.419426	69.013213	-265.532885	-26.747	-25.689	0.0455
41	20	tracking	-843.169721	68.990118	-265.586191	-1.747	-17.689	0.0472
41	21	tracking	-842.958141	68.955876	-265.608305	23.253	-9.689	0.0419
41	22	tracking	-842.784882	68.910607	-265.608391	37.878	-7.940	0.0429
41	23	tracking	-842.644080	68.854907	-265.591021	37.878	-7.940	0.0426
41	24	tracking	-842.535773	68.788444	-265.566761	62.878	-15.940	0.0365
41	25	tracking	-842.454603	68.707564	-265.538903	67.848	-23.940	0.0398
41	26	tracking	-842.395643	68.606245	-265.508642	67.848	-31.940	0.0350
41	27	tracking	-842.354868	68.476869	-265.476893	67.848	-39.940	0.0368
41	28	tracking	-842.326185	68.311839	-265.440359	42.848	-47.168	0.0316
41	29	tracking	-842.304408	68.113002	-265.396068	17.848	-47.168	0.0473
41	30	tracking	-842.283269	67.882833	-265.342776	-7.152	-47.168	0.0302
41	31	tracking	-842.256022	67.624112	-265.281908	-32.152	-47.168	0.0280
41	32	tracking	-842.230011	67.328419	-265.213856	-7.152	-55.168	0.0307
41	33	tracking	-842.211440	66.997192	-265.138920	17.848	-55.963	0.0236
41	34	landing	-842.201315	66.644634	-265.052208	17.848	-47.963	0.0205
41	35	landing	-842.199201	66.273050	-264.953494	17.848	-47.963	0.0222
41	36	landing	-842.204713	65.884723	-264.842573	17.848	-47.963	0.0176
42	0	tracking	-850.645964	68.867102	-257.032114	-139.104	-4.000	0.1502
42	1	tracking	-849.991601	68.807284	-257.601772	-164.104	-0.670	0.1051
42	2	tracking	-849.422535	68.751906	-258.196524	170.896	-8.670	0.0944
42	3	tracking	-848.951149	68.710040	-258.797665	153.407	-16.670	0.0914
42	4	tracking	-848.533079	68.685017	-259.402840	178.407	-24.670	0.0940
42	5	tracking	-848.135704	68.677907	-259.999512	-156.593	-32.670	0.0950
42	6	tracking	-847.761383	68.687936	-260.584443	-159.186	-40.670	0.0870
42	7	tracking	-847.390151	68.712344	-261.142272	-134.186	-46.375	0.0787
42	8	tracking	-847.034052	68.747852	-261.683844	-150.375	-42.740	0.0729
42	9	tracking	-846.691437	68.790551	-262.210929	-150.375	-34.740	0.0725
42	10	tracking	-846.360385	68.836374	-262.725899	-150.375	-26.740	0.0694
42	11	tracking	-846.038924	68.880283	-263.231329	-150.375	-18.740	0.0641
42	12	tracking	-845.711981	68.925618	-263.710438	-125.375	-26.740	0.0614
42	13	tracking	-845.375779	68.972813	-264.145543	-100.375	-34.740	0.0634
42	14	tracking	-845.036398	69.019217	-264.522830	-75.375	-42.740	0.0585
42	15	tracking	-844.705837	69.059505	-264.835665	-50.375	-50.740	0.0674
42	16	tracking	-844.415620	69.123036	-265.124610	-51.747	-42.740	0.0562
42	17	tracking	-844.097061	69.129038	-265.306901	-26.747	-34.740	0.0531
42	18	tracking	-843.798684	69.126175	-265.440471	-26.747	-26.740	0.0455
42	19	tracking	-843.519426	69.113213	-265.532885	-26.747	-25.689	0.0467
42	20	tracking	-843.269721	69.090118	-265.586191	-1.747	-17.689	0.0458
42	21	tracking	-843.058141	69.055876	-265.608305	23.253	-9.689	0.0394
42	22	tracking	-842.884882	69.010607	-265.608391	37.878	-7.940	0.0472
42	23	tracking	-842.744080	68.954907	-265.591021	37.878	-7.940	0.0456
42	24	tracking	-842.635773	68.888444	-265.566761	62.878	-15.940	0.0422
42	25	tracking	-842.554603	68.807564	-265.538903	67.848	-23.940	0.0356
42	26	tracking	-842.495643	68.706245	-265.508642	67.848	-31.940	0.0396
42	27	tracking	-842.454868	68.576869	-265.476893	67.848	-39.940	0.0341
42	28	tracking	-842.426185	68.411839	-265.440359	42.848	-47.168	0.0365
42	29	tracking	-842.404408	68.213002	-265.396068	17.848	-47.168	0.0307
42	30	tracking	-842.383269	67.982833	-265.342776	-7.152	-47.168	0.0321
42	31	tracking	-842.356022	67.724112	-265.281908	-32.152	-47.168	0.0267
42	32	tracking	-842.330011	67.428419	-265.213856	-7.152	-55.168	0.0287
42	33	tracking	-842.311440	67.097192	-265.138920	17.848	-55.963	0.0255
42	34	landing	-842.301315	66.744634	-265.052208	17.848	-47.963	0.0223
42	35	landing	-842.299201	66.373050	-264.953494	17.848	-47.963	0.0224
42	36	landing	-842.304713	65.984723	-264.842573	17.848	-47.963	0.0187
43	0	tracking	-850.645964	68.867102	-257.032114	-139.104	-4.000	0.1922
43	1	tracking	-849.991601	68.807284	-257.601772	-164.104	-0.670	0.1450
43	2	tracking	-849.422535	68.751906	-258.196524	170.896	-8.670	0.2231
43	3	tracking	-848.951149	68.710040	-258.797665	153.407	-16.670	0.1791
43	4	tracking	-848.533079	68.685017	-259.402840	178.407	-24.670	0.1673
43	5	tracking	-848.135704	68.677907	-259.999512	-156.593	-32.670	0.1641
43	6	tracking	-847.761383	68.687936	-260.584443	-159.186	-40.670	0.1530
43	7	tracking	-847.390151	68.712344	-261.142272	-134.186	-46.375	0.1507
43	8	tracking	-847.034052	68.747852	-261.683844	-150.375	-42.740	0.1945
43	9	tracking	-846.691437	68.790551	-262.210929	-150.375	-34.740	0.0978
43	10	tracking	-846.360385	68.836374	-262.725899	-150.375	-26.740	0.0742
43	11	tracking	-846.038924	68.880283	-263.231329	-150.375	-18.740	0.0691
43	12	tracking	-845.711981	68.925618	-263.710438	-125.375	-26.740	0.0647
43	13	tracking	-845.375779	68.972813	-264.145543	-100.375	-34.740	0.0635
43	14	tracking	-845.036398	69.019217	-264.522830	-75.375	-42.740	0.0645
43	15	tracking	-844.705837	69.059505	-264.835665	-50.375	-50.740	0.0582
43	16	tracking	-844.315620	69.123036	-265.124610	-51.747	-42.740	0.0594
43	17	tracking	-843.997061	69.129038	-265.306901	-26.747	-34.740	0.0504
43	18	tracking	-843.698684	69.126175	-265.440471	-26.747	-26.740	0.0521
43	19	tracking	-843.419426	69.113213	-265.532885	-26.747	-25.689	0.0502
43	20	tracking	-843.169721	69.090118	-265.586191	-1.747	-17.689	0.0477
43	21	tracking	-842.958141	69.055876	-265.608305	23.253	-9.689	0.0466
43	22	tracking	-842.784882	69.010607	-265.608391	37.878	-7.940	0.0449
43	23	tracking	-842.644080	68.954907	-265.591021	37.878	-7.940	0.0394
43	24	tracking	-842.535773	68.888444	-265.566761	62.878	-15.940	0.0436
43	25	tracking	-842.454603	68.807564	-265.538903	67.848	-23.940	0.0373
43	26	tracking	-842.395643	68.706245	-265.508642	67.848	-31.940	0.0624
43	27	tracking	-842.354868	68.576869	-265.476893	67.848	-39.940	0.0381
43	28	tracking	-842.326185	68.411839	-265.440359	42.848	-47.168	0.0379
43	29	tracking	-842.304408	68.213002	-265.396068	17.848	-47.168	0.0342
43	30	tracking	-842.283269	67.982833	-265.342776	-7.152	-47.168	0.0444
43	31	tracking	-842.256022	67.724112	-265.281908	-32.152	-47.168	0.0335
43	32	tracking	-842.230011	67.428419	-265.213856	-7.152	-55.168	0.0320
43	33	tracking	-842.211440	67.097192	-265.138920	17.848	-55.963	0.0303
43	34	landing	-842.201315	66.744634	-265.052208	17.848	-47.963	0.0221
43	35	landing	-842.199201	66.373050	-264.953494	17.848	-47.963	0.0303
43	36	landing	-842.204713	65.984723	-264.842573	17.848	-47.963	0.0232
44	0	tracking	-850.645964	68.867102	-257.032114	-139.104	-4.000	0.1572
44	1	tracking	-849.991601	68.807284	-257.601772	-164.104	-0.670	0.1018
44	2	tracking	-849.422535	68.751906	-258.196524	170.896	-8.670	0.0978
44	3	tracking	-848.951149	68.710040	-258.797665	153.407	-16.670	0.0946
44	4	tracking	-848.533079	68.685017	-259.402840	178.407	-24.670	0.0868
44	5	tracking	-848.135704	68.677907	-259.999512	-156.593	-32.670	0.0808
44	6	tracking	-847.761383	68.687936	-260.584443	-159.186	-40.670	0.0764
44	7	tracking	-847.390151	68.712344	-261.142272	-134.186	-46.375	0.0757
44	8	tracking	-847.034052	68.747852	-261.683844	-150.375	-42.740	0.0730
44	9	tracking	-846.691437	68.790551	-262.210929	-150.375	-34.740	0.0779
44	10	tracking	-846.360385	68.836374	-262.725899	-150.375	-26.740	0.0741
44	11	tracking	-846.038924	68.880283	-263.231329	-150.375	-18.740	0.0697
44	12	tracking	-845.711981	68.925618	-263.710438	-125.375	-26.740	0.0757
44	13	tracking	-845.375779	68.972813	-264.145543	-100.375	-34.740	0.0705
44	14	tracking	-845.036398	69.019217	-264.522830	-75.375	-42.740	0.0626
44	15	tracking	-844.705837	69.059505	-264.835665	-50.375	-50.740	0.0621
44	16	tracking	-844.415620	69.023036	-265.024610	-51.747	-42.740	0.1989
44	17	tracking	-844.097061	69.029038	-265.206901	-26.747	-34.740	0.1592
44	18	tracking	-843.798684	69.026175	-265.340471	-26.747	-26.740	0.1491
44	19	tracking	-843.519426	69.013213	-265.432885	-26.747	-25.689	0.1281
44	20	tracking	-843.269721	68.990118	-265.486191	-1.747	-17.689	0.1159
44	21	tracking	-843.058141	68.955876	-265.508305	23.253	-9.689	0.1051
44	22	tracking	-842.884882	68.910607	-265.508391	37.878	-7.940	0.1041
44	23	tracking	-842.744080	68.854907	-265.491021	37.878	-7.940	0.1224
44	24	tracking	-842.635773	68.788444	-265.466761	62.878	-15.940	0.1030
44	25	tracking	-842.554603	68.707564	-265.438903	67.848	-23.940	0.1168
44	26	tracking	-842.495643	68.606245	-265.408642	67.848	-31.940	0.1050
44	27	tracking	-842.454868	68.476869	-265.376893	67.848	-39.940	0.1156
44	28	tracking	-842.426185	68.311839	-265.340359	42.848	-47.168	0.0953
44	29	tracking	-842.404408	68.113002	-265.296068	17.848	-47.168	0.0945
44	30	tracking	-842.383269	67.882833	-265.242776	-7.152	-47.168	0.0945
44	31	tracking	-842.356022	67.624112	-265.181908	-32.152	-47.168	0.0884
44	32	tracking	-842.330011	67.328419	-265.113856	-7.152	-55.168	0.0902
44	33	tracking	-842.311440	66.997192	-265.038920	17.848	-55.963	0.0886
44	34	landing	-842.309142	66.644634	-264.956791	42.848	-47.963	0.0201
44	35	landing	-842.322169	66.272571	-264.867363	42.848	-47.963	0.0177
44	36	landing	-842.349784	65.883016	-264.770424	42.848	-47.963	0.0172
45	0	tracking	-850.645964	68.867102	-257.032114	-139.104	-4.000	0.1507
45	1	tracking	-849.991601	68.807284	-257.601772	-164.104	-0.670	0.1022
45	2	tracking	-849.422535	68.751906	-258.196524	170.896	-8.670	0.0922
45	3	tracking	-848.951149	68.710040	-258.797665	153.407	-16.670	0.0897
45	4	tracking	-848.533079	68.685017	-259.402840	178.407	-24.670	0.1020
45	5	tracking	-848.135704	68.677907	-259.999512	-156.593	-32.670	0.0825
45	6	tracking	-847.761383	68.687936	-260.584443	-159.186	-40.670	0.0786
45	7	tracking	-847.390151	68.712344	-261.142272	-134.186	-46.375	0.0784
45	8	tracking	-847.034052	68.747852	-261.683844	-150.375	-42.740	0.0762
45	9	tracking	-846.691437	68.790551	-262.210929	-150.375	-34.740	0.0752
45	10	tracking	-846.360385	68.836374	-262.725899	-150.375	-26.740	0.0703
45	11	tracking	-846.038924	68.880283	-263.231329	-150.375	-18.740	0.0689
45	12	tracking	-845.711981	68.925618	-263.710438	-125.375	-26.740	0.0662
45	13	tracking	-845.375779	68.972813	-264.145543	-100.375	-34.740	0.0629
45	14	tracking	-845.036398	69.019217	-264.522830	-75.375	-42.740	0.0593
45	15	tracking	-844.705837	69.059505	-264.835665	-50.375	-50.740	0.0640
45	16	tracking	-844.315620	69.023036	-265.024610	-51.747	-42.740	0.1505
45	17	tracking	-843.997061	69.029038	-265.206901	-26.747	-34.740	0.1323
45	18	tracking	-843.698684	69.026175	-265.340471	-26.747	-26.740	0.1240
45	19	tracking	-843.419426	69.013213	-265.432885	-26.747	-25.689	0.1340
45	20	tracking	-843.169721	68.990118	-265.486191	-1.747	-17.689	0.1325
45	21	tracking	-842.958141	68.955876	-265.508305	23.253	-9.689	0.1108
45	22	tracking	-842.784882	68.910607	-265.508391	37.878	-7.940	0.1222
45	23	tracking	-842.644080	68.854907	-265.491021	37.878	-7.940	0.1086
45	24	tracking	-842.535773	68.788444	-265.466761	62.878	-15.940	1.1415
45	25	tracking	-842.454603	68.707564	-265.438903	67.848	-23.940	0.1834
45	26	tracking	-842.395643	68.606245	-265.408642	67.848	-31.940	0.1257
45	27	tracking	-842.354868	68.476869	-265.376893	67.848	-39.940	0.1092
45	28	tracking	-842.326185	68.311839	-265.340359	42.848	-47.168	0.1128
45	29	tracking	-842.304408	68.113002	-265.296068	17.848	-47.168	0.1186
45	30	tracking	-842.283269	67.882833	-265.242776	-7.152	-47.168	0.1112
45	31	tracking	-842.256022	67.624112	-265.181908	-32.152	-47.168	0.1257
45	32	tracking	-842.230011	67.328419	-265.113856	-7.152	-55.168	0.1128
45	33	tracking	-842.211440	66.997192	-265.038920	17.848	-55.963	0.1078
45	34	landing	-842.209142	66.644634	-264.956791	42.848	-47.963	0.0215
45	35	landing	-842.222169	66.272571	-264.867363	42.848	-47.963	0.0193
45	36	landing	-842.249784	65.883016	-264.770424	42.848	-47.963	0.0187
46	0	tracking	-850.645964	68.867102	-257.032114	-139.104	-4.000	0.1526
46	1	tracking	-849.991601	68.807284	-257.601772	-164.104	-0.670	0.1086
46	2	tracking	-849.422535	68.751906	-258.196524	170.896	-8.670	0.0983
46	3	tracking	-848.951149	68.710040	-258.797665	153.407	-16.670	0.1269
46	4	tracking	-848.533079	68.685017	-259.402840	178.407	-24.670	0.0908
46	5	tracking	-848.135704	68.677907	-259.999512	-156.593	-32.670	0.0922
46	6	tracking	-847.761383	68.687936	-260.584443	-159.186	-40.670	0.0924
46	7	tracking	-847.390151	68.712344	-261.142272	-134.186	-46.375	0.0812
46	8	tracking	-847.034052	68.747852	-261.683844	-150.375	-42.740	0.0862
46	9	tracking	-846.691437	68.790551	-262.210929	-150.375	-34.740	0.0838
46	10	tracking	-846.360385	68.836374	-262.725899	-150.375	-26.740	0.0821
46	11	tracking	-846.038924	68.880283	-263.231329	-150.375	-18.740	0.0768
46	12	tracking	-845.711981	68.925618	-263.710438	-125.375	-26.740	0.0655
46	13	tracking	-845.375779	68.972813	-264.145543	-100.375	-34.740	0.0631
46	14	tracking	-845.036398	69.019217	-264.522830	-75.375	-42.740	0.2189
46	15	tracking	-844.705837	69.059505	-264.835665	-50.375	-50.740	0.1025
46	16	tracking	-844.415620	69.123036	-265.024610	-51.747	-42.740	0.2664
46	17	tracking	-844.097061	69.129038	-265.206901	-26.747	-34.740	0.2432
46	18	tracking	-843.798684	69.126175	-265.340471	-26.747	-26.740	0.2295
46	19	tracking	-843.519426	69.113213	-265.432885	-26.747	-25.689	0.1890
46	20	tracking	-843.269721	69.090118	-265.486191	-1.747	-17.689	0.2233
46	21	tracking	-843.058141	69.055876	-265.508305	23.253	-9.689	0.1908
46	22	tracking	-842.884882	69.010607	-265.508391	37.878	-7.940	0.1806
46	23	tracking	-842.744080	68.954907	-265.491021	37.878	-7.940	0.2678
46	24	tracking	-842.635773	68.888444	-265.466761	62.878	-15.940	0.2545
46	25	tracking	-842.554603	68.807564	-265.438903	67.848	-23.940	0.2561
46	26	tracking	-842.495643	68.706245	-265.408642	67.848	-31.940	0.1168
46	27	tracking	-842.454868	68.576869	-265.376893	67.848	-39.940	0.1046
46	28	tracking	-842.426185	68.411839	-265.340359	42.848	-47.168	0.2703
46	29	tracking	-842.404408	68.213002	-265.296068	17.848	-47.168	0.2065
46	30	tracking	-842.383269	67.982833	-265.242776	-7.152	-47.168	0.1836
46	31	tracking	-842.356022	67.724112	-265.181908	-32.152	-47.168	0.1738
46	32	tracking	-842.330011	67.428419	-265.113856	-7.152	-55.168	0.1778
46	33	tracking	-842.311440	67.097192	-265.038920	17.848	-55.963	0.1737
46	34	landing	-842.309142	66.744634	-264.956791	42.848	-47.963	0.0369
46	35	landing	-842.322169	66.372571	-264.867363	42.848	-47.963	0.0352
46	36	landing	-842.349784	65.983016	-264.770424	42.848	-47.963	0.0362
47	0	tracking	-850.645964	68.867102	-257.032114	-139.104	-4.000	0.1861
47	1	tracking	-849.991601	68.807284	-257.601772	-164.104	-0.670	0.1054
47	2	tracking	-849.422535	68.751906	-258.196524	170.896	-8.670	0.1210
47	3	tracking	-848.951149	68.710040	-258.797665	153.407	-16.670	0.0961
47	4	tracking	-848.533079	68.685017	-259.402840	178.407	-24.670	0.0852
47	5	tracking	-848.135704	68.677907	-259.999512	-156.593	-32.670	0.0817
47	6	tracking	-847.761383	68.687936	-260.584443	-159.186	-40.670	0.0780
47	7	tracking	-847.390151	68.712344	-261.142272	-134.186	-46.375	0.0789
47	8	tracking	-847.034052	68.747852	-261.683844	-150.375	-42.740	0.0759
47	9	tracking	-846.691437	68.790551	-262.210929	-150.375	-34.740	0.0729
47	10	tracking	-846.360385	68.836374	-262.725899	-150.375	-26.740	0.0689
47	11	tracking	-846.038924	68.880283	-263.231329	-150.375	-18.740	0.0733
47	12	tracking	-845.711981	68.925618	-263.710438	-125.375	-26.740	0.0655
47	13	tracking	-845.375779	68.972813	-264.145543	-100.375	-34.740	0.0619
47	14	tracking	-845.036398	69.019217	-264.522830	-75.375	-42.740	0.0593
47	15	tracking	-844.705837	69.059505	-264.835665	-50.375	-50.740	0.0572
47	16	tracking	-844.315620	69.123036	-265.024610	-51.747	-42.740	0.1489
47	17	tracking	-843.997061	69.129038	-265.206901	-26.747	-34.740	0.1362
47	18	tracking	-843.698684	69.126175	-265.340471	-26.747	-26.740	0.1205
47	19	tracking	-843.419426	69.113213	-265.432885	-26.747	-25.689	0.1162
47	20	tracking	-843.169721	69.090118	-265.486191	-1.747	-17.689	0.1130
47	21	tracking	-842.958141	69.055876	-265.508305	23.253	-9.689	0.1120
47	22	tracking	-842.784882	69.010607	-265.508391	37.878	-7.940	0.1237
47	23	tracking	-842.644080	68.954907	-265.491021	37.878	-7.940	0.0995
47	24	tracking	-842.535773	68.888444	-265.466761	62.878	-15.940	0.1003
47	25	tracking	-842.454603	68.807564	-265.438903	67.848	-23.940	0.0987
47	26	tracking	-842.395643	68.706245	-265.408642	67.848	-31.940	0.1014
47	27	tracking	-842.354868	68.576869	-265.376893	67.848	-39.940	0.2301
47	28	tracking	-842.326185	68.411839	-265.340359	42.848	-47.168	0.1281
47	29	tracking	-842.304408	68.213002	-265.296068	17.848	-47.168	0.1350
47	30	tracking	-842.283269	67.982833	-265.242776	-7.152	-47.168	0.1125
47	31	tracking	-842.256022	67.724112	-265.181908	-32.152	-47.168	0.0928
47	32	tracking	-842.230011	67.428419	-265.113856	-7.152	-55.168	0.0907
47	33	tracking	-842.211440	67.097192	-265.038920	17.848	-55.963	0.0889
47	34	landing	-842.209142	66.744634	-264.956791	42.848	-47.963	0.0297
47	35	landing	-842.222169	66.372571	-264.867363	42.848	-47.963	0.0257
47	36	landing	-842.249784	65.983016	-264.770424	42.848	-47.963	0.0178
48	0	tracking	-850.645964	68.867102	-257.032114	-139.104	-4.000	0.1539
48	1	tracking	-849.991601	68.807284	-257.601772	-164.104	-0.670	0.1002
48	2	tracking	-849.422535	68.751906	-258.196524	170.896	-8.670	0.0942
48	3	tracking	-848.951149	68.710040	-258.797665	153.407	-16.670	0.0904
48	4	tracking	-848.533079	68.685017	-259.402840	178.407	-24.670	0.0855
48	5	tracking	-848.135704	68.677907	-259.999512	-156.593	-32.670	0.1851
48	6	tracking	-847.761383	68.687936	-260.584443	-159.186	-40.670	0.0773
48	7	tracking	-847.390151	68.712344	-261.142272	-134.186	-46.375	0.0762
48	8	tracking	-847.034052	68.747852	-261.683844	-150.375	-42.740	0.0988
48	9	tracking	-846.691437	68.790551	-262.210929	-150.375	-34.740	0.0765
48	10	tracking	-846.360385	68.836374	-262.725899	-150.375	-26.740	0.0705
48	11	tracking	-846.038924	68.880283	-263.231329	-150.375	-18.740	0.0658
48	12	tracking	-845.711981	68.925618	-263.710438	-125.375	-26.740	0.0615
48	13	tracking	-845.375779	68.972813	-264.145543	-100.375	-34.740	0.0591
48	14	tracking	-845.036398	69.019217	-264.522830	-75.375	-42.740	0.0595
48	15	tracking	-844.705837	69.059505	-264.835665	-50.375	-50.740	0.0556
48	16	tracking	-844.454051	69.058242	-265.126810	-51.747	-42.740	0.0587
48	17	tracking	-844.171478	69.094925	-265.314525	-26.747	-34.740	0.0501
48	18	tracking	-843.907039	69.118516	-265.456645	-26.747	-26.740	0.0576
48	19	tracking	-843.659886	69.127923	-265.560379	-26.747	-25.689	0.0498
48	20	tracking	-843.438911	69.123764	-265.627880	-1.747	-17.689	0.0476
48	21	tracking	-843.251391	69.105763	-265.666223	23.253	-9.689	0.0457
48	22	tracking	-843.097466	69.074480	-265.683474	37.878	-7.940	0.0401
48	23	tracking	-842.972079	69.030824	-265.683725	37.878	-7.940	0.0415
48	24	tracking	-842.875315	68.974504	-265.676290	62.878	-15.940	0.0365
48	25	tracking	-842.802638	68.902025	-265.664151	67.848	-23.940	0.0387
48	26	tracking	-842.749847	68.807540	-265.648466	67.848	-31.940	0.0340
48	27	tracking	-842.713446	68.683566	-265.630160	67.848	-39.940	0.0322
48	28	tracking	-842.687967	68.522579	-265.606352	42.848	-47.168	0.0347
48	29	tracking	-842.668736	68.326457	-265.574361	17.848	-47.168	0.0342
48	30	tracking	-842.649990	68.097719	-265.533008	-7.152	-47.168	0.0355
48	31	tracking	-842.625367	67.839239	-265.483565	-32.152	-47.168	0.0294
48	32	tracking	-842.601795	67.542593	-265.426490	-7.152	-55.168	0.0360
48	33	tracking	-842.585168	67.209308	-265.362046	17.848	-55.963	0.0275
48	34	landing	-842.576564	66.853833	-265.285337	17.848	-47.963	0.0223
48	35	landing	-842.575617	66.478576	-265.196124	17.848	-47.963	0.0201
48	36	landing	-842.582001	66.085923	-265.094185	17.848	-47.963	0.0295
48	37	landing	-842.595418	65.678190	-264.979356	17.848	-47.963	0.0205
49	0	tracking	-850.645964	68.867102	-257.032114	-139.104	-4.000	0.1626
49	1	tracking	-849.991601	68.807284	-257.601772	-164.104	-0.670	0.1261
49	2	tracking	-849.422535	68.751906	-258.196524	170.896	-8.670	0.0995
49	3	tracking	-848.951149	68.710040	-258.797665	153.407	-16.670	0.0877
49	4	tracking	-848.533079	68.685017	-259.402840	178.407	-24.670	0.0819
49	5	tracking	-848.135704	68.677907	-259.999512	-156.593	-32.670	0.0788
49	6	tracking	-847.761383	68.687936	-260.584443	-159.186	-40.670	0.0746
49	7	tracking	-847.390151	68.712344	-261.142272	-134.186	-46.375	0.0733
49	8	tracking	-847.034052	68.747852	-261.683844	-150.375	-42.740	0.0694
49	9	tracking	-846.691437	68.790551	-262.210929	-150.375	-34.740	0.0670
49	10	tracking	-846.360385	68.836374	-262.725899	-150.375	-26.740	0.0637
49	11	tracking	-846.038924	68.880283	-263.231329	-150.375	-18.740	0.0744
49	12	tracking	-845.711981	68.925618	-263.710438	-125.375	-26.740	0.0612
49	13	tracking	-845.375779	68.972813	-264.145543	-100.375	-34.740	0.0587
49	14	tracking	-845.036398	69.019217	-264.522830	-75.375	-42.740	0.0573
49	15	tracking	-844.705837	69.059505	-264.835665	-50.375	-50.740	0.0552
49	16	tracking	-844.354051	69.058242	-265.126810	-51.747	-42.740	0.0854
49	17	tracking	-844.071478	69.094925	-265.314525	-26.747	-34.740	0.1087
49	18	tracking	-843.807039	69.118516	-265.456645	-26.747	-26.740	0.0459
49	19	tracking	-843.559886	69.127923	-265.560379	-26.747	-25.689	0.0440
49	20	tracking	-843.338911	69.123764	-265.627880	-1.747	-17.689	0.0371
49	21	tracking	-843.151391	69.105763	-265.666223	23.253	-9.689	0.0372
49	22	tracking	-842.997466	69.074480	-265.683474	37.878	-7.940	0.0319
49	23	tracking	-842.872079	69.030824	-265.683725	37.878	-7.940	0.0337
49	24	tracking	-842.775315	68.974504	-265.676290	62.878	-15.940	0.0287
49	25	tracking	-842.702638	68.902025	-265.664151	67.848	-23.940	0.0544
49	26	tracking	-842.649847	68.807540	-265.648466	67.848	-31.940	0.0327
49	27	tracking	-842.613446	68.683566	-265.630160	67.848	-39.940	0.0234
49	28	tracking	-842.587967	68.522579	-265.606352	42.848	-47.168	0.0283
49	29	tracking	-842.568736	68.326457	-265.574361	17.848	-47.168	0.0211
49	30	tracking	-842.549990	68.097719	-265.533008	-7.152	-47.168	0.0189
49	31	tracking	-842.525367	67.839239	-265.483565	-32.152	-47.168	0.0215
49	32	tracking	-842.501795	67.542593	-265.426490	-7.152	-55.168	0.1203
49	33	tracking	-842.485168	67.209308	-265.362046	17.848	-55.963	0.0193
49	34	landing	-842.476564	66.853833	-265.285337	17.848	-47.963	0.0155
49	35	landing	-842.475617	66.478576	-265.196124	17.848	-47.963	0.0129
49	36	landing	-842.482001	66.085923	-265.094185	17.848	-47.963	0.0125
49	37	landing	-842.495418	65.678190	-264.979356	17.848	-47.963	0.0122
50	0	tracking	-850.645964	68.867102	-257.032114	-139.104	-4.000	0.2755
50	1	tracking	-849.991601	68.807284	-257.601772	-164.104	-0.670	0.1846
50	2	tracking	-849.422535	68.751906	-258.196524	170.896	-8.670	0.1785
50	3	tracking	-848.951149	68.710040	-258.797665	153.407	-16.670	0.1513
50	4	tracking	-848.533079	68.685017	-259.402840	178.407	-24.670	0.0886
50	5	tracking	-848.135704	68.677907	-259.999512	-156.593	-32.670	0.0817
50	6	tracking	-847.761383	68.687936	-260.584443	-159.186	-40.670	0.0765
50	7	tracking	-847.390151	68.712344	-261.142272	-134.186	-46.375	0.0808
50	8	tracking	-847.034052	68.747852	-261.683844	-150.375	-42.740	0.0708
50	9	tracking	-846.691437	68.790551	-262.210929	-150.375	-34.740	0.0722
50	10	tracking	-846.360385	68.836374	-262.725899	-150.375	-26.740	0.0671
50	11	tracking	-846.038924	68.880283	-263.231329	-150.375	-18.740	0.0667
50	12	tracking	-845.711981	68.925618	-263.710438	-125.375	-26.740	0.0655
50	13	tracking	-845.375779	68.972813	-264.145543	-100.375	-34.740	0.0602
50	14	tracking	-845.036398	69.019217	-264.522830	-75.375	-42.740	0.0620
50	15	tracking	-844.705837	69.059505	-264.835665	-50.375	-50.740	0.0840
50	16	tracking	-844.454051	69.158242	-265.126810	-51.747	-42.740	0.0609
50	17	tracking	-844.171478	69.194925	-265.314525	-26.747	-34.740	0.0597
50	18	tracking	-843.907039	69.218516	-265.456645	-26.747	-26.740	0.0587
50	19	tracking	-843.659886	69.227923	-265.560379	-26.747	-25.689	0.0506
50	20	tracking	-843.438911	69.223764	-265.627880	-1.747	-17.689	0.0512
50	21	tracking	-843.251391	69.205763	-265.666223	23.253	-9.689	0.0458
50	22	tracking	-843.097466	69.174480	-265.683474	37.878	-7.940	0.0419
50	23	tracking	-842.972079	69.130824	-265.683725	37.878	-7.940	0.0436
50	24	tracking	-842.875315	69.074504	-265.676290	62.878	-15.940	0.0384
50	25	tracking	-842.802638	69.002025	-265.664151	67.848	-23.940	0.0472
50	26	tracking	-842.749847	68.907540	-265.648466	67.848	-31.940	0.0372
50	27	tracking	-842.713446	68.783566	-265.630160	67.848	-39.940	0.0404
50	28	tracking	-842.687967	68.622579	-265.606352	42.848	-47.168	0.0324
50	29	tracking	-842.668736	68.426457	-265.574361	17.848	-47.168	0.0352
50	30	tracking	-842.649990	68.197719	-265.533008	-7.152	-47.168	0.0290
50	31	tracking	-842.625367	67.939239	-265.483565	-32.152	-47.168	0.0312
50	32	tracking	-842.601795	67.642593	-265.426490	-7.152	-55.168	0.0284
50	33	tracking	-842.585168	67.309308	-265.362046	17.848	-55.963	0.0233
50	34	landing	-842.576564	66.953833	-265.285337	17.848	-47.963	0.0262
50	35	landing	-842.575617	66.578576	-265.196124	17.848	-47.963	0.0202
50	36	landing	-842.582001	66.185923	-265.094185	17.848	-47.963	0.0181
50	37	landing	-842.595418	65.778190	-264.979356	17.848	-47.963	0.0216
51	0	tracking	-850.645964	68.867102	-257.032114	-139.104	-4.000	0.1407
51	1	tracking	-849.991601	68.807284	-257.601772	-164.104	-0.670	0.1047
51	2	tracking	-849.422535	68.751906	-258.196524	170.896	-8.670	0.2158
51	3	tracking	-848.951149	68.710040	-258.797665	153.407	-16.670	0.1088
51	4	tracking	-848.533079	68.685017	-259.402840	178.407	-24.670	0.0948
51	5	tracking	-848.135704	68.677907	-259.999512	-156.593	-32.670	0.0829
51	6	tracking	-847.761383	68.687936	-260.584443	-159.186	-40.670	0.0728
51	7	tracking	-847.390151	68.712344	-261.142272	-134.186	-46.375	0.0720
51	8	tracking	-847.034052	68.747852	-261.683844	-150.375	-42.740	0.0698
51	9	tracking	-846.691437	68.790551	-262.210929	-150.375	-34.740	0.0678
51	10	tracking	-846.360385	68.836374	-262.725899	-150.375	-26.740	0.0665
51	11	tracking	-846.038924	68.880283	-263.231329	-150.375	-18.740	0.0662
51	12	tracking	-845.711981	68.925618	-263.710438	-125.375	-26.740	0.0666
51	13	tracking	-845.375779	68.972813	-264.145543	-100.375	-34.740	0.0635
51	14	tracking	-845.036398	69.019217	-264.522830	-75.375	-42.740	0.0619
51	15	tracking	-844.705837	69.059505	-264.835665	-50.375	-50.740	0.0611
51	16	tracking	-844.354051	69.158242	-265.126810	-51.747	-42.740	0.0521
51	17	tracking	-844.071478	69.194925	-265.314525	-26.747	-34.740	0.0447
51	18	tracking	-843.807039	69.218516	-265.456645	-26.747	-26.740	0.0438
51	19	tracking	-843.559886	69.227923	-265.560379	-26.747	-25.689	0.0402
51	20	tracking	-843.338911	69.223764	-265.627880	-1.747	-17.689	0.0441
51	21	tracking	-843.151391	69.205763	-265.666223	23.253	-9.689	0.0387
51	22	tracking	-842.997466	69.174480	-265.683474	37.878	-7.940	0.0407
51	23	tracking	-842.872079	69.130824	-265.683725	37.878	-7.940	0.0350
51	24	tracking	-842.775315	69.074504	-265.676290	62.878	-15.940	0.0698
51	25	tracking	-842.702638	69.002025	-265.664151	67.848	-23.940	0.0382
51	26	tracking	-842.649847	68.907540	-265.648466	67.848	-31.940	0.0393
51	27	tracking	-842.613446	68.783566	-265.630160	67.848	-39.940	0.0277
51	28	tracking	-842.587967	68.622579	-265.606352	42.848	-47.168	0.0257
51	29	tracking	-842.568736	68.426457	-265.574361	17.848	-47.168	0.0246
51	30	tracking	-842.549990	68.197719	-265.533008	-7.152	-47.168	0.0213
51	31	tracking	-842.525367	67.939239	-265.483565	-32.152	-47.168	0.0188
51	32	tracking	-842.501795	67.642593	-265.426490	-7.152	-55.168	0.0178
51	33	tracking	-842.485168	67.309308	-265.362046	17.848	-55.963	0.0162
51	34	landing	-842.476564	66.953833	-265.285337	17.848	-47.963	0.0285
51	35	landing	-842.475617	66.578576	-265.196124	17.848	-47.963	0.0136
51	36	landing	-842.482001	66.185923	-265.094185	17.848	-47.963	0.0117
51	37	landing	-842.495418	65.778190	-264.979356	17.848	-47.963	0.0142
52	0	tracking	-850.645964	68.867102	-257.032114	-139.104	-4.000	0.1415
52	1	tracking	-849.991601	68.807284	-257.601772	-164.104	-0.670	0.0978
52	2	tracking	-849.422535	68.751906	-258.196524	170.896	-8.670	0.0891
52	3	tracking	-848.951149	68.710040	-258.797665	153.407	-16.670	0.0887
52	4	tracking	-848.533079	68.685017	-259.402840	178.407	-24.670	0.0793
52	5	tracking	-848.135704	68.677907	-259.999512	-156.593	-32.670	0.0752
52	6	tracking	-847.761383	68.687936	-260.584443	-159.186	-40.670	0.0737
52	7	tracking	-847.390151	68.712344	-261.142272	-134.186	-46.375	0.0714
52	8	tracking	-847.034052	68.747852	-261.683844	-150.375	-42.740	0.0698
52	9	tracking	-846.691437	68.790551	-262.210929	-150.375	-34.740	0.0666
52	10	tracking	-846.360385	68.836374	-262.725899	-150.375	-26.740	0.0770
52	11	tracking	-846.038924	68.880283	-263.231329	-150.375	-18.740	0.0695
52	12	tracking	-845.711981	68.925618	-263.710438	-125.375	-26.740	0.0714
52	13	tracking	-845.375779	68.972813	-264.145543	-100.375	-34.740	0.0581
52	14	tracking	-845.036398	69.019217	-264.522830	-75.375	-42.740	0.0540
52	15	tracking	-844.705837	69.059505	-264.835665	-50.375	-50.740	0.0536
52	16	tracking	-844.454051	69.058242	-265.026810	-51.747	-42.740	0.0519
52	17	tracking	-844.171478	69.094925	-265.214525	-26.747	-34.740	0.0520
52	18	tracking	-843.907039	69.118516	-265.356645	-26.747	-26.740	0.0492
52	19	tracking	-843.659886	69.127923	-265.460379	-26.747	-25.689	0.0494
52	20	tracking	-843.438911	69.123764	-265.527880	-1.747	-17.689	0.0434
52	21	tracking	-843.251391	69.105763	-265.566223	23.253	-9.689	0.0452
52	22	tracking	-843.097466	69.074480	-265.583474	37.878	-7.940	0.0428
52	23	tracking	-842.972079	69.030824	-265.583725	37.878	-7.940	0.0384
52	24	tracking	-842.875315	68.974504	-265.576290	62.878	-15.940	0.0385
52	25	tracking	-842.802638	68.902025	-265.564151	67.848	-23.940	0.0338
52	26	tracking	-842.749847	68.807540	-265.548466	67.848	-31.940	0.0357
52	27	tracking	-842.713446	68.683566	-265.530160	67.848	-39.940	0.0325
52	28	tracking	-842.687967	68.522579	-265.506352	42.848	-47.168	0.0339
52	29	tracking	-842.668736	68.326457	-265.474361	17.848	-47.168	0.0291
52	30	tracking	-842.649990	68.097719	-265.433008	-7.152	-47.168	0.0313
52	31	tracking	-842.625367	67.839239	-265.383565	-32.152	-47.168	0.0269
52	32	tracking	-842.601795	67.542593	-265.326490	-7.152	-55.168	0.0289
52	33	tracking	-842.585168	67.209308	-265.262046	17.848	-55.963	0.0244
52	34	landing	-842.576564	66.853833	-265.185337	17.848	-47.963	0.0227
52	35	landing	-842.575617	66.478576	-265.096124	17.848	-47.963	0.0273
52	36	landing	-842.582001	66.085923	-264.994185	17.848	-47.963	0.0341
52	37	landing	-842.595418	65.678190	-264.879356	17.848	-47.963	0.0221
53	0	tracking	-850.645964	68.867102	-257.032114	-139.104	-4.000	0.1390
53	1	tracking	-849.991601	68.807284	-257.601772	-164.104	-0.670	0.1269
53	2	tracking	-849.422535	68.751906	-258.196524	170.896	-8.670	0.0966
53	3	tracking	-848.951149	68.710040	-258.797665	153.407	-16.670	0.0860
53	4	tracking	-848.533079	68.685017	-259.402840	178.407	-24.670	0.0918
53	5	tracking	-848.135704	68.677907	-259.999512	-156.593	-32.670	0.0786
53	6	tracking	-847.761383	68.687936	-260.584443	-159.186	-40.670	0.0736
53	7	tracking	-847.390151	68.712344	-261.142272	-134.186	-46.375	0.0726
53	8	tracking	-847.034052	68.747852	-261.683844	-150.375	-42.740	0.0723
53	9	tracking	-846.691437	68.790551	-262.210929	-150.375	-34.740	0.1081
53	10	tracking	-846.360385	68.836374	-262.725899	-150.375	-26.740	0.0685
53	11	tracking	-846.038924	68.880283	-263.231329	-150.375	-18.740	0.0709
53	12	tracking	-845.711981	68.925618	-263.710438	-125.375	-26.740	0.0687
53	13	tracking	-845.375779	68.972813	-264.145543	-100.375	-34.740	0.0683
53	14	tracking	-845.036398	69.019217	-264.522830	-75.375	-42.740	0.0729
53	15	tracking	-844.705837	69.059505	-264.835665	-50.375	-50.740	0.0613
53	16	tracking	-844.354051	69.058242	-265.026810	-51.747	-42.740	0.0529
53	17	tracking	-844.071478	69.094925	-265.214525	-26.747	-34.740	0.0494
53	18	tracking	-843.807039	69.118516	-265.356645	-26.747	-26.740	0.0404
53	19	tracking	-843.559886	69.127923	-265.460379	-26.747	-25.689	0.0425
53	20	tracking	-843.338911	69.123764	-265.527880	-1.747	-17.689	0.0408
53	21	tracking	-843.151391	69.105763	-265.566223	23.253	-9.689	0.0435
53	22	tracking	-842.997466	69.074480	-265.583474	37.878	-7.940	0.0351
53	23	tracking	-842.872079	69.030824	-265.583725	37.878	-7.940	0.0346
53	24	tracking	-842.775315	68.974504	-265.576290	62.878	-15.940	0.0306
53	25	tracking	-842.702638	68.902025	-265.564151	67.848	-23.940	0.0553
53	26	tracking	-842.649847	68.807540	-265.548466	67.848	-31.940	0.0258
53	27	tracking	-842.613446	68.683566	-265.530160	67.848	-39.940	0.0254
53	28	tracking	-842.587967	68.522579	-265.506352	42.848	-47.168	0.0275
53	29	tracking	-842.568736	68.326457	-265.474361	17.848	-47.168	0.0232
53	30	tracking	-842.549990	68.097719	-265.433008	-7.152	-47.168	0.0218
53	31	tracking	-842.525367	67.839239	-265.383565	-32.152	-47.168	0.0232
53	32	tracking	-842.501795	67.542593	-265.326490	-7.152	-55.168	0.0205
53	33	tracking	-842.485168	67.209308	-265.262046	17.848	-55.963	0.0167
53	34	landing	-842.476564	66.853833	-265.185337	17.848	-47.963	0.0270
53	35	landing	-842.475617	66.478576	-265.096124	17.848	-47.963	0.0140
53	36	landing	-842.482001	66.085923	-264.994185	17.848	-47.963	0.0136
53	37	landing	-842.495418	65.678190	-264.879356	17.848	-47.963	0.0130
54	0	tracking	-850.645964	68.867102	-257.032114	-139.104	-4.000	0.1474
54	1	tracking	-849.991601	68.807284	-257.601772	-164.104	-0.670	0.1031
54	2	tracking	-849.422535	68.751906	-258.196524	170.896	-8.670	0.0959
54	3	tracking	-848.951149	68.710040	-258.797665	153.407	-16.670	0.0929
54	4	tracking	-848.533079	68.685017	-259.402840	178.407	-24.670	0.1017
54	5	tracking	-848.135704	68.677907	-259.999512	-156.593	-32.670	0.0865
54	6	tracking	-847.761383	68.687936	-260.584443	-159.186	-40.670	0.0807
54	7	tracking	-847.390151	68.712344	-261.142272	-134.186	-46.375	0.0782
54	8	tracking	-847.034052	68.747852	-261.683844	-150.375	-42.740	0.0824
54	9	tracking	-846.691437	68.790551	-262.210929	-150.375	-34.740	0.0785
54	10	tracking	-846.360385	68.836374	-262.725899	-150.375	-26.740	0.0726
54	11	tracking	-846.038924	68.880283	-263.231329	-150.375	-18.740	0.0685
54	12	tracking	-845.711981	68.925618	-263.710438	-125.375	-26.740	0.0654
54	13	tracking	-845.375779	68.972813	-264.145543	-100.375	-34.740	0.0597
54	14	tracking	-845.036398	69.019217	-264.522830	-75.375	-42.740	0.0568
54	15	tracking	-844.705837	69.059505	-264.835665	-50.375	-50.740	0.0587
54	16	tracking	-844.454051	69.158242	-265.026810	-51.747	-42.740	0.0929
54	17	tracking	-844.171478	69.194925	-265.214525	-26.747	-34.740	0.0601
54	18	tracking	-843.907039	69.218516	-265.356645	-26.747	-26.740	0.0581
54	19	tracking	-843.659886	69.227923	-265.460379	-26.747	-25.689	0.0554
54	20	tracking	-843.438911	69.223764	-265.527880	-1.747	-17.689	0.0479
54	21	tracking	-843.251391	69.205763	-265.566223	23.253	-9.689	0.0426
54	22	tracking	-843.097466	69.174480	-265.583474	37.878	-7.940	0.0549
54	23	tracking	-842.972079	69.130824	-265.583725	37.878	-7.940	0.0520
54	24	tracking	-842.875315	69.074504	-265.576290	62.878	-15.940	0.0377
54	25	tracking	-842.802638	69.002025	-265.564151	67.848	-23.940	0.0508
54	26	tracking	-842.749847	68.907540	-265.548466	67.848	-31.940	0.0363
54	27	tracking	-842.713446	68.783566	-265.530160	67.848	-39.940	0.0346
54	28	tracking	-842.687967	68.622579	-265.506352	42.848	-47.168	0.0307
54	29	tracking	-842.668736	68.426457	-265.474361	17.848	-47.168	0.0333
54	30	tracking	-842.649990	68.197719	-265.433008	-7.152	-47.168	0.0284
54	31	tracking	-842.625367	67.939239	-265.383565	-32.152	-47.168	0.0360
54	32	tracking	-842.601795	67.642593	-265.326490	-7.152	-55.168	0.0288
54	33	tracking	-842.585168	67.309308	-265.262046	17.848	-55.963	0.0230
54	34	landing	-842.576564	66.953833	-265.185337	17.848	-47.963	0.0279
54	35	landing	-842.575617	66.578576	-265.096124	17.848	-47.963	0.0209
54	36	landing	-842.582001	66.185923	-264.994185	17.848	-47.963	0.0183
54	37	landing	-842.595418	65.778190	-264.879356	17.848	-47.963	0.0176
55	0	tracking	-850.645964	68.867102	-257.032114	-139.104	-4.000	0.1402
55	1	tracking	-849.991601	68.807284	-257.601772	-164.104	-0.670	0.0983
55	2	tracking	-849.422535	68.751906	-258.196524	170.896	-8.670	0.0937
55	3	tracking	-848.951149	68.710040	-258.797665	153.407	-16.670	0.0930
55	4	tracking	-848.533079	68.685017	-259.402840	178.407	-24.670	0.0844
55	5	tracking	-848.135704	68.677907	-259.999512	-156.593	-32.670	0.0808
55	6	tracking	-847.761383	68.687936	-260.584443	-159.186	-40.670	0.0759
55	7	tracking	-847.390151	68.712344	-261.142272	-134.186	-46.375	0.1941
55	8	tracking	-847.034052	68.747852	-261.683844	-150.375	-42.740	0.1211
55	9	tracking	-846.691437	68.790551	-262.210929	-150.375	-34.740	0.1207
55	10	tracking	-846.360385	68.836374	-262.725899	-150.375	-26.740	0.1021
55	11	tracking	-846.038924	68.880283	-263.231329	-150.375	-18.740	0.0707
55	12	tracking	-845.711981	68.925618	-263.710438	-125.375	-26.740	0.0682
55	13	tracking	-845.375779	68.972813	-264.145543	-100.375	-34.740	0.0647
55	14	tracking	-845.036398	69.019217	-264.522830	-75.375	-42.740	0.0648
55	15	tracking	-844.705837	69.059505	-264.835665	-50.375	-50.740	0.0584
55	16	tracking	-844.354051	69.158242	-265.026810	-51.747	-42.740	0.0475
55	17	tracking	-844.071478	69.194925	-265.214525	-26.747	-34.740	0.0456
55	18	tracking	-843.807039	69.218516	-265.356645	-26.747	-26.740	0.0374
55	19	tracking	-843.559886	69.227923	-265.460379	-26.747	-25.689	0.0397
55	20	tracking	-843.338911	69.223764	-265.527880	-1.747	-17.689	0.0344
55	21	tracking	-843.151391	69.205763	-265.566223	23.253	-9.689	0.0385
55	22	tracking	-842.997466	69.174480	-265.583474	37.878	-7.940	0.0332
55	23	tracking	-842.872079	69.130824	-265.583725	37.878	-7.940	0.0345
55	24	tracking	-842.775315	69.074504	-265.576290	62.878	-15.940	0.0296
55	25	tracking	-842.702638	69.002025	-265.564151	67.848	-23.940	0.0294
55	26	tracking	-842.649847	68.907540	-265.548466	67.848	-31.940	0.0239
55	27	tracking	-842.613446	68.783566	-265.530160	67.848	-39.940	0.0231
55	28	tracking	-842.587967	68.622579	-265.506352	42.848	-47.168	0.0249
55	29	tracking	-842.568736	68.426457	-265.474361	17.848	-47.168	0.0215
55	30	tracking	-842.549990	68.197719	-265.433008	-7.152	-47.168	0.0194
55	31	tracking	-842.525367	67.939239	-265.383565	-32.152	-47.168	0.0217
55	32	tracking	-842.501795	67.642593	-265.326490	-7.152	-55.168	0.0174
55	33	tracking	-842.485168	67.309308	-265.262046	17.848	-55.963	0.0682
55	34	landing	-842.476564	66.953833	-265.185337	17.848	-47.963	0.0157
55	35	landing	-842.475617	66.578576	-265.096124	17.848	-47.963	0.0163
55	36	landing	-842.482001	66.185923	-264.994185	17.848	-47.963	0.0161
55	37	landing	-842.495418	65.778190	-264.879356	17.848	-47.963	0.0139
56	0	tracking	-850.645964	68.867102	-257.032114	-139.104	-4.000	0.2048
56	1	tracking	-849.991601	68.807284	-257.601772	-164.104	-0.670	0.1050
56	2	tracking	-849.422535	68.751906	-258.196524	170.896	-8.670	0.0972
56	3	tracking	-848.951149	68.710040	-258.797665	153.407	-16.670	0.0913
56	4	tracking	-848.533079	68.685017	-259.402840	178.407	-24.670	0.0892
56	5	tracking	-848.135704	68.677907	-259.999512	-156.593	-32.670	0.0819
56	6	tracking	-847.761383	68.687936	-260.584443	-159.186	-40.670	0.0827
56	7	tracking	-847.390151	68.712344	-261.142272	-134.186	-46.375	0.0770
56	8	tracking	-847.034052	68.747852	-261.683844	-150.375	-42.740	0.0752
56	9	tracking	-846.691437	68.790551	-262.210929	-150.375	-34.740	0.0735
56	10	tracking	-846.360385	68.836374	-262.725899	-150.375	-26.740	0.0703
56	11	tracking	-846.038924	68.880283	-263.231329	-150.375	-18.740	0.0700
56	12	tracking	-845.711981	68.925618	-263.710438	-125.375	-26.740	0.0654
56	13	tracking	-845.375779	68.972813	-264.145543	-100.375	-34.740	0.0621
56	14	tracking	-845.036398	69.019217	-264.522830	-75.375	-42.740	0.0872
56	15	tracking	-844.705837	69.059505	-264.835665	-50.375	-50.740	0.0675
56	16	tracking	-844.416652	69.060790	-265.125424	-51.747	-42.740	0.0630
56	17	tracking	-844.099728	69.102047	-265.309861	-26.747	-34.740	0.0573
56	18	tracking	-843.803658	69.131671	-265.447027	-26.747	-26.740	0.0502
56	19	tracking	-843.527536	69.147928	-265.544791	-26.747	-25.689	0.0529
56	20	tracking	-843.280701	69.150822	-265.605332	-1.747	-17.689	0.0504
56	21	tracking	-843.070745	69.139548	-265.636063	23.253	-9.689	0.0454
56	22	tracking	-842.897671	69.114571	-265.645450	37.878	-7.940	0.0457
56	23	tracking	-842.755948	69.076808	-265.637762	37.878	-7.940	0.0442
56	24	tracking	-842.645510	69.026300	-265.622800	62.878	-15.940	0.0414
56	25	tracking	-842.561377	68.959773	-265.603660	67.848	-23.940	0.0397
56	26	tracking	-842.498960	68.871538	-265.581500	67.848	-31.940	0.0629
56	27	tracking	-842.454465	68.754227	-265.557227	67.848	-39.940	0.0379
56	28	tracking	-842.422082	68.600383	-265.527773	42.848	-47.168	0.0335
56	29	tracking	-842.396807	68.411756	-265.490414	17.848	-47.168	0.0350
56	30	tracking	-842.372643	68.190740	-265.444023	-7.152	-47.168	0.0301
56	31	tracking	-842.343095	67.940111	-265.389933	-32.152	-47.168	0.0322
56	32	tracking	-842.315108	67.651569	-265.328502	-7.152	-55.168	0.0273
56	33	tracking	-842.294600	67.326575	-265.260010	17.848	-55.963	0.0249
56	34	landing	-842.282547	66.979320	-265.179670	17.848	-47.963	0.0234
56	35	landing	-842.278515	66.612135	-265.087254	17.848	-47.963	0.0208
56	36	landing	-842.282126	66.227345	-264.982543	17.848	-47.963	0.0220
56	37	landing	-842.293033	65.827218	-264.865359	17.848	-47.963	0.0231
57	0	tracking	-850.645964	68.867102	-257.032114	-139.104	-4.000	0.1655
57	1	tracking	-849.991601	68.807284	-257.601772	-164.104	-0.670	0.1897
57	2	tracking	-849.422535	68.751906	-258.196524	170.896	-8.670	0.2073
57	3	tracking	-848.951149	68.710040	-258.797665	153.407	-16.670	0.1568
57	4	tracking	-848.533079	68.685017	-259.402840	178.407	-24.670	0.1584
57	5	tracking	-848.135704	68.677907	-259.999512	-156.593	-32.670	0.1453
57	6	tracking	-847.761383	68.687936	-260.584443	-159.186	-40.670	0.1453
57	7	tracking	-847.390151	68.712344	-261.142272	-134.186	-46.375	0.1977
57	8	tracking	-847.034052	68.747852	-261.683844	-150.375	-42.740	0.1391
57	9	tracking	-846.691437	68.790551	-262.210929	-150.375	-34.740	0.1188
57	10	tracking	-846.360385	68.836374	-262.725899	-150.375	-26.740	0.1256
57	11	tracking	-846.038924	68.880283	-263.231329	-150.375	-18.740	0.1286
57	12	tracking	-845.711981	68.925618	-263.710438	-125.375	-26.740	0.1267
57	13	tracking	-845.375779	68.972813	-264.145543	-100.375	-34.740	0.1135
57	14	tracking	-845.036398	69.019217	-264.522830	-75.375	-42.740	0.1217
57	15	tracking	-844.705837	69.059505	-264.835665	-50.375	-50.740	0.1114
57	16	tracking	-844.316652	69.060790	-265.125424	-51.747	-42.740	0.1190
57	17	tracking	-843.999728	69.102047	-265.309861	-26.747	-34.740	0.0982
57	18	tracking	-843.703658	69.131671	-265.447027	-26.747	-26.740	0.1296
57	19	tracking	-843.427536	69.147928	-265.544791	-26.747	-25.689	0.1074
57	20	tracking	-843.180701	69.150822	-265.605332	-1.747	-17.689	0.0700
57	21	tracking	-842.970745	69.139548	-265.636063	23.253	-9.689	0.0709
57	22	tracking	-842.797671	69.114571	-265.645450	37.878	-7.940	0.1367
57	23	tracking	-842.655948	69.076808	-265.637762	37.878	-7.940	0.0715
57	24	tracking	-842.545510	69.026300	-265.622800	62.878	-15.940	0.0633
57	25	tracking	-842.461377	68.959773	-265.603660	67.848	-23.940	0.0550
57	26	tracking	-842.398960	68.871538	-265.581500	67.848	-31.940	0.0528
57	27	tracking	-842.354465	68.754227	-265.557227	67.848	-39.940	0.0564
57	28	tracking	-842.322082	68.600383	-265.527773	42.848	-47.168	0.0557
57	29	tracking	-842.296807	68.411756	-265.490414	17.848	-47.168	0.0468
57	30	tracking	-842.272643	68.190740	-265.444023	-7.152	-47.168	0.0423
57	31	tracking	-842.243095	67.940111	-265.389933	-32.152	-47.168	0.0286
57	32	tracking	-842.215108	67.651569	-265.328502	-7.152	-55.168	0.0305
57	33	tracking	-842.194600	67.326575	-265.260010	17.848	-55.963	0.0237
57	34	landing	-842.182547	66.979320	-265.179670	17.848	-47.963	0.0242
57	35	landing	-842.178515	66.612135	-265.087254	17.848	-47.963	0.0201
57	36	landing	-842.182126	66.227345	-264.982543	17.848	-47.963	0.0181
57	37	landing	-842.193033	65.827218	-264.865359	17.848	-47.963	0.0192
58	0	tracking	-850.645964	68.867102	-257.032114	-139.104	-4.000	0.1502
58	1	tracking	-849.991601	68.807284	-257.601772	-164.104	-0.670	0.1051
58	2	tracking	-849.422535	68.751906	-258.196524	170.896	-8.670	0.1054
58	3	tracking	-848.951149	68.710040	-258.797665	153.407	-16.670	0.0936
58	4	tracking	-848.533079	68.685017	-259.402840	178.407	-24.670	0.0952
58	5	tracking	-848.135704	68.677907	-259.999512	-156.593	-32.670	0.1041
58	6	tracking	-847.761383	68.687936	-260.584443	-159.186	-40.670	0.0803
58	7	tracking	-847.390151	68.712344	-261.142272	-134.186	-46.375	0.0771
58	8	tracking	-847.034052	68.747852	-261.683844	-150.375	-42.740	0.0754
58	9	tracking	-846.691437	68.790551	-262.210929	-150.375	-34.740	0.0751
58	10	tracking	-846.360385	68.836374	-262.725899	-150.375	-26.740	0.0727
58	11	tracking	-846.038924	68.880283	-263.231329	-150.375	-18.740	0.0695
58	12	tracking	-845.711981	68.925618	-263.710438	-125.375	-26.740	0.0648
58	13	tracking	-845.375779	68.972813	-264.145543	-100.375	-34.740	0.0644
58	14	tracking	-845.036398	69.019217	-264.522830	-75.375	-42.740	0.0609
58	15	tracking	-844.705837	69.059505	-264.835665	-50.375	-50.740	0.0573
58	16	tracking	-844.416652	69.160790	-265.125424	-51.747	-42.740	0.0612
58	17	tracking	-844.099728	69.202047	-265.309861	-26.747	-34.740	0.0546
58	18	tracking	-843.803658	69.231671	-265.447027	-26.747	-26.740	0.0536
58	19	tracking	-843.527536	69.247928	-265.544791	-26.747	-25.689	0.0468
58	20	tracking	-843.280701	69.250822	-265.605332	-1.747	-17.689	0.0591
58	21	tracking	-843.070745	69.239548	-265.636063	23.253	-9.689	0.0467
58	22	tracking	-842.897671	69.214571	-265.645450	37.878	-7.940	0.0417
58	23	tracking	-842.755948	69.176808	-265.637762	37.878	-7.940	0.0501
58	24	tracking	-842.645510	69.126300	-265.622800	62.878	-15.940	0.0515
58	25	tracking	-842.561377	69.059773	-265.603660	67.848	-23.940	0.0371
58	26	tracking	-842.498960	68.971538	-265.581500	67.848	-31.940	0.0381
58	27	tracking	-842.454465	68.854227	-265.557227	67.848	-39.940	0.0335
58	28	tracking	-842.422082	68.700383	-265.527773	42.848	-47.168	0.0361
58	29	tracking	-842.396807	68.511756	-265.490414	17.848	-47.168	0.0307
58	30	tracking	-842.372643	68.290740	-265.444023	-7.152	-47.168	0.0340
58	31	tracking	-842.343095	68.040111	-265.389933	-32.152	-47.168	0.0288
58	32	tracking	-842.315108	67.751569	-265.328502	-7.152	-55.168	0.0270
58	33	tracking	-842.294600	67.426575	-265.260010	17.848	-55.963	0.0276
58	34	landing	-842.282547	67.079320	-265.179670	17.848	-47.963	0.0231
58	35	landing	-842.278515	66.712135	-265.087254	17.848	-47.963	0.0203
58	36	landing	-842.282126	66.327345	-264.982543	17.848	-47.963	0.0219
58	37	landing	-842.293033	65.927218	-264.865359	17.848	-47.963	0.0189
59	0	tracking	-850.645964	68.867102	-257.032114	-139.104	-4.000	0.1432
59	1	tracking	-849.991601	68.807284	-257.601772	-164.104	-0.670	0.1049
59	2	tracking	-849.422535	68.751906	-258.196524	170.896	-8.670	0.0977
59	3	tracking	-848.951149	68.710040	-258.797665	153.407	-16.670	0.5111
59	4	tracking	-848.533079	68.685017	-259.402840	178.407	-24.670	0.6802
59	5	tracking	-848.135704	68.677907	-259.999512	-156.593	-32.670	0.2144
59	6	tracking	-847.761383	68.687936	-260.584443	-159.186	-40.670	0.1701
59	7	tracking	-847.390151	68.712344	-261.142272	-134.186	-46.375	0.1704
59	8	tracking	-847.034052	68.747852	-261.683844	-150.375	-42.740	0.2532
59	9	tracking	-846.691437	68.790551	-262.210929	-150.375	-34.740	0.1644
59	10	tracking	-846.360385	68.836374	-262.725899	-150.375	-26.740	0.0805
59	11	tracking	-846.038924	68.880283	-263.231329	-150.375	-18.740	0.0688
59	12	tracking	-845.711981	68.925618	-263.710438	-125.375	-26.740	0.0645
59	13	tracking	-845.375779	68.972813	-264.145543	-100.375	-34.740	0.0703
59	14	tracking	-845.036398	69.019217	-264.522830	-75.375	-42.740	0.1798
59	15	tracking	-844.705837	69.059505	-264.835665	-50.375	-50.740	0.1514
59	16	tracking	-844.316652	69.160790	-265.125424	-51.747	-42.740	0.1421
59	17	tracking	-843.999728	69.202047	-265.309861	-26.747	-34.740	0.1312
59	18	tracking	-843.703658	69.231671	-265.447027	-26.747	-26.740	0.1014
59	19	tracking	-843.427536	69.247928	-265.544791	-26.747	-25.689	0.1144
59	20	tracking	-843.180701	69.250822	-265.605332	-1.747	-17.689	0.0608
59	21	tracking	-842.970745	69.239548	-265.636063	23.253	-9.689	0.0476
59	22	tracking	-842.797671	69.214571	-265.645450	37.878	-7.940	0.0466
59	23	tracking	-842.655948	69.176808	-265.637762	37.878	-7.940	0.0469
59	24	tracking	-842.545510	69.126300	-265.622800	62.878	-15.940	0.0399
59	25	tracking	-842.461377	69.059773	-265.603660	67.848	-23.940	0.0510
59	26	tracking	-842.398960	68.971538	-265.581500	67.848	-31.940	0.0344
59	27	tracking	-842.354465	68.854227	-265.557227	67.848	-39.940	0.0364
59	28	tracking	-842.322082	68.700383	-265.527773	42.848	-47.168	0.0314
59	29	tracking	-842.296807	68.511756	-265.490414	17.848	-47.168	0.0395
59	30	tracking	-842.272643	68.290740	-265.444023	-7.152	-47.168	0.0373
59	31	tracking	-842.243095	68.040111	-265.389933	-32.152	-47.168	0.0364
59	32	tracking	-842.215108	67.751569	-265.328502	-7.152	-55.168	0.0260
59	33	tracking	-842.194600	67.426575	-265.260010	17.848	-55.963	0.0569
59	34	tracking	-842.181154	67.067392	-265.183995	17.848	-55.963	0.0271
59	35	landing	-842.175938	66.688665	-265.095258	17.848	-47.963	0.0276
59	36	landing	-842.178554	66.292733	-264.993635	17.848	-47.963	0.0222
59	37	landing	-842.188643	65.881887	-264.878995	17.848	-47.963	0.0216
60	0	tracking	-850.645964	68.867102	-257.032114	-139.104	-4.000	0.1490
60	1	tracking	-849.991601	68.807284	-257.601772	-164.104	-0.670	0.1027
60	2	tracking	-849.422535	68.751906	-258.196524	170.896	-8.670	0.1027
60	3	tracking	-848.951149	68.710040	-258.797665	153.407	-16.670	0.0923
60	4	tracking	-848.533079	68.685017	-259.402840	178.407	-24.670	0.1079
60	5	tracking	-848.135704	68.677907	-259.999512	-156.593	-32.670	0.0817
60	6	tracking	-847.761383	68.687936	-260.584443	-159.186	-40.670	0.0785
60	7	tracking	-847.390151	68.712344	-261.142272	-134.186	-46.375	0.0776
60	8	tracking	-847.034052	68.747852	-261.683844	-150.375	-42.740	0.0770
60	9	tracking	-846.691437	68.790551	-262.210929	-150.375	-34.740	0.0761
60	10	tracking	-846.360385	68.836374	-262.725899	-150.375	-26.740	0.0694
60	11	tracking	-846.038924	68.880283	-263.231329	-150.375	-18.740	0.0819
60	12	tracking	-845.711981	68.925618	-263.710438	-125.375	-26.740	0.0767
60	13	tracking	-845.375779	68.972813	-264.145543	-100.375	-34.740	0.0688
60	14	tracking	-845.036398	69.019217	-264.522830	-75.375	-42.740	0.0675
60	15	tracking	-844.705837	69.059505	-264.835665	-50.375	-50.740	0.0639
60	16	tracking	-844.416652	69.060790	-265.025424	-51.747	-42.740	0.1851
60	17	tracking	-844.099728	69.102047	-265.209861	-26.747	-34.740	0.1635
60	18	tracking	-843.803658	69.131671	-265.347027	-26.747	-26.740	0.1295
60	19	tracking	-843.527536	69.147928	-265.444791	-26.747	-25.689	0.1291
60	20	tracking	-843.280701	69.150822	-265.505332	-1.747	-17.689	0.1196
60	21	tracking	-843.070745	69.139548	-265.536063	23.253	-9.689	0.1299
60	22	tracking	-842.897671	69.114571	-265.545450	37.878	-7.940	0.1168
60	23	tracking	-842.755948	69.076808	-265.537762	37.878	-7.940	0.1175
60	24	tracking	-842.645510	69.026300	-265.522800	62.878	-15.940	0.1202
60	25	tracking	-842.561377	68.959773	-265.503660	67.848	-23.940	0.1071
60	26	tracking	-842.498960	68.871538	-265.481500	67.848	-31.940	0.1081
60	27	tracking	-842.454465	68.754227	-265.457227	67.848	-39.940	0.1041
60	28	tracking	-842.422082	68.600383	-265.427773	42.848	-47.168	0.1060
60	29	tracking	-842.396807	68.411756	-265.390414	17.848	-47.168	0.1011
60	30	tracking	-842.372643	68.190740	-265.344023	-7.152	-47.168	0.2200
60	31	tracking	-842.343095	67.940111	-265.289933	-32.152	-47.168	0.1200
60	32	tracking	-842.315108	67.651569	-265.228502	-7.152	-55.168	0.1133
60	33	tracking	-842.294600	67.326575	-265.160010	17.848	-55.963	0.0963
60	34	landing	-842.290126	66.979320	-265.084108	42.848	-47.963	0.0411
60	35	landing	-842.300768	66.611650	-265.000710	42.848	-47.963	0.0230
60	36	landing	-842.325828	66.225621	-264.909607	42.848	-47.963	0.0177
60	37	landing	-842.364747	65.823375	-264.810548	42.848	-47.963	0.0169
61	0	tracking	-850.645964	68.867102	-257.032114	-139.104	-4.000	0.1989
61	1	tracking	-849.991601	68.807284	-257.601772	-164.104	-0.670	0.1291
61	2	tracking	-849.422535	68.751906	-258.196524	170.896	-8.670	0.0964
61	3	tracking	-848.951149	68.710040	-258.797665	153.407	-16.670	0.1028
61	4	tracking	-848.533079	68.685017	-259.402840	178.407	-24.670	0.0973
61	5	tracking	-848.135704	68.677907	-259.999512	-156.593	-32.670	0.0883
61	6	tracking	-847.761383	68.687936	-260.584443	-159.186	-40.670	0.0942
61	7	tracking	-847.390151	68.712344	-261.142272	-134.186	-46.375	0.0808
61	8	tracking	-847.034052	68.747852	-261.683844	-150.375	-42.740	0.0742
61	9	tracking	-846.691437	68.790551	-262.210929	-150.375	-34.740	0.0739
61	10	tracking	-846.360385	68.836374	-262.725899	-150.375	-26.740	0.0701
61	11	tracking	-846.038924	68.880283	-263.231329	-150.375	-18.740	0.0679
61	12	tracking	-845.711981	68.925618	-263.710438	-125.375	-26.740	0.0660
61	13	tracking	-845.375779	68.972813	-264.145543	-100.375	-34.740	0.0644
61	14	tracking	-845.036398	69.019217	-264.522830	-75.375	-42.740	0.0597
61	15	tracking	-844.705837	69.059505	-264.835665	-50.375	-50.740	0.0587
61	16	tracking	-844.316652	69.060790	-265.025424	-51.747	-42.740	0.1699
61	17	tracking	-843.999728	69.102047	-265.209861	-26.747	-34.740	0.1380
61	18	tracking	-843.703658	69.131671	-265.347027	-26.747	-26.740	0.1350
61	19	tracking	-843.427536	69.147928	-265.444791	-26.747	-25.689	0.1139
61	20	tracking	-843.180701	69.150822	-265.505332	-1.747	-17.689	0.1178
61	21	tracking	-842.970745	69.139548	-265.536063	23.253	-9.689	0.1454
61	22	tracking	-842.797671	69.114571	-265.545450	37.878	-7.940	0.1173
61	23	tracking	-842.655948	69.076808	-265.537762	37.878	-7.940	0.1061
61	24	tracking	-842.545510	69.026300	-265.522800	62.878	-15.940	0.1110
61	25	tracking	-842.461377	68.959773	-265.503660	67.848	-23.940	0.1072
61	26	tracking	-842.398960	68.871538	-265.481500	67.848	-31.940	0.1040
61	27	tracking	-842.354465	68.754227	-265.457227	67.848	-39.940	0.1278
61	28	tracking	-842.322082	68.600383	-265.427773	42.848	-47.168	0.1028
61	29	tracking	-842.296807	68.411756	-265.390414	17.848	-47.168	0.1016
61	30	tracking	-842.272643	68.190740	-265.344023	-7.152	-47.168	0.1899
61	31	tracking	-842.243095	67.940111	-265.289933	-32.152	-47.168	0.2229
61	32	tracking	-842.215108	67.651569	-265.228502	-7.152	-55.168	0.1889
61	33	tracking	-842.194600	67.326575	-265.160010	17.848	-55.963	0.1859
61	34	landing	-842.190126	66.979320	-265.084108	42.848	-47.963	0.0413
61	35	landing	-842.200768	66.611650	-265.000710	42.848	-47.963	0.0387
61	36	landing	-842.225828	66.225621	-264.909607	42.848	-47.963	0.0337
61	37	landing	-842.264747	65.823375	-264.810548	42.848	-47.963	0.0307
62	0	tracking	-850.645964	68.867102	-257.032114	-139.104	-4.000	0.2805
62	1	tracking	-849.991601	68.807284	-257.601772	-164.104	-0.670	0.1343
62	2	tracking	-849.422535	68.751906	-258.196524	170.896	-8.670	0.1086
62	3	tracking	-848.951149	68.710040	-258.797665	153.407	-16.670	0.1282
62	4	tracking	-848.533079	68.685017	-259.402840	178.407	-24.670	0.1078
62	5	tracking	-848.135704	68.677907	-259.999512	-156.593	-32.670	0.0937
62	6	tracking	-847.761383	68.687936	-260.584443	-159.186	-40.670	0.0818
62	7	tracking	-847.390151	68.712344	-261.142272	-134.186	-46.375	0.0797
62	8	tracking	-847.034052	68.747852	-261.683844	-150.375	-42.740	0.0761
62	9	tracking	-846.691437	68.790551	-262.210929	-150.375	-34.740	0.0782
62	10	tracking	-846.360385	68.836374	-262.725899	-150.375	-26.740	0.0734
62	11	tracking	-846.038924	68.880283	-263.231329	-150.375	-18.740	0.0979
62	12	tracking	-845.711981	68.925618	-263.710438	-125.375	-26.740	0.0686
62	13	tracking	-845.375779	68.972813	-264.145543	-100.375	-34.740	0.0655
62	14	tracking	-845.036398	69.019217	-264.522830	-75.375	-42.740	0.0627
62	15	tracking	-844.705837	69.059505	-264.835665	-50.375	-50.740	0.0632
62	16	tracking	-844.416652	69.160790	-265.025424	-51.747	-42.740	0.0944
62	17	tracking	-844.099728	69.202047	-265.209861	-26.747	-34.740	0.0849
62	18	tracking	-843.803658	69.231671	-265.347027	-26.747	-26.740	0.0820
62	19	tracking	-843.527536	69.247928	-265.444791	-26.747	-25.689	0.0811
62	20	tracking	-843.280701	69.250822	-265.505332	-1.747	-17.689	0.0887
62	21	tracking	-843.070745	69.239548	-265.536063	23.253	-9.689	0.0867
62	22	tracking	-842.897671	69.214571	-265.545450	37.878	-7.940	0.0917
62	23	tracking	-842.755948	69.176808	-265.537762	37.878	-7.940	0.0741
62	24	tracking	-842.645510	69.126300	-265.522800	62.878	-15.940	0.0718
62	25	tracking	-842.561377	69.059773	-265.503660	67.848	-23.940	0.0712
62	26	tracking	-842.498960	68.971538	-265.481500	67.848	-31.940	0.0725
62	27	tracking	-842.454465	68.854227	-265.457227	67.848	-39.940	0.0707
62	28	tracking	-842.422082	68.700383	-265.427773	42.848	-47.168	0.0641
62	29	tracking	-842.396807	68.511756	-265.390414	17.848	-47.168	0.0643
62	30	tracking	-842.372643	68.290740	-265.344023	-7.152	-47.168	0.0669
62	31	tracking	-842.343095	68.040111	-265.289933	-32.152	-47.168	0.0663
62	32	tracking	-842.315108	67.751569	-265.228502	-7.152	-55.168	0.0639
62	33	tracking	-842.294600	67.426575	-265.160010	17.848	-55.963	0.0641
62	34	tracking	-842.281154	67.067392	-265.083995	17.848	-55.963	0.0609
62	35	landing	-842.280158	66.688665	-264.997124	29.848	-47.963	0.0269
62	36	landing	-842.290993	66.292546	-264.899292	29.848	-47.963	0.0202
62	37	landing	-842.313131	65.881223	-264.790367	29.848	-47.963	0.0199
63	0	tracking	-850.645964	68.867102	-257.032114	-139.104	-4.000	0.3089
63	1	tracking	-849.991601	68.807284	-257.601772	-164.104	-0.670	0.2199
63	2	tracking	-849.422535	68.751906	-258.196524	170.896	-8.670	0.2815
63	3	tracking	-848.951149	68.710040	-258.797665	153.407	-16.670	0.2022
63	4	tracking	-848.533079	68.685017	-259.402840	178.407	-24.670	0.1640
63	5	tracking	-848.135704	68.677907	-259.999512	-156.593	-32.670	0.1210
63	6	tracking	-847.761383	68.687936	-260.584443	-159.186	-40.670	0.0837
63	7	tracking	-847.390151	68.712344	-261.142272	-134.186	-46.375	0.0859
63	8	tracking	-847.034052	68.747852	-261.683844	-150.375	-42.740	0.0772
63	9	tracking	-846.691437	68.790551	-262.210929	-150.375	-34.740	0.0793
63	10	tracking	-846.360385	68.836374	-262.725899	-150.375	-26.740	0.0805
63	11	tracking	-846.038924	68.880283	-263.231329	-150.375	-18.740	0.0760
63	12	tracking	-845.711981	68.925618	-263.710438	-125.375	-26.740	0.0711
63	13	tracking	-845.375779	68.972813	-264.145543	-100.375	-34.740	0.0740
63	14	tracking	-845.036398	69.019217	-264.522830	-75.375	-42.740	0.0619
63	15	tracking	-844.705837	69.059505	-264.835665	-50.375	-50.740	0.0624
63	16	tracking	-844.316652	69.160790	-265.025424	-51.747	-42.740	0.2389
63	17	tracking	-843.999728	69.202047	-265.209861	-26.747	-34.740	0.1489
63	18	tracking	-843.703658	69.231671	-265.347027	-26.747	-26.740	0.1236
63	19	tracking	-843.427536	69.247928	-265.444791	-26.747	-25.689	0.1150
63	20	tracking	-843.180701	69.250822	-265.505332	-1.747	-17.689	0.1177
63	21	tracking	-842.970745	69.239548	-265.536063	23.253	-9.689	0.1153
63	22	tracking	-842.797671	69.214571	-265.545450	37.878	-7.940	0.1171
63	23	tracking	-842.655948	69.176808	-265.537762	37.878	-7.940	0.1217
63	24	tracking	-842.545510	69.126300	-265.522800	62.878	-15.940	0.1142
63	25	tracking	-842.461377	69.059773	-265.503660	67.848	-23.940	0.1059
63	26	tracking	-842.398960	68.971538	-265.481500	67.848	-31.940	0.1049
63	27	tracking	-842.354465	68.854227	-265.457227	67.848	-39.940	0.1003
63	28	tracking	-842.322082	68.700383	-265.427773	42.848	-47.168	0.1185
63	29	tracking	-842.296807	68.511756	-265.390414	17.848	-47.168	0.1023
63	30	tracking	-842.272643	68.290740	-265.344023	-7.152	-47.168	0.1035
63	31	tracking	-842.243095	68.040111	-265.289933	-32.152	-47.168	0.1005
63	32	tracking	-842.215108	67.751569	-265.228502	-7.152	-55.168	0.0945
63	33	tracking	-842.194600	67.426575	-265.160010	17.848	-55.963	0.0984
63	34	tracking	-842.181154	67.067392	-265.083995	17.848	-55.963	0.0923
63	35	landing	-842.184182	66.688665	-265.000085	42.848	-47.963	0.0219
63	36	landing	-842.202754	66.292275	-264.908208	42.848	-47.963	0.0188
63	37	landing	-842.236137	65.880261	-264.808195	42.848	-47.963	0.0216
