0	0	tracking	-850.712875	68.799418	-257.100983	-139.104	-4.000	1.3210
0	1	tracking	-850.073193	68.723999	-257.688813	-164.104	-0.670	1.1432
0	2	tracking	-849.517440	68.654849	-258.301206	170.896	-8.670	0.9966
0	3	tracking	-849.058572	68.600863	-258.919376	153.407	-16.670	0.9819
0	4	tracking	-848.651694	68.565254	-259.541115	178.407	-24.670	0.9283
0	5	tracking	-848.263789	68.549013	-260.153709	-156.593	-32.670	0.8951
0	6	tracking	-847.897518	68.551279	-260.753843	-159.186	-40.670	0.4964
0	7	tracking	-847.532770	68.569224	-261.325888	-134.186	-46.375	0.4594
0	8	tracking	-847.181984	68.599453	-261.880941	-150.375	-42.740	0.4492
0	9	tracking	-846.843618	68.637932	-262.420892	-150.375	-34.740	0.4106
0	10	tracking	-846.516001	68.680101	-262.947943	-150.375	-26.740	0.5770
0	11	tracking	-846.197238	68.720768	-263.464775	-150.375	-18.740	0.7343
0	12	tracking	-845.872142	68.763391	-263.954437	-125.375	-26.740	0.7572
0	13	tracking	-845.536987	68.808480	-264.399055	-100.375	-34.740	0.3592
0	14	tracking	-845.197941	68.853520	-264.784662	-75.375	-42.740	0.2925
0	15	tracking	-844.867311	68.893108	-265.104606	-50.375	-50.740	0.3260
0	16	tracking	-844.545386	68.924815	-265.368126	-51.747	-42.740	0.1822
0	17	tracking	-844.243607	68.947447	-265.573270	-26.747	-34.740	0.2237
0	18	tracking	-843.960792	68.959461	-265.728415	-26.747	-26.740	0.2241
0	19	tracking	-843.696048	68.959659	-265.841337	-26.747	-25.689	0.1570
0	20	tracking	-843.459325	68.948049	-265.914536	-1.747	-17.689	0.1546
0	21	tracking	-843.258640	68.923808	-265.955935	23.253	-9.689	0.2425
0	22	tracking	-843.094102	68.887244	-265.974474	37.878	-7.940	0.1553
0	23	tracking	-842.960159	68.839106	-265.974716	37.878	-7.940	0.1435
0	24	tracking	-842.856780	68.779094	-265.966755	62.878	-15.940	0.1351
0	25	tracking	-842.778983	68.703637	-265.953835	67.848	-23.940	0.1394
0	26	tracking	-842.722191	68.606788	-265.937223	67.848	-31.940	0.1274
0	27	tracking	-842.682629	68.480963	-265.917928	67.848	-39.940	0.1474
0	28	tracking	-842.654549	68.318547	-265.893007	42.848	-47.168	0.1279
0	29	tracking	-842.633077	68.121335	-265.859783	17.848	-47.168	0.2859
0	30	tracking	-842.612307	67.891784	-265.817127	-7.152	-47.168	0.1392
0	31	tracking	-842.585786	67.632731	-265.766367	-32.152	-47.168	0.2087
0	32	tracking	-842.560502	67.335752	-265.707962	-7.152	-55.168	0.1509
0	33	tracking	-842.542393	67.002348	-265.642199	17.848	-55.963	0.1004
0	34	landing	-842.532507	66.646914	-265.564196	17.848	-47.963	0.0907
0	35	landing	-842.530449	66.271831	-265.473732	17.848	-47.963	0.0720
0	36	landing	-842.535869	65.879459	-265.370598	17.848	-47.963	0.0562
1	0	tracking	-850.612875	68.799418	-257.100983	-139.104	-4.000	0.4226
1	1	tracking	-849.973193	68.723999	-257.688813	-164.104	-0.670	0.3184
1	2	tracking	-849.417440	68.654849	-258.301206	170.896	-8.670	0.3190
1	3	tracking	-848.958572	68.600863	-258.919376	153.407	-16.670	0.3026
1	4	tracking	-848.551694	68.565254	-259.541115	178.407	-24.670	0.2887
1	5	tracking	-848.163789	68.549013	-260.153709	-156.593	-32.670	0.2658
1	6	tracking	-847.797518	68.551279	-260.753843	-159.186	-40.670	0.2642
1	7	tracking	-847.432770	68.569224	-261.325888	-134.186	-46.375	0.2119
1	8	tracking	-847.081984	68.599453	-261.880941	-150.375	-42.740	0.2261
1	9	tracking	-846.743618	68.637932	-262.420892	-150.375	-34.740	0.1979
1	10	tracking	-846.416001	68.680101	-262.947943	-150.375	-26.740	0.2157
1	11	tracking	-846.097238	68.720768	-263.464775	-150.375	-18.740	0.2041
1	12	tracking	-845.772142	68.763391	-263.954437	-125.375	-26.740	0.1789
1	13	tracking	-845.436987	68.808480	-264.399055	-100.375	-34.740	0.1932
1	14	tracking	-845.097941	68.853520	-264.784662	-75.375	-42.740	0.1843
1	15	tracking	-844.767311	68.893108	-265.104606	-50.375	-50.740	0.1832
1	16	tracking	-844.445386	68.924815	-265.368126	-51.747	-42.740	0.2508
1	17	tracking	-844.143607	68.947447	-265.573270	-26.747	-34.740	0.1730
1	18	tracking	-843.860792	68.959461	-265.728415	-26.747	-26.740	0.1585
1	19	tracking	-843.596048	68.959659	-265.841337	-26.747	-25.689	0.1612
1	20	tracking	-843.359325	68.948049	-265.914536	-1.747	-17.689	0.1615
1	21	tracking	-843.158640	68.923808	-265.955935	23.253	-9.689	0.1333
1	22	tracking	-842.994102	68.887244	-265.974474	37.878	-7.940	0.1446
1	23	tracking	-842.860159	68.839106	-265.974716	37.878	-7.940	0.1232
1	24	tracking	-842.756780	68.779094	-265.966755	62.878	-15.940	0.1279
1	25	tracking	-842.678983	68.703637	-265.953835	67.848	-23.940	0.1319
1	26	tracking	-842.622191	68.606788	-265.937223	67.848	-31.940	0.1352
1	27	tracking	-842.582629	68.480963	-265.917928	67.848	-39.940	0.1253
1	28	tracking	-842.554549	68.318547	-265.893007	42.848	-47.168	0.1486
1	29	tracking	-842.533077	68.121335	-265.859783	17.848	-47.168	0.1095
1	30	tracking	-842.512307	67.891784	-265.817127	-7.152	-47.168	0.1014
1	31	tracking	-842.485786	67.632731	-265.766367	-32.152	-47.168	0.0982
1	32	tracking	-842.460502	67.335752	-265.707962	-7.152	-55.168	0.1263
1	33	tracking	-842.442393	67.002348	-265.642199	17.848	-55.963	0.0894
1	34	landing	-842.432507	66.646914	-265.564196	17.848	-47.963	0.0638
1	35	landing	-842.430449	66.271831	-265.473732	17.848	-47.963	0.0664
1	36	landing	-842.435869	65.879459	-265.370598	17.848	-47.963	0.0634
2	0	tracking	-850.712875	68.899418	-257.100983	-139.104	-4.000	0.2974
2	1	tracking	-850.073193	68.823999	-257.688813	-164.104	-0.670	0.2555
2	2	tracking	-849.517440	68.754849	-258.301206	170.896	-8.670	0.2573
2	3	tracking	-849.058572	68.700863	-258.919376	153.407	-16.670	0.2268
2	4	tracking	-848.651694	68.665254	-259.541115	178.407	-24.670	0.2170
2	5	tracking	-848.263789	68.649013	-260.153709	-156.593	-32.670	0.2353
2	6	tracking	-847.897518	68.651279	-260.753843	-159.186	-40.670	3.1803
2	7	tracking	-847.532770	68.669224	-261.325888	-134.186	-46.375	0.2423
2	8	tracking	-847.181984	68.699453	-261.880941	-150.375	-42.740	0.1885
2	9	tracking	-846.843618	68.737932	-262.420892	-150.375	-34.740	0.1887
2	10	tracking	-846.516001	68.780101	-262.947943	-150.375	-26.740	0.1963
2	11	tracking	-846.197238	68.820768	-263.464775	-150.375	-18.740	0.4911
2	12	tracking	-845.872142	68.863391	-263.954437	-125.375	-26.740	0.3346
2	13	tracking	-845.536987	68.908480	-264.399055	-100.375	-34.740	0.3753
2	14	tracking	-845.197941	68.953520	-264.784662	-75.375	-42.740	0.3147
2	15	tracking	-844.867311	68.993108	-265.104606	-50.375	-50.740	0.1933
2	16	tracking	-844.545386	69.024815	-265.368126	-51.747	-42.740	0.1621
2	17	tracking	-844.243607	69.047447	-265.573270	-26.747	-34.740	0.1922
2	18	tracking	-843.960792	69.059461	-265.728415	-26.747	-26.740	0.1609
2	19	tracking	-843.696048	69.059659	-265.841337	-26.747	-25.689	0.1267
2	20	tracking	-843.459325	69.048049	-265.914536	-1.747	-17.689	0.1282
2	21	tracking	-843.258640	69.023808	-265.955935	23.253	-9.689	0.1147
2	22	tracking	-843.094102	68.987244	-265.974474	37.878	-7.940	0.1226
2	23	tracking	-842.960159	68.939106	-265.974716	37.878	-7.940	0.1235
2	24	tracking	-842.856780	68.879094	-265.966755	62.878	-15.940	0.1110
2	25	tracking	-842.778983	68.803637	-265.953835	67.848	-23.940	0.1006
2	26	tracking	-842.722191	68.706788	-265.937223	67.848	-31.940	0.1023
2	27	tracking	-842.682629	68.580963	-265.917928	67.848	-39.940	0.0929
2	28	tracking	-842.654549	68.418547	-265.893007	42.848	-47.168	0.0889
2	29	tracking	-842.633077	68.221335	-265.859783	17.848	-47.168	0.0868
2	30	tracking	-842.612307	67.991784	-265.817127	-7.152	-47.168	0.0837
2	31	tracking	-842.585786	67.732731	-265.766367	-32.152	-47.168	0.1084
2	32	tracking	-842.560502	67.435752	-265.707962	-7.152	-55.168	0.0783
2	33	tracking	-842.542393	67.102348	-265.642199	17.848	-55.963	0.0704
2	34	landing	-842.532507	66.746914	-265.564196	17.848	-47.963	0.0580
2	35	landing	-842.530449	66.371831	-265.473732	17.848	-47.963	0.0437
2	36	landing	-842.535869	65.979459	-265.370598	17.848	-47.963	0.0515
3	0	tracking	-850.612875	68.899418	-257.100983	-139.104	-4.000	0.3203
3	1	tracking	-849.973193	68.823999	-257.688813	-164.104	-0.670	0.3134
3	2	tracking	-849.417440	68.754849	-258.301206	170.896	-8.670	0.2770
3	3	tracking	-848.958572	68.700863	-258.919376	153.407	-16.670	0.2625
3	4	tracking	-848.551694	68.665254	-259.541115	178.407	-24.670	0.3050
3	5	tracking	-848.163789	68.649013	-260.153709	-156.593	-32.670	0.2743
3	6	tracking	-847.797518	68.651279	-260.753843	-159.186	-40.670	0.2208
3	7	tracking	-847.432770	68.669224	-261.325888	-134.186	-46.375	0.2326
3	8	tracking	-847.081984	68.699453	-261.880941	-150.375	-42.740	0.2641
3	9	tracking	-846.743618	68.737932	-262.420892	-150.375	-34.740	0.1926
3	10	tracking	-846.416001	68.780101	-262.947943	-150.375	-26.740	0.2289
3	11	tracking	-846.097238	68.820768	-263.464775	-150.375	-18.740	0.1748
3	12	tracking	-845.772142	68.863391	-263.954437	-125.375	-26.740	0.1806
3	13	tracking	-845.436987	68.908480	-264.399055	-100.375	-34.740	0.1961
3	14	tracking	-845.097941	68.953520	-264.784662	-75.375	-42.740	0.1528
3	15	tracking	-844.767311	68.993108	-265.104606	-50.375	-50.740	0.1532
3	16	tracking	-844.445386	69.024815	-265.368126	-51.747	-42.740	0.1426
3	17	tracking	-844.143607	69.047447	-265.573270	-26.747	-34.740	0.1464
3	18	tracking	-843.860792	69.059461	-265.728415	-26.747	-26.740	0.1487
3	19	tracking	-843.596048	69.059659	-265.841337	-26.747	-25.689	0.1417
3	20	tracking	-843.359325	69.048049	-265.914536	-1.747	-17.689	0.1297
3	21	tracking	-843.158640	69.023808	-265.955935	23.253	-9.689	0.1155
3	22	tracking	-842.994102	68.987244	-265.974474	37.878	-7.940	0.1113
3	23	tracking	-842.860159	68.939106	-265.974716	37.878	-7.940	0.1067
3	24	tracking	-842.756780	68.879094	-265.966755	62.878	-15.940	0.1412
3	25	tracking	-842.678983	68.803637	-265.953835	67.848	-23.940	0.1053
3	26	tracking	-842.622191	68.706788	-265.937223	67.848	-31.940	0.0971
3	27	tracking	-842.582629	68.580963	-265.917928	67.848	-39.940	0.0964
3	28	tracking	-842.554549	68.418547	-265.893007	42.848	-47.168	0.0928
3	29	tracking	-842.533077	68.221335	-265.859783	17.848	-47.168	0.0890
3	30	tracking	-842.512307	67.991784	-265.817127	-7.152	-47.168	0.0905
3	31	tracking	-842.485786	67.732731	-265.766367	-32.152	-47.168	0.0823
3	32	tracking	-842.460502	67.435752	-265.707962	-7.152	-55.168	0.1038
3	33	tracking	-842.442393	67.102348	-265.642199	17.848	-55.963	0.0750
3	34	landing	-842.432507	66.746914	-265.564196	17.848	-47.963	0.0557
3	35	landing	-842.430449	66.371831	-265.473732	17.848	-47.963	0.0491
3	36	landing	-842.435869	65.979459	-265.370598	17.848	-47.963	0.0613
4	0	tracking	-850.712875	68.799418	-257.000983	-139.104	-4.000	0.5412
4	1	tracking	-850.073193	68.723999	-257.588813	-164.104	-0.670	0.2728
4	2	tracking	-849.517440	68.654849	-258.201206	170.896	-8.670	0.2103
4	3	tracking	-849.058572	68.600863	-258.819376	153.407	-16.670	0.1967
4	4	tracking	-848.651694	68.565254	-259.441115	178.407	-24.670	0.1866
4	5	tracking	-848.263789	68.549013	-260.053709	-156.593	-32.670	0.3460
4	6	tracking	-847.897518	68.551279	-260.653843	-159.186	-40.670	0.2048
4	7	tracking	-847.532770	68.569224	-261.225888	-134.186	-46.375	0.1718
4	8	tracking	-847.181984	68.599453	-261.780941	-150.375	-42.740	0.1766
4	9	tracking	-846.843618	68.637932	-262.320892	-150.375	-34.740	0.1645
4	10	tracking	-846.516001	68.680101	-262.847943	-150.375	-26.740	0.1641
4	11	tracking	-846.197238	68.720768	-263.364775	-150.375	-18.740	0.1552
4	12	tracking	-845.872142	68.763391	-263.854437	-125.375	-26.740	0.1581
4	13	tracking	-845.536987	68.808480	-264.299055	-100.375	-34.740	0.1630
4	14	tracking	-845.197941	68.853520	-264.684662	-75.375	-42.740	0.1355
4	15	tracking	-844.867311	68.893108	-265.004606	-50.375	-50.740	0.1323
4	16	tracking	-844.545386	68.924815	-265.268126	-51.747	-42.740	0.1251
4	17	tracking	-844.243607	68.947447	-265.473270	-26.747	-34.740	0.1256
4	18	tracking	-843.960792	68.959461	-265.628415	-26.747	-26.740	0.1214
4	19	tracking	-843.696048	68.959659	-265.741337	-26.747	-25.689	0.1119
4	20	tracking	-843.459325	68.948049	-265.814536	-1.747	-17.689	0.1101
4	21	tracking	-843.258640	68.923808	-265.855935	23.253	-9.689	0.1141
4	22	tracking	-843.094102	68.887244	-265.874474	37.878	-7.940	0.1076
4	23	tracking	-842.960159	68.839106	-265.874716	37.878	-7.940	0.1084
4	24	tracking	-842.856780	68.779094	-265.866755	62.878	-15.940	0.1426
4	25	tracking	-842.778983	68.703637	-265.853835	67.848	-23.940	0.1060
4	26	tracking	-842.722191	68.606788	-265.837223	67.848	-31.940	0.1360
4	27	tracking	-842.682629	68.480963	-265.817928	67.848	-39.940	0.1444
4	28	tracking	-842.654549	68.318547	-265.793007	42.848	-47.168	0.0934
4	29	tracking	-842.633077	68.121335	-265.759783	17.848	-47.168	0.0782
4	30	tracking	-842.612307	67.891784	-265.717127	-7.152	-47.168	0.0795
4	31	tracking	-842.585786	67.632731	-265.666367	-32.152	-47.168	0.0798
4	32	tracking	-842.560502	67.335752	-265.607962	-7.152	-55.168	0.0671
4	33	tracking	-842.542393	67.002348	-265.542199	17.848	-55.963	0.0617
4	34	landing	-842.532507	66.646914	-265.464196	17.848	-47.963	0.0365
4	35	landing	-842.530449	66.271831	-265.373732	17.848	-47.963	0.0323
4	36	landing	-842.535869	65.879459	-265.270598	17.848	-47.963	0.0511
5	0	tracking	-850.612875	68.799418	-257.000983	-139.104	-4.000	0.2864
5	1	tracking	-849.973193	68.723999	-257.588813	-164.104	-0.670	0.2655
5	2	tracking	-849.417440	68.654849	-258.201206	170.896	-8.670	0.2355
5	3	tracking	-848.958572	68.600863	-258.819376	153.407	-16.670	0.2059
5	4	tracking	-848.551694	68.565254	-259.441115	178.407	-24.670	0.2377
5	5	tracking	-848.163789	68.549013	-260.053709	-156.593	-32.670	0.1996
5	6	tracking	-847.797518	68.551279	-260.653843	-159.186	-40.670	0.1871
5	7	tracking	-847.432770	68.569224	-261.225888	-134.186	-46.375	0.1832
5	8	tracking	-847.081984	68.599453	-261.780941	-150.375	-42.740	0.1727
5	9	tracking	-846.743618	68.637932	-262.320892	-150.375	-34.740	0.1703
5	10	tracking	-846.416001	68.680101	-262.847943	-150.375	-26.740	0.1850
5	11	tracking	-846.097238	68.720768	-263.364775	-150.375	-18.740	0.1706
5	12	tracking	-845.772142	68.763391	-263.854437	-125.375	-26.740	0.1533
5	13	tracking	-845.436987	68.808480	-264.299055	-100.375	-34.740	0.1491
5	14	tracking	-845.097941	68.853520	-264.684662	-75.375	-42.740	0.1411
5	15	tracking	-844.767311	68.893108	-265.004606	-50.375	-50.740	0.1784
5	16	tracking	-844.445386	68.924815	-265.268126	-51.747	-42.740	0.1264
5	17	tracking	-844.143607	68.947447	-265.473270	-26.747	-34.740	0.1204
5	18	tracking	-843.860792	68.959461	-265.628415	-26.747	-26.740	0.1151
5	19	tracking	-843.596048	68.959659	-265.741337	-26.747	-25.689	0.1175
5	20	tracking	-843.359325	68.948049	-265.814536	-1.747	-17.689	0.1143
5	21	tracking	-843.158640	68.923808	-265.855935	23.253	-9.689	0.1252
5	22	tracking	-842.994102	68.887244	-265.874474	37.878	-7.940	0.1064
5	23	tracking	-842.860159	68.839106	-265.874716	37.878	-7.940	0.0965
5	24	tracking	-842.756780	68.779094	-265.866755	62.878	-15.940	0.1636
5	25	tracking	-842.678983	68.703637	-265.853835	67.848	-23.940	0.1120
5	26	tracking	-842.622191	68.606788	-265.837223	67.848	-31.940	0.0896
5	27	tracking	-842.582629	68.480963	-265.817928	67.848	-39.940	0.0855
5	28	tracking	-842.554549	68.318547	-265.793007	42.848	-47.168	0.0998
5	29	tracking	-842.533077	68.121335	-265.759783	17.848	-47.168	0.0843
5	30	tracking	-842.512307	67.891784	-265.717127	-7.152	-47.168	0.0836
5	31	tracking	-842.485786	67.632731	-265.666367	-32.152	-47.168	0.1199
5	32	tracking	-842.460502	67.335752	-265.607962	-7.152	-55.168	0.2521
5	33	tracking	-842.442393	67.002348	-265.542199	17.848	-55.963	0.1805
5	34	landing	-842.432507	66.646914	-265.464196	17.848	-47.963	0.1021
5	35	landing	-842.430449	66.271831	-265.373732	17.848	-47.963	0.0501
5	36	landing	-842.435869	65.879459	-265.270598	17.848	-47.963	0.0452
6	0	tracking	-850.712875	68.899418	-257.000983	-139.104	-4.000	0.2452
6	1	tracking	-850.073193	68.823999	-257.588813	-164.104	-0.670	0.2037
6	2	tracking	-849.517440	68.754849	-258.201206	170.896	-8.670	0.1958
6	3	tracking	-849.058572	68.700863	-258.819376	153.407	-16.670	0.2114
6	4	tracking	-848.651694	68.665254	-259.441115	178.407	-24.670	0.1734
6	5	tracking	-848.263789	68.649013	-260.053709	-156.593	-32.670	0.1632
6	6	tracking	-847.897518	68.651279	-260.653843	-159.186	-40.670	0.1521
6	7	tracking	-847.532770	68.669224	-261.225888	-134.186	-46.375	0.1459
6	8	tracking	-847.181984	68.699453	-261.780941	-150.375	-42.740	0.1418
6	9	tracking	-846.843618	68.737932	-262.320892	-150.375	-34.740	0.1653
6	10	tracking	-846.516001	68.780101	-262.847943	-150.375	-26.740	0.1499
6	11	tracking	-846.197238	68.820768	-263.364775	-150.375	-18.740	0.1442
6	12	tracking	-845.872142	68.863391	-263.854437	-125.375	-26.740	0.1351
6	13	tracking	-845.536987	68.908480	-264.299055	-100.375	-34.740	0.1530
6	14	tracking	-845.197941	68.953520	-264.684662	-75.375	-42.740	0.1296
6	15	tracking	-844.867311	68.993108	-265.004606	-50.375	-50.740	0.3306
6	16	tracking	-844.545386	69.024815	-265.268126	-51.747	-42.740	0.1374
6	17	tracking	-844.243607	69.047447	-265.473270	-26.747	-34.740	0.1088
6	18	tracking	-843.960792	69.059461	-265.628415	-26.747	-26.740	0.1029
6	19	tracking	-843.696048	69.059659	-265.741337	-26.747	-25.689	0.1121
6	20	tracking	-843.459325	69.048049	-265.814536	-1.747	-17.689	0.0995
6	21	tracking	-843.258640	69.023808	-265.855935	23.253	-9.689	0.1142
6	22	tracking	-843.094102	68.987244	-265.874474	37.878	-7.940	0.1008
6	23	tracking	-842.960159	68.939106	-265.874716	37.878	-7.940	0.0910
6	24	tracking	-842.856780	68.879094	-265.866755	62.878	-15.940	0.2864
6	25	tracking	-842.778983	68.803637	-265.853835	67.848	-23.940	0.0991
6	26	tracking	-842.722191	68.706788	-265.837223	67.848	-31.940	0.0808
6	27	tracking	-842.682629	68.580963	-265.817928	67.848	-39.940	0.2357
6	28	tracking	-842.654549	68.418547	-265.793007	42.848	-47.168	0.1553
6	29	tracking	-842.633077	68.221335	-265.759783	17.848	-47.168	0.1316
6	30	tracking	-842.612307	67.991784	-265.717127	-7.152	-47.168	0.1134
6	31	tracking	-842.585786	67.732731	-265.666367	-32.152	-47.168	0.0683
6	32	tracking	-842.560502	67.435752	-265.607962	-7.152	-55.168	0.0637
6	33	tracking	-842.542393	67.102348	-265.542199	17.848	-55.963	0.0553
6	34	landing	-842.532507	66.746914	-265.464196	17.848	-47.963	0.0369
6	35	landing	-842.530449	66.371831	-265.373732	17.848	-47.963	0.0326
6	36	landing	-842.535869	65.979459	-265.270598	17.848	-47.963	0.0319
7	0	tracking	-850.612875	68.899418	-257.000983	-139.104	-4.000	0.2621
7	1	tracking	-849.973193	68.823999	-257.588813	-164.104	-0.670	0.2340
7	2	tracking	-849.417440	68.754849	-258.201206	170.896	-8.670	0.2112
7	3	tracking	-848.958572	68.700863	-258.819376	153.407	-16.670	0.2279
7	4	tracking	-848.551694	68.665254	-259.441115	178.407	-24.670	0.1896
7	5	tracking	-848.163789	68.649013	-260.053709	-156.593	-32.670	0.1871
7	6	tracking	-847.797518	68.651279	-260.653843	-159.186	-40.670	0.1813
7	7	tracking	-847.432770	68.669224	-261.225888	-134.186	-46.375	0.1714
7	8	tracking	-847.081984	68.699453	-261.780941	-150.375	-42.740	0.1687
7	9	tracking	-846.743618	68.737932	-262.320892	-150.375	-34.740	0.1848
7	10	tracking	-846.416001	68.780101	-262.847943	-150.375	-26.740	0.2050
7	11	tracking	-846.097238	68.820768	-263.364775	-150.375	-18.740	0.1672
7	12	tracking	-845.772142	68.863391	-263.854437	-125.375	-26.740	0.1562
7	13	tracking	-845.436987	68.908480	-264.299055	-100.375	-34.740	0.1591
7	14	tracking	-845.097941	68.953520	-264.684662	-75.375	-42.740	0.1434
7	15	tracking	-844.767311	68.993108	-265.004606	-50.375	-50.740	0.2254
7	16	tracking	-844.445386	69.024815	-265.268126	-51.747	-42.740	0.2928
7	17	tracking	-844.143607	69.047447	-265.473270	-26.747	-34.740	2.8084
7	18	tracking	-843.860792	69.059461	-265.628415	-26.747	-26.740	0.1476
7	19	tracking	-843.596048	69.059659	-265.741337	-26.747	-25.689	0.1178
7	20	tracking	-843.359325	69.048049	-265.814536	-1.747	-17.689	0.1084
7	21	tracking	-843.158640	69.023808	-265.855935	23.253	-9.689	0.1057
7	22	tracking	-842.994102	68.987244	-265.874474	37.878	-7.940	0.1086
7	23	tracking	-842.860159	68.939106	-265.874716	37.878	-7.940	0.0946
7	24	tracking	-842.756780	68.879094	-265.866755	62.878	-15.940	0.0913
7	25	tracking	-842.678983	68.803637	-265.853835	67.848	-23.940	0.0933
7	26	tracking	-842.622191	68.706788	-265.837223	67.848	-31.940	0.1525
7	27	tracking	-842.582629	68.580963	-265.817928	67.848	-39.940	0.4074
7	28	tracking	-842.554549	68.418547	-265.793007	42.848	-47.168	0.1576
7	29	tracking	-842.533077	68.221335	-265.759783	17.848	-47.168	0.1095
7	30	tracking	-842.512307	67.991784	-265.717127	-7.152	-47.168	0.0962
7	31	tracking	-842.485786	67.732731	-265.666367	-32.152	-47.168	0.1032
7	32	tracking	-842.460502	67.435752	-265.607962	-7.152	-55.168	0.0889
7	33	tracking	-842.442393	67.102348	-265.542199	17.848	-55.963	0.1015
7	34	landing	-842.432507	66.746914	-265.464196	17.848	-47.963	0.0702
7	35	landing	-842.430449	66.371831	-265.373732	17.848	-47.963	0.0645
7	36	landing	-842.435869	65.979459	-265.270598	17.848	-47.963	0.0594
8	0	tracking	-850.675217	68.799697	-257.103313	-139.104	-4.000	0.6088
8	1	tracking	-850.001151	68.724570	-257.696135	-164.104	-0.670	0.6480
8	2	tracking	-849.415186	68.656225	-258.315623	170.896	-8.670	0.3516
8	3	tracking	-848.930394	68.603882	-258.942099	153.407	-16.670	0.3331
8	4	tracking	-848.500465	68.570916	-259.572992	178.407	-24.670	0.4850
8	5	tracking	-848.091441	68.558465	-260.195083	-156.593	-32.670	0.3141
8	6	tracking	-847.705899	68.565819	-260.804874	-159.186	-40.670	0.3044
8	7	tracking	-847.323171	68.590181	-261.386310	-134.186	-46.375	0.2922
8	8	tracking	-846.955865	68.627863	-261.950611	-150.375	-42.740	0.2849
8	9	tracking	-846.602351	68.674347	-262.499554	-150.375	-34.740	0.3049
8	10	tracking	-846.260593	68.725248	-263.035751	-150.375	-26.740	0.2872
8	11	tracking	-845.928568	68.775088	-263.561893	-150.375	-18.740	0.2658
8	12	tracking	-845.590648	68.827541	-264.060568	-125.375	-26.740	0.2683
8	13	tracking	-845.242934	68.883311	-264.513424	-100.375	-34.740	0.2433
8	14	tracking	-844.891791	68.939889	-264.906134	-75.375	-42.740	0.2289
8	15	tracking	-844.549949	68.991650	-265.232048	-50.375	-50.740	0.2190
8	16	tracking	-844.217620	69.035902	-265.500561	-51.747	-42.740	0.2122
8	17	tracking	-843.906384	69.071115	-265.709783	-26.747	-34.740	0.2210
8	18	tracking	-843.615071	69.095287	-265.868415	-26.747	-26.740	0.2084
8	19	tracking	-843.342806	69.106928	-265.984549	-26.747	-25.689	0.2547
8	20	tracking	-843.099388	69.105826	-266.060814	-1.747	-17.689	0.3288
8	21	tracking	-842.892648	69.091037	-266.105157	23.253	-9.689	0.3436
8	22	tracking	-842.722585	69.062940	-266.126486	37.878	-7.940	0.3332
8	23	tracking	-842.583600	69.022387	-266.129366	37.878	-7.940	0.3301
8	24	tracking	-842.475575	68.969295	-266.123834	62.878	-15.940	0.2903
8	25	tracking	-842.393513	68.900282	-266.113128	67.848	-23.940	0.2640
8	26	tracking	-842.332827	68.809551	-266.098529	67.848	-31.940	0.2456
8	27	tracking	-842.289727	68.689631	-266.081054	67.848	-39.940	0.2317
8	28	tracking	-842.258452	68.532964	-266.057801	42.848	-47.168	0.2254
8	29	tracking	-842.234094	68.341256	-266.026189	17.848	-47.168	0.2232
8	30	tracking	-842.210778	68.116883	-265.985168	-7.152	-47.168	0.2178
8	31	tracking	-842.182110	67.862644	-265.936063	-32.152	-47.168	0.2288
8	32	tracking	-842.154935	67.570189	-265.879299	-7.152	-55.168	0.2138
8	33	tracking	-842.135088	67.241004	-265.815165	17.848	-55.963	0.1848
8	34	landing	-842.123578	66.889420	-265.738849	17.848	-47.963	0.1568
8	35	landing	-842.119992	66.517806	-265.650133	17.848	-47.963	0.1480
8	36	landing	-842.123972	66.128522	-265.548807	17.848	-47.963	0.0892
8	37	landing	-842.135189	65.723875	-265.434702	17.848	-47.963	0.0756
9	0	tracking	-850.575217	68.799697	-257.103313	-139.104	-4.000	0.4884
9	1	tracking	-849.901151	68.724570	-257.696135	-164.104	-0.670	0.4574
9	2	tracking	-849.315186	68.656225	-258.315623	170.896	-8.670	0.4844
9	3	tracking	-848.830394	68.603882	-258.942099	153.407	-16.670	0.4303
9	4	tracking	-848.400465	68.570916	-259.572992	178.407	-24.670	0.7683
9	5	tracking	-847.991441	68.558465	-260.195083	-156.593	-32.670	0.7005
9	6	tracking	-847.605899	68.565819	-260.804874	-159.186	-40.670	0.3950
9	7	tracking	-847.223171	68.590181	-261.386310	-134.186	-46.375	0.3304
9	8	tracking	-846.855865	68.627863	-261.950611	-150.375	-42.740	0.3150
9	9	tracking	-846.502351	68.674347	-262.499554	-150.375	-34.740	0.2975
9	10	tracking	-846.160593	68.725248	-263.035751	-150.375	-26.740	0.2966
9	11	tracking	-845.828568	68.775088	-263.561893	-150.375	-18.740	0.2895
9	12	tracking	-845.490648	68.827541	-264.060568	-125.375	-26.740	0.4919
9	13	tracking	-845.142934	68.883311	-264.513424	-100.375	-34.740	0.3151
9	14	tracking	-844.791791	68.939889	-264.906134	-75.375	-42.740	0.2750
9	15	tracking	-844.449949	68.991650	-265.232048	-50.375	-50.740	0.6886
9	16	tracking	-844.117620	69.035902	-265.500561	-51.747	-42.740	0.5443
9	17	tracking	-843.806384	69.071115	-265.709783	-26.747	-34.740	0.4964
9	18	tracking	-843.515071	69.095287	-265.868415	-26.747	-26.740	0.3893
9	19	tracking	-843.242806	69.106928	-265.984549	-26.747	-25.689	0.2165
9	20	tracking	-842.999388	69.105826	-266.060814	-1.747	-17.689	0.2086
9	21	tracking	-842.792648	69.091037	-266.105157	23.253	-9.689	0.1952
9	22	tracking	-842.622585	69.062940	-266.126486	37.878	-7.940	0.3130
9	23	tracking	-842.483600	69.022387	-266.129366	37.878	-7.940	0.1819
9	24	tracking	-842.375575	68.969295	-266.123834	62.878	-15.940	0.1627
9	25	tracking	-842.293513	68.900282	-266.113128	67.848	-23.940	0.1552
9	26	tracking	-842.232827	68.809551	-266.098529	67.848	-31.940	0.1514
9	27	tracking	-842.189727	68.689631	-266.081054	67.848	-39.940	0.1443
9	28	tracking	-842.158452	68.532964	-266.057801	42.848	-47.168	0.1377
9	29	tracking	-842.134094	68.341256	-266.026189	17.848	-47.168	0.1307
9	30	tracking	-842.110778	68.116883	-265.985168	-7.152	-47.168	0.1365
9	31	tracking	-842.082110	67.862644	-265.936063	-32.152	-47.168	0.1233
9	32	tracking	-842.054935	67.570189	-265.879299	-7.152	-55.168	0.1384
9	33	tracking	-842.035088	67.241004	-265.815165	17.848	-55.963	0.1317
9	34	landing	-842.023578	66.889420	-265.738849	17.848	-47.963	0.1017
9	35	landing	-842.019992	66.517806	-265.650133	17.848	-47.963	0.0814
9	36	landing	-842.023972	66.128522	-265.548807	17.848	-47.963	0.0728
9	37	landing	-842.035189	65.723875	-265.434702	17.848	-47.963	0.0627
10	0	tracking	-850.675217	68.899697	-257.103313	-139.104	-4.000	0.6169
10	1	tracking	-850.001151	68.824570	-257.696135	-164.104	-0.670	0.4973
10	2	tracking	-849.415186	68.756225	-258.315623	170.896	-8.670	0.3570
10	3	tracking	-848.930394	68.703882	-258.942099	153.407	-16.670	0.3446
10	4	tracking	-848.500465	68.670916	-259.572992	178.407	-24.670	0.3612
10	5	tracking	-848.091441	68.658465	-260.195083	-156.593	-32.670	0.3087
10	6	tracking	-847.705899	68.665819	-260.804874	-159.186	-40.670	0.3101
10	7	tracking	-847.323171	68.690181	-261.386310	-134.186	-46.375	0.2905
10	8	tracking	-846.955865	68.727863	-261.950611	-150.375	-42.740	0.3978
10	9	tracking	-846.602351	68.774347	-262.499554	-150.375	-34.740	0.2814
10	10	tracking	-846.260593	68.825248	-263.035751	-150.375	-26.740	0.2658
10	11	tracking	-845.928568	68.875088	-263.561893	-150.375	-18.740	0.2528
10	12	tracking	-845.590648	68.927541	-264.060568	-125.375	-26.740	0.2449
10	13	tracking	-845.242934	68.983311	-264.513424	-100.375	-34.740	0.2346
10	14	tracking	-844.891791	69.039889	-264.906134	-75.375	-42.740	0.2295
10	15	tracking	-844.549949	69.091650	-265.232048	-50.375	-50.740	0.2170
10	16	tracking	-844.217620	69.135902	-265.500561	-51.747	-42.740	0.2123
10	17	tracking	-843.906384	69.171115	-265.709783	-26.747	-34.740	0.5668
10	18	tracking	-843.615071	69.195287	-265.868415	-26.747	-26.740	0.4639
10	19	tracking	-843.342806	69.206928	-265.984549	-26.747	-25.689	0.4277
10	20	tracking	-843.099388	69.205826	-266.060814	-1.747	-17.689	0.3670
10	21	tracking	-842.892648	69.191037	-266.105157	23.253	-9.689	0.1764
10	22	tracking	-842.722585	69.162940	-266.126486	37.878	-7.940	0.2086
10	23	tracking	-842.583600	69.122387	-266.129366	37.878	-7.940	0.1811
10	24	tracking	-842.475575	69.069295	-266.123834	62.878	-15.940	0.1638
10	25	tracking	-842.393513	69.000282	-266.113128	67.848	-23.940	0.1763
10	26	tracking	-842.332827	68.909551	-266.098529	67.848	-31.940	0.3491
10	27	tracking	-842.289727	68.789631	-266.081054	67.848	-39.940	0.1592
10	28	tracking	-842.258452	68.632964	-266.057801	42.848	-47.168	0.1280
10	29	tracking	-842.234094	68.441256	-266.026189	17.848	-47.168	0.1190
10	30	tracking	-842.210778	68.216883	-265.985168	-7.152	-47.168	0.1101
10	31	tracking	-842.182110	67.962644	-265.936063	-32.152	-47.168	0.1052
10	32	tracking	-842.154935	67.670189	-265.879299	-7.152	-55.168	0.0982
10	33	tracking	-842.135088	67.341004	-265.815165	17.848	-55.963	0.0895
10	34	landing	-842.123578	66.989420	-265.738849	17.848	-47.963	0.0790
10	35	landing	-842.119992	66.617806	-265.650133	17.848	-47.963	0.0690
10	36	landing	-842.123972	66.228522	-265.548807	17.848	-47.963	0.0619
10	37	landing	-842.135189	65.823875	-265.434702	17.848	-47.963	0.0555
11	0	tracking	-850.575217	68.899697	-257.103313	-139.104	-4.000	0.4303
11	1	tracking	-849.901151	68.824570	-257.696135	-164.104	-0.670	0.3519
11	2	tracking	-849.315186	68.756225	-258.315623	170.896	-8.670	0.3362
11	3	tracking	-848.830394	68.703882	-258.942099	153.407	-16.670	0.4376
11	4	tracking	-848.400465	68.670916	-259.572992	178.407	-24.670	0.3375
11	5	tracking	-847.991441	68.658465	-260.195083	-156.593	-32.670	0.3553
11	6	tracking	-847.605899	68.665819	-260.804874	-159.186	-40.670	0.2927
11	7	tracking	-847.223171	68.690181	-261.386310	-134.186	-46.375	0.2868
11	8	tracking	-846.855865	68.727863	-261.950611	-150.375	-42.740	0.2766
11	9	tracking	-846.502351	68.774347	-262.499554	-150.375	-34.740	0.2585
11	10	tracking	-846.160593	68.825248	-263.035751	-150.375	-26.740	0.2476
11	11	tracking	-845.828568	68.875088	-263.561893	-150.375	-18.740	0.2479
11	12	tracking	-845.490648	68.927541	-264.060568	-125.375	-26.740	0.2549
11	13	tracking	-845.142934	68.983311	-264.513424	-100.375	-34.740	0.2525
11	14	tracking	-844.791791	69.039889	-264.906134	-75.375	-42.740	0.2277
11	15	tracking	-844.449949	69.091650	-265.232048	-50.375	-50.740	0.2213
11	16	tracking	-844.117620	69.135902	-265.500561	-51.747	-42.740	0.2088
11	17	tracking	-843.806384	69.171115	-265.709783	-26.747	-34.740	0.2494
11	18	tracking	-843.515071	69.195287	-265.868415	-26.747	-26.740	0.2617
11	19	tracking	-843.242806	69.206928	-265.984549	-26.747	-25.689	0.1807
11	20	tracking	-842.999388	69.205826	-266.060814	-1.747	-17.689	0.1866
11	21	tracking	-842.792648	69.191037	-266.105157	23.253	-9.689	0.1713
11	22	tracking	-842.622585	69.162940	-266.126486	37.878	-7.940	0.1934
11	23	tracking	-842.483600	69.122387	-266.129366	37.878	-7.940	0.1643
11	24	tracking	-842.375575	69.069295	-266.123834	62.878	-15.940	0.1491
11	25	tracking	-842.293513	69.000282	-266.113128	67.848	-23.940	0.1411
11	26	tracking	-842.232827	68.909551	-266.098529	67.848	-31.940	0.1058
11	27	tracking	-842.189727	68.789631	-266.081054	67.848	-39.940	0.0985
11	28	tracking	-842.158452	68.632964	-266.057801	42.848	-47.168	0.0811
11	29	tracking	-842.134094	68.441256	-266.026189	17.848	-47.168	0.0519
11	30	tracking	-842.110778	68.216883	-265.985168	-7.152	-47.168	0.0517
11	31	tracking	-842.082110	67.962644	-265.936063	-32.152	-47.168	0.0465
11	32	tracking	-842.054935	67.670189	-265.879299	-7.152	-55.168	0.0443
11	33	tracking	-842.035088	67.341004	-265.815165	17.848	-55.963	0.0621
11	34	tracking	-842.022174	66.977390	-265.743209	17.848	-55.963	0.0435
11	35	landing	-842.017394	66.594134	-265.658202	17.848	-47.963	0.0960
11	36	landing	-842.020372	66.193614	-265.559989	17.848	-47.963	0.0349
11	37	landing	-842.030763	65.778156	-265.448448	17.848	-47.963	0.0333
12	0	tracking	-850.675217	68.799697	-257.003313	-139.104	-4.000	0.2117
12	1	tracking	-850.001151	68.724570	-257.596135	-164.104	-0.670	0.1507
12	2	tracking	-849.415186	68.656225	-258.215623	170.896	-8.670	0.1369
12	3	tracking	-848.930394	68.603882	-258.842099	153.407	-16.670	0.1319
12	4	tracking	-848.500465	68.570916	-259.472992	178.407	-24.670	0.1388
12	5	tracking	-848.091441	68.558465	-260.095083	-156.593	-32.670	0.1198
12	6	tracking	-847.705899	68.565819	-260.704874	-159.186	-40.670	0.1439
12	7	tracking	-847.323171	68.590181	-261.286310	-134.186	-46.375	0.1252
12	8	tracking	-846.955865	68.627863	-261.850611	-150.375	-42.740	0.1066
12	9	tracking	-846.602351	68.674347	-262.399554	-150.375	-34.740	0.1106
12	10	tracking	-846.260593	68.725248	-262.935751	-150.375	-26.740	0.0998
12	11	tracking	-845.928568	68.775088	-263.461893	-150.375	-18.740	0.1012
12	12	tracking	-845.590648	68.827541	-263.960568	-125.375	-26.740	0.0996
12	13	tracking	-845.242934	68.883311	-264.413424	-100.375	-34.740	0.0912
12	14	tracking	-844.891791	68.939889	-264.806134	-75.375	-42.740	0.0878
12	15	tracking	-844.549949	68.991650	-265.132048	-50.375	-50.740	0.0835
12	16	tracking	-844.217620	69.035902	-265.400561	-51.747	-42.740	0.0805
12	17	tracking	-843.906384	69.071115	-265.609783	-26.747	-34.740	0.0811
12	18	tracking	-843.615071	69.095287	-265.768415	-26.747	-26.740	0.0739
12	19	tracking	-843.342806	69.106928	-265.884549	-26.747	-25.689	0.0720
12	20	tracking	-843.099388	69.105826	-265.960814	-1.747	-17.689	0.0670
12	21	tracking	-842.892648	69.091037	-266.005157	23.253	-9.689	0.0673
12	22	tracking	-842.722585	69.062940	-266.026486	37.878	-7.940	0.0655
12	23	tracking	-842.583600	69.022387	-266.029366	37.878	-7.940	0.0741
12	24	tracking	-842.475575	68.969295	-266.023834	62.878	-15.940	0.0622
12	25	tracking	-842.393513	68.900282	-266.013128	67.848	-23.940	0.0581
12	26	tracking	-842.332827	68.809551	-265.998529	67.848	-31.940	0.0637
12	27	tracking	-842.289727	68.689631	-265.981054	67.848	-39.940	0.0532
12	28	tracking	-842.258452	68.532964	-265.957801	42.848	-47.168	0.0525
12	29	tracking	-842.234094	68.341256	-265.926189	17.848	-47.168	0.0541
12	30	tracking	-842.210778	68.116883	-265.885168	-7.152	-47.168	0.0501
12	31	tracking	-842.182110	67.862644	-265.836063	-32.152	-47.168	0.0470
12	32	tracking	-842.154935	67.570189	-265.779299	-7.152	-55.168	0.0443
12	33	tracking	-842.135088	67.241004	-265.715165	17.848	-55.963	0.0429
12	34	landing	-842.123578	66.889420	-265.638849	17.848	-47.963	0.0426
12	35	landing	-842.119992	66.517806	-265.550133	17.848	-47.963	0.0388
12	36	landing	-842.123972	66.128522	-265.448807	17.848	-47.963	0.0364
12	37	landing	-842.135189	65.723875	-265.334702	17.848	-47.963	0.0299
13	0	tracking	-850.575217	68.799697	-257.003313	-139.104	-4.000	0.2059
13	1	tracking	-849.901151	68.724570	-257.596135	-164.104	-0.670	0.4505
13	2	tracking	-849.315186	68.656225	-258.215623	170.896	-8.670	0.3256
13	3	tracking	-848.830394	68.603882	-258.842099	153.407	-16.670	0.1832
13	4	tracking	-848.400465	68.570916	-259.472992	178.407	-24.670	0.1594
13	5	tracking	-847.991441	68.558465	-260.095083	-156.593	-32.670	0.1342
13	6	tracking	-847.605899	68.565819	-260.704874	-159.186	-40.670	0.1331
13	7	tracking	-847.223171	68.590181	-261.286310	-134.186	-46.375	0.1420
13	8	tracking	-846.855865	68.627863	-261.850611	-150.375	-42.740	0.2227
13	9	tracking	-846.502351	68.674347	-262.399554	-150.375	-34.740	0.1421
13	10	tracking	-846.160593	68.725248	-262.935751	-150.375	-26.740	0.1951
13	11	tracking	-845.828568	68.775088	-263.461893	-150.375	-18.740	0.2559
13	12	tracking	-845.490648	68.827541	-263.960568	-125.375	-26.740	0.1222
13	13	tracking	-845.142934	68.883311	-264.413424	-100.375	-34.740	0.1021
13	14	tracking	-844.791791	68.939889	-264.806134	-75.375	-42.740	0.0954
13	15	tracking	-844.449949	68.991650	-265.132048	-50.375	-50.740	0.0920
13	16	tracking	-844.117620	69.035902	-265.400561	-51.747	-42.740	0.0838
13	17	tracking	-843.806384	69.071115	-265.609783	-26.747	-34.740	0.0854
13	18	tracking	-843.515071	69.095287	-265.768415	-26.747	-26.740	0.0792
13	19	tracking	-843.242806	69.106928	-265.884549	-26.747	-25.689	0.0779
13	20	tracking	-842.999388	69.105826	-265.960814	-1.747	-17.689	0.0750
13	21	tracking	-842.792648	69.091037	-266.005157	23.253	-9.689	0.0670
13	22	tracking	-842.622585	69.062940	-266.026486	37.878	-7.940	0.0755
13	23	tracking	-842.483600	69.022387	-266.029366	37.878	-7.940	0.0669
13	24	tracking	-842.375575	68.969295	-266.023834	62.878	-15.940	0.0638
13	25	tracking	-842.293513	68.900282	-266.013128	67.848	-23.940	0.0689
13	26	tracking	-842.232827	68.809551	-265.998529	67.848	-31.940	0.0658
13	27	tracking	-842.189727	68.689631	-265.981054	67.848	-39.940	0.0522
13	28	tracking	-842.158452	68.532964	-265.957801	42.848	-47.168	0.0592
13	29	tracking	-842.134094	68.341256	-265.926189	17.848	-47.168	0.0615
13	30	tracking	-842.110778	68.116883	-265.885168	-7.152	-47.168	0.0637
13	31	tracking	-842.082110	67.862644	-265.836063	-32.152	-47.168	0.0528
13	32	tracking	-842.054935	67.570189	-265.779299	-7.152	-55.168	0.0516
13	33	tracking	-842.035088	67.241004	-265.715165	17.848	-55.963	0.0418
13	34	landing	-842.023578	66.889420	-265.638849	17.848	-47.963	0.0587
13	35	landing	-842.019992	66.517806	-265.550133	17.848	-47.963	0.0366
13	36	landing	-842.023972	66.128522	-265.448807	17.848	-47.963	0.0356
13	37	landing	-842.035189	65.723875	-265.334702	17.848	-47.963	0.0297
14	0	tracking	-850.675217	68.899697	-257.003313	-139.104	-4.000	0.2321
14	1	tracking	-850.001151	68.824570	-257.596135	-164.104	-0.670	0.1496
14	2	tracking	-849.415186	68.756225	-258.215623	170.896	-8.670	0.1529
14	3	tracking	-848.930394	68.703882	-258.842099	153.407	-16.670	0.1346
14	4	tracking	-848.500465	68.670916	-259.472992	178.407	-24.670	0.1259
14	5	tracking	-848.091441	68.658465	-260.095083	-156.593	-32.670	0.1183
14	6	tracking	-847.705899	68.665819	-260.704874	-159.186	-40.670	0.2033
14	7	tracking	-847.323171	68.690181	-261.286310	-134.186	-46.375	0.1381
14	8	tracking	-846.955865	68.727863	-261.850611	-150.375	-42.740	0.1130
14	9	tracking	-846.602351	68.774347	-262.399554	-150.375	-34.740	0.1028
14	10	tracking	-846.260593	68.825248	-262.935751	-150.375	-26.740	0.1078
14	11	tracking	-845.928568	68.875088	-263.461893	-150.375	-18.740	0.1122
14	12	tracking	-845.590648	68.927541	-263.960568	-125.375	-26.740	0.1121
14	13	tracking	-845.242934	68.983311	-264.413424	-100.375	-34.740	0.1056
14	14	tracking	-844.891791	69.039889	-264.806134	-75.375	-42.740	0.1005
14	15	tracking	-844.549949	69.091650	-265.132048	-50.375	-50.740	0.1870
14	16	tracking	-844.217620	69.135902	-265.400561	-51.747	-42.740	0.0931
14	17	tracking	-843.906384	69.171115	-265.609783	-26.747	-34.740	0.2065
14	18	tracking	-843.615071	69.195287	-265.768415	-26.747	-26.740	0.1479
14	19	tracking	-843.342806	69.206928	-265.884549	-26.747	-25.689	0.0857
14	20	tracking	-843.099388	69.205826	-265.960814	-1.747	-17.689	0.0742
14	21	tracking	-842.892648	69.191037	-266.005157	23.253	-9.689	0.0655
14	22	tracking	-842.722585	69.162940	-266.026486	37.878	-7.940	0.0655
14	23	tracking	-842.583600	69.122387	-266.029366	37.878	-7.940	0.0692
14	24	tracking	-842.475575	69.069295	-266.023834	62.878	-15.940	0.0875
14	25	tracking	-842.393513	69.000282	-266.013128	67.848	-23.940	0.0602
14	26	tracking	-842.332827	68.909551	-265.998529	67.848	-31.940	0.0589
14	27	tracking	-842.289727	68.789631	-265.981054	67.848	-39.940	0.0480
14	28	tracking	-842.258452	68.632964	-265.957801	42.848	-47.168	0.0521
14	29	tracking	-842.234094	68.441256	-265.926189	17.848	-47.168	0.0471
14	30	tracking	-842.210778	68.216883	-265.885168	-7.152	-47.168	0.0497
14	31	tracking	-842.182110	67.962644	-265.836063	-32.152	-47.168	0.0439
14	32	tracking	-842.154935	67.670189	-265.779299	-7.152	-55.168	0.0442
14	33	tracking	-842.135088	67.341004	-265.715165	17.848	-55.963	0.0448
14	34	landing	-842.123578	66.989420	-265.638849	17.848	-47.963	0.0471
14	35	landing	-842.119992	66.617806	-265.550133	17.848	-47.963	0.0407
14	36	landing	-842.123972	66.228522	-265.448807	17.848	-47.963	0.0325
14	37	landing	-842.135189	65.823875	-265.334702	17.848	-47.963	0.0289
15	0	tracking	-850.575217	68.899697	-257.003313	-139.104	-4.000	0.2079
15	1	tracking	-849.901151	68.824570	-257.596135	-164.104	-0.670	0.1419
15	2	tracking	-849.315186	68.756225	-258.215623	170.896	-8.670	0.1290
15	3	tracking	-848.830394	68.703882	-258.842099	153.407	-16.670	0.1340
15	4	tracking	-848.400465	68.670916	-259.472992	178.407	-24.670	0.1187
15	5	tracking	-847.991441	68.658465	-260.095083	-156.593	-32.670	0.2663
15	6	tracking	-847.605899	68.665819	-260.704874	-159.186	-40.670	0.1636
15	7	tracking	-847.223171	68.690181	-261.286310	-134.186	-46.375	0.1391
15	8	tracking	-846.855865	68.727863	-261.850611	-150.375	-42.740	0.1007
15	9	tracking	-846.502351	68.774347	-262.399554	-150.375	-34.740	0.0999
15	10	tracking	-846.160593	68.825248	-262.935751	-150.375	-26.740	0.1058
15	11	tracking	-845.828568	68.875088	-263.461893	-150.375	-18.740	0.0958
15	12	tracking	-845.490648	68.927541	-263.960568	-125.375	-26.740	0.1046
15	13	tracking	-845.142934	68.983311	-264.413424	-100.375	-34.740	0.0790
15	14	tracking	-844.791791	69.039889	-264.806134	-75.375	-42.740	0.0774
15	15	tracking	-844.449949	69.091650	-265.132048	-50.375	-50.740	0.0787
15	16	tracking	-844.117620	69.135902	-265.400561	-51.747	-42.740	0.0762
15	17	tracking	-843.806384	69.171115	-265.609783	-26.747	-34.740	0.0734
15	18	tracking	-843.515071	69.195287	-265.768415	-26.747	-26.740	0.0696
15	19	tracking	-843.242806	69.206928	-265.884549	-26.747	-25.689	0.0675
15	20	tracking	-842.999388	69.205826	-265.960814	-1.747	-17.689	0.0829
15	21	tracking	-842.792648	69.191037	-266.005157	23.253	-9.689	0.0652
15	22	tracking	-842.622585	69.162940	-266.026486	37.878	-7.940	0.0603
15	23	tracking	-842.483600	69.122387	-266.029366	37.878	-7.940	0.0597
15	24	tracking	-842.375575	69.069295	-266.023834	62.878	-15.940	0.0611
15	25	tracking	-842.293513	69.000282	-266.013128	67.848	-23.940	0.0553
15	26	tracking	-842.232827	68.909551	-265.998529	67.848	-31.940	0.0509
15	27	tracking	-842.189727	68.789631	-265.981054	67.848	-39.940	0.0525
15	28	tracking	-842.158452	68.632964	-265.957801	42.848	-47.168	0.0472
15	29	tracking	-842.134094	68.441256	-265.926189	17.848	-47.168	0.0662
15	30	tracking	-842.110778	68.216883	-265.885168	-7.152	-47.168	0.0418
15	31	tracking	-842.082110	67.962644	-265.836063	-32.152	-47.168	0.0450
15	32	tracking	-842.054935	67.670189	-265.779299	-7.152	-55.168	0.0397
15	33	tracking	-842.035088	67.341004	-265.715165	17.848	-55.963	0.0364
15	34	landing	-842.023578	66.989420	-265.638849	17.848	-47.963	0.0361
15	35	landing	-842.019992	66.617806	-265.550133	17.848	-47.963	0.0327
15	36	landing	-842.023972	66.228522	-265.448807	17.848	-47.963	0.0360
15	37	landing	-842.035189	65.823875	-265.334702	17.848	-47.963	0.0385
16	0	tracking	-850.715197	68.834717	-257.098302	-139.104	-4.000	0.2662
16	1	tracking	-850.078540	68.790427	-257.680388	-164.104	-0.670	0.1516
16	2	tracking	-849.524962	68.748687	-258.284421	170.896	-8.670	0.1344
16	3	tracking	-849.066725	68.718822	-258.892532	153.407	-16.670	0.1284
16	4	tracking	-848.660341	68.704459	-259.502826	178.407	-24.670	0.1503
16	5	tracking	-848.273719	68.706898	-260.103271	-156.593	-32.670	0.1152
16	6	tracking	-847.909226	68.725523	-260.690912	-159.186	-40.670	0.1110
16	7	tracking	-847.547168	68.757686	-261.250751	-134.186	-46.375	0.1096
16	8	tracking	-847.199550	68.800099	-261.793573	-150.375	-42.740	0.1021
16	9	tracking	-846.864749	68.849047	-262.321319	-150.375	-34.740	0.1058
16	10	tracking	-846.540810	68.900787	-262.836614	-150.375	-26.740	0.1468
16	11	tracking	-846.225840	68.950352	-263.342064	-150.375	-18.740	0.1176
16	12	tracking	-845.904913	69.001035	-263.821024	-125.375	-26.740	0.0966
16	13	tracking	-845.574341	69.053222	-264.255948	-100.375	-34.740	0.1065
16	14	tracking	-845.240256	69.104191	-264.633146	-75.375	-42.740	0.0895
16	15	tracking	-844.914737	69.148424	-264.946170	-50.375	-50.740	0.0791
16	16	tracking	-844.598040	69.183716	-265.204055	-51.747	-42.740	0.0767
16	17	tracking	-844.301285	69.209079	-265.404906	-26.747	-34.740	0.0786
16	18	tracking	-844.023280	69.223187	-265.556886	-26.747	-26.740	0.0688
16	19	tracking	-843.763105	69.224957	-265.667551	-26.747	-25.689	0.0601
16	20	tracking	-843.530470	69.214554	-265.739315	-1.747	-17.689	0.0658
16	21	tracking	-843.333228	69.191291	-265.779901	23.253	-9.689	0.0637
16	22	tracking	-843.171501	69.155529	-265.798046	37.878	-7.940	0.0537
16	23	tracking	-843.039855	69.108050	-265.798203	37.878	-7.940	0.0607
16	24	tracking	-842.938292	69.048546	-265.790284	62.878	-15.940	0.0599
16	25	tracking	-842.861937	68.973452	-265.777473	67.848	-23.940	0.0491
16	26	tracking	-842.806300	68.876838	-265.761012	67.848	-31.940	0.0561
16	27	tracking	-842.767676	68.751137	-265.741888	67.848	-39.940	0.0442
16	28	tracking	-842.740381	68.588754	-265.717172	42.848	-47.168	0.0510
16	29	tracking	-842.719593	68.391505	-265.684183	17.848	-47.168	0.0420
16	30	tracking	-842.699438	68.161867	-265.641775	-7.152	-47.168	0.0467
16	31	tracking	-842.673481	67.902688	-265.591263	-32.152	-47.168	0.0475
16	32	tracking	-842.648703	67.605541	-265.533110	-7.152	-55.168	0.0444
16	33	tracking	-842.631038	67.271931	-265.467593	17.848	-55.963	0.0329
16	34	landing	-842.621542	66.916273	-265.389828	17.848	-47.963	0.0320
16	35	landing	-842.619828	66.540952	-265.299586	17.848	-47.963	0.0307
16	36	landing	-842.625552	66.148337	-265.196658	17.848	-47.963	0.0292
16	37	landing	-842.638402	65.740728	-265.080882	17.848	-47.963	0.0260
17	0	tracking	-850.615197	68.834717	-257.098302	-139.104	-4.000	0.1602
17	1	tracking	-849.978540	68.790427	-257.680388	-164.104	-0.670	0.1400
17	2	tracking	-849.424962	68.748687	-258.284421	170.896	-8.670	0.1213
17	3	tracking	-848.966725	68.718822	-258.892532	153.407	-16.670	0.1192
17	4	tracking	-848.560341	68.704459	-259.502826	178.407	-24.670	0.1076
17	5	tracking	-848.173719	68.706898	-260.103271	-156.593	-32.670	0.1039
17	6	tracking	-847.809226	68.725523	-260.690912	-159.186	-40.670	0.1014
17	7	tracking	-847.447168	68.757686	-261.250751	-134.186	-46.375	0.1033
17	8	tracking	-847.099550	68.800099	-261.793573	-150.375	-42.740	0.0989
17	9	tracking	-846.764749	68.849047	-262.321319	-150.375	-34.740	0.0975
17	10	tracking	-846.440810	68.900787	-262.836614	-150.375	-26.740	0.0938
17	11	tracking	-846.125840	68.950352	-263.342064	-150.375	-18.740	0.1017
17	12	tracking	-845.804913	69.001035	-263.821024	-125.375	-26.740	0.0888
17	13	tracking	-845.474341	69.053222	-264.255948	-100.375	-34.740	0.0853
17	14	tracking	-845.140256	69.104191	-264.633146	-75.375	-42.740	0.0790
17	15	tracking	-844.814737	69.148424	-264.946170	-50.375	-50.740	0.0763
17	16	tracking	-844.498040	69.183716	-265.204055	-51.747	-42.740	0.0793
17	17	tracking	-844.201285	69.209079	-265.404906	-26.747	-34.740	0.0693
17	18	tracking	-843.923280	69.223187	-265.556886	-26.747	-26.740	0.0650
17	19	tracking	-843.663105	69.224957	-265.667551	-26.747	-25.689	0.0627
17	20	tracking	-843.430470	69.214554	-265.739315	-1.747	-17.689	0.0535
17	21	tracking	-843.233228	69.191291	-265.779901	23.253	-9.689	0.0796
17	22	tracking	-843.071501	69.155529	-265.798046	37.878	-7.940	0.0693
17	23	tracking	-842.939855	69.108050	-265.798203	37.878	-7.940	0.0668
17	24	tracking	-842.838292	69.048546	-265.790284	62.878	-15.940	0.0523
17	25	tracking	-842.761937	68.973452	-265.777473	67.848	-23.940	0.0430
17	26	tracking	-842.706300	68.876838	-265.761012	67.848	-31.940	0.0490
17	27	tracking	-842.667676	68.751137	-265.741888	67.848	-39.940	0.0387
17	28	tracking	-842.640381	68.588754	-265.717172	42.848	-47.168	0.0436
17	29	tracking	-842.619593	68.391505	-265.684183	17.848	-47.168	0.0354
17	30	tracking	-842.599438	68.161867	-265.641775	-7.152	-47.168	0.0334
17	31	tracking	-842.573481	67.902688	-265.591263	-32.152	-47.168	0.0384
17	32	tracking	-842.548703	67.605541	-265.533110	-7.152	-55.168	0.0336
17	33	tracking	-842.531038	67.271931	-265.467593	17.848	-55.963	0.0343
17	34	landing	-842.521542	66.916273	-265.389828	17.848	-47.963	0.0260
17	35	landing	-842.519828	66.540952	-265.299586	17.848	-47.963	0.0245
17	36	landing	-842.525552	66.148337	-265.196658	17.848	-47.963	0.0242
17	37	landing	-842.538402	65.740728	-265.080882	17.848	-47.963	0.0300
18	0	tracking	-850.715197	68.934717	-257.098302	-139.104	-4.000	0.1733
18	1	tracking	-850.078540	68.890427	-257.680388	-164.104	-0.670	0.1323
18	2	tracking	-849.524962	68.848687	-258.284421	170.896	-8.670	0.1288
18	3	tracking	-849.066725	68.818822	-258.892532	153.407	-16.670	0.7663
18	4	tracking	-848.660341	68.804459	-259.502826	178.407	-24.670	0.1091
18	5	tracking	-848.273719	68.806898	-260.103271	-156.593	-32.670	0.0982
18	6	tracking	-847.909226	68.825523	-260.690912	-159.186	-40.670	0.0938
18	7	tracking	-847.547168	68.857686	-261.250751	-134.186	-46.375	0.0875
18	8	tracking	-847.199550	68.900099	-261.793573	-150.375	-42.740	0.0851
18	9	tracking	-846.864749	68.949047	-262.321319	-150.375	-34.740	0.0845
18	10	tracking	-846.540810	69.000787	-262.836614	-150.375	-26.740	0.0821
18	11	tracking	-846.225840	69.050352	-263.342064	-150.375	-18.740	0.0876
18	12	tracking	-845.904913	69.101035	-263.821024	-125.375	-26.740	0.0756
18	13	tracking	-845.574341	69.153222	-264.255948	-100.375	-34.740	0.0950
18	14	tracking	-845.240256	69.204191	-264.633146	-75.375	-42.740	0.0771
18	15	tracking	-844.914737	69.248424	-264.946170	-50.375	-50.740	0.0641
18	16	tracking	-844.598040	69.283716	-265.204055	-51.747	-42.740	0.0624
18	17	tracking	-844.301285	69.309079	-265.404906	-26.747	-34.740	0.0598
18	18	tracking	-844.023280	69.323187	-265.556886	-26.747	-26.740	0.0575
18	19	tracking	-843.763105	69.324957	-265.667551	-26.747	-25.689	0.0599
18	20	tracking	-843.530470	69.314554	-265.739315	-1.747	-17.689	0.0517
18	21	tracking	-843.333228	69.291291	-265.779901	23.253	-9.689	0.0485
18	22	tracking	-843.171501	69.255529	-265.798046	37.878	-7.940	0.0577
18	23	tracking	-843.039855	69.208050	-265.798203	37.878	-7.940	0.0465
18	24	tracking	-842.938292	69.148546	-265.790284	62.878	-15.940	0.0450
18	25	tracking	-842.861937	69.073452	-265.777473	67.848	-23.940	0.0429
18	26	tracking	-842.806300	68.976838	-265.761012	67.848	-31.940	0.0414
18	27	tracking	-842.767676	68.851137	-265.741888	67.848	-39.940	0.0383
18	28	tracking	-842.740381	68.688754	-265.717172	42.848	-47.168	0.0378
18	29	tracking	-842.719593	68.491505	-265.684183	17.848	-47.168	0.0360
18	30	tracking	-842.699438	68.261867	-265.641775	-7.152	-47.168	0.0351
18	31	tracking	-842.673481	68.002688	-265.591263	-32.152	-47.168	0.0329
18	32	tracking	-842.648703	67.705541	-265.533110	-7.152	-55.168	0.0360
18	33	tracking	-842.631038	67.371931	-265.467593	17.848	-55.963	0.0289
18	34	landing	-842.621542	67.016273	-265.389828	17.848	-47.963	0.0289
18	35	landing	-842.619828	66.640952	-265.299586	17.848	-47.963	0.0260
18	36	landing	-842.625552	66.248337	-265.196658	17.848	-47.963	0.0269
18	37	landing	-842.638402	65.840728	-265.080882	17.848	-47.963	0.0500
19	0	tracking	-850.615197	68.934717	-257.098302	-139.104	-4.000	0.1440
19	1	tracking	-849.978540	68.890427	-257.680388	-164.104	-0.670	0.1106
19	2	tracking	-849.424962	68.848687	-258.284421	170.896	-8.670	0.1398
19	3	tracking	-848.966725	68.818822	-258.892532	153.407	-16.670	0.1251
19	4	tracking	-848.560341	68.804459	-259.502826	178.407	-24.670	0.1183
19	5	tracking	-848.173719	68.806898	-260.103271	-156.593	-32.670	0.0940
19	6	tracking	-847.809226	68.825523	-260.690912	-159.186	-40.670	0.0854
19	7	tracking	-847.447168	68.857686	-261.250751	-134.186	-46.375	0.0792
19	8	tracking	-847.099550	68.900099	-261.793573	-150.375	-42.740	0.0765
19	9	tracking	-846.764749	68.949047	-262.321319	-150.375	-34.740	0.0784
19	10	tracking	-846.440810	69.000787	-262.836614	-150.375	-26.740	0.0820
19	11	tracking	-846.125840	69.050352	-263.342064	-150.375	-18.740	0.0729
19	12	tracking	-845.804913	69.101035	-263.821024	-125.375	-26.740	0.1008
19	13	tracking	-845.474341	69.153222	-264.255948	-100.375	-34.740	0.0680
19	14	tracking	-845.140256	69.204191	-264.633146	-75.375	-42.740	0.0585
19	15	tracking	-844.814737	69.248424	-264.946170	-50.375	-50.740	0.0560
19	16	tracking	-844.498040	69.283716	-265.204055	-51.747	-42.740	0.0539
19	17	tracking	-844.201285	69.309079	-265.404906	-26.747	-34.740	0.0509
19	18	tracking	-843.923280	69.323187	-265.556886	-26.747	-26.740	0.0509
19	19	tracking	-843.663105	69.324957	-265.667551	-26.747	-25.689	0.1377
19	20	tracking	-843.430470	69.314554	-265.739315	-1.747	-17.689	0.0493
19	21	tracking	-843.233228	69.291291	-265.779901	23.253	-9.689	0.0441
19	22	tracking	-843.071501	69.255529	-265.798046	37.878	-7.940	0.0832
19	23	tracking	-842.939855	69.208050	-265.798203	37.878	-7.940	0.0419
19	24	tracking	-842.838292	69.148546	-265.790284	62.878	-15.940	0.0436
19	25	tracking	-842.761937	69.073452	-265.777473	67.848	-23.940	0.0695
19	26	tracking	-842.706300	68.976838	-265.761012	67.848	-31.940	0.0369
19	27	tracking	-842.667676	68.851137	-265.741888	67.848	-39.940	0.0349
19	28	tracking	-842.640381	68.688754	-265.717172	42.848	-47.168	0.0328
19	29	tracking	-842.619593	68.491505	-265.684183	17.848	-47.168	0.0326
19	30	tracking	-842.599438	68.261867	-265.641775	-7.152	-47.168	0.0310
19	31	tracking	-842.573481	68.002688	-265.591263	-32.152	-47.168	0.0289
19	32	tracking	-842.548703	67.705541	-265.533110	-7.152	-55.168	0.0273
19	33	tracking	-842.531038	67.371931	-265.467593	17.848	-55.963	0.0248
19	34	landing	-842.521542	67.016273	-265.389828	17.848	-47.963	0.0237
19	35	landing	-842.519828	66.640952	-265.299586	17.848	-47.963	0.0226
19	36	landing	-842.525552	66.248337	-265.196658	17.848	-47.963	0.0218
19	37	landing	-842.538402	65.840728	-265.080882	17.848	-47.963	0.0204
20	0	tracking	-850.715197	68.834717	-256.998302	-139.104	-4.000	0.1487
20	1	tracking	-850.078540	68.790427	-257.580388	-164.104	-0.670	0.1148
20	2	tracking	-849.524962	68.748687	-258.184421	170.896	-8.670	0.1061
20	3	tracking	-849.066725	68.718822	-258.792532	153.407	-16.670	0.1006
20	4	tracking	-848.660341	68.704459	-259.402826	178.407	-24.670	0.0947
20	5	tracking	-848.273719	68.706898	-260.003271	-156.593	-32.670	0.0904
20	6	tracking	-847.909226	68.725523	-260.590912	-159.186	-40.670	0.1155
20	7	tracking	-847.547168	68.757686	-261.150751	-134.186	-46.375	0.0831
20	8	tracking	-847.199550	68.800099	-261.693573	-150.375	-42.740	0.0832
20	9	tracking	-846.864749	68.849047	-262.221319	-150.375	-34.740	0.0822
20	10	tracking	-846.540810	68.900787	-262.736614	-150.375	-26.740	0.0778
20	11	tracking	-846.225840	68.950352	-263.242064	-150.375	-18.740	0.0751
20	12	tracking	-845.904913	69.001035	-263.721024	-125.375	-26.740	0.0707
20	13	tracking	-845.574341	69.053222	-264.155948	-100.375	-34.740	0.0676
20	14	tracking	-845.240256	69.104191	-264.533146	-75.375	-42.740	0.0644
20	15	tracking	-844.914737	69.148424	-264.846170	-50.375	-50.740	0.0616
20	16	tracking	-844.598040	69.183716	-265.104055	-51.747	-42.740	0.0582
20	17	tracking	-844.301285	69.209079	-265.304906	-26.747	-34.740	0.0573
20	18	tracking	-844.023280	69.223187	-265.456886	-26.747	-26.740	0.0536
20	19	tracking	-843.763105	69.224957	-265.567551	-26.747	-25.689	0.0527
20	20	tracking	-843.530470	69.214554	-265.639315	-1.747	-17.689	0.0506
20	21	tracking	-843.333228	69.191291	-265.679901	23.253	-9.689	0.0481
20	22	tracking	-843.171501	69.155529	-265.698046	37.878	-7.940	0.0476
20	23	tracking	-843.039855	69.108050	-265.698203	37.878	-7.940	0.1943
20	24	tracking	-842.938292	69.048546	-265.690284	62.878	-15.940	0.1172
20	25	tracking	-842.861937	68.973452	-265.677473	67.848	-23.940	0.1054
20	26	tracking	-842.806300	68.876838	-265.661012	67.848	-31.940	0.0755
20	27	tracking	-842.767676	68.751137	-265.641888	67.848	-39.940	0.1059
20	28	tracking	-842.740381	68.588754	-265.617172	42.848	-47.168	0.0602
20	29	tracking	-842.719593	68.391505	-265.584183	17.848	-47.168	0.0452
20	30	tracking	-842.699438	68.161867	-265.541775	-7.152	-47.168	0.0373
20	31	tracking	-842.673481	67.902688	-265.491263	-32.152	-47.168	0.0332
20	32	tracking	-842.648703	67.605541	-265.433110	-7.152	-55.168	0.0355
20	33	tracking	-842.631038	67.271931	-265.367593	17.848	-55.963	0.0312
20	34	landing	-842.621542	66.916273	-265.289828	17.848	-47.963	0.0296
20	35	landing	-842.619828	66.540952	-265.199586	17.848	-47.963	0.0273
20	36	landing	-842.625552	66.148337	-265.096658	17.848	-47.963	0.0260
20	37	landing	-842.638402	65.740728	-264.980882	17.848	-47.963	0.0235
21	0	tracking	-850.615197	68.834717	-256.998302	-139.104	-4.000	0.1529
21	1	tracking	-849.978540	68.790427	-257.580388	-164.104	-0.670	0.1104
21	2	tracking	-849.424962	68.748687	-258.184421	170.896	-8.670	0.1063
21	3	tracking	-848.966725	68.718822	-258.792532	153.407	-16.670	0.0968
21	4	tracking	-848.560341	68.704459	-259.402826	178.407	-24.670	0.0884
21	5	tracking	-848.173719	68.706898	-260.003271	-156.593	-32.670	0.0836
21	6	tracking	-847.809226	68.725523	-260.590912	-159.186	-40.670	0.0801
21	7	tracking	-847.447168	68.757686	-261.150751	-134.186	-46.375	0.0771
21	8	tracking	-847.099550	68.800099	-261.693573	-150.375	-42.740	0.0763
21	9	tracking	-846.764749	68.849047	-262.221319	-150.375	-34.740	0.0762
21	10	tracking	-846.440810	68.900787	-262.736614	-150.375	-26.740	0.0728
21	11	tracking	-846.125840	68.950352	-263.242064	-150.375	-18.740	0.0730
21	12	tracking	-845.804913	69.001035	-263.721024	-125.375	-26.740	0.0656
21	13	tracking	-845.474341	69.053222	-264.155948	-100.375	-34.740	0.0612
21	14	tracking	-845.140256	69.104191	-264.533146	-75.375	-42.740	0.0582
21	15	tracking	-844.814737	69.148424	-264.846170	-50.375	-50.740	0.0566
21	16	tracking	-844.498040	69.183716	-265.104055	-51.747	-42.740	0.1297
21	17	tracking	-844.201285	69.209079	-265.304906	-26.747	-34.740	0.0633
21	18	tracking	-843.923280	69.223187	-265.456886	-26.747	-26.740	0.0519
21	19	tracking	-843.663105	69.224957	-265.567551	-26.747	-25.689	0.0503
21	20	tracking	-843.430470	69.214554	-265.639315	-1.747	-17.689	0.0490
21	21	tracking	-843.233228	69.191291	-265.679901	23.253	-9.689	0.0440
21	22	tracking	-843.071501	69.155529	-265.698046	37.878	-7.940	0.0416
21	23	tracking	-842.939855	69.108050	-265.698203	37.878	-7.940	0.0414
21	24	tracking	-842.838292	69.048546	-265.690284	62.878	-15.940	0.0390
21	25	tracking	-842.761937	68.973452	-265.677473	67.848	-23.940	0.0377
21	26	tracking	-842.706300	68.876838	-265.661012	67.848	-31.940	0.0359
21	27	tracking	-842.667676	68.751137	-265.641888	67.848	-39.940	0.0335
21	28	tracking	-842.640381	68.588754	-265.617172	42.848	-47.168	0.0325
21	29	tracking	-842.619593	68.391505	-265.584183	17.848	-47.168	0.0319
21	30	tracking	-842.599438	68.161867	-265.541775	-7.152	-47.168	0.0297
21	31	tracking	-842.573481	67.902688	-265.491263	-32.152	-47.168	0.0285
21	32	tracking	-842.548703	67.605541	-265.433110	-7.152	-55.168	0.0270
21	33	tracking	-842.531038	67.271931	-265.367593	17.848	-55.963	0.0263
21	34	landing	-842.521542	66.916273	-265.289828	17.848	-47.963	0.0250
21	35	landing	-842.519828	66.540952	-265.199586	17.848	-47.963	0.0229
21	36	landing	-842.525552	66.148337	-265.096658	17.848	-47.963	0.0218
21	37	landing	-842.538402	65.740728	-264.980882	17.848	-47.963	0.0205
22	0	tracking	-850.715197	68.934717	-256.998302	-139.104	-4.000	0.1487
22	1	tracking	-850.078540	68.890427	-257.580388	-164.104	-0.670	0.1083
22	2	tracking	-849.524962	68.848687	-258.184421	170.896	-8.670	0.1016
22	3	tracking	-849.066725	68.818822	-258.792532	153.407	-16.670	0.1068
22	4	tracking	-848.660341	68.804459	-259.402826	178.407	-24.670	0.0891
22	5	tracking	-848.273719	68.806898	-260.003271	-156.593	-32.670	0.0884
22	6	tracking	-847.909226	68.825523	-260.590912	-159.186	-40.670	0.0803
22	7	tracking	-847.547168	68.857686	-261.150751	-134.186	-46.375	0.0778
22	8	tracking	-847.199550	68.900099	-261.693573	-150.375	-42.740	0.0753
22	9	tracking	-846.864749	68.949047	-262.221319	-150.375	-34.740	0.0789
22	10	tracking	-846.540810	69.000787	-262.736614	-150.375	-26.740	0.0731
22	11	tracking	-846.225840	69.050352	-263.242064	-150.375	-18.740	0.0721
22	12	tracking	-845.904913	69.101035	-263.721024	-125.375	-26.740	0.0698
22	13	tracking	-845.574341	69.153222	-264.155948	-100.375	-34.740	0.0636
22	14	tracking	-845.240256	69.204191	-264.533146	-75.375	-42.740	0.0599
22	15	tracking	-844.914737	69.248424	-264.846170	-50.375	-50.740	0.0604
22	16	tracking	-844.598040	69.283716	-265.104055	-51.747	-42.740	0.0546
22	17	tracking	-844.301285	69.309079	-265.304906	-26.747	-34.740	0.0538
22	18	tracking	-844.023280	69.323187	-265.456886	-26.747	-26.740	0.0520
22	19	tracking	-843.763105	69.324957	-265.567551	-26.747	-25.689	0.0518
22	20	tracking	-843.530470	69.314554	-265.639315	-1.747	-17.689	0.0508
22	21	tracking	-843.333228	69.291291	-265.679901	23.253	-9.689	0.0490
22	22	tracking	-843.171501	69.255529	-265.698046	37.878	-7.940	0.0627
22	23	tracking	-843.039855	69.208050	-265.698203	37.878	-7.940	0.0481
22	24	tracking	-842.938292	69.148546	-265.690284	62.878	-15.940	0.0485
22	25	tracking	-842.861937	69.073452	-265.677473	67.848	-23.940	0.0447
22	26	tracking	-842.806300	68.976838	-265.661012	67.848	-31.940	0.0454
22	27	tracking	-842.767676	68.851137	-265.641888	67.848	-39.940	0.0386
22	28	tracking	-842.740381	68.688754	-265.617172	42.848	-47.168	0.0431
22	29	tracking	-842.719593	68.491505	-265.584183	17.848	-47.168	0.0388
22	30	tracking	-842.699438	68.261867	-265.541775	-7.152	-47.168	0.0382
22	31	tracking	-842.673481	68.002688	-265.491263	-32.152	-47.168	0.0343
22	32	tracking	-842.648703	67.705541	-265.433110	-7.152	-55.168	0.0361
22	33	tracking	-842.631038	67.371931	-265.367593	17.848	-55.963	0.0319
22	34	landing	-842.621542	67.016273	-265.289828	17.848	-47.963	0.0296
22	35	landing	-842.619828	66.640952	-265.199586	17.848	-47.963	0.0282
22	36	landing	-842.625552	66.248337	-265.096658	17.848	-47.963	0.0252
22	37	landing	-842.638402	65.840728	-264.980882	17.848	-47.963	0.0238
23	0	tracking	-850.615197	68.934717	-256.998302	-139.104	-4.000	0.1577
23	1	tracking	-849.978540	68.890427	-257.580388	-164.104	-0.670	0.1098
23	2	tracking	-849.424962	68.848687	-258.184421	170.896	-8.670	0.1067
23	3	tracking	-848.966725	68.818822	-258.792532	153.407	-16.670	0.0961
23	4	tracking	-848.560341	68.804459	-259.402826	178.407	-24.670	0.0871
23	5	tracking	-848.173719	68.806898	-260.003271	-156.593	-32.670	0.0840
23	6	tracking	-847.809226	68.825523	-260.590912	-159.186	-40.670	0.0816
23	7	tracking	-847.447168	68.857686	-261.150751	-134.186	-46.375	0.0803
23	8	tracking	-847.099550	68.900099	-261.693573	-150.375	-42.740	0.0784
23	9	tracking	-846.764749	68.949047	-262.221319	-150.375	-34.740	0.1174
23	10	tracking	-846.440810	69.000787	-262.736614	-150.375	-26.740	0.3022
23	11	tracking	-846.125840	69.050352	-263.242064	-150.375	-18.740	0.0848
23	12	tracking	-845.804913	69.101035	-263.721024	-125.375	-26.740	0.0646
23	13	tracking	-845.474341	69.153222	-264.155948	-100.375	-34.740	0.0606
23	14	tracking	-845.140256	69.204191	-264.533146	-75.375	-42.740	0.0567
23	15	tracking	-844.814737	69.248424	-264.846170	-50.375	-50.740	0.0550
23	16	tracking	-844.498040	69.283716	-265.104055	-51.747	-42.740	0.0540
23	17	tracking	-844.201285	69.309079	-265.304906	-26.747	-34.740	0.0521
23	18	tracking	-843.923280	69.323187	-265.456886	-26.747	-26.740	0.0477
23	19	tracking	-843.663105	69.324957	-265.567551	-26.747	-25.689	0.0447
23	20	tracking	-843.430470	69.314554	-265.639315	-1.747	-17.689	0.0486
23	21	tracking	-843.233228	69.291291	-265.679901	23.253	-9.689	0.0414
23	22	tracking	-843.071501	69.255529	-265.698046	37.878	-7.940	0.0411
23	23	tracking	-842.939855	69.208050	-265.698203	37.878	-7.940	0.0396
23	24	tracking	-842.838292	69.148546	-265.690284	62.878	-15.940	0.0385
23	25	tracking	-842.761937	69.073452	-265.677473	67.848	-23.940	0.0541
23	26	tracking	-842.706300	68.976838	-265.661012	67.848	-31.940	0.0339
23	27	tracking	-842.667676	68.851137	-265.641888	67.848	-39.940	0.0323
23	28	tracking	-842.640381	68.688754	-265.617172	42.848	-47.168	0.0308
23	29	tracking	-842.619593	68.491505	-265.584183	17.848	-47.168	0.0299
23	30	tracking	-842.599438	68.261867	-265.541775	-7.152	-47.168	0.0271
23	31	tracking	-842.573481	68.002688	-265.491263	-32.152	-47.168	0.0258
23	32	tracking	-842.548703	67.705541	-265.433110	-7.152	-55.168	0.0264
23	33	tracking	-842.531038	67.371931	-265.367593	17.848	-55.963	0.0235
23	34	landing	-842.521542	67.016273	-265.289828	17.848	-47.963	0.0226
23	35	landing	-842.519828	66.640952	-265.199586	17.848	-47.963	0.0217
23	36	landing	-842.525552	66.248337	-265.096658	17.848	-47.963	0.0204
23	37	landing	-842.538402	65.840728	-264.980882	17.848	-47.963	0.0191
24	0	tracking	-850.677539	68.834996	-257.100632	-139.104	-4.000	0.1494
24	1	tracking	-850.006497	68.790998	-257.687711	-164.104	-0.670	0.1084
24	2	tracking	-849.422708	68.750064	-258.298846	170.896	-8.670	0.1000
24	3	tracking	-848.938550	68.721846	-258.915275	153.407	-16.670	0.0971
24	4	tracking	-848.509119	68.710136	-259.534743	178.407	-24.670	0.1255
24	5	tracking	-848.101378	68.716382	-260.144713	-156.593	-32.670	0.0935
24	6	tracking	-847.717611	68.740121	-260.742043	-159.186	-40.670	0.0859
24	7	tracking	-847.337565	68.778736	-261.311306	-134.186	-46.375	0.0932
24	8	tracking	-846.973417	68.828642	-261.863409	-150.375	-42.740	0.0974
24	9	tracking	-846.623234	68.886134	-262.400574	-150.375	-34.740	0.0882
24	10	tracking	-846.284924	68.947162	-262.925433	-150.375	-26.740	0.0893
24	11	tracking	-845.956465	69.006467	-263.440605	-150.375	-18.740	0.0819
24	12	tracking	-845.622478	69.067565	-263.928969	-125.375	-26.740	0.0788
24	13	tracking	-845.279099	69.131040	-264.372486	-100.375	-34.740	0.0764
24	14	tracking	-844.932546	69.194313	-264.757064	-75.375	-42.740	0.0718
24	15	tracking	-844.595295	69.251751	-265.076148	-50.375	-50.740	0.0689
24	16	tracking	-844.267529	69.300881	-265.338947	-51.747	-42.740	0.0584
24	17	tracking	-843.960611	69.340366	-265.543580	-26.747	-34.740	0.0623
24	18	tracking	-843.673374	69.368376	-265.698578	-26.747	-26.740	0.0638
24	19	tracking	-843.405066	69.383185	-265.812118	-26.747	-25.689	0.0642
24	20	tracking	-843.165195	69.384728	-265.886739	-1.747	-17.689	0.0534
24	21	tracking	-842.961382	69.372198	-265.930158	23.253	-9.689	0.0595
24	22	tracking	-842.793628	69.346044	-265.951047	37.878	-7.940	0.0745
24	23	tracking	-842.656462	69.307167	-265.953843	37.878	-7.940	0.0532
24	24	tracking	-842.549790	69.255505	-265.948374	62.878	-15.940	0.0617
24	25	tracking	-842.468729	69.187705	-265.937807	67.848	-23.940	0.0551
24	26	tracking	-842.408787	69.098012	-265.923391	67.848	-31.940	0.0582
24	27	tracking	-842.366247	68.978987	-265.906123	67.848	-39.940	0.0482
24	28	tracking	-842.335415	68.823102	-265.883112	42.848	-47.168	0.0476
24	29	tracking	-842.311431	68.632079	-265.851781	17.848	-47.168	0.0378
24	30	tracking	-842.288456	68.408303	-265.811072	-7.152	-47.168	0.0366
24	31	tracking	-842.260122	68.154584	-265.762291	-32.152	-47.168	0.0358
24	32	tracking	-842.233251	67.862574	-265.705864	-7.152	-55.168	0.0339
24	33	tracking	-842.213661	67.533768	-265.642069	17.848	-55.963	0.0320
24	34	tracking	-842.200964	67.170471	-265.570452	17.848	-55.963	0.0308
24	35	landing	-842.196366	66.787477	-265.485786	17.848	-47.963	0.0275
24	36	landing	-842.199494	66.387170	-265.387910	17.848	-47.963	0.0260
24	37	landing	-842.210010	65.971881	-265.276700	17.848	-47.963	0.0223
25	0	tracking	-850.577539	68.834996	-257.100632	-139.104	-4.000	0.1631
25	1	tracking	-849.906497	68.790998	-257.687711	-164.104	-0.670	0.1150
25	2	tracking	-849.322708	68.750064	-258.298846	170.896	-8.670	0.1044
25	3	tracking	-848.838550	68.721846	-258.915275	153.407	-16.670	0.1015
25	4	tracking	-848.409119	68.710136	-259.534743	178.407	-24.670	0.0952
25	5	tracking	-848.001378	68.716382	-260.144713	-156.593	-32.670	0.0902
25	6	tracking	-847.617611	68.740121	-260.742043	-159.186	-40.670	0.0852
25	7	tracking	-847.237565	68.778736	-261.311306	-134.186	-46.375	0.0907
25	8	tracking	-846.873417	68.828642	-261.863409	-150.375	-42.740	0.0803
25	9	tracking	-846.523234	68.886134	-262.400574	-150.375	-34.740	0.0767
25	10	tracking	-846.184924	68.947162	-262.925433	-150.375	-26.740	0.0792
25	11	tracking	-845.856465	69.006467	-263.440605	-150.375	-18.740	0.0771
25	12	tracking	-845.522478	69.067565	-263.928969	-125.375	-26.740	0.0712
25	13	tracking	-845.179099	69.131040	-264.372486	-100.375	-34.740	0.0671
25	14	tracking	-844.832546	69.194313	-264.757064	-75.375	-42.740	0.0640
25	15	tracking	-844.495295	69.251751	-265.076148	-50.375	-50.740	0.0600
25	16	tracking	-844.167529	69.300881	-265.338947	-51.747	-42.740	0.0567
25	17	tracking	-843.860611	69.340366	-265.543580	-26.747	-34.740	0.0568
25	18	tracking	-843.573374	69.368376	-265.698578	-26.747	-26.740	0.0557
25	19	tracking	-843.305066	69.383185	-265.812118	-26.747	-25.689	0.0530
25	20	tracking	-843.065195	69.384728	-265.886739	-1.747	-17.689	0.0500
25	21	tracking	-842.861382	69.372198	-265.930158	23.253	-9.689	0.0491
25	22	tracking	-842.693628	69.346044	-265.951047	37.878	-7.940	0.1067
25	23	tracking	-842.556462	69.307167	-265.953843	37.878	-7.940	0.0520
25	24	tracking	-842.449790	69.255505	-265.948374	62.878	-15.940	0.0543
25	25	tracking	-842.368729	69.187705	-265.937807	67.848	-23.940	0.0426
25	26	tracking	-842.308787	69.098012	-265.923391	67.848	-31.940	0.0416
25	27	tracking	-842.266247	68.978987	-265.906123	67.848	-39.940	0.0570
25	28	tracking	-842.235415	68.823102	-265.883112	42.848	-47.168	0.0432
25	29	tracking	-842.211431	68.632079	-265.851781	17.848	-47.168	0.0349
25	30	tracking	-842.188456	68.408303	-265.811072	-7.152	-47.168	0.0340
25	31	tracking	-842.160122	68.154584	-265.762291	-32.152	-47.168	0.0336
25	32	tracking	-842.133251	67.862574	-265.705864	-7.152	-55.168	0.0309
25	33	tracking	-842.113661	67.533768	-265.642069	17.848	-55.963	0.0303
25	34	tracking	-842.100964	67.170471	-265.570452	17.848	-55.963	0.0278
25	35	landing	-842.096366	66.787477	-265.485786	17.848	-47.963	0.0296
25	36	landing	-842.099494	66.387170	-265.387910	17.848	-47.963	0.0230
25	37	landing	-842.110010	65.971881	-265.276700	17.848	-47.963	0.0236
26	0	tracking	-850.677539	68.934996	-257.100632	-139.104	-4.000	0.1601
26	1	tracking	-850.006497	68.890998	-257.687711	-164.104	-0.670	0.1130
26	2	tracking	-849.422708	68.850064	-258.298846	170.896	-8.670	0.1377
26	3	tracking	-848.938550	68.821846	-258.915275	153.407	-16.670	0.1187
26	4	tracking	-848.509119	68.810136	-259.534743	178.407	-24.670	0.1044
26	5	tracking	-848.101378	68.816382	-260.144713	-156.593	-32.670	0.1101
26	6	tracking	-847.717611	68.840121	-260.742043	-159.186	-40.670	0.0877
26	7	tracking	-847.337565	68.878736	-261.311306	-134.186	-46.375	0.0837
26	8	tracking	-846.973417	68.928642	-261.863409	-150.375	-42.740	0.0823
26	9	tracking	-846.623234	68.986134	-262.400574	-150.375	-34.740	0.1183
26	10	tracking	-846.284924	69.047162	-262.925433	-150.375	-26.740	0.0802
26	11	tracking	-845.956465	69.106467	-263.440605	-150.375	-18.740	0.0796
26	12	tracking	-845.622478	69.167565	-263.928969	-125.375	-26.740	0.0731
26	13	tracking	-845.279099	69.231040	-264.372486	-100.375	-34.740	0.0911
26	14	tracking	-844.932546	69.294313	-264.757064	-75.375	-42.740	0.0841
26	15	tracking	-844.595295	69.351751	-265.076148	-50.375	-50.740	0.0842
26	16	tracking	-844.267529	69.400881	-265.338947	-51.747	-42.740	0.0954
26	17	tracking	-843.960611	69.440366	-265.543580	-26.747	-34.740	0.0775
26	18	tracking	-843.673374	69.468376	-265.698578	-26.747	-26.740	0.0655
26	19	tracking	-843.405066	69.483185	-265.812118	-26.747	-25.689	0.0629
26	20	tracking	-843.165195	69.484728	-265.886739	-1.747	-17.689	0.0612
26	21	tracking	-842.961382	69.472198	-265.930158	23.253	-9.689	0.0620
26	22	tracking	-842.793628	69.446044	-265.951047	37.878	-7.940	0.0575
26	23	tracking	-842.656462	69.407167	-265.953843	37.878	-7.940	0.0517
26	24	tracking	-842.549790	69.355505	-265.948374	62.878	-15.940	0.0507
26	25	tracking	-842.468729	69.287705	-265.937807	67.848	-23.940	0.0487
26	26	tracking	-842.408787	69.198012	-265.923391	67.848	-31.940	0.0459
26	27	tracking	-842.366247	69.078987	-265.906123	67.848	-39.940	0.0583
26	28	tracking	-842.335415	68.923102	-265.883112	42.848	-47.168	0.0448
26	29	tracking	-842.311431	68.732079	-265.851781	17.848	-47.168	0.0427
26	30	tracking	-842.288456	68.508303	-265.811072	-7.152	-47.168	0.0404
26	31	tracking	-842.260122	68.254584	-265.762291	-32.152	-47.168	0.0369
26	32	tracking	-842.233251	67.962574	-265.705864	-7.152	-55.168	0.0397
26	33	tracking	-842.213661	67.633768	-265.642069	17.848	-55.963	0.0343
26	34	tracking	-842.200964	67.270471	-265.570452	17.848	-55.963	0.0417
26	35	landing	-842.196366	66.887477	-265.485786	17.848	-47.963	0.0322
26	36	landing	-842.199494	66.487170	-265.387910	17.848	-47.963	0.0272
26	37	landing	-842.210010	66.071881	-265.276700	17.848	-47.963	0.0266
26	38	landing	-842.227598	65.643850	-265.152089	17.848	-47.963	0.0242
27	0	tracking	-850.577539	68.934996	-257.100632	-139.104	-4.000	0.1759
27	1	tracking	-849.906497	68.890998	-257.687711	-164.104	-0.670	0.1185
27	2	tracking	-849.322708	68.850064	-258.298846	170.896	-8.670	0.1085
27	3	tracking	-848.838550	68.821846	-258.915275	153.407	-16.670	0.1240
27	4	tracking	-848.409119	68.810136	-259.534743	178.407	-24.670	0.1090
27	5	tracking	-848.001378	68.816382	-260.144713	-156.593	-32.670	0.0933
27	6	tracking	-847.617611	68.840121	-260.742043	-159.186	-40.670	0.0877
27	7	tracking	-847.237565	68.878736	-261.311306	-134.186	-46.375	0.0835
27	8	tracking	-846.873417	68.928642	-261.863409	-150.375	-42.740	0.0817
27	9	tracking	-846.523234	68.986134	-262.400574	-150.375	-34.740	0.0822
27	10	tracking	-846.184924	69.047162	-262.925433	-150.375	-26.740	0.0809
27	11	tracking	-845.856465	69.106467	-263.440605	-150.375	-18.740	0.0775
27	12	tracking	-845.522478	69.167565	-263.928969	-125.375	-26.740	0.0889
27	13	tracking	-845.179099	69.231040	-264.372486	-100.375	-34.740	0.0738
27	14	tracking	-844.832546	69.294313	-264.757064	-75.375	-42.740	0.0664
27	15	tracking	-844.495295	69.351751	-265.076148	-50.375	-50.740	0.0669
27	16	tracking	-844.167529	69.400881	-265.338947	-51.747	-42.740	0.0617
27	17	tracking	-843.860611	69.440366	-265.543580	-26.747	-34.740	0.0606
27	18	tracking	-843.573374	69.468376	-265.698578	-26.747	-26.740	0.0592
27	19	tracking	-843.305066	69.483185	-265.812118	-26.747	-25.689	0.0568
27	20	tracking	-843.065195	69.484728	-265.886739	-1.747	-17.689	0.0801
27	21	tracking	-842.861382	69.472198	-265.930158	23.253	-9.689	0.0529
27	22	tracking	-842.693628	69.446044	-265.951047	37.878	-7.940	0.0512
27	23	tracking	-842.556462	69.407167	-265.953843	37.878	-7.940	0.0487
27	24	tracking	-842.449790	69.355505	-265.948374	62.878	-15.940	0.0487
27	25	tracking	-842.368729	69.287705	-265.937807	67.848	-23.940	0.0466
27	26	tracking	-842.308787	69.198012	-265.923391	67.848	-31.940	0.0438
27	27	tracking	-842.266247	69.078987	-265.906123	67.848	-39.940	0.0444
27	28	tracking	-842.235415	68.923102	-265.883112	42.848	-47.168	0.0575
27	29	tracking	-842.211431	68.732079	-265.851781	17.848	-47.168	0.0382
27	30	tracking	-842.188456	68.508303	-265.811072	-7.152	-47.168	0.0373
27	31	tracking	-842.160122	68.254584	-265.762291	-32.152	-47.168	0.0350
27	32	tracking	-842.133251	67.962574	-265.705864	-7.152	-55.168	0.0616
27	33	tracking	-842.113661	67.633768	-265.642069	17.848	-55.963	0.0374
27	34	tracking	-842.100964	67.270471	-265.570452	17.848	-55.963	0.0325
27	35	landing	-842.096366	66.887477	-265.485786	17.848	-47.963	0.0292
27	36	landing	-842.099494	66.487170	-265.387910	17.848	-47.963	0.0266
27	37	landing	-842.110010	66.071881	-265.276700	17.848	-47.963	0.0271
27	38	landing	-842.127598	65.643850	-265.152089	17.848	-47.963	0.0230
28	0	tracking	-850.677539	68.834996	-257.000632	-139.104	-4.000	0.1461
28	1	tracking	-850.006497	68.790998	-257.587711	-164.104	-0.670	0.1549
28	2	tracking	-849.422708	68.750064	-258.198846	170.896	-8.670	0.1823
28	3	tracking	-848.938550	68.721846	-258.815275	153.407	-16.670	0.2350
28	4	tracking	-848.509119	68.710136	-259.434743	178.407	-24.670	0.2189
28	5	tracking	-848.101378	68.716382	-260.044713	-156.593	-32.670	0.2071
28	6	tracking	-847.717611	68.740121	-260.642043	-159.186	-40.670	0.1989
28	7	tracking	-847.337565	68.778736	-261.211306	-134.186	-46.375	0.2274
28	8	tracking	-846.973417	68.828642	-261.763409	-150.375	-42.740	0.2736
28	9	tracking	-846.623234	68.886134	-262.300574	-150.375	-34.740	0.1048
28	10	tracking	-846.284924	68.947162	-262.825433	-150.375	-26.740	0.0817
28	11	tracking	-845.956465	69.006467	-263.340605	-150.375	-18.740	0.0866
28	12	tracking	-845.622478	69.067565	-263.828969	-125.375	-26.740	0.0725
28	13	tracking	-845.279099	69.131040	-264.272486	-100.375	-34.740	0.2229
28	14	tracking	-844.932546	69.194313	-264.657064	-75.375	-42.740	0.1581
28	15	tracking	-844.595295	69.251751	-264.976148	-50.375	-50.740	0.0752
28	16	tracking	-844.267529	69.300881	-265.238947	-51.747	-42.740	0.0685
28	17	tracking	-843.960611	69.340366	-265.443580	-26.747	-34.740	0.0814
28	18	tracking	-843.673374	69.368376	-265.598578	-26.747	-26.740	0.0619
28	19	tracking	-843.405066	69.383185	-265.712118	-26.747	-25.689	0.0560
28	20	tracking	-843.165195	69.384728	-265.786739	-1.747	-17.689	0.0514
28	21	tracking	-842.961382	69.372198	-265.830158	23.253	-9.689	0.0486
28	22	tracking	-842.793628	69.346044	-265.851047	37.878	-7.940	0.0472
28	23	tracking	-842.656462	69.307167	-265.853843	37.878	-7.940	0.0458
28	24	tracking	-842.549790	69.255505	-265.848374	62.878	-15.940	0.0441
28	25	tracking	-842.468729	69.187705	-265.837807	67.848	-23.940	0.0426
28	26	tracking	-842.408787	69.098012	-265.823391	67.848	-31.940	0.0415
28	27	tracking	-842.366247	68.978987	-265.806123	67.848	-39.940	0.0394
28	28	tracking	-842.335415	68.823102	-265.783112	42.848	-47.168	0.0504
28	29	tracking	-842.311431	68.632079	-265.751781	17.848	-47.168	0.0537
28	30	tracking	-842.288456	68.408303	-265.711072	-7.152	-47.168	0.0423
28	31	tracking	-842.260122	68.154584	-265.662291	-32.152	-47.168	0.0334
28	32	tracking	-842.233251	67.862574	-265.605864	-7.152	-55.168	0.0329
28	33	tracking	-842.213661	67.533768	-265.542069	17.848	-55.963	0.0376
28	34	tracking	-842.200964	67.170471	-265.470452	17.848	-55.963	0.0272
28	35	landing	-842.196366	66.787477	-265.385786	17.848	-47.963	0.0375
28	36	landing	-842.199494	66.387170	-265.287910	17.848	-47.963	0.0238
28	37	landing	-842.210010	65.971881	-265.176700	17.848	-47.963	0.0237
29	0	tracking	-850.577539	68.834996	-257.000632	-139.104	-4.000	0.1698
29	1	tracking	-849.906497	68.790998	-257.587711	-164.104	-0.670	0.1261
29	2	tracking	-849.322708	68.750064	-258.198846	170.896	-8.670	0.1112
29	3	tracking	-848.838550	68.721846	-258.815275	153.407	-16.670	0.1046
29	4	tracking	-848.409119	68.710136	-259.434743	178.407	-24.670	0.1262
29	5	tracking	-848.001378	68.716382	-260.044713	-156.593	-32.670	0.0963
29	6	tracking	-847.617611	68.740121	-260.642043	-159.186	-40.670	0.0959
29	7	tracking	-847.237565	68.778736	-261.211306	-134.186	-46.375	0.0856
29	8	tracking	-846.873417	68.828642	-261.763409	-150.375	-42.740	0.0844
29	9	tracking	-846.523234	68.886134	-262.300574	-150.375	-34.740	0.0781
29	10	tracking	-846.184924	68.947162	-262.825433	-150.375	-26.740	0.0796
29	11	tracking	-845.856465	69.006467	-263.340605	-150.375	-18.740	0.0787
29	12	tracking	-845.522478	69.067565	-263.828969	-125.375	-26.740	0.0952
29	13	tracking	-845.179099	69.131040	-264.272486	-100.375	-34.740	0.0688
29	14	tracking	-844.832546	69.194313	-264.657064	-75.375	-42.740	0.0672
29	15	tracking	-844.495295	69.251751	-264.976148	-50.375	-50.740	0.0621
29	16	tracking	-844.167529	69.300881	-265.238947	-51.747	-42.740	0.0629
29	17	tracking	-843.860611	69.340366	-265.443580	-26.747	-34.740	0.0638
29	18	tracking	-843.573374	69.368376	-265.598578	-26.747	-26.740	0.2628
29	19	tracking	-843.305066	69.383185	-265.712118	-26.747	-25.689	0.1269
29	20	tracking	-843.065195	69.384728	-265.786739	-1.747	-17.689	0.1101
29	21	tracking	-842.861382	69.372198	-265.830158	23.253	-9.689	0.0892
29	22	tracking	-842.693628	69.346044	-265.851047	37.878	-7.940	0.0911
29	23	tracking	-842.556462	69.307167	-265.853843	37.878	-7.940	0.1156
29	24	tracking	-842.449790	69.255505	-265.848374	62.878	-15.940	0.1061
29	25	tracking	-842.368729	69.187705	-265.837807	67.848	-23.940	0.0786
29	26	tracking	-842.308787	69.098012	-265.823391	67.848	-31.940	0.0863
29	27	tracking	-842.266247	68.978987	-265.806123	67.848	-39.940	0.0721
29	28	tracking	-842.235415	68.823102	-265.783112	42.848	-47.168	0.0790
29	29	tracking	-842.211431	68.632079	-265.751781	17.848	-47.168	0.0759
29	30	tracking	-842.188456	68.408303	-265.711072	-7.152	-47.168	0.0936
29	31	tracking	-842.160122	68.154584	-265.662291	-32.152	-47.168	0.0633
29	32	tracking	-842.133251	67.862574	-265.605864	-7.152	-55.168	0.0590
29	33	tracking	-842.113661	67.533768	-265.542069	17.848	-55.963	0.0592
29	34	tracking	-842.100964	67.170471	-265.470452	17.848	-55.963	0.0507
29	35	landing	-842.096366	66.787477	-265.385786	17.848	-47.963	0.0482
29	36	landing	-842.099494	66.387170	-265.287910	17.848	-47.963	0.0440
29	37	landing	-842.110010	65.971881	-265.176700	17.848	-47.963	0.0449
30	0	tracking	-850.677539	68.934996	-257.000632	-139.104	-4.000	0.2996
30	1	tracking	-850.006497	68.890998	-257.587711	-164.104	-0.670	0.2169
30	2	tracking	-849.422708	68.850064	-258.198846	170.896	-8.670	0.1970
30	3	tracking	-848.938550	68.821846	-258.815275	153.407	-16.670	0.2649
30	4	tracking	-848.509119	68.810136	-259.434743	178.407	-24.670	0.3035
30	5	tracking	-848.101378	68.816382	-260.044713	-156.593	-32.670	0.2520
30	6	tracking	-847.717611	68.840121	-260.642043	-159.186	-40.670	0.2367
30	7	tracking	-847.337565	68.878736	-261.211306	-134.186	-46.375	0.2405
30	8	tracking	-846.973417	68.928642	-261.763409	-150.375	-42.740	0.1562
30	9	tracking	-846.623234	68.986134	-262.300574	-150.375	-34.740	0.1183
30	10	tracking	-846.284924	69.047162	-262.825433	-150.375	-26.740	0.1399
30	11	tracking	-845.956465	69.106467	-263.340605	-150.375	-18.740	0.1408
30	12	tracking	-845.622478	69.167565	-263.828969	-125.375	-26.740	0.0979
30	13	tracking	-845.279099	69.231040	-264.272486	-100.375	-34.740	0.0944
30	14	tracking	-844.932546	69.294313	-264.657064	-75.375	-42.740	0.0912
30	15	tracking	-844.595295	69.351751	-264.976148	-50.375	-50.740	0.0878
30	16	tracking	-844.267529	69.400881	-265.238947	-51.747	-42.740	0.0736
30	17	tracking	-843.960611	69.440366	-265.443580	-26.747	-34.740	0.0772
30	18	tracking	-843.673374	69.468376	-265.598578	-26.747	-26.740	0.0755
30	19	tracking	-843.405066	69.483185	-265.712118	-26.747	-25.689	0.0738
30	20	tracking	-843.165195	69.484728	-265.786739	-1.747	-17.689	0.0635
30	21	tracking	-842.961382	69.472198	-265.830158	23.253	-9.689	0.0720
30	22	tracking	-842.793628	69.446044	-265.851047	37.878	-7.940	0.0690
30	23	tracking	-842.656462	69.407167	-265.853843	37.878	-7.940	0.0589
30	24	tracking	-842.549790	69.355505	-265.848374	62.878	-15.940	0.0674
30	25	tracking	-842.468729	69.287705	-265.837807	67.848	-23.940	0.0623
30	26	tracking	-842.408787	69.198012	-265.823391	67.848	-31.940	0.0615
30	27	tracking	-842.366247	69.078987	-265.806123	67.848	-39.940	0.0636
30	28	tracking	-842.335415	68.923102	-265.783112	42.848	-47.168	0.0590
30	29	tracking	-842.311431	68.732079	-265.751781	17.848	-47.168	0.0562
30	30	tracking	-842.288456	68.508303	-265.711072	-7.152	-47.168	0.0443
30	31	tracking	-842.260122	68.254584	-265.662291	-32.152	-47.168	0.0517
30	32	tracking	-842.233251	67.962574	-265.605864	-7.152	-55.168	0.0396
30	33	tracking	-842.213661	67.633768	-265.542069	17.848	-55.963	0.0492
30	34	tracking	-842.200964	67.270471	-265.470452	17.848	-55.963	0.0349
30	35	landing	-842.196366	66.887477	-265.385786	17.848	-47.963	0.0343
30	36	landing	-842.199494	66.487170	-265.287910	17.848	-47.963	0.0389
30	37	landing	-842.210010	66.071881	-265.176700	17.848	-47.963	0.0303
30	38	landing	-842.227598	65.643850	-265.052089	17.848	-47.963	0.0271
31	0	tracking	-850.577539	68.934996	-257.000632	-139.104	-4.000	0.2107
31	1	tracking	-849.906497	68.890998	-257.587711	-164.104	-0.670	0.1456
31	2	tracking	-849.322708	68.850064	-258.198846	170.896	-8.670	0.1336
31	3	tracking	-848.838550	68.821846	-258.815275	153.407	-16.670	0.1279
31	4	tracking	-848.409119	68.810136	-259.434743	178.407	-24.670	0.1443
31	5	tracking	-848.001378	68.816382	-260.044713	-156.593	-32.670	0.1183
31	6	tracking	-847.617611	68.840121	-260.642043	-159.186	-40.670	0.1123
31	7	tracking	-847.237565	68.878736	-261.211306	-134.186	-46.375	0.1047
31	8	tracking	-846.873417	68.928642	-261.763409	-150.375	-42.740	0.1035
31	9	tracking	-846.523234	68.986134	-262.300574	-150.375	-34.740	0.1089
31	10	tracking	-846.184924	69.047162	-262.825433	-150.375	-26.740	0.1081
31	11	tracking	-845.856465	69.106467	-263.340605	-150.375	-18.740	0.1016
31	12	tracking	-845.522478	69.167565	-263.828969	-125.375	-26.740	0.0955
31	13	tracking	-845.179099	69.231040	-264.272486	-100.375	-34.740	0.0886
31	14	tracking	-844.832546	69.294313	-264.657064	-75.375	-42.740	0.0854
31	15	tracking	-844.495295	69.351751	-264.976148	-50.375	-50.740	0.0822
31	16	tracking	-844.167529	69.400881	-265.238947	-51.747	-42.740	0.0789
31	17	tracking	-843.860611	69.440366	-265.443580	-26.747	-34.740	0.0697
31	18	tracking	-843.573374	69.468376	-265.598578	-26.747	-26.740	0.0761
31	19	tracking	-843.305066	69.483185	-265.712118	-26.747	-25.689	0.0966
31	20	tracking	-843.065195	69.484728	-265.786739	-1.747	-17.689	0.0708
31	21	tracking	-842.861382	69.472198	-265.830158	23.253	-9.689	0.0614
31	22	tracking	-842.693628	69.446044	-265.851047	37.878	-7.940	0.0756
31	23	tracking	-842.556462	69.407167	-265.853843	37.878	-7.940	0.0661
31	24	tracking	-842.449790	69.355505	-265.848374	62.878	-15.940	0.0563
31	25	tracking	-842.368729	69.287705	-265.837807	67.848	-23.940	0.0660
31	26	tracking	-842.308787	69.198012	-265.823391	67.848	-31.940	0.0525
31	27	tracking	-842.266247	69.078987	-265.806123	67.848	-39.940	0.0777
31	28	tracking	-842.235415	68.923102	-265.783112	42.848	-47.168	0.0640
31	29	tracking	-842.211431	68.732079	-265.751781	17.848	-47.168	0.0710
31	30	tracking	-842.188456	68.508303	-265.711072	-7.152	-47.168	0.0579
31	31	tracking	-842.160122	68.254584	-265.662291	-32.152	-47.168	0.0485
31	32	tracking	-842.133251	67.962574	-265.605864	-7.152	-55.168	0.0464
31	33	tracking	-842.113661	67.633768	-265.542069	17.848	-55.963	0.0481
31	34	tracking	-842.100964	67.270471	-265.470452	17.848	-55.963	0.0359
31	35	landing	-842.096366	66.887477	-265.385786	17.848	-47.963	0.0322
31	36	landing	-842.099494	66.487170	-265.287910	17.848	-47.963	0.0310
31	37	landing	-842.110010	66.071881	-265.176700	17.848	-47.963	0.0299
31	38	landing	-842.127598	65.643850	-265.052089	17.848	-47.963	0.0262
32	0	tracking	-850.714387	68.799208	-257.063597	-139.104	-4.000	0.1865
32	1	tracking	-850.076702	68.723569	-257.615837	-164.104	-0.670	0.1260
32	2	tracking	-849.522357	68.653748	-258.194209	170.896	-8.670	0.1224
32	3	tracking	-849.063742	68.598235	-258.780065	153.407	-16.670	0.1153
32	4	tracking	-848.657032	68.559900	-259.370951	178.407	-24.670	0.1061
32	5	tracking	-848.270022	68.539435	-259.954330	-156.593	-32.670	0.0996
32	6	tracking	-847.905146	68.535756	-260.526865	-159.186	-40.670	0.0961
32	7	tracking	-847.542728	68.545958	-261.073262	-134.186	-46.375	0.0949
32	8	tracking	-847.194676	68.567070	-261.604306	-150.375	-42.740	0.0920
32	9	tracking	-846.859318	68.595668	-262.121859	-150.375	-34.740	0.0946
32	10	tracking	-846.535097	68.627276	-262.627694	-150.375	-26.740	0.0863
32	11	tracking	-846.220214	68.656795	-263.124119	-150.375	-18.740	0.0848
32	12	tracking	-845.899734	68.687605	-263.594777	-125.375	-26.740	0.0802
32	13	tracking	-845.569598	68.720382	-264.022296	-100.375	-34.740	0.0836
32	14	tracking	-845.235656	68.752590	-264.392832	-75.375	-42.740	0.0655
32	15	tracking	-844.910026	68.778682	-264.699724	-50.375	-50.740	0.0713
32	16	tracking	-844.592789	68.796802	-264.951798	-51.747	-42.740	0.0671
32	17	tracking	-844.295203	68.806243	-265.146775	-26.747	-34.740	0.0584
32	18	tracking	-844.016043	68.805846	-265.292700	-26.747	-26.740	0.0565
32	19	tracking	-843.754436	68.794457	-265.397171	-26.747	-25.689	0.0620
32	20	tracking	-843.520496	68.772288	-265.462443	-1.747	-17.689	0.0525
32	21	tracking	-843.322473	68.738602	-265.496358	23.253	-9.689	0.0593
32	22	tracking	-843.160581	68.693620	-265.507875	37.878	-7.940	0.0870
32	23	tracking	-843.029258	68.637985	-265.501523	37.878	-7.940	0.0495
32	24	tracking	-842.928567	68.571221	-265.487506	62.878	-15.940	0.0565
32	25	tracking	-842.853473	68.489596	-265.469064	67.848	-23.940	0.0462
32	26	tracking	-842.799341	68.387035	-265.447430	67.848	-31.940	0.0523
32	27	tracking	-842.762365	68.255871	-265.423572	67.848	-39.940	0.0433
32	28	tracking	-842.736737	68.088465	-265.394426	42.848	-47.168	0.0592
32	29	tracking	-842.717541	67.886704	-265.357153	17.848	-47.168	0.0401
32	30	tracking	-842.698756	67.653119	-265.310532	-7.152	-47.168	0.0447
32	31	tracking	-842.673804	67.390554	-265.255926	-32.152	-47.168	0.0361
32	32	tracking	-842.649882	67.090532	-265.193801	-7.152	-55.168	0.0438
32	33	tracking	-842.633075	66.754543	-265.124448	17.848	-55.963	0.0325
32	34	landing	-842.624450	66.396983	-265.042932	17.848	-47.963	0.0304
32	35	landing	-842.623617	66.020220	-264.949025	17.848	-47.963	0.0374
32	36	landing	-842.630225	65.626596	-264.842524	17.848	-47.963	0.0242
33	0	tracking	-850.614387	68.799208	-257.063597	-139.104	-4.000	0.1504
33	1	tracking	-849.976702	68.723569	-257.615837	-164.104	-0.670	0.1182
33	2	tracking	-849.422357	68.653748	-258.194209	170.896	-8.670	0.1134
33	3	tracking	-848.963742	68.598235	-258.780065	153.407	-16.670	0.1189
33	4	tracking	-848.557032	68.559900	-259.370951	178.407	-24.670	0.0937
33	5	tracking	-848.170022	68.539435	-259.954330	-156.593	-32.670	0.2285
33	6	tracking	-847.805146	68.535756	-260.526865	-159.186	-40.670	0.1054
33	7	tracking	-847.442728	68.545958	-261.073262	-134.186	-46.375	0.1157
33	8	tracking	-847.094676	68.567070	-261.604306	-150.375	-42.740	0.0823
33	9	tracking	-846.759318	68.595668	-262.121859	-150.375	-34.740	0.1036
33	10	tracking	-846.435097	68.627276	-262.627694	-150.375	-26.740	0.0889
33	11	tracking	-846.120214	68.656795	-263.124119	-150.375	-18.740	0.0762
33	12	tracking	-845.799734	68.687605	-263.594777	-125.375	-26.740	0.0683
33	13	tracking	-845.469598	68.720382	-264.022296	-100.375	-34.740	0.0644
33	14	tracking	-845.135656	68.752590	-264.392832	-75.375	-42.740	0.0533
33	15	tracking	-844.810026	68.778682	-264.699724	-50.375	-50.740	0.0608
33	16	tracking	-844.492789	68.796802	-264.951798	-51.747	-42.740	0.0625
33	17	tracking	-844.195203	68.806243	-265.146775	-26.747	-34.740	0.0474
33	18	tracking	-843.916043	68.805846	-265.292700	-26.747	-26.740	0.0609
33	19	tracking	-843.654436	68.794457	-265.397171	-26.747	-25.689	0.0451
33	20	tracking	-843.420496	68.772288	-265.462443	-1.747	-17.689	0.0642
33	21	tracking	-843.222473	68.738602	-265.496358	23.253	-9.689	0.0406
33	22	tracking	-843.060581	68.693620	-265.507875	37.878	-7.940	0.0556
33	23	tracking	-842.929258	68.637985	-265.501523	37.878	-7.940	0.0369
33	24	tracking	-842.828567	68.571221	-265.487506	62.878	-15.940	0.0482
33	25	tracking	-842.753473	68.489596	-265.469064	67.848	-23.940	0.0455
33	26	tracking	-842.699341	68.387035	-265.447430	67.848	-31.940	0.0601
33	27	tracking	-842.662365	68.255871	-265.423572	67.848	-39.940	0.0327
33	28	tracking	-842.636737	68.088465	-265.394426	42.848	-47.168	0.0322
33	29	tracking	-842.617541	67.886704	-265.357153	17.848	-47.168	0.0586
33	30	tracking	-842.598756	67.653119	-265.310532	-7.152	-47.168	0.0265
33	31	tracking	-842.573804	67.390554	-265.255926	-32.152	-47.168	0.0255
33	32	tracking	-842.549882	67.090532	-265.193801	-7.152	-55.168	0.0357
33	33	tracking	-842.533075	66.754543	-265.124448	17.848	-55.963	0.0311
33	34	landing	-842.524450	66.396983	-265.042932	17.848	-47.963	0.0199
33	35	landing	-842.523617	66.020220	-264.949025	17.848	-47.963	0.0186
33	36	landing	-842.530225	65.626596	-264.842524	17.848	-47.963	0.0295
34	0	tracking	-850.714387	68.899208	-257.063597	-139.104	-4.000	0.2553
34	1	tracking	-850.076702	68.823569	-257.615837	-164.104	-0.670	0.2207
34	2	tracking	-849.522357	68.753748	-258.194209	170.896	-8.670	0.1964
34	3	tracking	-849.063742	68.698235	-258.780065	153.407	-16.670	0.1720
34	4	tracking	-848.657032	68.659900	-259.370951	178.407	-24.670	0.1939
34	5	tracking	-848.270022	68.639435	-259.954330	-156.593	-32.670	0.1816
34	6	tracking	-847.905146	68.635756	-260.526865	-159.186	-40.670	0.1639
34	7	tracking	-847.542728	68.645958	-261.073262	-134.186	-46.375	0.1610
34	8	tracking	-847.194676	68.667070	-261.604306	-150.375	-42.740	0.1489
34	9	tracking	-846.859318	68.695668	-262.121859	-150.375	-34.740	0.1701
34	10	tracking	-846.535097	68.727276	-262.627694	-150.375	-26.740	0.1460
34	11	tracking	-846.220214	68.756795	-263.124119	-150.375	-18.740	0.1386
34	12	tracking	-845.899734	68.787605	-263.594777	-125.375	-26.740	0.1443
34	13	tracking	-845.569598	68.820382	-264.022296	-100.375	-34.740	0.1335
34	14	tracking	-845.235656	68.852590	-264.392832	-75.375	-42.740	0.1156
34	15	tracking	-844.910026	68.878682	-264.699724	-50.375	-50.740	0.1180
34	16	tracking	-844.592789	68.896802	-264.951798	-51.747	-42.740	0.1320
34	17	tracking	-844.295203	68.906243	-265.146775	-26.747	-34.740	0.0969
34	18	tracking	-844.016043	68.905846	-265.292700	-26.747	-26.740	0.1047
34	19	tracking	-843.754436	68.894457	-265.397171	-26.747	-25.689	0.1013
34	20	tracking	-843.520496	68.872288	-265.462443	-1.747	-17.689	0.0825
34	21	tracking	-843.322473	68.838602	-265.496358	23.253	-9.689	0.0949
34	22	tracking	-843.160581	68.793620	-265.507875	37.878	-7.940	0.0904
34	23	tracking	-843.029258	68.737985	-265.501523	37.878	-7.940	0.0810
34	24	tracking	-842.928567	68.671221	-265.487506	62.878	-15.940	0.0892
34	25	tracking	-842.853473	68.589596	-265.469064	67.848	-23.940	0.0687
34	26	tracking	-842.799341	68.487035	-265.447430	67.848	-31.940	0.0906
34	27	tracking	-842.762365	68.355871	-265.423572	67.848	-39.940	0.0708
34	28	tracking	-842.736737	68.188465	-265.394426	42.848	-47.168	0.0829
34	29	tracking	-842.717541	67.986704	-265.357153	17.848	-47.168	0.0684
34	30	tracking	-842.698756	67.753119	-265.310532	-7.152	-47.168	0.0761
34	31	tracking	-842.673804	67.490554	-265.255926	-32.152	-47.168	0.0594
34	32	tracking	-842.649882	67.190532	-265.193801	-7.152	-55.168	0.0709
34	33	tracking	-842.633075	66.854543	-265.124448	17.848	-55.963	0.0699
34	34	landing	-842.624450	66.496983	-265.042932	17.848	-47.963	0.0475
34	35	landing	-842.623617	66.120220	-264.949025	17.848	-47.963	0.0464
34	36	landing	-842.630225	65.726596	-264.842524	17.848	-47.963	0.0560
35	0	tracking	-850.614387	68.899208	-257.063597	-139.104	-4.000	0.1756
35	1	tracking	-849.976702	68.823569	-257.615837	-164.104	-0.670	0.1318
35	2	tracking	-849.422357	68.753748	-258.194209	170.896	-8.670	0.1305
35	3	tracking	-848.963742	68.698235	-258.780065	153.407	-16.670	0.1008
35	4	tracking	-848.557032	68.659900	-259.370951	178.407	-24.670	0.0914
35	5	tracking	-848.170022	68.639435	-259.954330	-156.593	-32.670	0.0899
35	6	tracking	-847.805146	68.635756	-260.526865	-159.186	-40.670	0.0834
35	7	tracking	-847.442728	68.645958	-261.073262	-134.186	-46.375	0.0824
35	8	tracking	-847.094676	68.667070	-261.604306	-150.375	-42.740	0.0732
35	9	tracking	-846.759318	68.695668	-262.121859	-150.375	-34.740	0.0841
35	10	tracking	-846.435097	68.727276	-262.627694	-150.375	-26.740	0.0726
35	11	tracking	-846.120214	68.756795	-263.124119	-150.375	-18.740	0.0762
35	12	tracking	-845.799734	68.787605	-263.594777	-125.375	-26.740	0.0759
35	13	tracking	-845.469598	68.820382	-264.022296	-100.375	-34.740	0.0693
35	14	tracking	-845.135656	68.852590	-264.392832	-75.375	-42.740	0.0611
35	15	tracking	-844.810026	68.878682	-264.699724	-50.375	-50.740	0.0527
35	16	tracking	-844.492789	68.896802	-264.951798	-51.747	-42.740	0.0609
35	17	tracking	-844.195203	68.906243	-265.146775	-26.747	-34.740	0.0604
35	18	tracking	-843.916043	68.905846	-265.292700	-26.747	-26.740	0.0442
35	19	tracking	-843.654436	68.894457	-265.397171	-26.747	-25.689	0.0542
35	20	tracking	-843.420496	68.872288	-265.462443	-1.747	-17.689	0.0398
35	21	tracking	-843.222473	68.838602	-265.496358	23.253	-9.689	0.0543
35	22	tracking	-843.060581	68.793620	-265.507875	37.878	-7.940	0.0379
35	23	tracking	-842.929258	68.737985	-265.501523	37.878	-7.940	0.0470
35	24	tracking	-842.828567	68.671221	-265.487506	62.878	-15.940	0.0421
35	25	tracking	-842.753473	68.589596	-265.469064	67.848	-23.940	0.0479
35	26	tracking	-842.699341	68.487035	-265.447430	67.848	-31.940	0.0333
35	27	tracking	-842.662365	68.355871	-265.423572	67.848	-39.940	0.0310
35	28	tracking	-842.636737	68.188465	-265.394426	42.848	-47.168	0.0370
35	29	tracking	-842.617541	67.986704	-265.357153	17.848	-47.168	0.0292
35	30	tracking	-842.598756	67.753119	-265.310532	-7.152	-47.168	0.0255
35	31	tracking	-842.573804	67.490554	-265.255926	-32.152	-47.168	0.0319
35	32	tracking	-842.549882	67.190532	-265.193801	-7.152	-55.168	0.0229
35	33	tracking	-842.533075	66.854543	-265.124448	17.848	-55.963	0.0194
35	34	landing	-842.524450	66.496983	-265.042932	17.848	-47.963	0.0184
35	35	landing	-842.523617	66.120220	-264.949025	17.848	-47.963	0.0180
35	36	landing	-842.530225	65.726596	-264.842524	17.848	-47.963	0.0154
36	0	tracking	-850.714387	68.799208	-256.963597	-139.104	-4.000	1.5942
36	1	tracking	-850.076702	68.723569	-257.515837	-164.104	-0.670	0.2771
36	2	tracking	-849.522357	68.653748	-258.094209	170.896	-8.670	0.2206
36	3	tracking	-849.063742	68.598235	-258.680065	153.407	-16.670	0.2217
36	4	tracking	-848.657032	68.559900	-259.270951	178.407	-24.670	0.2010
36	5	tracking	-848.270022	68.539435	-259.854330	-156.593	-32.670	0.2019
36	6	tracking	-847.905146	68.535756	-260.426865	-159.186	-40.670	0.1937
36	7	tracking	-847.542728	68.545958	-260.973262	-134.186	-46.375	0.2166
36	8	tracking	-847.194676	68.567070	-261.504306	-150.375	-42.740	0.4508
36	9	tracking	-846.859318	68.595668	-262.021859	-150.375	-34.740	0.3012
36	10	tracking	-846.535097	68.627276	-262.527694	-150.375	-26.740	0.1711
36	11	tracking	-846.220214	68.656795	-263.024119	-150.375	-18.740	0.1724
36	12	tracking	-845.899734	68.687605	-263.494777	-125.375	-26.740	0.1588
36	13	tracking	-845.569598	68.720382	-263.922296	-100.375	-34.740	0.1679
36	14	tracking	-845.235656	68.752590	-264.292832	-75.375	-42.740	0.1950
36	15	tracking	-844.910026	68.778682	-264.599724	-50.375	-50.740	0.1579
36	16	tracking	-844.592789	68.796802	-264.851798	-51.747	-42.740	0.1553
36	17	tracking	-844.295203	68.806243	-265.046775	-26.747	-34.740	0.1626
36	18	tracking	-844.016043	68.805846	-265.192700	-26.747	-26.740	0.1673
36	19	tracking	-843.754436	68.794457	-265.297171	-26.747	-25.689	0.1369
36	20	tracking	-843.520496	68.772288	-265.362443	-1.747	-17.689	0.1461
36	21	tracking	-843.322473	68.738602	-265.396358	23.253	-9.689	0.1394
36	22	tracking	-843.160581	68.693620	-265.407875	37.878	-7.940	0.1494
36	23	tracking	-843.029258	68.637985	-265.401523	37.878	-7.940	0.1305
36	24	tracking	-842.928567	68.571221	-265.387506	62.878	-15.940	0.1464
36	25	tracking	-842.853473	68.489596	-265.369064	67.848	-23.940	0.1269
36	26	tracking	-842.799341	68.387035	-265.347430	67.848	-31.940	0.1349
36	27	tracking	-842.762365	68.255871	-265.323572	67.848	-39.940	0.1251
36	28	tracking	-842.736737	68.088465	-265.294426	42.848	-47.168	0.1263
36	29	tracking	-842.717541	67.886704	-265.257153	17.848	-47.168	0.1206
36	30	tracking	-842.698756	67.653119	-265.210532	-7.152	-47.168	0.1260
36	31	tracking	-842.673804	67.390554	-265.155926	-32.152	-47.168	0.1252
36	32	tracking	-842.649882	67.090532	-265.093801	-7.152	-55.168	0.1219
36	33	tracking	-842.633075	66.754543	-265.024448	17.848	-55.963	0.1562
36	34	landing	-842.632191	66.396983	-264.947463	42.848	-47.963	0.0383
36	35	landing	-842.646357	66.019756	-264.862748	42.848	-47.963	0.0247
36	36	landing	-842.674908	65.624950	-264.770095	42.848	-47.963	0.0215
37	0	tracking	-850.614387	68.799208	-256.963597	-139.104	-4.000	0.2283
37	1	tracking	-849.976702	68.723569	-257.515837	-164.104	-0.670	0.1927
37	2	tracking	-849.422357	68.653748	-258.094209	170.896	-8.670	0.1704
37	3	tracking	-848.963742	68.598235	-258.680065	153.407	-16.670	0.3431
37	4	tracking	-848.557032	68.559900	-259.270951	178.407	-24.670	0.3173
37	5	tracking	-848.170022	68.539435	-259.854330	-156.593	-32.670	0.1744
37	6	tracking	-847.805146	68.535756	-260.426865	-159.186	-40.670	0.1459
37	7	tracking	-847.442728	68.545958	-260.973262	-134.186	-46.375	0.1535
37	8	tracking	-847.094676	68.567070	-261.504306	-150.375	-42.740	0.1370
37	9	tracking	-846.759318	68.595668	-262.021859	-150.375	-34.740	0.1480
37	10	tracking	-846.435097	68.627276	-262.527694	-150.375	-26.740	0.1391
37	11	tracking	-846.120214	68.656795	-263.024119	-150.375	-18.740	0.1719
37	12	tracking	-845.799734	68.687605	-263.494777	-125.375	-26.740	0.1251
37	13	tracking	-845.469598	68.720382	-263.922296	-100.375	-34.740	0.1250
37	14	tracking	-845.135656	68.752590	-264.292832	-75.375	-42.740	0.1361
37	15	tracking	-844.810026	68.778682	-264.599724	-50.375	-50.740	0.1260
37	16	tracking	-844.492789	68.796802	-264.851798	-51.747	-42.740	0.1223
37	17	tracking	-844.195203	68.806243	-265.046775	-26.747	-34.740	0.1145
37	18	tracking	-843.916043	68.805846	-265.192700	-26.747	-26.740	0.1140
37	19	tracking	-843.654436	68.794457	-265.297171	-26.747	-25.689	0.1102
37	20	tracking	-843.420496	68.772288	-265.362443	-1.747	-17.689	0.1182
37	21	tracking	-843.222473	68.738602	-265.396358	23.253	-9.689	0.1103
37	22	tracking	-843.060581	68.693620	-265.407875	37.878	-7.940	0.1053
37	23	tracking	-842.929258	68.637985	-265.401523	37.878	-7.940	0.1122
37	24	tracking	-842.828567	68.571221	-265.387506	62.878	-15.940	0.1082
37	25	tracking	-842.753473	68.489596	-265.369064	67.848	-23.940	0.1006
37	26	tracking	-842.699341	68.387035	-265.347430	67.848	-31.940	0.0994
37	27	tracking	-842.662365	68.255871	-265.323572	67.848	-39.940	0.1118
37	28	tracking	-842.636737	68.088465	-265.294426	42.848	-47.168	0.1010
37	29	tracking	-842.617541	67.886704	-265.257153	17.848	-47.168	0.1038
37	30	tracking	-842.598756	67.653119	-265.210532	-7.152	-47.168	0.1020
37	31	tracking	-842.573804	67.390554	-265.155926	-32.152	-47.168	0.1025
37	32	tracking	-842.549882	67.090532	-265.093801	-7.152	-55.168	0.0857
37	33	tracking	-842.533075	66.754543	-265.024448	17.848	-55.963	0.0881
37	34	landing	-842.532191	66.396983	-264.947463	42.848	-47.963	0.0303
37	35	landing	-842.546357	66.019756	-264.862748	42.848	-47.963	0.0227
37	36	landing	-842.574908	65.624950	-264.770095	42.848	-47.963	0.0212
38	0	tracking	-850.714387	68.899208	-256.963597	-139.104	-4.000	0.2701
38	1	tracking	-850.076702	68.823569	-257.515837	-164.104	-0.670	0.1968
38	2	tracking	-849.522357	68.753748	-258.094209	170.896	-8.670	0.2107
38	3	tracking	-849.063742	68.698235	-258.680065	153.407	-16.670	0.1895
38	4	tracking	-848.657032	68.659900	-259.270951	178.407	-24.670	0.5813
38	5	tracking	-848.270022	68.639435	-259.854330	-156.593	-32.670	0.3569
38	6	tracking	-847.905146	68.635756	-260.426865	-159.186	-40.670	0.1790
38	7	tracking	-847.542728	68.645958	-260.973262	-134.186	-46.375	0.1711
38	8	tracking	-847.194676	68.667070	-261.504306	-150.375	-42.740	0.1590
38	9	tracking	-846.859318	68.695668	-262.021859	-150.375	-34.740	0.1571
38	10	tracking	-846.535097	68.727276	-262.527694	-150.375	-26.740	0.2018
38	11	tracking	-846.220214	68.756795	-263.024119	-150.375	-18.740	0.1993
38	12	tracking	-845.899734	68.787605	-263.494777	-125.375	-26.740	0.1696
38	13	tracking	-845.569598	68.820382	-263.922296	-100.375	-34.740	0.1917
38	14	tracking	-845.235656	68.852590	-264.292832	-75.375	-42.740	0.1665
38	15	tracking	-844.910026	68.878682	-264.599724	-50.375	-50.740	0.1443
38	16	tracking	-844.592789	68.896802	-264.851798	-51.747	-42.740	0.1515
38	17	tracking	-844.295203	68.906243	-265.046775	-26.747	-34.740	0.1412
38	18	tracking	-844.016043	68.905846	-265.192700	-26.747	-26.740	0.1370
38	19	tracking	-843.754436	68.894457	-265.297171	-26.747	-25.689	0.1527
38	20	tracking	-843.520496	68.872288	-265.362443	-1.747	-17.689	0.1446
38	21	tracking	-843.322473	68.838602	-265.396358	23.253	-9.689	0.1457
38	22	tracking	-843.160581	68.793620	-265.407875	37.878	-7.940	0.1314
38	23	tracking	-843.029258	68.737985	-265.401523	37.878	-7.940	0.1287
38	24	tracking	-842.928567	68.671221	-265.387506	62.878	-15.940	0.1311
38	25	tracking	-842.853473	68.589596	-265.369064	67.848	-23.940	0.1236
38	26	tracking	-842.799341	68.487035	-265.347430	67.848	-31.940	0.1198
38	27	tracking	-842.762365	68.355871	-265.323572	67.848	-39.940	0.2552
38	28	tracking	-842.736737	68.188465	-265.294426	42.848	-47.168	0.1994
38	29	tracking	-842.717541	67.986704	-265.257153	17.848	-47.168	0.1965
38	30	tracking	-842.698756	67.753119	-265.210532	-7.152	-47.168	0.2112
38	31	tracking	-842.673804	67.490554	-265.155926	-32.152	-47.168	0.1933
38	32	tracking	-842.649882	67.190532	-265.093801	-7.152	-55.168	0.2119
38	33	tracking	-842.633075	66.854543	-265.024448	17.848	-55.963	0.2962
38	34	landing	-842.632191	66.496983	-264.947463	42.848	-47.963	0.0900
38	35	landing	-842.646357	66.119756	-264.862748	42.848	-47.963	0.0474
38	36	landing	-842.674908	65.724950	-264.770095	42.848	-47.963	0.1448
39	0	tracking	-850.614387	68.899208	-256.963597	-139.104	-4.000	0.4180
39	1	tracking	-849.976702	68.823569	-257.515837	-164.104	-0.670	0.3438
39	2	tracking	-849.422357	68.753748	-258.094209	170.896	-8.670	0.3799
39	3	tracking	-848.963742	68.698235	-258.680065	153.407	-16.670	0.2194
39	4	tracking	-848.557032	68.659900	-259.270951	178.407	-24.670	0.1621
39	5	tracking	-848.170022	68.639435	-259.854330	-156.593	-32.670	0.1575
39	6	tracking	-847.805146	68.635756	-260.426865	-159.186	-40.670	0.1528
39	7	tracking	-847.442728	68.645958	-260.973262	-134.186	-46.375	0.1562
39	8	tracking	-847.094676	68.667070	-261.504306	-150.375	-42.740	0.1507
39	9	tracking	-846.759318	68.695668	-262.021859	-150.375	-34.740	0.1474
39	10	tracking	-846.435097	68.727276	-262.527694	-150.375	-26.740	0.1308
39	11	tracking	-846.120214	68.756795	-263.024119	-150.375	-18.740	0.1259
39	12	tracking	-845.799734	68.787605	-263.494777	-125.375	-26.740	0.1439
39	13	tracking	-845.469598	68.820382	-263.922296	-100.375	-34.740	0.1247
39	14	tracking	-845.135656	68.852590	-264.292832	-75.375	-42.740	0.1306
39	15	tracking	-844.810026	68.878682	-264.599724	-50.375	-50.740	0.1261
39	16	tracking	-844.492789	68.896802	-264.851798	-51.747	-42.740	0.1188
39	17	tracking	-844.195203	68.906243	-265.046775	-26.747	-34.740	0.1222
39	18	tracking	-843.916043	68.905846	-265.192700	-26.747	-26.740	0.1139
39	19	tracking	-843.654436	68.894457	-265.297171	-26.747	-25.689	0.1212
39	20	tracking	-843.420496	68.872288	-265.362443	-1.747	-17.689	0.1207
39	21	tracking	-843.222473	68.838602	-265.396358	23.253	-9.689	0.1133
39	22	tracking	-843.060581	68.793620	-265.407875	37.878	-7.940	0.1219
39	23	tracking	-842.929258	68.737985	-265.401523	37.878	-7.940	0.1033
39	24	tracking	-842.828567	68.671221	-265.387506	62.878	-15.940	0.1026
39	25	tracking	-842.753473	68.589596	-265.369064	67.848	-23.940	0.1154
39	26	tracking	-842.699341	68.487035	-265.347430	67.848	-31.940	0.1049
39	27	tracking	-842.662365	68.355871	-265.323572	67.848	-39.940	0.1004
39	28	tracking	-842.636737	68.188465	-265.294426	42.848	-47.168	0.1133
39	29	tracking	-842.617541	67.986704	-265.257153	17.848	-47.168	0.1101
39	30	tracking	-842.598756	67.753119	-265.210532	-7.152	-47.168	0.1020
39	31	tracking	-842.573804	67.490554	-265.155926	-32.152	-47.168	0.1022
39	32	tracking	-842.549882	67.190532	-265.093801	-7.152	-55.168	0.1005
39	33	tracking	-842.533075	66.854543	-265.024448	17.848	-55.963	0.0907
39	34	landing	-842.532191	66.496983	-264.947463	42.848	-47.963	0.0252
39	35	landing	-842.546357	66.119756	-264.862748	42.848	-47.963	0.0238
39	36	landing	-842.574908	65.724950	-264.770095	42.848	-47.963	0.0265
40	0	tracking	-850.676676	68.799495	-257.065989	-139.104	-4.000	0.1807
40	1	tracking	-850.004538	68.724156	-257.623348	-164.104	-0.670	0.1145
40	2	tracking	-849.419931	68.655159	-258.208991	170.896	-8.670	0.1159
40	3	tracking	-848.935370	68.601329	-258.803357	153.407	-16.670	0.1116
40	4	tracking	-848.505591	68.565702	-259.403623	178.407	-24.670	0.1031
40	5	tracking	-848.097433	68.549122	-259.996735	-156.593	-32.670	0.0963
40	6	tracking	-847.713247	68.550656	-260.579166	-159.186	-40.670	0.3400
40	7	tracking	-847.332796	68.567433	-261.135186	-134.186	-46.375	0.1825
40	8	tracking	-846.968165	68.596179	-261.675703	-150.375	-42.740	0.2453
40	9	tracking	-846.617598	68.632973	-262.202465	-150.375	-34.740	0.1834
40	10	tracking	-846.279293	68.673240	-262.717444	-150.375	-26.740	0.1624
40	11	tracking	-845.951197	68.711864	-263.223183	-150.375	-18.740	0.1559
40	12	tracking	-845.618083	68.752237	-263.702751	-125.375	-26.740	0.1262
40	13	tracking	-845.276081	68.794847	-264.138320	-100.375	-34.740	0.1386
40	14	tracking	-844.931036	68.837333	-264.515891	-75.375	-42.740	0.1321
40	15	tracking	-844.595100	68.874326	-264.828708	-50.375	-50.740	0.1958
40	16	tracking	-844.268411	68.903537	-265.085849	-51.747	-42.740	0.0943
40	17	tracking	-843.962330	68.923868	-265.285194	-26.747	-34.740	0.0552
40	18	tracking	-843.675595	68.933828	-265.435000	-26.747	-26.740	0.0604
40	19	tracking	-843.407256	68.932228	-265.542961	-26.747	-25.689	0.0574
40	20	tracking	-843.167321	68.919069	-265.611471	-1.747	-17.689	0.0480
40	21	tracking	-842.963892	68.893496	-265.648418	23.253	-9.689	0.0590
40	22	tracking	-842.797086	68.855785	-265.662763	37.878	-7.940	0.0597
40	23	tracking	-842.661291	68.806666	-265.659051	37.878	-7.940	0.0433
40	24	tracking	-842.556484	68.745847	-265.647453	62.878	-15.940	0.0571
40	25	tracking	-842.477610	68.669754	-265.631213	67.848	-23.940	0.0415
40	26	tracking	-842.420019	68.572438	-265.611579	67.848	-31.940	0.0491
40	27	tracking	-842.379885	68.446317	-265.589532	67.848	-39.940	0.0370
40	28	tracking	-842.351392	68.283788	-265.562057	42.848	-47.168	0.0497
40	29	tracking	-842.329599	68.086657	-265.526411	17.848	-47.168	0.0358
40	30	tracking	-842.308524	67.857386	-265.481439	-7.152	-47.168	0.0409
40	31	tracking	-842.281650	67.598799	-265.428489	-32.152	-47.168	0.0302
40	32	tracking	-842.256035	67.302480	-265.368000	-7.152	-55.168	0.0303
40	33	tracking	-842.237670	66.969914	-265.300262	17.848	-55.963	0.0358
40	34	landing	-842.227589	66.615449	-265.220396	17.848	-47.963	0.0262
40	35	landing	-842.225387	66.241447	-265.128178	17.848	-47.963	0.0228
40	36	landing	-842.230704	65.850251	-265.023403	17.848	-47.963	0.0328
41	0	tracking	-850.576676	68.799495	-257.065989	-139.104	-4.000	0.1588
41	1	tracking	-849.904538	68.724156	-257.623348	-164.104	-0.670	0.1203
41	2	tracking	-849.319931	68.655159	-258.208991	170.896	-8.670	0.1074
41	3	tracking	-848.835370	68.601329	-258.803357	153.407	-16.670	0.1059
41	4	tracking	-848.405591	68.565702	-259.403623	178.407	-24.670	0.1174
41	5	tracking	-847.997433	68.549122	-259.996735	-156.593	-32.670	0.0997
41	6	tracking	-847.613247	68.550656	-260.579166	-159.186	-40.670	0.0984
41	7	tracking	-847.232796	68.567433	-261.135186	-134.186	-46.375	0.0996
41	8	tracking	-846.868165	68.596179	-261.675703	-150.375	-42.740	0.0800
41	9	tracking	-846.517598	68.632973	-262.202465	-150.375	-34.740	0.0901
41	10	tracking	-846.179293	68.673240	-262.717444	-150.375	-26.740	0.0920
41	11	tracking	-845.851197	68.711864	-263.223183	-150.375	-18.740	0.0903
41	12	tracking	-845.518083	68.752237	-263.702751	-125.375	-26.740	0.0854
41	13	tracking	-845.176081	68.794847	-264.138320	-100.375	-34.740	0.0762
41	14	tracking	-844.831036	68.837333	-264.515891	-75.375	-42.740	0.0710
41	15	tracking	-844.495100	68.874326	-264.828708	-50.375	-50.740	0.0597
41	16	tracking	-844.168411	68.903537	-265.085849	-51.747	-42.740	0.0653
41	17	tracking	-843.862330	68.923868	-265.285194	-26.747	-34.740	0.0658
41	18	tracking	-843.575595	68.933828	-265.435000	-26.747	-26.740	0.0639
41	19	tracking	-843.307256	68.932228	-265.542961	-26.747	-25.689	0.0530
41	20	tracking	-843.067321	68.919069	-265.611471	-1.747	-17.689	0.1035
41	21	tracking	-842.863892	68.893496	-265.648418	23.253	-9.689	0.0687
41	22	tracking	-842.697086	68.855785	-265.662763	37.878	-7.940	0.0482
41	23	tracking	-842.561291	68.806666	-265.659051	37.878	-7.940	0.0567
41	24	tracking	-842.456484	68.745847	-265.647453	62.878	-15.940	0.0522
41	25	tracking	-842.377610	68.669754	-265.631213	67.848	-23.940	0.0769
41	26	tracking	-842.320019	68.572438	-265.611579	67.848	-31.940	0.0466
41	27	tracking	-842.279885	68.446317	-265.589532	67.848	-39.940	0.0454
41	28	tracking	-842.251392	68.283788	-265.562057	42.848	-47.168	0.0357
41	29	tracking	-842.229599	68.086657	-265.526411	17.848	-47.168	0.0477
41	30	tracking	-842.208524	67.857386	-265.481439	-7.152	-47.168	0.0345
41	31	tracking	-842.181650	67.598799	-265.428489	-32.152	-47.168	0.0308
41	32	tracking	-842.156035	67.302480	-265.368000	-7.152	-55.168	0.0307
41	33	tracking	-842.137670	66.969914	-265.300262	17.848	-55.963	0.0280
41	34	landing	-842.127589	66.615449	-265.220396	17.848	-47.963	0.0417
41	35	landing	-842.125387	66.241447	-265.128178	17.848	-47.963	0.0237
41	36	landing	-842.130704	65.850251	-265.023403	17.848	-47.963	0.0228
42	0	tracking	-850.676676	68.899495	-257.065989	-139.104	-4.000	0.1896
42	1	tracking	-850.004538	68.824156	-257.623348	-164.104	-0.670	0.1413
42	2	tracking	-849.419931	68.755159	-258.208991	170.896	-8.670	0.1217
42	3	tracking	-848.935370	68.701329	-258.803357	153.407	-16.670	0.1078
42	4	tracking	-848.505591	68.665702	-259.403623	178.407	-24.670	0.0980
42	5	tracking	-848.097433	68.649122	-259.996735	-156.593	-32.670	0.0923
42	6	tracking	-847.713247	68.650656	-260.579166	-159.186	-40.670	0.0966
42	7	tracking	-847.332796	68.667433	-261.135186	-134.186	-46.375	0.0883
42	8	tracking	-846.968165	68.696179	-261.675703	-150.375	-42.740	0.0844
42	9	tracking	-846.617598	68.732973	-262.202465	-150.375	-34.740	0.0992
42	10	tracking	-846.279293	68.773240	-262.717444	-150.375	-26.740	0.0882
42	11	tracking	-845.951197	68.811864	-263.223183	-150.375	-18.740	0.0774
42	12	tracking	-845.618083	68.852237	-263.702751	-125.375	-26.740	0.0734
42	13	tracking	-845.276081	68.894847	-264.138320	-100.375	-34.740	0.0740
42	14	tracking	-844.931036	68.937333	-264.515891	-75.375	-42.740	0.0600
42	15	tracking	-844.595100	68.974326	-264.828708	-50.375	-50.740	0.0726
42	16	tracking	-844.268411	69.003537	-265.085849	-51.747	-42.740	0.0731
42	17	tracking	-843.962330	69.023868	-265.285194	-26.747	-34.740	0.0710
42	18	tracking	-843.675595	69.033828	-265.435000	-26.747	-26.740	0.0526
42	19	tracking	-843.407256	69.032228	-265.542961	-26.747	-25.689	0.0663
42	20	tracking	-843.167321	69.019069	-265.611471	-1.747	-17.689	0.0636
42	21	tracking	-842.963892	68.993496	-265.648418	23.253	-9.689	0.0470
42	22	tracking	-842.797086	68.955785	-265.662763	37.878	-7.940	0.0613
42	23	tracking	-842.661291	68.906666	-265.659051	37.878	-7.940	0.0565
42	24	tracking	-842.556484	68.845847	-265.647453	62.878	-15.940	0.0638
42	25	tracking	-842.477610	68.769754	-265.631213	67.848	-23.940	0.0519
42	26	tracking	-842.420019	68.672438	-265.611579	67.848	-31.940	0.0388
42	27	tracking	-842.379885	68.546317	-265.589532	67.848	-39.940	0.0486
42	28	tracking	-842.351392	68.383788	-265.562057	42.848	-47.168	0.0369
42	29	tracking	-842.329599	68.186657	-265.526411	17.848	-47.168	0.0438
42	30	tracking	-842.308524	67.957386	-265.481439	-7.152	-47.168	0.0325
42	31	tracking	-842.281650	67.698799	-265.428489	-32.152	-47.168	0.0301
42	32	tracking	-842.256035	67.402480	-265.368000	-7.152	-55.168	0.0392
42	33	tracking	-842.237670	67.069914	-265.300262	17.848	-55.963	0.0278
42	34	landing	-842.227589	66.715449	-265.220396	17.848	-47.963	0.0258
42	35	landing	-842.225387	66.341447	-265.128178	17.848	-47.963	0.0322
42	36	landing	-842.230704	65.950251	-265.023403	17.848	-47.963	0.0262
43	0	tracking	-850.576676	68.899495	-257.065989	-139.104	-4.000	0.1583
43	1	tracking	-849.904538	68.824156	-257.623348	-164.104	-0.670	0.1171
43	2	tracking	-849.319931	68.755159	-258.208991	170.896	-8.670	0.1117
43	3	tracking	-848.835370	68.701329	-258.803357	153.407	-16.670	0.1118
43	4	tracking	-848.405591	68.665702	-259.403623	178.407	-24.670	0.1048
43	5	tracking	-847.997433	68.649122	-259.996735	-156.593	-32.670	0.1034
43	6	tracking	-847.613247	68.650656	-260.579166	-159.186	-40.670	0.1077
43	7	tracking	-847.232796	68.667433	-261.135186	-134.186	-46.375	0.0934
43	8	tracking	-846.868165	68.696179	-261.675703	-150.375	-42.740	0.0903
43	9	tracking	-846.517598	68.732973	-262.202465	-150.375	-34.740	0.0909
43	10	tracking	-846.179293	68.773240	-262.717444	-150.375	-26.740	0.0814
43	11	tracking	-845.851197	68.811864	-263.223183	-150.375	-18.740	0.0826
43	12	tracking	-845.518083	68.852237	-263.702751	-125.375	-26.740	0.0642
43	13	tracking	-845.176081	68.894847	-264.138320	-100.375	-34.740	0.0715
43	14	tracking	-844.831036	68.937333	-264.515891	-75.375	-42.740	0.0709
43	15	tracking	-844.495100	68.974326	-264.828708	-50.375	-50.740	0.0661
43	16	tracking	-844.168411	69.003537	-265.085849	-51.747	-42.740	0.0758
43	17	tracking	-843.862330	69.023868	-265.285194	-26.747	-34.740	0.0541
43	18	tracking	-843.575595	69.033828	-265.435000	-26.747	-26.740	0.0658
43	19	tracking	-843.307256	69.032228	-265.542961	-26.747	-25.689	0.0617
43	20	tracking	-843.067321	69.019069	-265.611471	-1.747	-17.689	0.0472
43	21	tracking	-842.863892	68.993496	-265.648418	23.253	-9.689	0.0573
43	22	tracking	-842.697086	68.955785	-265.662763	37.878	-7.940	0.0810
43	23	tracking	-842.561291	68.906666	-265.659051	37.878	-7.940	0.0471
43	24	tracking	-842.456484	68.845847	-265.647453	62.878	-15.940	0.0567
43	25	tracking	-842.377610	68.769754	-265.631213	67.848	-23.940	0.0402
43	26	tracking	-842.320019	68.672438	-265.611579	67.848	-31.940	0.0549
43	27	tracking	-842.279885	68.546317	-265.589532	67.848	-39.940	0.0365
43	28	tracking	-842.251392	68.383788	-265.562057	42.848	-47.168	0.0525
43	29	tracking	-842.229599	68.186657	-265.526411	17.848	-47.168	0.0341
43	30	tracking	-842.208524	67.957386	-265.481439	-7.152	-47.168	0.0302
43	31	tracking	-842.181650	67.698799	-265.428489	-32.152	-47.168	0.0300
43	32	tracking	-842.156035	67.402480	-265.368000	-7.152	-55.168	0.0286
43	33	tracking	-842.137670	67.069914	-265.300262	17.848	-55.963	0.0447
43	34	landing	-842.127589	66.715449	-265.220396	17.848	-47.963	0.0385
43	35	landing	-842.125387	66.341447	-265.128178	17.848	-47.963	0.0273
43	36	landing	-842.130704	65.950251	-265.023403	17.848	-47.963	0.0216
44	0	tracking	-850.676676	68.799495	-256.965989	-139.104	-4.000	0.1391
44	1	tracking	-850.004538	68.724156	-257.523348	-164.104	-0.670	0.1179
44	2	tracking	-849.419931	68.655159	-258.108991	170.896	-8.670	0.1049
44	3	tracking	-848.935370	68.601329	-258.703357	153.407	-16.670	0.0969
44	4	tracking	-848.505591	68.565702	-259.303623	178.407	-24.670	0.1073
44	5	tracking	-848.097433	68.549122	-259.896735	-156.593	-32.670	0.0922
44	6	tracking	-847.713247	68.550656	-260.479166	-159.186	-40.670	0.0887
44	7	tracking	-847.332796	68.567433	-261.035186	-134.186	-46.375	0.0854
44	8	tracking	-846.968165	68.596179	-261.575703	-150.375	-42.740	0.0811
44	9	tracking	-846.617598	68.632973	-262.102465	-150.375	-34.740	0.0874
44	10	tracking	-846.279293	68.673240	-262.617444	-150.375	-26.740	0.0837
44	11	tracking	-845.951197	68.711864	-263.123183	-150.375	-18.740	0.0810
44	12	tracking	-845.618083	68.752237	-263.602751	-125.375	-26.740	0.0778
44	13	tracking	-845.276081	68.794847	-264.038320	-100.375	-34.740	0.0743
44	14	tracking	-844.931036	68.837333	-264.415891	-75.375	-42.740	0.0715
44	15	tracking	-844.595100	68.874326	-264.728708	-50.375	-50.740	0.0549
44	16	tracking	-844.268411	68.903537	-264.985849	-51.747	-42.740	0.0674
44	17	tracking	-843.962330	68.923868	-265.185194	-26.747	-34.740	0.1456
44	18	tracking	-843.675595	68.933828	-265.335000	-26.747	-26.740	0.0697
44	19	tracking	-843.407256	68.932228	-265.442961	-26.747	-25.689	0.0651
44	20	tracking	-843.167321	68.919069	-265.511471	-1.747	-17.689	0.0611
44	21	tracking	-842.963892	68.893496	-265.548418	23.253	-9.689	0.0434
44	22	tracking	-842.797086	68.855785	-265.562763	37.878	-7.940	0.0622
44	23	tracking	-842.661291	68.806666	-265.559051	37.878	-7.940	0.0406
44	24	tracking	-842.556484	68.745847	-265.547453	62.878	-15.940	0.0553
44	25	tracking	-842.477610	68.669754	-265.531213	67.848	-23.940	0.0480
44	26	tracking	-842.420019	68.572438	-265.511579	67.848	-31.940	0.0486
44	27	tracking	-842.379885	68.446317	-265.489532	67.848	-39.940	0.0358
44	28	tracking	-842.351392	68.283788	-265.462057	42.848	-47.168	0.0441
44	29	tracking	-842.329599	68.086657	-265.426411	17.848	-47.168	0.0337
44	30	tracking	-842.308524	67.857386	-265.381439	-7.152	-47.168	0.0380
44	31	tracking	-842.281650	67.598799	-265.328489	-32.152	-47.168	0.0304
44	32	tracking	-842.256035	67.302480	-265.268000	-7.152	-55.168	0.0279
44	33	tracking	-842.237670	66.969914	-265.200262	17.848	-55.963	0.0280
44	34	landing	-842.227589	66.615449	-265.120396	17.848	-47.963	0.0245
44	35	landing	-842.225387	66.241447	-265.028178	17.848	-47.963	0.0225
44	36	landing	-842.230704	65.850251	-264.923403	17.848	-47.963	0.0337
45	0	tracking	-850.576676	68.799495	-256.965989	-139.104	-4.000	0.1863
45	1	tracking	-849.904538	68.724156	-257.523348	-164.104	-0.670	0.1317
45	2	tracking	-849.319931	68.655159	-258.108991	170.896	-8.670	0.1398
45	3	tracking	-848.835370	68.601329	-258.703357	153.407	-16.670	0.1681
45	4	tracking	-848.405591	68.565702	-259.303623	178.407	-24.670	0.1329
45	5	tracking	-847.997433	68.549122	-259.896735	-156.593	-32.670	0.1054
45	6	tracking	-847.613247	68.550656	-260.479166	-159.186	-40.670	0.0908
45	7	tracking	-847.232796	68.567433	-261.035186	-134.186	-46.375	0.0992
45	8	tracking	-846.868165	68.596179	-261.575703	-150.375	-42.740	0.0950
45	9	tracking	-846.517598	68.632973	-262.102465	-150.375	-34.740	0.0889
45	10	tracking	-846.179293	68.673240	-262.617444	-150.375	-26.740	0.0941
45	11	tracking	-845.851197	68.711864	-263.123183	-150.375	-18.740	0.0939
45	12	tracking	-845.518083	68.752237	-263.602751	-125.375	-26.740	0.0781
45	13	tracking	-845.176081	68.794847	-264.038320	-100.375	-34.740	0.0771
45	14	tracking	-844.831036	68.837333	-264.415891	-75.375	-42.740	0.0564
45	15	tracking	-844.495100	68.874326	-264.728708	-50.375	-50.740	0.0653
45	16	tracking	-844.168411	68.903537	-264.985849	-51.747	-42.740	0.0618
45	17	tracking	-843.862330	68.923868	-265.185194	-26.747	-34.740	0.0502
45	18	tracking	-843.575595	68.933828	-265.335000	-26.747	-26.740	0.0617
45	19	tracking	-843.307256	68.932228	-265.442961	-26.747	-25.689	0.0667
45	20	tracking	-843.067321	68.919069	-265.511471	-1.747	-17.689	0.0463
45	21	tracking	-842.863892	68.893496	-265.548418	23.253	-9.689	0.0609
45	22	tracking	-842.697086	68.855785	-265.562763	37.878	-7.940	0.0586
45	23	tracking	-842.561291	68.806666	-265.559051	37.878	-7.940	0.0431
45	24	tracking	-842.456484	68.745847	-265.547453	62.878	-15.940	0.0546
45	25	tracking	-842.377610	68.669754	-265.531213	67.848	-23.940	0.0395
45	26	tracking	-842.320019	68.572438	-265.511579	67.848	-31.940	0.0524
45	27	tracking	-842.279885	68.446317	-265.489532	67.848	-39.940	0.0374
45	28	tracking	-842.251392	68.283788	-265.462057	42.848	-47.168	0.0499
45	29	tracking	-842.229599	68.086657	-265.426411	17.848	-47.168	0.0335
45	30	tracking	-842.208524	67.857386	-265.381439	-7.152	-47.168	0.0332
45	31	tracking	-842.181650	67.598799	-265.328489	-32.152	-47.168	0.0310
45	32	tracking	-842.156035	67.302480	-265.268000	-7.152	-55.168	0.0291
45	33	tracking	-842.137670	66.969914	-265.200262	17.848	-55.963	0.0451
45	34	landing	-842.127589	66.615449	-265.120396	17.848	-47.963	0.0248
45	35	landing	-842.125387	66.241447	-265.028178	17.848	-47.963	0.0233
45	36	landing	-842.130704	65.850251	-264.923403	17.848	-47.963	0.0256
46	0	tracking	-850.676676	68.899495	-256.965989	-139.104	-4.000	0.3282
46	1	tracking	-850.004538	68.824156	-257.523348	-164.104	-0.670	0.2667
46	2	tracking	-849.419931	68.755159	-258.108991	170.896	-8.670	0.2168
46	3	tracking	-848.935370	68.701329	-258.703357	153.407	-16.670	0.2071
46	4	tracking	-848.505591	68.665702	-259.303623	178.407	-24.670	0.2167
46	5	tracking	-848.097433	68.649122	-259.896735	-156.593	-32.670	0.1971
46	6	tracking	-847.713247	68.650656	-260.479166	-159.186	-40.670	0.3300
46	7	tracking	-847.332796	68.667433	-261.035186	-134.186	-46.375	0.2033
46	8	tracking	-846.968165	68.696179	-261.575703	-150.375	-42.740	0.2031
46	9	tracking	-846.617598	68.732973	-262.102465	-150.375	-34.740	0.2433
46	10	tracking	-846.279293	68.773240	-262.617444	-150.375	-26.740	0.1931
46	11	tracking	-845.951197	68.811864	-263.123183	-150.375	-18.740	0.1721
46	12	tracking	-845.618083	68.852237	-263.602751	-125.375	-26.740	0.1658
46	13	tracking	-845.276081	68.894847	-264.038320	-100.375	-34.740	0.1608
46	14	tracking	-844.931036	68.937333	-264.415891	-75.375	-42.740	0.1462
46	15	tracking	-844.595100	68.974326	-264.728708	-50.375	-50.740	0.1212
46	16	tracking	-844.268411	69.003537	-264.985849	-51.747	-42.740	0.1396
46	17	tracking	-843.962330	69.023868	-265.185194	-26.747	-34.740	0.1280
46	18	tracking	-843.675595	69.033828	-265.335000	-26.747	-26.740	0.2220
46	19	tracking	-843.407256	69.032228	-265.442961	-26.747	-25.689	0.0992
46	20	tracking	-843.167321	69.019069	-265.511471	-1.747	-17.689	0.0775
46	21	tracking	-842.963892	68.993496	-265.548418	23.253	-9.689	0.0456
46	22	tracking	-842.797086	68.955785	-265.562763	37.878	-7.940	0.0949
46	23	tracking	-842.661291	68.906666	-265.559051	37.878	-7.940	0.0436
46	24	tracking	-842.556484	68.845847	-265.547453	62.878	-15.940	0.0556
46	25	tracking	-842.477610	68.769754	-265.531213	67.848	-23.940	0.0388
46	26	tracking	-842.420019	68.672438	-265.511579	67.848	-31.940	0.0545
46	27	tracking	-842.379885	68.546317	-265.489532	67.848	-39.940	0.0369
46	28	tracking	-842.351392	68.383788	-265.462057	42.848	-47.168	0.0484
46	29	tracking	-842.329599	68.186657	-265.426411	17.848	-47.168	0.0345
46	30	tracking	-842.308524	67.957386	-265.381439	-7.152	-47.168	0.0485
46	31	tracking	-842.281650	67.698799	-265.328489	-32.152	-47.168	0.0320
46	32	tracking	-842.256035	67.402480	-265.268000	-7.152	-55.168	0.0455
46	33	tracking	-842.237670	67.069914	-265.200262	17.848	-55.963	0.0288
46	34	landing	-842.227589	66.715449	-265.120396	17.848	-47.963	0.0266
46	35	landing	-842.225387	66.341447	-265.028178	17.848	-47.963	0.0230
46	36	landing	-842.230704	65.950251	-264.923403	17.848	-47.963	0.0229
47	0	tracking	-850.576676	68.899495	-256.965989	-139.104	-4.000	0.2016
47	1	tracking	-849.904538	68.824156	-257.523348	-164.104	-0.670	0.1226
47	2	tracking	-849.319931	68.755159	-258.108991	170.896	-8.670	0.2701
47	3	tracking	-848.835370	68.701329	-258.703357	153.407	-16.670	0.2197
47	4	tracking	-848.405591	68.665702	-259.303623	178.407	-24.670	0.1911
47	5	tracking	-847.997433	68.649122	-259.896735	-156.593	-32.670	0.1738
47	6	tracking	-847.613247	68.650656	-260.479166	-159.186	-40.670	0.2054
47	7	tracking	-847.232796	68.667433	-261.035186	-134.186	-46.375	0.1540
47	8	tracking	-846.868165	68.696179	-261.575703	-150.375	-42.740	0.1488
47	9	tracking	-846.517598	68.732973	-262.102465	-150.375	-34.740	0.1596
47	10	tracking	-846.179293	68.773240	-262.617444	-150.375	-26.740	0.1521
47	11	tracking	-845.851197	68.811864	-263.123183	-150.375	-18.740	0.1662
47	12	tracking	-845.518083	68.852237	-263.602751	-125.375	-26.740	0.1499
47	13	tracking	-845.176081	68.894847	-264.038320	-100.375	-34.740	0.1508
47	14	tracking	-844.831036	68.937333	-264.415891	-75.375	-42.740	0.1246
47	15	tracking	-844.495100	68.974326	-264.728708	-50.375	-50.740	0.1532
47	16	tracking	-844.168411	69.003537	-264.985849	-51.747	-42.740	0.1741
47	17	tracking	-843.862330	69.023868	-265.185194	-26.747	-34.740	0.2190
47	18	tracking	-843.575595	69.033828	-265.335000	-26.747	-26.740	0.1175
47	19	tracking	-843.307256	69.032228	-265.442961	-26.747	-25.689	0.1212
47	20	tracking	-843.067321	69.019069	-265.511471	-1.747	-17.689	0.0942
47	21	tracking	-842.863892	68.993496	-265.548418	23.253	-9.689	0.0952
47	22	tracking	-842.697086	68.955785	-265.562763	37.878	-7.940	0.1108
47	23	tracking	-842.561291	68.906666	-265.559051	37.878	-7.940	0.1311
47	24	tracking	-842.456484	68.845847	-265.547453	62.878	-15.940	0.2276
47	25	tracking	-842.377610	68.769754	-265.531213	67.848	-23.940	0.0463
47	26	tracking	-842.320019	68.672438	-265.511579	67.848	-31.940	0.0922
47	27	tracking	-842.279885	68.546317	-265.489532	67.848	-39.940	0.0389
47	28	tracking	-842.251392	68.383788	-265.462057	42.848	-47.168	0.0836
47	29	tracking	-842.229599	68.186657	-265.426411	17.848	-47.168	0.0423
47	30	tracking	-842.208524	67.957386	-265.381439	-7.152	-47.168	0.0472
47	31	tracking	-842.181650	67.698799	-265.328489	-32.152	-47.168	0.0324
47	32	tracking	-842.156035	67.402480	-265.268000	-7.152	-55.168	0.0313
47	33	tracking	-842.137670	67.069914	-265.200262	17.848	-55.963	0.0375
47	34	landing	-842.127589	66.715449	-265.120396	17.848	-47.963	0.0266
47	35	landing	-842.125387	66.341447	-265.028178	17.848	-47.963	0.0242
47	36	landing	-842.130704	65.950251	-264.923403	17.848	-47.963	0.0306
48	0	corrected	-850.715562	68.834507	-257.059905	-138.104	-4.000	5.8029
48	1	tracking	-850.078270	68.788723	-257.605433	-163.104	1.163	0.1901
48	2	tracking	-849.522475	68.742385	-258.175991	171.896	-6.837	0.1987
48	3	tracking	-849.061017	68.705538	-258.754051	154.157	-14.837	0.2145
48	4	tracking	-848.650956	68.682466	-259.337075	179.074	-22.837	0.1710
48	5	tracking	-848.260625	68.674888	-259.912653	-156.010	-30.837	0.1743
48	6	tracking	-847.892458	68.682487	-260.477731	-158.686	-38.837	0.1675
48	7	tracking	-847.527238	68.702829	-261.016834	-133.769	-45.542	0.1649
48	8	tracking	-847.176749	68.732932	-261.540686	-150.042	-42.073	0.2599
48	9	tracking	-846.839409	68.769300	-262.051054	-150.125	-34.240	0.1626
48	10	tracking	-846.513564	68.807839	-262.549938	-150.208	-26.407	0.1536
48	11	tracking	-846.197353	68.843851	-263.039805	-150.292	-18.573	0.1391
48	12	tracking	-845.876123	68.880493	-263.504313	-125.375	-26.573	0.1376
48	13	tracking	-845.545985	68.918248	-263.926231	-100.375	-34.573	0.1434
48	14	tracking	-845.212559	68.954715	-264.291911	-75.375	-42.573	0.1264
48	15	tracking	-844.887699	68.984483	-264.594733	-50.375	-50.573	0.1324
48	16	tracking	-844.571484	69.005726	-264.843444	-51.747	-42.740	0.1323
48	17	tracking	-844.274994	69.017814	-265.035796	-26.747	-34.740	0.1399
48	18	tracking	-843.996985	69.019672	-265.179725	-26.747	-26.740	0.1241
48	19	tracking	-843.736548	69.010208	-265.282707	-26.747	-25.689	0.1371
48	20	tracking	-843.503661	68.989692	-265.346953	-1.747	-17.689	0.1301
48	21	tracking	-843.306471	68.957441	-265.380195	23.253	-9.689	0.1377
48	22	tracking	-843.145191	68.913712	-265.391281	37.878	-7.940	0.1282
48	23	tracking	-843.014309	68.859172	-265.384679	37.878	-7.940	0.1557
48	24	tracking	-842.913896	68.793367	-265.370498	62.878	-15.940	0.1218
48	25	tracking	-842.838965	68.712591	-265.351944	67.848	-23.940	0.1088
48	26	tracking	-842.784918	68.610794	-265.330235	67.848	-31.940	0.3424
48	27	tracking	-842.747976	68.480331	-265.306327	67.848	-39.940	0.1368
48	28	tracking	-842.722359	68.313578	-265.277157	42.848	-47.168	0.1045
48	29	tracking	-842.703166	68.112430	-265.239889	17.848	-47.168	0.1070
48	30	tracking	-842.684385	67.879417	-265.193297	-7.152	-47.168	0.1067
48	31	tracking	-842.659451	67.617385	-265.138738	-32.152	-47.168	0.0996
48	32	tracking	-842.635547	67.317861	-265.076675	-7.152	-55.168	0.0965
48	33	tracking	-842.618751	66.982339	-265.007394	17.848	-55.963	0.0973
48	34	tracking	-842.608698	66.613140	-264.930409	17.848	-55.963	0.0962
48	35	tracking	-842.605076	66.212632	-264.845246	17.848	-55.963	0.0921
48	36	landing	-842.618377	65.795972	-264.751546	42.848	-47.963	0.0237
49	0	corrected	-850.616709	68.834507	-257.060916	-139.104	-4.000	3.3335
49	1	tracking	-849.981949	68.788723	-257.607758	-164.104	1.163	0.2034
49	2	tracking	-849.429866	68.742369	-258.179164	170.896	-6.837	0.1763
49	3	tracking	-848.972546	68.705445	-258.757374	153.407	-14.837	0.1752
49	4	tracking	-848.566957	68.682183	-259.340311	178.407	-22.837	0.1684
49	5	tracking	-848.181262	68.674264	-259.915879	-156.593	-30.837	0.2275
49	6	tracking	-847.817748	68.681345	-260.480955	-159.186	-38.837	0.1759
49	7	tracking	-847.457051	68.700977	-261.020212	-134.186	-45.542	0.1547
49	8	tracking	-847.110916	68.730221	-261.544219	-150.375	-42.073	0.1400
49	9	tracking	-846.777709	68.765643	-262.054724	-150.375	-34.240	0.1407
49	10	tracking	-846.455765	68.803137	-262.553647	-150.375	-26.407	0.1492
49	11	tracking	-846.143186	68.838039	-263.043428	-150.375	-18.573	0.1505
49	12	tracking	-845.825329	68.873481	-263.507761	-125.375	-26.573	0.1485
49	13	tracking	-845.498286	68.909991	-263.929506	-100.375	-34.573	0.1251
49	14	tracking	-845.167706	68.945133	-264.295057	-75.375	-42.573	0.1385
49	15	tracking	-844.845456	68.973460	-264.597824	-50.375	-50.573	0.1372
49	16	tracking	-844.531625	68.993201	-264.846534	-51.747	-42.740	0.1312
49	17	tracking	-844.237287	69.003783	-265.038935	-26.747	-34.740	0.2082
49	18	tracking	-843.961212	69.004182	-265.182944	-26.747	-26.740	0.1266
49	19	tracking	-843.702515	68.993313	-265.286028	-26.747	-25.689	0.1440
49	20	tracking	-843.471178	68.971486	-265.350391	-1.747	-17.689	0.1350
49	21	tracking	-843.275360	68.938043	-265.383758	23.253	-9.689	0.1362
49	22	tracking	-843.115290	68.893237	-265.394972	37.878	-7.940	0.1576
49	23	tracking	-842.985475	68.837726	-265.388499	37.878	-7.940	0.2001
49	24	tracking	-842.885999	68.771019	-265.374439	62.878	-15.940	0.1213
49	25	tracking	-842.811890	68.689386	-265.355999	67.848	-23.940	0.1104
49	26	tracking	-842.758565	68.586754	-265.334395	67.848	-31.940	0.1094
49	27	tracking	-842.722258	68.455463	-265.310585	67.848	-39.940	0.1125
49	28	tracking	-842.697201	68.287884	-265.281508	42.848	-47.168	0.1421
49	29	tracking	-842.678506	68.085923	-265.244320	17.848	-47.168	0.1192
49	30	tracking	-842.660169	67.852122	-265.197789	-7.152	-47.168	0.1107
49	31	tracking	-842.635621	67.589333	-265.143270	-32.152	-47.168	0.0988
49	32	tracking	-842.612061	67.289073	-265.081234	-7.152	-55.168	0.0960
49	33	tracking	-842.595573	66.952835	-265.011968	17.848	-55.963	0.0969
49	34	tracking	-842.585800	66.582948	-264.934983	17.848	-55.963	0.0934
49	35	landing	-842.592411	66.194240	-264.849873	42.848	-47.963	0.0230
49	36	landing	-842.614515	65.788637	-264.756561	42.848	-47.963	0.0301
50	0	corrected	-850.715562	68.934507	-257.059905	-138.104	-4.000	6.1639
50	1	tracking	-850.078270	68.888723	-257.605433	-163.104	1.163	0.1982
50	2	tracking	-849.522475	68.842385	-258.175991	171.896	-6.837	0.2172
50	3	tracking	-849.061017	68.805538	-258.754051	154.157	-14.837	0.1676
50	4	tracking	-848.650956	68.782466	-259.337075	179.074	-22.837	0.1846
50	5	tracking	-848.260625	68.774888	-259.912653	-156.010	-30.837	0.1931
50	6	tracking	-847.892458	68.782487	-260.477731	-158.686	-38.837	0.1623
50	7	tracking	-847.527238	68.802829	-261.016834	-133.769	-45.542	0.1507
50	8	tracking	-847.176749	68.832932	-261.540686	-150.042	-42.073	0.1530
50	9	tracking	-846.839409	68.869300	-262.051054	-150.125	-34.240	0.1512
50	10	tracking	-846.513564	68.907839	-262.549938	-150.208	-26.407	0.1495
50	11	tracking	-846.197353	68.943851	-263.039805	-150.292	-18.573	0.1510
50	12	tracking	-845.876123	68.980493	-263.504313	-125.375	-26.573	0.1467
50	13	tracking	-845.545985	69.018248	-263.926231	-100.375	-34.573	0.1474
50	14	tracking	-845.212559	69.054715	-264.291911	-75.375	-42.573	0.1572
50	15	tracking	-844.887699	69.084483	-264.594733	-50.375	-50.573	0.1382
50	16	tracking	-844.571484	69.105726	-264.843444	-51.747	-42.740	0.1267
50	17	tracking	-844.274994	69.117814	-265.035796	-26.747	-34.740	0.1245
50	18	tracking	-843.996985	69.119672	-265.179725	-26.747	-26.740	0.1327
50	19	tracking	-843.736548	69.110208	-265.282707	-26.747	-25.689	0.1198
50	20	tracking	-843.503661	69.089692	-265.346953	-1.747	-17.689	0.1192
50	21	tracking	-843.306471	69.057441	-265.380195	23.253	-9.689	0.1253
50	22	tracking	-843.145191	69.013712	-265.391281	37.878	-7.940	0.1146
50	23	tracking	-843.014309	68.959172	-265.384679	37.878	-7.940	0.1121
50	24	tracking	-842.913896	68.893367	-265.370498	62.878	-15.940	0.1120
50	25	tracking	-842.838965	68.812591	-265.351944	67.848	-23.940	0.1082
50	26	tracking	-842.784918	68.710794	-265.330235	67.848	-31.940	0.1288
50	27	tracking	-842.747976	68.580331	-265.306327	67.848	-39.940	0.1048
50	28	tracking	-842.722359	68.413578	-265.277157	42.848	-47.168	0.1118
50	29	tracking	-842.703166	68.212430	-265.239889	17.848	-47.168	0.1003
50	30	tracking	-842.684385	67.979417	-265.193297	-7.152	-47.168	0.0997
50	31	tracking	-842.659451	67.717385	-265.138738	-32.152	-47.168	0.1001
50	32	tracking	-842.635547	67.417861	-265.076675	-7.152	-55.168	0.1007
50	33	tracking	-842.618751	67.082339	-265.007394	17.848	-55.963	0.0960
50	34	tracking	-842.608698	66.713140	-264.930409	17.848	-55.963	0.0951
50	35	tracking	-842.605076	66.312632	-264.845246	17.848	-55.963	0.0915
50	36	landing	-842.618377	65.895972	-264.751546	42.848	-47.963	0.0234
51	0	corrected	-850.616709	68.934507	-257.060916	-139.104	-4.000	3.2539
51	1	tracking	-849.981949	68.888723	-257.607758	-164.104	1.163	0.1956
51	2	tracking	-849.429866	68.842369	-258.179164	170.896	-6.837	0.1858
51	3	tracking	-848.972546	68.805445	-258.757374	153.407	-14.837	0.1647
51	4	tracking	-848.566957	68.782183	-259.340311	178.407	-22.837	0.1841
51	5	tracking	-848.181262	68.774264	-259.915879	-156.593	-30.837	0.1677
51	6	tracking	-847.817748	68.781345	-260.480955	-159.186	-38.837	0.2955
51	7	tracking	-847.457051	68.800977	-261.020212	-134.186	-45.542	0.1646
51	8	tracking	-847.110916	68.830221	-261.544219	-150.375	-42.073	0.1743
51	9	tracking	-846.777709	68.865643	-262.054724	-150.375	-34.240	0.1649
51	10	tracking	-846.455765	68.903137	-262.553647	-150.375	-26.407	0.1669
51	11	tracking	-846.143186	68.938039	-263.043428	-150.375	-18.573	0.2293
51	12	tracking	-845.825329	68.973481	-263.507761	-125.375	-26.573	0.1558
51	13	tracking	-845.498286	69.009991	-263.929506	-100.375	-34.573	0.1620
51	14	tracking	-845.167706	69.045133	-264.295057	-75.375	-42.573	0.1653
51	15	tracking	-844.845456	69.073460	-264.597824	-50.375	-50.573	0.1794
51	16	tracking	-844.531625	69.093201	-264.846534	-51.747	-42.740	0.1453
51	17	tracking	-844.237287	69.103783	-265.038935	-26.747	-34.740	0.1516
51	18	tracking	-843.961212	69.104182	-265.182944	-26.747	-26.740	0.1603
51	19	tracking	-843.702515	69.093313	-265.286028	-26.747	-25.689	0.2135
51	20	tracking	-843.471178	69.071486	-265.350391	-1.747	-17.689	0.2678
51	21	tracking	-843.275360	69.038043	-265.383758	23.253	-9.689	0.2342
51	22	tracking	-843.115290	68.993237	-265.394972	37.878	-7.940	0.1986
51	23	tracking	-842.985475	68.937726	-265.388499	37.878	-7.940	0.1372
51	24	tracking	-842.885999	68.871019	-265.374439	62.878	-15.940	0.1353
51	25	tracking	-842.811890	68.789386	-265.355999	67.848	-23.940	0.1377
51	26	tracking	-842.758565	68.686754	-265.334395	67.848	-31.940	0.1318
51	27	tracking	-842.722258	68.555463	-265.310585	67.848	-39.940	0.1111
51	28	tracking	-842.697201	68.387884	-265.281508	42.848	-47.168	0.1148
51	29	tracking	-842.678506	68.185923	-265.244320	17.848	-47.168	0.1147
51	30	tracking	-842.660169	67.952122	-265.197789	-7.152	-47.168	0.1218
51	31	tracking	-842.635621	67.689333	-265.143270	-32.152	-47.168	0.1054
51	32	tracking	-842.612061	67.389073	-265.081234	-7.152	-55.168	0.1020
51	33	tracking	-842.595573	67.052835	-265.011968	17.848	-55.963	0.0992
51	34	tracking	-842.585800	66.682948	-264.934983	17.848	-55.963	0.0970
51	35	landing	-842.592411	66.294240	-264.849873	42.848	-47.963	0.0232
51	36	landing	-842.614515	65.888637	-264.756561	42.848	-47.963	0.0220
53	0	corrected	-850.616709	68.834507	-256.960916	-139.104	-4.000	11.7392
53	1	tracking	-849.981949	68.788464	-257.507761	-164.104	4.000	0.1174
53	2	tracking	-849.430267	68.733816	-258.081679	170.896	-2.003	0.1015
53	3	tracking	-848.974749	68.683499	-258.665015	153.407	-10.003	0.0909
53	4	tracking	-848.570864	68.644407	-259.255988	178.407	-18.003	0.0699
53	5	tracking	-848.185275	68.620151	-259.841978	-156.593	-26.003	0.0947
53	6	tracking	-847.820635	68.611845	-260.419547	-159.186	-34.003	0.0886
53	7	tracking	-847.456986	68.618096	-260.971830	-134.186	-42.003	0.0819
53	8	tracking	-847.107118	68.635867	-261.509384	-150.375	-40.073	0.0735
53	9	tracking	-846.769492	68.661369	-262.033878	-150.375	-32.740	0.0749
53	10	tracking	-846.442658	68.689950	-262.546942	-150.375	-25.407	0.0542
53	11	tracking	-846.125003	68.716373	-263.050586	-150.375	-18.073	0.0682
53	12	tracking	-845.801209	68.744548	-263.528276	-125.375	-26.073	0.0749
53	13	tracking	-845.467205	68.775375	-263.962229	-100.375	-34.073	0.0624
53	14	tracking	-845.129039	68.806484	-264.338295	-75.375	-42.073	0.0471
53	15	tracking	-844.799131	68.832418	-264.649687	-50.375	-50.073	0.0597
53	16	tracking	-844.477713	68.850918	-264.905479	-51.747	-42.740	0.0415
53	17	tracking	-844.176213	68.861106	-265.103396	-26.747	-34.740	0.0548
53	18	tracking	-843.893408	68.861659	-265.251627	-26.747	-26.740	0.0550
53	19	tracking	-843.628422	68.851358	-265.357893	-26.747	-25.689	0.0378
53	20	tracking	-843.391464	68.830305	-265.424517	-1.747	-17.689	0.0510
53	21	tracking	-843.190834	68.797675	-265.459446	23.253	-9.689	0.0333
53	22	tracking	-843.026720	68.753674	-265.471736	37.878	-7.940	0.0469
53	23	tracking	-842.893497	68.698945	-265.465971	37.878	-7.940	0.0293
53	24	tracking	-842.791195	68.633050	-265.452435	62.878	-15.940	0.0291
53	25	tracking	-842.714725	68.552285	-265.434397	67.848	-23.940	0.0349
53	26	tracking	-842.659409	68.450589	-265.413107	67.848	-31.940	0.0266
53	27	tracking	-842.621404	68.320301	-265.389544	67.848	-39.940	0.0317
53	28	tracking	-842.594870	68.153778	-265.360649	42.848	-47.168	0.0229
53	29	tracking	-842.574866	67.952883	-265.323606	17.848	-47.168	0.0227
53	30	tracking	-842.555363	67.720122	-265.277213	-7.152	-47.168	0.0267
53	31	tracking	-842.529787	67.458334	-265.222834	-32.152	-47.168	0.1701
53	32	tracking	-842.505312	67.159053	-265.160931	-7.152	-55.168	0.1479
53	33	tracking	-842.488005	66.823767	-265.091795	17.848	-55.963	0.0412
53	34	landing	-842.478925	66.466858	-265.010505	17.848	-47.963	0.0814
53	35	landing	-842.477673	66.090688	-264.916837	17.848	-47.963	0.0150
53	36	landing	-842.483896	65.697596	-264.810587	17.848	-47.963	0.0130
54	0	corrected	-850.716709	68.934507	-256.960916	-139.104	-4.000	10.1663
54	1	tracking	-850.081949	68.888464	-257.507761	-164.104	4.000	0.1210
54	2	tracking	-849.530267	68.833816	-258.081679	170.896	-2.003	0.1014
54	3	tracking	-849.074749	68.783499	-258.665015	153.407	-10.003	0.0976
54	4	tracking	-848.670864	68.744407	-259.255988	178.407	-18.003	0.0993
54	5	tracking	-848.285275	68.720151	-259.841978	-156.593	-26.003	0.0890
54	6	tracking	-847.920635	68.711845	-260.419547	-159.186	-34.003	0.0827
54	7	tracking	-847.556986	68.718096	-260.971830	-134.186	-42.003	0.0862
54	8	tracking	-847.207118	68.735867	-261.509384	-150.375	-40.073	0.0829
54	9	tracking	-846.869492	68.761369	-262.033878	-150.375	-32.740	0.0811
54	10	tracking	-846.542658	68.789950	-262.546942	-150.375	-25.407	0.1116
54	11	tracking	-846.225003	68.816373	-263.050586	-150.375	-18.073	0.0740
54	12	tracking	-845.901209	68.844548	-263.528276	-125.375	-26.073	0.1140
54	13	tracking	-845.567205	68.875375	-263.962229	-100.375	-34.073	0.0609
54	14	tracking	-845.229039	68.906484	-264.338295	-75.375	-42.073	0.0698
54	15	tracking	-844.899131	68.932418	-264.649687	-50.375	-50.073	0.0667
54	16	tracking	-844.577713	68.950918	-264.905479	-51.747	-42.740	0.0660
54	17	tracking	-844.276213	68.961106	-265.103396	-26.747	-34.740	0.1139
54	18	tracking	-843.993408	68.961659	-265.251627	-26.747	-26.740	0.1772
54	19	tracking	-843.728422	68.951358	-265.357893	-26.747	-25.689	0.1392
54	20	tracking	-843.491464	68.930305	-265.424517	-1.747	-17.689	0.0981
54	21	tracking	-843.290834	68.897675	-265.459446	23.253	-9.689	0.1129
54	22	tracking	-843.126720	68.853674	-265.471736	37.878	-7.940	0.0802
54	23	tracking	-842.993497	68.798945	-265.465971	37.878	-7.940	0.1272
54	24	tracking	-842.891195	68.733050	-265.452435	62.878	-15.940	0.0642
54	25	tracking	-842.814725	68.652285	-265.434397	67.848	-23.940	0.0588
54	26	tracking	-842.759409	68.550589	-265.413107	67.848	-31.940	0.0462
54	27	tracking	-842.721404	68.420301	-265.389544	67.848	-39.940	0.0350
54	28	tracking	-842.694870	68.253778	-265.360649	42.848	-47.168	0.0314
54	29	tracking	-842.674866	68.052883	-265.323606	17.848	-47.168	0.2120
54	30	tracking	-842.655363	67.820122	-265.277213	-7.152	-47.168	0.0575
54	31	tracking	-842.629787	67.558334	-265.222834	-32.152	-47.168	0.0842
54	32	tracking	-842.605312	67.259053	-265.160931	-7.152	-55.168	0.0453
54	33	tracking	-842.588005	66.923767	-265.091795	17.848	-55.963	0.0415
54	34	landing	-842.578925	66.566858	-265.010505	17.848	-47.963	0.0716
54	35	landing	-842.577673	66.190688	-264.916837	17.848	-47.963	0.0382
54	36	landing	-842.583896	65.797596	-264.810587	17.848	-47.963	0.0306
55	0	corrected	-850.616709	68.934507	-256.960916	-139.104	-4.000	9.8237
55	1	tracking	-849.981949	68.888464	-257.507761	-164.104	4.000	0.1596
55	2	tracking	-849.430267	68.833816	-258.081679	170.896	-2.003	0.1201
55	3	tracking	-848.974749	68.783499	-258.665015	153.407	-10.003	0.0901
55	4	tracking	-848.570864	68.744407	-259.255988	178.407	-18.003	0.1251
55	5	tracking	-848.185275	68.720151	-259.841978	-156.593	-26.003	0.0839
55	6	tracking	-847.820635	68.711845	-260.419547	-159.186	-34.003	0.0784
55	7	tracking	-847.456986	68.718096	-260.971830	-134.186	-42.003	0.0730
55	8	tracking	-847.107118	68.735867	-261.509384	-150.375	-40.073	0.0697
55	9	tracking	-846.769492	68.761369	-262.033878	-150.375	-32.740	0.0611
55	10	tracking	-846.442658	68.789950	-262.546942	-150.375	-25.407	0.0665
55	11	tracking	-846.125003	68.816373	-263.050586	-150.375	-18.073	0.0615
55	12	tracking	-845.801209	68.844548	-263.528276	-125.375	-26.073	0.0627
55	13	tracking	-845.467205	68.875375	-263.962229	-100.375	-34.073	0.0475
55	14	tracking	-845.129039	68.906484	-264.338295	-75.375	-42.073	0.0588
55	15	tracking	-844.799131	68.932418	-264.649687	-50.375	-50.073	0.0554
55	16	tracking	-844.477713	68.950918	-264.905479	-51.747	-42.740	0.0447
55	17	tracking	-844.176213	68.961106	-265.103396	-26.747	-34.740	0.0530
55	18	tracking	-843.893408	68.961659	-265.251627	-26.747	-26.740	0.0397
55	19	tracking	-843.628422	68.951358	-265.357893	-26.747	-25.689	0.0460
55	20	tracking	-843.391464	68.930305	-265.424517	-1.747	-17.689	0.0356
55	21	tracking	-843.190834	68.897675	-265.459446	23.253	-9.689	0.0555
55	22	tracking	-843.026720	68.853674	-265.471736	37.878	-7.940	0.0360
55	23	tracking	-842.893497	68.798945	-265.465971	37.878	-7.940	0.0507
55	24	tracking	-842.791195	68.733050	-265.452435	62.878	-15.940	0.0427
55	25	tracking	-842.714725	68.652285	-265.434397	67.848	-23.940	0.0455
55	26	tracking	-842.659409	68.550589	-265.413107	67.848	-31.940	0.0317
55	27	tracking	-842.621404	68.420301	-265.389544	67.848	-39.940	0.0299
55	28	tracking	-842.594870	68.253778	-265.360649	42.848	-47.168	0.0262
55	29	tracking	-842.574866	68.052883	-265.323606	17.848	-47.168	0.0240
55	30	tracking	-842.555363	67.820122	-265.277213	-7.152	-47.168	0.0207
55	31	tracking	-842.529787	67.558334	-265.222834	-32.152	-47.168	0.0182
55	32	tracking	-842.505312	67.259053	-265.160931	-7.152	-55.168	0.0183
55	33	tracking	-842.488005	66.923767	-265.091795	17.848	-55.963	0.0227
55	34	landing	-842.478925	66.566858	-265.010505	17.848	-47.963	0.0135
55	35	landing	-842.477673	66.190688	-264.916837	17.848	-47.963	0.0207
55	36	landing	-842.483896	65.797596	-264.810587	17.848	-47.963	0.0122
56	0	tracking	-850.678997	68.834794	-257.063308	-139.104	-4.000	0.2649
56	1	tracking	-850.009883	68.790584	-257.614926	-164.104	-0.670	0.2057
56	2	tracking	-849.427453	68.749000	-258.192225	170.896	-8.670	0.2199
56	3	tracking	-848.943531	68.719300	-258.776562	153.407	-16.670	0.1803
56	4	tracking	-848.514255	68.704942	-259.365431	178.407	-24.670	0.1814
56	5	tracking	-848.107379	68.707082	-259.946458	-156.593	-32.670	0.1729
56	6	tracking	-847.724965	68.725037	-260.516470	-159.186	-40.670	0.1756
56	7	tracking	-847.347185	68.756111	-261.060362	-134.186	-46.375	0.1701
56	8	tracking	-846.985700	68.797133	-261.588727	-150.375	-42.740	0.2335
56	9	tracking	-846.638714	68.844402	-262.103292	-150.375	-34.740	0.2584
56	10	tracking	-846.304098	68.894250	-262.606528	-150.375	-26.740	0.1700
56	11	tracking	-845.979800	68.941787	-263.100904	-150.375	-18.740	0.3570
56	12	tracking	-845.650855	68.990240	-263.569790	-125.375	-26.740	0.3310
56	13	tracking	-845.313430	69.039973	-263.995685	-100.375	-34.740	0.4683
56	14	tracking	-844.973452	69.088285	-264.364894	-75.375	-42.740	0.3199
56	15	tracking	-844.642718	69.129828	-264.670829	-50.375	-50.740	0.3052
56	16	tracking	-844.321335	69.162534	-264.922367	-51.747	-42.740	0.3323
56	17	tracking	-844.020346	69.185513	-265.117445	-26.747	-34.740	0.2587
56	18	tracking	-843.738479	69.197489	-265.264104	-26.747	-26.740	0.2310
56	19	tracking	-843.474760	69.197390	-265.369824	-26.747	-25.689	0.1341
56	20	tracking	-843.238959	69.185375	-265.436908	-1.747	-17.689	0.1397
56	21	tracking	-843.039014	69.160720	-265.473050	23.253	-9.689	0.1434
56	22	tracking	-842.875058	69.123759	-265.487005	37.878	-7.940	0.1344
56	23	tracking	-842.741595	69.075253	-265.483212	37.878	-7.940	0.1198
56	24	tracking	-842.638636	69.014899	-265.471659	62.878	-15.940	0.1162
56	25	tracking	-842.561231	68.939131	-265.455531	67.848	-23.940	0.1308
56	26	tracking	-842.504822	68.842012	-265.436048	67.848	-31.940	0.1532
56	27	tracking	-842.465651	68.715979	-265.414174	67.848	-39.940	0.1108
56	28	tracking	-842.437965	68.553448	-265.386904	42.848	-47.168	0.1308
56	29	tracking	-842.416877	68.356249	-265.351491	17.848	-47.168	0.1132
56	30	tracking	-842.396434	68.126862	-265.306765	-7.152	-47.168	0.1316
56	31	tracking	-842.370140	67.868121	-265.254060	-32.152	-47.168	0.1322
56	32	tracking	-842.345045	67.571607	-265.193819	-7.152	-55.168	0.1184
56	33	tracking	-842.327135	67.238811	-265.126324	17.848	-55.963	0.1200
56	34	landing	-842.325107	66.884099	-265.051170	42.848	-47.963	0.0246
56	35	landing	-842.338087	66.509369	-264.968265	42.848	-47.963	0.0334
56	36	landing	-842.365415	66.116716	-264.877403	42.848	-47.963	0.0208
56	37	landing	-842.406554	65.708306	-264.778344	42.848	-47.963	0.0167
57	0	tracking	-850.578997	68.834794	-257.063308	-139.104	-4.000	0.2678
57	1	tracking	-849.909883	68.790584	-257.614926	-164.104	-0.670	0.1997
57	2	tracking	-849.327453	68.749000	-258.192225	170.896	-8.670	0.3180
57	3	tracking	-848.843531	68.719300	-258.776562	153.407	-16.670	0.4931
57	4	tracking	-848.414255	68.704942	-259.365431	178.407	-24.670	0.2827
57	5	tracking	-848.007379	68.707082	-259.946458	-156.593	-32.670	0.2146
57	6	tracking	-847.624965	68.725037	-260.516470	-159.186	-40.670	0.1762
57	7	tracking	-847.247185	68.756111	-261.060362	-134.186	-46.375	0.1782
57	8	tracking	-846.885700	68.797133	-261.588727	-150.375	-42.740	0.1984
57	9	tracking	-846.538714	68.844402	-262.103292	-150.375	-34.740	0.1727
57	10	tracking	-846.204098	68.894250	-262.606528	-150.375	-26.740	1.2575
57	11	tracking	-845.879800	68.941787	-263.100904	-150.375	-18.740	0.1661
57	12	tracking	-845.550855	68.990240	-263.569790	-125.375	-26.740	0.1256
57	13	tracking	-845.213430	69.039973	-263.995685	-100.375	-34.740	0.1212
57	14	tracking	-844.873452	69.088285	-264.364894	-75.375	-42.740	0.1195
57	15	tracking	-844.542718	69.129828	-264.670829	-50.375	-50.740	0.1447
57	16	tracking	-844.221335	69.162534	-264.922367	-51.747	-42.740	0.1126
57	17	tracking	-843.920346	69.185513	-265.117445	-26.747	-34.740	0.1130
57	18	tracking	-843.638479	69.197489	-265.264104	-26.747	-26.740	0.1095
57	19	tracking	-843.374760	69.197390	-265.369824	-26.747	-25.689	0.1059
57	20	tracking	-843.138959	69.185375	-265.436908	-1.747	-17.689	0.1099
57	21	tracking	-842.939014	69.160720	-265.473050	23.253	-9.689	0.1017
57	22	tracking	-842.775058	69.123759	-265.487005	37.878	-7.940	0.0996
57	23	tracking	-842.641595	69.075253	-265.483212	37.878	-7.940	0.0982
57	24	tracking	-842.538636	69.014899	-265.471659	62.878	-15.940	0.1137
57	25	tracking	-842.461231	68.939131	-265.455531	67.848	-23.940	0.1002
57	26	tracking	-842.404822	68.842012	-265.436048	67.848	-31.940	0.0969
57	27	tracking	-842.365651	68.715979	-265.414174	67.848	-39.940	0.0906
57	28	tracking	-842.337965	68.553448	-265.386904	42.848	-47.168	0.0894
57	29	tracking	-842.316877	68.356249	-265.351491	17.848	-47.168	0.1021
57	30	tracking	-842.296434	68.126862	-265.306765	-7.152	-47.168	0.1019
57	31	tracking	-842.270140	67.868121	-265.254060	-32.152	-47.168	0.0852
57	32	tracking	-842.245045	67.571607	-265.193819	-7.152	-55.168	0.0865
57	33	tracking	-842.227135	67.238811	-265.126324	17.848	-55.963	0.0827
57	34	landing	-842.225107	66.884099	-265.051170	42.848	-47.963	0.0234
57	35	landing	-842.238087	66.509369	-264.968265	42.848	-47.963	0.0207
57	36	landing	-842.265415	66.116716	-264.877403	42.848	-47.963	0.0191
57	37	landing	-842.306554	65.708306	-264.778344	42.848	-47.963	0.0170
58	0	tracking	-850.678997	68.934794	-257.063308	-139.104	-4.000	0.2287
58	1	tracking	-850.009883	68.890584	-257.614926	-164.104	-0.670	0.1672
58	2	tracking	-849.427453	68.849000	-258.192225	170.896	-8.670	0.2647
58	3	tracking	-848.943531	68.819300	-258.776562	153.407	-16.670	0.1740
58	4	tracking	-848.514255	68.804942	-259.365431	178.407	-24.670	0.1443
58	5	tracking	-848.107379	68.807082	-259.946458	-156.593	-32.670	0.1604
58	6	tracking	-847.724965	68.825037	-260.516470	-159.186	-40.670	0.1364
58	7	tracking	-847.347185	68.856111	-261.060362	-134.186	-46.375	0.1300
58	8	tracking	-846.985700	68.897133	-261.588727	-150.375	-42.740	0.2641
58	9	tracking	-846.638714	68.944402	-262.103292	-150.375	-34.740	0.1726
58	10	tracking	-846.304098	68.994250	-262.606528	-150.375	-26.740	0.1299
58	11	tracking	-845.979800	69.041787	-263.100904	-150.375	-18.740	0.3853
58	12	tracking	-845.650855	69.090240	-263.569790	-125.375	-26.740	0.1797
58	13	tracking	-845.313430	69.139973	-263.995685	-100.375	-34.740	0.2479
58	14	tracking	-844.973452	69.188285	-264.364894	-75.375	-42.740	0.1939
58	15	tracking	-844.642718	69.229828	-264.670829	-50.375	-50.740	0.2227
58	16	tracking	-844.321335	69.262534	-264.922367	-51.747	-42.740	0.1853
58	17	tracking	-844.020346	69.285513	-265.117445	-26.747	-34.740	0.1808
58	18	tracking	-843.738479	69.297489	-265.264104	-26.747	-26.740	0.1559
58	19	tracking	-843.474760	69.297390	-265.369824	-26.747	-25.689	0.1654
58	20	tracking	-843.238959	69.285375	-265.436908	-1.747	-17.689	0.2057
58	21	tracking	-843.039014	69.260720	-265.473050	23.253	-9.689	0.1667
58	22	tracking	-842.875058	69.223759	-265.487005	37.878	-7.940	0.1474
58	23	tracking	-842.741595	69.175253	-265.483212	37.878	-7.940	0.2043
58	24	tracking	-842.638636	69.114899	-265.471659	62.878	-15.940	0.1827
58	25	tracking	-842.561231	69.039131	-265.455531	67.848	-23.940	0.1921
58	26	tracking	-842.504822	68.942012	-265.436048	67.848	-31.940	0.1571
58	27	tracking	-842.465651	68.815979	-265.414174	67.848	-39.940	0.1450
58	28	tracking	-842.437965	68.653448	-265.386904	42.848	-47.168	0.1430
58	29	tracking	-842.416877	68.456249	-265.351491	17.848	-47.168	0.1447
58	30	tracking	-842.396434	68.226862	-265.306765	-7.152	-47.168	0.1241
58	31	tracking	-842.370140	67.968121	-265.254060	-32.152	-47.168	0.1231
58	32	tracking	-842.345045	67.671607	-265.193819	-7.152	-55.168	0.1165
58	33	tracking	-842.327135	67.338811	-265.126324	17.848	-55.963	0.2024
58	34	landing	-842.325107	66.984099	-265.051170	42.848	-47.963	0.0429
58	35	landing	-842.338087	66.609369	-264.968265	42.848	-47.963	0.0184
58	36	landing	-842.365415	66.216716	-264.877403	42.848	-47.963	0.0159
58	37	landing	-842.406554	65.808306	-264.778344	42.848	-47.963	0.0287
59	0	tracking	-850.578997	68.934794	-257.063308	-139.104	-4.000	0.3705
59	1	tracking	-849.909883	68.890584	-257.614926	-164.104	-0.670	0.2663
59	2	tracking	-849.327453	68.849000	-258.192225	170.896	-8.670	0.2040
59	3	tracking	-848.843531	68.819300	-258.776562	153.407	-16.670	0.1572
59	4	tracking	-848.414255	68.804942	-259.365431	178.407	-24.670	0.1414
59	5	tracking	-848.007379	68.807082	-259.946458	-156.593	-32.670	0.1472
59	6	tracking	-847.624965	68.825037	-260.516470	-159.186	-40.670	0.1510
59	7	tracking	-847.247185	68.856111	-261.060362	-134.186	-46.375	0.1363
59	8	tracking	-846.885700	68.897133	-261.588727	-150.375	-42.740	0.1336
59	9	tracking	-846.538714	68.944402	-262.103292	-150.375	-34.740	0.1260
59	10	tracking	-846.204098	68.994250	-262.606528	-150.375	-26.740	0.1320
59	11	tracking	-845.879800	69.041787	-263.100904	-150.375	-18.740	0.1159
59	12	tracking	-845.550855	69.090240	-263.569790	-125.375	-26.740	0.1155
59	13	tracking	-845.213430	69.139973	-263.995685	-100.375	-34.740	0.1096
59	14	tracking	-844.873452	69.188285	-264.364894	-75.375	-42.740	0.1129
59	15	tracking	-844.542718	69.229828	-264.670829	-50.375	-50.740	0.1200
59	16	tracking	-844.221335	69.262534	-264.922367	-51.747	-42.740	0.1047
59	17	tracking	-843.920346	69.285513	-265.117445	-26.747	-34.740	0.1047
59	18	tracking	-843.638479	69.297489	-265.264104	-26.747	-26.740	0.0985
59	19	tracking	-843.374760	69.297390	-265.369824	-26.747	-25.689	0.0972
59	20	tracking	-843.138959	69.285375	-265.436908	-1.747	-17.689	0.0944
59	21	tracking	-842.939014	69.260720	-265.473050	23.253	-9.689	0.0921
59	22	tracking	-842.775058	69.223759	-265.487005	37.878	-7.940	0.0920
59	23	tracking	-842.641595	69.175253	-265.483212	37.878	-7.940	0.1030
59	24	tracking	-842.538636	69.114899	-265.471659	62.878	-15.940	0.1772
59	25	tracking	-842.461231	69.039131	-265.455531	67.848	-23.940	0.1678
59	26	tracking	-842.404822	68.942012	-265.436048	67.848	-31.940	0.1720
59	27	tracking	-842.365651	68.815979	-265.414174	67.848	-39.940	0.1466
59	28	tracking	-842.337965	68.653448	-265.386904	42.848	-47.168	0.1290
59	29	tracking	-842.316877	68.456249	-265.351491	17.848	-47.168	0.1177
59	30	tracking	-842.296434	68.226862	-265.306765	-7.152	-47.168	0.1337
59	31	tracking	-842.270140	67.968121	-265.254060	-32.152	-47.168	0.1158
59	32	tracking	-842.245045	67.671607	-265.193819	-7.152	-55.168	0.1021
59	33	tracking	-842.227135	67.338811	-265.126324	17.848	-55.963	0.0810
59	34	landing	-842.225107	66.984099	-265.051170	42.848	-47.963	0.0498
59	35	landing	-842.238087	66.609369	-264.968265	42.848	-47.963	0.0181
59	36	landing	-842.265415	66.216716	-264.877403	42.848	-47.963	0.0182
59	37	landing	-842.306554	65.808306	-264.778344	42.848	-47.963	0.0162
60	0	corrected	-850.678997	68.834794	-256.963308	-139.104	-4.000	3.1119
60	1	tracking	-850.009782	68.789263	-257.515283	-164.104	1.163	0.1660
60	2	tracking	-849.427439	68.743575	-258.094015	170.896	-6.837	0.1447
60	3	tracking	-848.944198	68.708093	-258.680830	153.407	-14.837	0.1404
60	4	tracking	-848.515565	68.687243	-259.273280	178.407	-22.837	0.1331
60	5	tracking	-848.108724	68.682870	-259.858743	-156.593	-30.837	0.1252
60	6	tracking	-847.725889	68.694795	-260.433895	-159.186	-38.837	0.1203
60	7	tracking	-847.347126	68.720644	-260.982957	-134.186	-45.542	0.1149
60	8	tracking	-846.984368	68.757180	-261.516628	-150.375	-42.073	0.1389
60	9	tracking	-846.635895	68.800480	-262.036543	-150.375	-34.240	0.1121
60	10	tracking	-846.299679	68.846601	-262.545027	-150.375	-26.407	0.1017
60	11	tracking	-845.973699	68.890590	-263.044531	-150.375	-18.573	0.0950
60	12	tracking	-845.642857	68.935803	-263.518269	-125.375	-26.573	0.0881
60	13	tracking	-845.303303	68.982708	-263.948567	-100.375	-34.573	0.0600
60	14	tracking	-844.961015	69.028710	-264.321592	-75.375	-42.573	0.0600
60	15	tracking	-844.627895	69.068550	-264.630655	-50.375	-50.573	0.0705
60	16	tracking	-844.304095	69.100007	-264.884752	-51.747	-42.740	0.0511
60	17	tracking	-844.000795	69.122094	-265.081797	-26.747	-34.740	0.0518
60	18	tracking	-843.716729	69.133435	-265.229930	-26.747	-26.740	0.0461
60	19	tracking	-843.450930	69.132907	-265.336725	-26.747	-25.689	0.0442
60	20	tracking	-843.213269	69.120599	-265.404527	-1.747	-17.689	0.0416
60	21	tracking	-843.011750	69.095726	-265.441116	23.253	-9.689	0.0421
60	22	tracking	-842.846496	69.058602	-265.455333	37.878	-7.940	0.0388
60	23	tracking	-842.711962	69.009974	-265.451665	37.878	-7.940	0.0359
60	24	tracking	-842.608142	68.949548	-265.440175	62.878	-15.940	0.0454
60	25	tracking	-842.530042	68.873758	-265.424074	67.848	-23.940	0.0500
60	26	tracking	-842.473065	68.776665	-265.404594	67.848	-31.940	0.0359
60	27	tracking	-842.433424	68.650699	-265.382708	67.848	-39.940	0.0307
60	28	tracking	-842.405339	68.488268	-265.355408	42.848	-47.168	0.0299
60	29	tracking	-842.383899	68.291191	-265.319950	17.848	-47.168	0.0276
60	30	tracking	-842.363143	68.061938	-265.275173	-7.152	-47.168	0.0274
60	31	tracking	-842.336565	67.803340	-265.222417	-32.152	-47.168	0.0490
60	32	tracking	-842.311217	67.506978	-265.162122	-7.152	-55.168	0.0311
60	33	tracking	-842.293084	67.174343	-265.094573	17.848	-55.963	0.0277
60	34	tracking	-842.281785	66.807744	-265.019298	17.848	-55.963	0.0412
60	35	tracking	-842.276999	66.409546	-264.935827	17.848	-55.963	0.0248
60	36	landing	-842.280119	65.994897	-264.838521	17.848	-47.963	0.0227
61	0	corrected	-850.578997	68.834794	-256.963308	-139.104	-4.000	3.9433
61	1	tracking	-849.909782	68.789263	-257.515283	-164.104	1.163	0.1239
61	2	tracking	-849.327439	68.743575	-258.094015	170.896	-6.837	0.0939
61	3	tracking	-848.844198	68.708093	-258.680830	153.407	-14.837	0.0873
61	4	tracking	-848.415565	68.687243	-259.273280	178.407	-22.837	0.0843
61	5	tracking	-848.008724	68.682870	-259.858743	-156.593	-30.837	0.0759
61	6	tracking	-847.625889	68.694795	-260.433895	-159.186	-38.837	0.0725
61	7	tracking	-847.247126	68.720644	-260.982957	-134.186	-45.542	0.0708
61	8	tracking	-846.884368	68.757180	-261.516628	-150.375	-42.073	0.0691
61	9	tracking	-846.535895	68.800480	-262.036543	-150.375	-34.240	0.0685
61	10	tracking	-846.199679	68.846601	-262.545027	-150.375	-26.407	0.0798
61	11	tracking	-845.873699	68.890590	-263.044531	-150.375	-18.573	0.0651
61	12	tracking	-845.542857	68.935803	-263.518269	-125.375	-26.573	0.0600
61	13	tracking	-845.203303	68.982708	-263.948567	-100.375	-34.573	0.0592
61	14	tracking	-844.861015	69.028710	-264.321592	-75.375	-42.573	0.0561
61	15	tracking	-844.527895	69.068550	-264.630655	-50.375	-50.573	0.0537
61	16	tracking	-844.204095	69.100007	-264.884752	-51.747	-42.740	0.0509
61	17	tracking	-843.900795	69.122094	-265.081797	-26.747	-34.740	0.0493
61	18	tracking	-843.616729	69.133435	-265.229930	-26.747	-26.740	0.0465
61	19	tracking	-843.350930	69.132907	-265.336725	-26.747	-25.689	0.0457
61	20	tracking	-843.113269	69.120599	-265.404527	-1.747	-17.689	0.0416
61	21	tracking	-842.911750	69.095726	-265.441116	23.253	-9.689	0.0403
61	22	tracking	-842.746496	69.058602	-265.455333	37.878	-7.940	0.0390
61	23	tracking	-842.611962	69.009974	-265.451665	37.878	-7.940	0.0364
61	24	tracking	-842.508142	68.949548	-265.440175	62.878	-15.940	0.0358
61	25	tracking	-842.430042	68.873758	-265.424074	67.848	-23.940	0.0338
61	26	tracking	-842.373065	68.776665	-265.404594	67.848	-31.940	0.0328
61	27	tracking	-842.333424	68.650699	-265.382708	67.848	-39.940	0.0417
61	28	tracking	-842.305339	68.488268	-265.355408	42.848	-47.168	0.0309
61	29	tracking	-842.283899	68.291191	-265.319950	17.848	-47.168	0.0269
61	30	tracking	-842.263143	68.061938	-265.275173	-7.152	-47.168	0.0275
61	31	tracking	-842.236565	67.803340	-265.222417	-32.152	-47.168	0.0251
61	32	tracking	-842.211217	67.506978	-265.162122	-7.152	-55.168	0.0229
61	33	tracking	-842.193084	67.174343	-265.094573	17.848	-55.963	0.0210
61	34	tracking	-842.181785	66.807744	-265.019298	17.848	-55.963	0.0227
61	35	tracking	-842.176999	66.409546	-264.935827	17.848	-55.963	0.0174
61	36	landing	-842.180119	65.994897	-264.838521	17.848	-47.963	0.0170
62	0	corrected	-850.678997	68.934794	-256.963308	-139.104	-4.000	6.6683
62	1	tracking	-850.009781	68.889128	-257.515285	-164.104	2.997	0.2191
62	2	tracking	-849.427596	68.840249	-258.095006	170.896	-5.003	0.2421
62	3	tracking	-848.945055	68.799651	-258.683818	153.407	-13.003	0.1772
62	4	tracking	-848.517082	68.772773	-259.279369	178.407	-21.003	0.1693
62	5	tracking	-848.110299	68.762185	-259.868818	-156.593	-29.003	0.1607
62	6	tracking	-847.727064	68.768250	-260.448711	-159.186	-37.003	0.1454
62	7	tracking	-847.347345	68.788992	-261.002580	-134.186	-44.708	0.1415
62	8	tracking	-846.983345	68.821117	-261.541220	-150.375	-41.407	0.1440
62	9	tracking	-846.633374	68.860587	-262.066250	-150.375	-33.740	0.1418
62	10	tracking	-846.295557	68.903096	-262.579761	-150.375	-26.073	0.1345
62	11	tracking	-845.967901	68.943640	-263.084183	-150.375	-18.407	0.1332
62	12	tracking	-845.635178	68.985698	-263.562579	-125.375	-26.407	0.1291
62	13	tracking	-845.293520	69.029845	-263.997104	-100.375	-34.407	0.1552
62	14	tracking	-844.948860	69.073696	-264.373766	-75.375	-42.407	0.1236
62	15	tracking	-844.613308	69.111974	-264.685806	-50.375	-50.407	0.1253
62	16	tracking	-844.287058	69.142307	-264.942332	-51.747	-42.740	0.1265
62	17	tracking	-843.981424	69.163612	-265.141240	-26.747	-34.740	0.1192
62	18	tracking	-843.695141	69.174416	-265.290763	-26.747	-26.740	0.1103
62	19	tracking	-843.427252	69.173546	-265.398568	-26.747	-25.689	0.1077
62	20	tracking	-843.187722	69.161020	-265.467038	-1.747	-17.689	0.1035
62	21	tracking	-842.984617	69.135998	-265.504035	23.253	-9.689	0.1017
62	22	tracking	-842.818052	69.098770	-265.518485	37.878	-7.940	0.1000
62	23	tracking	-842.682433	69.050073	-265.514918	37.878	-7.940	0.0998
62	24	tracking	-842.577737	68.989623	-265.503472	62.878	-15.940	0.1100
62	25	tracking	-842.498927	68.913855	-265.487381	67.848	-23.940	0.1016
62	26	tracking	-842.441366	68.816829	-265.467890	67.848	-31.940	0.1005
62	27	tracking	-842.401241	68.690969	-265.445980	67.848	-39.940	0.0984
62	28	tracking	-842.372743	68.528677	-265.418638	42.848	-47.168	0.1022
62	29	tracking	-842.350942	68.331760	-265.383126	17.848	-47.168	0.0925
62	30	tracking	-842.329861	68.102679	-265.338290	-7.152	-47.168	0.0934
62	31	tracking	-842.302992	67.844258	-265.285475	-32.152	-47.168	0.0896
62	32	tracking	-842.277382	67.548083	-265.225121	-7.152	-55.168	0.0887
62	33	tracking	-842.259018	67.215642	-265.157514	17.848	-55.963	0.0965
62	34	landing	-842.256585	66.861282	-265.082258	42.848	-47.963	0.0278
62	35	landing	-842.269201	66.486892	-264.999267	42.848	-47.963	0.0234
62	36	landing	-842.296197	66.094561	-264.908337	42.848	-47.963	0.0218
62	37	landing	-842.337031	65.686450	-264.809227	42.848	-47.963	0.0224
63	0	corrected	-850.578997	68.934794	-256.963308	-139.104	-4.000	6.0230
63	1	tracking	-849.909781	68.889128	-257.515285	-164.104	2.997	0.1884
63	2	tracking	-849.327596	68.840249	-258.095006	170.896	-5.003	0.1711
63	3	tracking	-848.845055	68.799651	-258.683818	153.407	-13.003	0.1627
63	4	tracking	-848.417082	68.772773	-259.279369	178.407	-21.003	0.1564
63	5	tracking	-848.010299	68.762185	-259.868818	-156.593	-29.003	0.1510
63	6	tracking	-847.627064	68.768250	-260.448711	-159.186	-37.003	0.1503
63	7	tracking	-847.247345	68.788992	-261.002580	-134.186	-44.708	0.1429
63	8	tracking	-846.883345	68.821117	-261.541220	-150.375	-41.407	0.1424
63	9	tracking	-846.533374	68.860587	-262.066250	-150.375	-33.740	0.1519
63	10	tracking	-846.195557	68.903096	-262.579761	-150.375	-26.073	0.1657
63	11	tracking	-845.867901	68.943640	-263.084183	-150.375	-18.407	0.1733
63	12	tracking	-845.535178	68.985698	-263.562579	-125.375	-26.407	0.1275
63	13	tracking	-845.193520	69.029845	-263.997104	-100.375	-34.407	0.1327
63	14	tracking	-844.848860	69.073696	-264.373766	-75.375	-42.407	0.1266
63	15	tracking	-844.513308	69.111974	-264.685806	-50.375	-50.407	0.1265
63	16	tracking	-844.187058	69.142307	-264.942332	-51.747	-42.740	0.1172
63	17	tracking	-843.881424	69.163612	-265.141240	-26.747	-34.740	0.1326
63	18	tracking	-843.595141	69.174416	-265.290763	-26.747	-26.740	0.1190
63	19	tracking	-843.327252	69.173546	-265.398568	-26.747	-25.689	0.1316
63	20	tracking	-843.087722	69.161020	-265.467038	-1.747	-17.689	0.1386
63	21	tracking	-842.884617	69.135998	-265.504035	23.253	-9.689	0.1093
63	22	tracking	-842.718052	69.098770	-265.518485	37.878	-7.940	0.1084
63	23	tracking	-842.582433	69.050073	-265.514918	37.878	-7.940	0.1122
63	24	tracking	-842.477737	68.989623	-265.503472	62.878	-15.940	0.1063
63	25	tracking	-842.398927	68.913855	-265.487381	67.848	-23.940	0.1067
63	26	tracking	-842.341366	68.816829	-265.467890	67.848	-31.940	0.1127
63	27	tracking	-842.301241	68.690969	-265.445980	67.848	-39.940	0.0999
63	28	tracking	-842.272743	68.528677	-265.418638	42.848	-47.168	0.1002
63	29	tracking	-842.250942	68.331760	-265.383126	17.848	-47.168	0.0991
63	30	tracking	-842.229861	68.102679	-265.338290	-7.152	-47.168	0.0964
63	31	tracking	-842.202992	67.844258	-265.285475	-32.152	-47.168	0.0937
63	32	tracking	-842.177382	67.548083	-265.225121	-7.152	-55.168	0.0960
63	33	tracking	-842.159018	67.215642	-265.157514	17.848	-55.963	0.0905
63	34	landing	-842.156585	66.861282	-265.082258	42.848	-47.963	0.0287
63	35	landing	-842.169201	66.486892	-264.999267	42.848	-47.963	0.0244
63	36	landing	-842.196197	66.094561	-264.908337	42.848	-47.963	0.0251
63	37	landing	-842.237031	65.686450	-264.809227	42.848	-47.963	0.0290
