-1	0	tracking	-850.645964	68.867102	-257.032114	-139.104	-4.000	5.9001
-1	1	tracking	-849.991601	68.807284	-257.601772	-164.104	-0.670	0.8343
-1	2	tracking	-849.422535	68.751906	-258.196524	170.896	-8.670	0.5470
-1	3	tracking	-848.951149	68.710040	-258.797665	153.407	-16.670	0.5136
-1	4	tracking	-848.533079	68.685017	-259.402840	178.407	-24.670	0.4892
-1	5	tracking	-848.135704	68.677907	-259.999512	-156.593	-32.670	0.4856
-1	6	tracking	-847.761383	68.687936	-260.584443	-159.186	-40.670	0.5675
-1	7	tracking	-847.390151	68.712344	-261.142272	-134.186	-46.375	0.4403
-1	8	tracking	-847.034052	68.747852	-261.683844	-150.375	-42.740	0.4565
-1	9	tracking	-846.691437	68.790551	-262.210929	-150.375	-34.740	0.4992
-1	10	tracking	-846.360385	68.836374	-262.725899	-150.375	-26.740	0.3266
-1	11	tracking	-846.038924	68.880283	-263.231329	-150.375	-18.740	0.2532
-1	12	tracking	-845.711981	68.925618	-263.710438	-125.375	-26.740	0.2967
-1	13	tracking	-845.375779	68.972813	-264.145543	-100.375	-34.740	0.2743
-1	14	tracking	-845.036398	69.019217	-264.522830	-75.375	-42.740	0.2406
-1	15	tracking	-844.705837	69.059505	-264.835665	-50.375	-50.740	0.2599
-1	16	tracking	-844.384292	69.091438	-265.093102	-51.747	-42.740	0.2502
-1	17	tracking	-844.083004	69.113982	-265.293128	-26.747	-34.740	0.2128
-1	18	tracking	-843.800745	69.125732	-265.443948	-26.747	-26.740	0.2379
-1	19	tracking	-843.536584	69.125555	-265.553190	-26.747	-25.689	0.2929
-1	20	tracking	-843.300384	69.113535	-265.623253	-1.747	-17.689	0.2222
-1	21	tracking	-843.100129	69.088903	-265.661946	23.253	-9.689	0.4485
-1	22	tracking	-842.935939	69.051976	-265.678117	37.878	-7.940	0.1911
-1	23	tracking	-842.802291	69.003506	-265.676269	37.878	-7.940	0.1647
-1	24	tracking	-842.699176	68.943190	-265.666444	62.878	-15.940	0.1710
-1	25	tracking	-842.621629	68.867454	-265.651857	67.848	-23.940	0.1554
-1	26	tracking	-842.565079	68.770355	-265.633754	67.848	-31.940	0.1349
-1	27	tracking	-842.525759	68.644315	-265.613118	67.848	-39.940	0.1421
-1	28	tracking	-842.497919	68.481735	-265.586975	42.848	-47.168	0.1799
-1	29	tracking	-842.476678	68.284429	-265.552612	17.848	-47.168	0.1252
-1	30	tracking	-842.456107	68.054867	-265.508875	-7.152	-47.168	0.1204
-1	31	tracking	-842.429727	67.795885	-265.457098	-32.152	-47.168	0.1181
-1	32	tracking	-842.404562	67.499061	-265.397731	-7.152	-55.168	0.1281
-1	33	tracking	-842.386576	67.165890	-265.331058	17.848	-55.963	0.1062
-1	34	landing	-842.376815	66.810754	-265.252196	17.848	-47.963	0.1117
-1	35	landing	-842.374883	66.436026	-265.160919	17.848	-47.963	0.0758
-1	36	landing	-842.380430	66.044063	-265.057020	17.848	-47.963	0.0746
-1	37	landing	-842.393135	65.637154	-264.940337	17.848	-47.963	0.0695
0	0	tracking	-850.645964	68.867102	-257.032114	-139.104	-4.000	0.3254
0	1	tracking	-849.991601	68.807284	-257.601772	-164.104	-0.670	0.2846
0	2	tracking	-849.422535	68.751906	-258.196524	170.896	-8.670	0.2640
0	3	tracking	-848.951149	68.710040	-258.797665	153.407	-16.670	0.2584
0	4	tracking	-848.533079	68.685017	-259.402840	178.407	-24.670	0.3083
0	5	tracking	-848.135704	68.677907	-259.999512	-156.593	-32.670	0.2407
0	6	tracking	-847.761383	68.687936	-260.584443	-159.186	-40.670	0.2432
0	7	tracking	-847.390151	68.712344	-261.142272	-134.186	-46.375	0.2424
0	8	tracking	-847.034052	68.747852	-261.683844	-150.375	-42.740	0.2349
0	9	tracking	-846.691437	68.790551	-262.210929	-150.375	-34.740	0.2123
0	10	tracking	-846.360385	68.836374	-262.725899	-150.375	-26.740	0.2352
0	11	tracking	-846.038924	68.880283	-263.231329	-150.375	-18.740	0.1963
0	12	tracking	-845.711981	68.925618	-263.710438	-125.375	-26.740	0.1894
0	13	tracking	-845.375779	68.972813	-264.145543	-100.375	-34.740	0.2008
0	14	tracking	-845.036398	69.019217	-264.522830	-75.375	-42.740	0.1750
0	15	tracking	-844.705837	69.059505	-264.835665	-50.375	-50.740	0.1661
0	16	tracking	-844.384292	69.091438	-265.093102	-51.747	-42.740	0.1657
0	17	tracking	-844.083004	69.113982	-265.293128	-26.747	-34.740	0.1559
0	18	tracking	-843.800745	69.125732	-265.443948	-26.747	-26.740	0.1603
0	19	tracking	-843.536584	69.125555	-265.553190	-26.747	-25.689	0.1629
0	20	tracking	-843.300384	69.113535	-265.623253	-1.747	-17.689	0.1558
0	21	tracking	-843.100129	69.088903	-265.661946	23.253	-9.689	0.1351
0	22	tracking	-842.935939	69.051976	-265.678117	37.878	-7.940	0.1383
0	23	tracking	-842.802291	69.003506	-265.676269	37.878	-7.940	0.1332
0	24	tracking	-842.766988	68.874762	-265.734268	62.878	-15.940	0.1483
0	25	tracking	-842.705179	68.781565	-265.735617	67.848	-23.940	0.2351
0	26	tracking	-842.662422	68.667451	-265.731805	67.848	-31.940	0.1395
0	27	tracking	-842.635057	68.524393	-265.724039	67.848	-39.940	0.1116
0	28	tracking	-842.617555	68.344438	-265.709703	42.848	-47.168	2.6304
0	29	tracking	-842.605396	68.129459	-265.686257	17.848	-47.168	0.1132
0	30	tracking	-842.592954	67.882091	-265.652537	-7.152	-47.168	0.1074
0	31	tracking	-842.573907	67.605327	-265.609828	-32.152	-47.168	0.0897
0	32	tracking	-842.555310	67.290475	-265.558814	-7.152	-55.168	0.1428
0	33	tracking	-842.543113	66.939133	-265.499777	17.848	-55.963	0.0838
0	34	landing	-842.538538	66.566171	-265.427633	17.848	-47.963	0.0585
0	35	landing	-842.541286	66.174088	-265.342161	17.848	-47.963	0.0597
0	36	landing	-842.551086	65.765341	-265.243171	17.848	-47.963	0.0593
1	0	tracking	-850.645964	68.867102	-257.032114	-139.104	-4.000	0.3486
1	1	tracking	-849.991601	68.807284	-257.601772	-164.104	-0.670	0.2848
1	2	tracking	-849.422535	68.751906	-258.196524	170.896	-8.670	0.2903
1	3	tracking	-848.951149	68.710040	-258.797665	153.407	-16.670	0.4006
1	4	tracking	-848.533079	68.685017	-259.402840	178.407	-24.670	0.3283
1	5	tracking	-848.135704	68.677907	-259.999512	-156.593	-32.670	0.2380
1	6	tracking	-847.761383	68.687936	-260.584443	-159.186	-40.670	0.2226
1	7	tracking	-847.390151	68.712344	-261.142272	-134.186	-46.375	0.2183
1	8	tracking	-847.034052	68.747852	-261.683844	-150.375	-42.740	0.2088
1	9	tracking	-846.691437	68.790551	-262.210929	-150.375	-34.740	0.3032
1	10	tracking	-846.360385	68.836374	-262.725899	-150.375	-26.740	0.2581
1	11	tracking	-846.038924	68.880283	-263.231329	-150.375	-18.740	0.2076
1	12	tracking	-845.711981	68.925618	-263.710438	-125.375	-26.740	0.1863
1	13	tracking	-845.375779	68.972813	-264.145543	-100.375	-34.740	0.1972
1	14	tracking	-845.036398	69.019217	-264.522830	-75.375	-42.740	0.1877
1	15	tracking	-844.705837	69.059505	-264.835665	-50.375	-50.740	0.1714
1	16	tracking	-844.384292	69.091438	-265.093102	-51.747	-42.740	0.1734
1	17	tracking	-844.083004	69.113982	-265.293128	-26.747	-34.740	0.1644
1	18	tracking	-843.800745	69.125732	-265.443948	-26.747	-26.740	0.1583
1	19	tracking	-843.536584	69.125555	-265.553190	-26.747	-25.689	0.1557
1	20	tracking	-843.300384	69.113535	-265.623253	-1.747	-17.689	0.1469
1	21	tracking	-843.100129	69.088903	-265.661946	23.253	-9.689	0.1448
1	22	tracking	-842.935939	69.051976	-265.678117	37.878	-7.940	0.1396
1	23	tracking	-842.802291	69.003506	-265.676269	37.878	-7.940	0.1274
1	24	tracking	-842.666988	68.874762	-265.734268	62.878	-15.940	0.1042
1	25	tracking	-842.605179	68.781565	-265.735617	67.848	-23.940	0.1000
1	26	tracking	-842.562422	68.667451	-265.731805	67.848	-31.940	0.0956
1	27	tracking	-842.535057	68.524393	-265.724039	67.848	-39.940	0.1178
1	28	tracking	-842.517555	68.344438	-265.709703	42.848	-47.168	0.0971
1	29	tracking	-842.505396	68.129459	-265.686257	17.848	-47.168	0.0988
1	30	tracking	-842.492954	67.882091	-265.652537	-7.152	-47.168	0.0971
1	31	tracking	-842.473907	67.605327	-265.609828	-32.152	-47.168	0.1016
1	32	tracking	-842.455310	67.290475	-265.558814	-7.152	-55.168	0.0977
1	33	tracking	-842.443113	66.939133	-265.499777	17.848	-55.963	0.0835
1	34	landing	-842.438538	66.566171	-265.427633	17.848	-47.963	0.0578
1	35	landing	-842.441286	66.174088	-265.342161	17.848	-47.963	0.0533
1	36	landing	-842.451086	65.765341	-265.243171	17.848	-47.963	0.0569
2	0	tracking	-850.645964	68.867102	-257.032114	-139.104	-4.000	0.3753
2	1	tracking	-849.991601	68.807284	-257.601772	-164.104	-0.670	0.2911
2	2	tracking	-849.422535	68.751906	-258.196524	170.896	-8.670	0.2571
2	3	tracking	-848.951149	68.710040	-258.797665	153.407	-16.670	0.2420
2	4	tracking	-848.533079	68.685017	-259.402840	178.407	-24.670	0.2338
2	5	tracking	-848.135704	68.677907	-259.999512	-156.593	-32.670	0.2322
2	6	tracking	-847.761383	68.687936	-260.584443	-159.186	-40.670	0.2960
2	7	tracking	-847.390151	68.712344	-261.142272	-134.186	-46.375	0.2419
2	8	tracking	-847.034052	68.747852	-261.683844	-150.375	-42.740	0.3063
2	9	tracking	-846.691437	68.790551	-262.210929	-150.375	-34.740	0.2494
2	10	tracking	-846.360385	68.836374	-262.725899	-150.375	-26.740	0.2310
2	11	tracking	-846.038924	68.880283	-263.231329	-150.375	-18.740	0.1914
2	12	tracking	-845.711981	68.925618	-263.710438	-125.375	-26.740	0.2222
2	13	tracking	-845.375779	68.972813	-264.145543	-100.375	-34.740	0.1861
2	14	tracking	-845.036398	69.019217	-264.522830	-75.375	-42.740	0.2032
2	15	tracking	-844.705837	69.059505	-264.835665	-50.375	-50.740	0.1735
2	16	tracking	-844.384292	69.091438	-265.093102	-51.747	-42.740	0.1685
2	17	tracking	-844.083004	69.113982	-265.293128	-26.747	-34.740	0.1837
2	18	tracking	-843.800745	69.125732	-265.443948	-26.747	-26.740	0.2689
2	19	tracking	-843.536584	69.125555	-265.553190	-26.747	-25.689	0.3540
2	20	tracking	-843.300384	69.113535	-265.623253	-1.747	-17.689	0.2975
2	21	tracking	-843.100129	69.088903	-265.661946	23.253	-9.689	0.3571
2	22	tracking	-842.935939	69.051976	-265.678117	37.878	-7.940	0.2678
2	23	tracking	-842.802291	69.003506	-265.676269	37.878	-7.940	0.1612
2	24	tracking	-842.766988	68.974762	-265.734268	62.878	-15.940	0.1263
2	25	tracking	-842.705179	68.881565	-265.735617	67.848	-23.940	0.1187
2	26	tracking	-842.662422	68.767451	-265.731805	67.848	-31.940	0.1058
2	27	tracking	-842.635057	68.624393	-265.724039	67.848	-39.940	0.1237
2	28	tracking	-842.617555	68.444438	-265.709703	42.848	-47.168	0.0989
2	29	tracking	-842.605396	68.229459	-265.686257	17.848	-47.168	0.0934
2	30	tracking	-842.592954	67.982091	-265.652537	-7.152	-47.168	0.0895
2	31	tracking	-842.573907	67.705327	-265.609828	-32.152	-47.168	0.0840
2	32	tracking	-842.555310	67.390475	-265.558814	-7.152	-55.168	0.3786
2	33	tracking	-842.543113	67.039133	-265.499777	17.848	-55.963	0.1461
2	34	landing	-842.538538	66.666171	-265.427633	17.848	-47.963	0.1012
2	35	landing	-842.541286	66.274088	-265.342161	17.848	-47.963	0.1050
2	36	landing	-842.551086	65.865341	-265.243171	17.848	-47.963	0.0983
3	0	tracking	-850.645964	68.867102	-257.032114	-139.104	-4.000	0.5004
3	1	tracking	-849.991601	68.807284	-257.601772	-164.104	-0.670	0.2538
3	2	tracking	-849.422535	68.751906	-258.196524	170.896	-8.670	0.2494
3	3	tracking	-848.951149	68.710040	-258.797665	153.407	-16.670	0.2500
3	4	tracking	-848.533079	68.685017	-259.402840	178.407	-24.670	0.2248
3	5	tracking	-848.135704	68.677907	-259.999512	-156.593	-32.670	0.2223
3	6	tracking	-847.761383	68.687936	-260.584443	-159.186	-40.670	0.2155
3	7	tracking	-847.390151	68.712344	-261.142272	-134.186	-46.375	0.1931
3	8	tracking	-847.034052	68.747852	-261.683844	-150.375	-42.740	0.1798
3	9	tracking	-846.691437	68.790551	-262.210929	-150.375	-34.740	0.1781
3	10	tracking	-846.360385	68.836374	-262.725899	-150.375	-26.740	0.1761
3	11	tracking	-846.038924	68.880283	-263.231329	-150.375	-18.740	0.1694
3	12	tracking	-845.711981	68.925618	-263.710438	-125.375	-26.740	0.1582
3	13	tracking	-845.375779	68.972813	-264.145543	-100.375	-34.740	0.1535
3	14	tracking	-845.036398	69.019217	-264.522830	-75.375	-42.740	0.1502
3	15	tracking	-844.705837	69.059505	-264.835665	-50.375	-50.740	0.1486
3	16	tracking	-844.384292	69.091438	-265.093102	-51.747	-42.740	0.1391
3	17	tracking	-844.083004	69.113982	-265.293128	-26.747	-34.740	0.1435
3	18	tracking	-843.800745	69.125732	-265.443948	-26.747	-26.740	0.1292
3	19	tracking	-843.536584	69.125555	-265.553190	-26.747	-25.689	0.1229
3	20	tracking	-843.300384	69.113535	-265.623253	-1.747	-17.689	0.1169
3	21	tracking	-843.100129	69.088903	-265.661946	23.253	-9.689	0.1123
3	22	tracking	-842.935939	69.051976	-265.678117	37.878	-7.940	0.1076
3	23	tracking	-842.802291	69.003506	-265.676269	37.878	-7.940	0.1038
3	24	tracking	-842.666988	68.974762	-265.734268	62.878	-15.940	0.0826
3	25	tracking	-842.605179	68.881565	-265.735617	67.848	-23.940	0.0807
3	26	tracking	-842.562422	68.767451	-265.731805	67.848	-31.940	0.0767
3	27	tracking	-842.535057	68.624393	-265.724039	67.848	-39.940	0.0843
3	28	tracking	-842.517555	68.444438	-265.709703	42.848	-47.168	0.0823
3	29	tracking	-842.505396	68.229459	-265.686257	17.848	-47.168	0.0750
3	30	tracking	-842.492954	67.982091	-265.652537	-7.152	-47.168	0.0633
3	31	tracking	-842.473907	67.705327	-265.609828	-32.152	-47.168	0.0575
3	32	tracking	-842.455310	67.390475	-265.558814	-7.152	-55.168	0.0575
3	33	tracking	-842.443113	67.039133	-265.499777	17.848	-55.963	0.0546
3	34	landing	-842.438538	66.666171	-265.427633	17.848	-47.963	0.0412
3	35	landing	-842.441286	66.274088	-265.342161	17.848	-47.963	0.0356
3	36	landing	-842.451086	65.865341	-265.243171	17.848	-47.963	0.0341
4	0	tracking	-850.645964	68.867102	-257.032114	-139.104	-4.000	0.2830
4	1	tracking	-849.991601	68.807284	-257.601772	-164.104	-0.670	0.2285
4	2	tracking	-849.422535	68.751906	-258.196524	170.896	-8.670	0.2255
4	3	tracking	-848.951149	68.710040	-258.797665	153.407	-16.670	0.2101
4	4	tracking	-848.533079	68.685017	-259.402840	178.407	-24.670	0.2460
4	5	tracking	-848.135704	68.677907	-259.999512	-156.593	-32.670	0.1983
4	6	tracking	-847.761383	68.687936	-260.584443	-159.186	-40.670	0.2426
4	7	tracking	-847.390151	68.712344	-261.142272	-134.186	-46.375	0.1916
4	8	tracking	-847.034052	68.747852	-261.683844	-150.375	-42.740	0.1700
4	9	tracking	-846.691437	68.790551	-262.210929	-150.375	-34.740	0.1676
4	10	tracking	-846.360385	68.836374	-262.725899	-150.375	-26.740	0.1589
4	11	tracking	-846.038924	68.880283	-263.231329	-150.375	-18.740	0.1637
4	12	tracking	-845.711981	68.925618	-263.710438	-125.375	-26.740	0.1552
4	13	tracking	-845.375779	68.972813	-264.145543	-100.375	-34.740	0.1515
4	14	tracking	-845.036398	69.019217	-264.522830	-75.375	-42.740	0.1468
4	15	tracking	-844.705837	69.059505	-264.835665	-50.375	-50.740	0.1613
4	16	tracking	-844.384292	69.091438	-265.093102	-51.747	-42.740	0.1411
4	17	tracking	-844.083004	69.113982	-265.293128	-26.747	-34.740	0.1408
4	18	tracking	-843.800745	69.125732	-265.443948	-26.747	-26.740	0.1256
4	19	tracking	-843.536584	69.125555	-265.553190	-26.747	-25.689	0.1190
4	20	tracking	-843.300384	69.113535	-265.623253	-1.747	-17.689	0.1221
4	21	tracking	-843.100129	69.088903	-265.661946	23.253	-9.689	0.1210
4	22	tracking	-842.935939	69.051976	-265.678117	37.878	-7.940	0.1184
4	23	tracking	-842.802291	69.003506	-265.676269	37.878	-7.940	0.1072
4	24	tracking	-842.766988	68.874762	-265.634268	62.878	-15.940	0.0946
4	25	tracking	-842.705179	68.781565	-265.635617	67.848	-23.940	0.0954
4	26	tracking	-842.662422	68.667451	-265.631805	67.848	-31.940	0.0877
4	27	tracking	-842.635057	68.524393	-265.624039	67.848	-39.940	0.0836
4	28	tracking	-842.617555	68.344438	-265.609703	42.848	-47.168	0.0835
4	29	tracking	-842.605396	68.129459	-265.586257	17.848	-47.168	0.0782
4	30	tracking	-842.592954	67.882091	-265.552537	-7.152	-47.168	0.0716
4	31	tracking	-842.573907	67.605327	-265.509828	-32.152	-47.168	0.0670
4	32	tracking	-842.555310	67.290475	-265.458814	-7.152	-55.168	0.0632
4	33	tracking	-842.543113	66.939133	-265.399777	17.848	-55.963	0.0706
4	34	landing	-842.538538	66.566171	-265.327633	17.848	-47.963	0.0473
4	35	landing	-842.541286	66.174088	-265.242161	17.848	-47.963	0.0440
4	36	landing	-842.551086	65.765341	-265.143171	17.848	-47.963	0.0427
5	0	tracking	-850.645964	68.867102	-257.032114	-139.104	-4.000	0.2806
5	1	tracking	-849.991601	68.807284	-257.601772	-164.104	-0.670	0.2464
5	2	tracking	-849.422535	68.751906	-258.196524	170.896	-8.670	0.2140
5	3	tracking	-848.951149	68.710040	-258.797665	153.407	-16.670	0.2083
5	4	tracking	-848.533079	68.685017	-259.402840	178.407	-24.670	0.1950
5	5	tracking	-848.135704	68.677907	-259.999512	-156.593	-32.670	0.1858
5	6	tracking	-847.761383	68.687936	-260.584443	-159.186	-40.670	0.2902
5	7	tracking	-847.390151	68.712344	-261.142272	-134.186	-46.375	0.2057
5	8	tracking	-847.034052	68.747852	-261.683844	-150.375	-42.740	0.1790
5	9	tracking	-846.691437	68.790551	-262.210929	-150.375	-34.740	0.1709
5	10	tracking	-846.360385	68.836374	-262.725899	-150.375	-26.740	0.1846
5	11	tracking	-846.038924	68.880283	-263.231329	-150.375	-18.740	0.1623
5	12	tracking	-845.711981	68.925618	-263.710438	-125.375	-26.740	0.1688
5	13	tracking	-845.375779	68.972813	-264.145543	-100.375	-34.740	0.1509
5	14	tracking	-845.036398	69.019217	-264.522830	-75.375	-42.740	0.2247
5	15	tracking	-844.705837	69.059505	-264.835665	-50.375	-50.740	0.1493
5	16	tracking	-844.384292	69.091438	-265.093102	-51.747	-42.740	0.1602
5	17	tracking	-844.083004	69.113982	-265.293128	-26.747	-34.740	0.1729
5	18	tracking	-843.800745	69.125732	-265.443948	-26.747	-26.740	0.1225
5	19	tracking	-843.536584	69.125555	-265.553190	-26.747	-25.689	0.1100
5	20	tracking	-843.300384	69.113535	-265.623253	-1.747	-17.689	0.1242
5	21	tracking	-843.100129	69.088903	-265.661946	23.253	-9.689	0.1018
5	22	tracking	-842.935939	69.051976	-265.678117	37.878	-7.940	0.0943
5	23	tracking	-842.802291	69.003506	-265.676269	37.878	-7.940	0.0925
5	24	tracking	-842.666988	68.874762	-265.634268	62.878	-15.940	0.0739
5	25	tracking	-842.605179	68.781565	-265.635617	67.848	-23.940	2.0806
5	26	tracking	-842.562422	68.667451	-265.631805	67.848	-31.940	0.0858
5	27	tracking	-842.535057	68.524393	-265.624039	67.848	-39.940	0.0630
5	28	tracking	-842.517555	68.344438	-265.609703	42.848	-47.168	0.1250
5	29	tracking	-842.505396	68.129459	-265.586257	17.848	-47.168	0.0635
5	30	tracking	-842.492954	67.882091	-265.552537	-7.152	-47.168	0.0563
5	31	tracking	-842.473907	67.605327	-265.509828	-32.152	-47.168	0.0517
5	32	tracking	-842.455310	67.290475	-265.458814	-7.152	-55.168	0.1577
5	33	tracking	-842.443113	66.939133	-265.399777	17.848	-55.963	0.1346
5	34	landing	-842.438538	66.566171	-265.327633	17.848	-47.963	0.2654
5	35	landing	-842.441286	66.174088	-265.242161	17.848	-47.963	0.0710
5	36	landing	-842.451086	65.765341	-265.143171	17.848	-47.963	0.0666
6	0	tracking	-850.645964	68.867102	-257.032114	-139.104	-4.000	0.4086
6	1	tracking	-849.991601	68.807284	-257.601772	-164.104	-0.670	0.3303
6	2	tracking	-849.422535	68.751906	-258.196524	170.896	-8.670	0.3101
6	3	tracking	-848.951149	68.710040	-258.797665	153.407	-16.670	0.3049
6	4	tracking	-848.533079	68.685017	-259.402840	178.407	-24.670	0.3063
6	5	tracking	-848.135704	68.677907	-259.999512	-156.593	-32.670	0.2806
6	6	tracking	-847.761383	68.687936	-260.584443	-159.186	-40.670	0.2731
6	7	tracking	-847.390151	68.712344	-261.142272	-134.186	-46.375	0.2783
6	8	tracking	-847.034052	68.747852	-261.683844	-150.375	-42.740	0.2723
6	9	tracking	-846.691437	68.790551	-262.210929	-150.375	-34.740	0.3364
6	10	tracking	-846.360385	68.836374	-262.725899	-150.375	-26.740	0.2836
6	11	tracking	-846.038924	68.880283	-263.231329	-150.375	-18.740	0.2513
6	12	tracking	-845.711981	68.925618	-263.710438	-125.375	-26.740	0.2930
6	13	tracking	-845.375779	68.972813	-264.145543	-100.375	-34.740	0.3736
6	14	tracking	-845.036398	69.019217	-264.522830	-75.375	-42.740	0.2502
6	15	tracking	-844.705837	69.059505	-264.835665	-50.375	-50.740	0.2205
6	16	tracking	-844.384292	69.091438	-265.093102	-51.747	-42.740	0.2731
6	17	tracking	-844.083004	69.113982	-265.293128	-26.747	-34.740	0.2446
6	18	tracking	-843.800745	69.125732	-265.443948	-26.747	-26.740	0.1906
6	19	tracking	-843.536584	69.125555	-265.553190	-26.747	-25.689	0.1917
6	20	tracking	-843.300384	69.113535	-265.623253	-1.747	-17.689	0.1822
6	21	tracking	-843.100129	69.088903	-265.661946	23.253	-9.689	0.1551
6	22	tracking	-842.935939	69.051976	-265.678117	37.878	-7.940	0.1544
6	23	tracking	-842.802291	69.003506	-265.676269	37.878	-7.940	0.1439
6	24	tracking	-842.766988	68.974762	-265.634268	62.878	-15.940	0.1374
6	25	tracking	-842.705179	68.881565	-265.635617	67.848	-23.940	0.1203
6	26	tracking	-842.662422	68.767451	-265.631805	67.848	-31.940	0.1190
6	27	tracking	-842.635057	68.624393	-265.624039	67.848	-39.940	0.1048
6	28	tracking	-842.617555	68.444438	-265.609703	42.848	-47.168	0.0989
6	29	tracking	-842.605396	68.229459	-265.586257	17.848	-47.168	0.1038
6	30	tracking	-842.592954	67.982091	-265.552537	-7.152	-47.168	0.0888
6	31	tracking	-842.573907	67.705327	-265.509828	-32.152	-47.168	0.0846
6	32	tracking	-842.555310	67.390475	-265.458814	-7.152	-55.168	0.0751
6	33	tracking	-842.543113	67.039133	-265.399777	17.848	-55.963	0.0795
6	34	landing	-842.538538	66.666171	-265.327633	17.848	-47.963	0.0628
6	35	landing	-842.541286	66.274088	-265.242161	17.848	-47.963	0.0539
6	36	landing	-842.551086	65.865341	-265.143171	17.848	-47.963	0.0511
7	0	tracking	-850.645964	68.867102	-257.032114	-139.104	-4.000	0.3854
7	1	tracking	-849.991601	68.807284	-257.601772	-164.104	-0.670	0.3728
7	2	tracking	-849.422535	68.751906	-258.196524	170.896	-8.670	0.3121
7	3	tracking	-848.951149	68.710040	-258.797665	153.407	-16.670	0.3134
7	4	tracking	-848.533079	68.685017	-259.402840	178.407	-24.670	0.2951
7	5	tracking	-848.135704	68.677907	-259.999512	-156.593	-32.670	0.3040
7	6	tracking	-847.761383	68.687936	-260.584443	-159.186	-40.670	0.2890
7	7	tracking	-847.390151	68.712344	-261.142272	-134.186	-46.375	0.2740
7	8	tracking	-847.034052	68.747852	-261.683844	-150.375	-42.740	0.2621
7	9	tracking	-846.691437	68.790551	-262.210929	-150.375	-34.740	0.2457
7	10	tracking	-846.360385	68.836374	-262.725899	-150.375	-26.740	0.2504
7	11	tracking	-846.038924	68.880283	-263.231329	-150.375	-18.740	0.2347
7	12	tracking	-845.711981	68.925618	-263.710438	-125.375	-26.740	0.2173
7	13	tracking	-845.375779	68.972813	-264.145543	-100.375	-34.740	0.2070
7	14	tracking	-845.036398	69.019217	-264.522830	-75.375	-42.740	0.2002
7	15	tracking	-844.705837	69.059505	-264.835665	-50.375	-50.740	0.1938
7	16	tracking	-844.384292	69.091438	-265.093102	-51.747	-42.740	0.1852
7	17	tracking	-844.083004	69.113982	-265.293128	-26.747	-34.740	0.1777
7	18	tracking	-843.800745	69.125732	-265.443948	-26.747	-26.740	0.1699
7	19	tracking	-843.536584	69.125555	-265.553190	-26.747	-25.689	0.2768
7	20	tracking	-843.300384	69.113535	-265.623253	-1.747	-17.689	0.1741
7	21	tracking	-843.100129	69.088903	-265.661946	23.253	-9.689	0.1879
7	22	tracking	-842.935939	69.051976	-265.678117	37.878	-7.940	0.1445
7	23	tracking	-842.802291	69.003506	-265.676269	37.878	-7.940	0.1369
7	24	tracking	-842.666988	68.974762	-265.634268	62.878	-15.940	0.1028
7	25	tracking	-842.605179	68.881565	-265.635617	67.848	-23.940	0.0978
7	26	tracking	-842.562422	68.767451	-265.631805	67.848	-31.940	0.0881
7	27	tracking	-842.535057	68.624393	-265.624039	67.848	-39.940	0.0848
7	28	tracking	-842.517555	68.444438	-265.609703	42.848	-47.168	0.0751
7	29	tracking	-842.505396	68.229459	-265.586257	17.848	-47.168	0.0739
7	30	tracking	-842.492954	67.982091	-265.552537	-7.152	-47.168	0.0710
7	31	tracking	-842.473907	67.705327	-265.509828	-32.152	-47.168	0.0689
7	32	tracking	-842.455310	67.390475	-265.458814	-7.152	-55.168	0.0598
7	33	tracking	-842.443113	67.039133	-265.399777	17.848	-55.963	0.0806
7	34	landing	-842.438538	66.666171	-265.327633	17.848	-47.963	0.0540
7	35	landing	-842.441286	66.274088	-265.242161	17.848	-47.963	0.0443
7	36	landing	-842.451086	65.865341	-265.143171	17.848	-47.963	0.0373
8	0	tracking	-850.645964	68.867102	-257.032114	-139.104	-4.000	0.3942
8	1	tracking	-849.991601	68.807284	-257.601772	-164.104	-0.670	0.3531
8	2	tracking	-849.422535	68.751906	-258.196524	170.896	-8.670	0.3361
8	3	tracking	-848.951149	68.710040	-258.797665	153.407	-16.670	0.2980
8	4	tracking	-848.533079	68.685017	-259.402840	178.407	-24.670	0.3078
8	5	tracking	-848.135704	68.677907	-259.999512	-156.593	-32.670	0.2819
8	6	tracking	-847.761383	68.687936	-260.584443	-159.186	-40.670	0.2734
8	7	tracking	-847.390151	68.712344	-261.142272	-134.186	-46.375	0.2601
8	8	tracking	-847.034052	68.747852	-261.683844	-150.375	-42.740	0.2528
8	9	tracking	-846.691437	68.790551	-262.210929	-150.375	-34.740	0.2436
8	10	tracking	-846.360385	68.836374	-262.725899	-150.375	-26.740	0.2623
8	11	tracking	-846.038924	68.880283	-263.231329	-150.375	-18.740	0.2862
8	12	tracking	-845.711981	68.925618	-263.710438	-125.375	-26.740	0.2219
8	13	tracking	-845.375779	68.972813	-264.145543	-100.375	-34.740	0.2249
8	14	tracking	-845.036398	69.019217	-264.522830	-75.375	-42.740	0.1974
8	15	tracking	-844.705837	69.059505	-264.835665	-50.375	-50.740	0.1913
8	16	tracking	-844.384292	69.091438	-265.093102	-51.747	-42.740	0.1858
8	17	tracking	-844.083004	69.113982	-265.293128	-26.747	-34.740	0.1826
8	18	tracking	-843.800745	69.125732	-265.443948	-26.747	-26.740	0.1690
8	19	tracking	-843.536584	69.125555	-265.553190	-26.747	-25.689	0.1606
8	20	tracking	-843.300384	69.113535	-265.623253	-1.747	-17.689	0.1499
8	21	tracking	-843.100129	69.088903	-265.661946	23.253	-9.689	0.1567
8	22	tracking	-842.935939	69.051976	-265.678117	37.878	-7.940	0.1540
8	23	tracking	-842.802291	69.003506	-265.676269	37.878	-7.940	0.1915
8	24	tracking	-842.734495	68.876127	-265.732657	62.878	-15.940	0.1480
8	25	tracking	-842.646169	68.785800	-265.731578	67.848	-23.940	0.2171
8	26	tracking	-842.581581	68.676055	-265.724872	67.848	-31.940	0.2886
8	27	tracking	-842.536106	68.538800	-265.713982	67.848	-39.940	0.2515
8	28	tracking	-842.503212	68.365953	-265.696059	42.848	-47.168	0.1023
8	29	tracking	-842.477581	68.158983	-265.668667	17.848	-47.168	0.0920
8	30	tracking	-842.453075	67.920122	-265.630956	-7.152	-47.168	0.0825
8	31	tracking	-842.423116	67.652140	-265.584430	-32.152	-47.168	0.0794
8	32	tracking	-842.394753	67.346498	-265.529674	-7.152	-55.168	0.0775
8	33	tracking	-842.373934	67.004664	-265.467062	17.848	-55.963	0.0671
8	34	landing	-842.361686	66.641132	-265.391701	17.848	-47.963	0.0619
8	35	landing	-842.357572	66.258256	-265.303439	17.848	-47.963	0.0571
8	36	landing	-842.361209	65.858391	-265.202119	17.848	-47.963	0.0497
9	0	tracking	-850.645964	68.867102	-257.032114	-139.104	-4.000	0.3812
9	1	tracking	-849.991601	68.807284	-257.601772	-164.104	-0.670	0.3179
9	2	tracking	-849.422535	68.751906	-258.196524	170.896	-8.670	0.2933
9	3	tracking	-848.951149	68.710040	-258.797665	153.407	-16.670	0.2981
9	4	tracking	-848.533079	68.685017	-259.402840	178.407	-24.670	0.3018
9	5	tracking	-848.135704	68.677907	-259.999512	-156.593	-32.670	0.3146
9	6	tracking	-847.761383	68.687936	-260.584443	-159.186	-40.670	0.2920
9	7	tracking	-847.390151	68.712344	-261.142272	-134.186	-46.375	0.2650
9	8	tracking	-847.034052	68.747852	-261.683844	-150.375	-42.740	0.2618
9	9	tracking	-846.691437	68.790551	-262.210929	-150.375	-34.740	0.2921
9	10	tracking	-846.360385	68.836374	-262.725899	-150.375	-26.740	0.2520
9	11	tracking	-846.038924	68.880283	-263.231329	-150.375	-18.740	0.3256
9	12	tracking	-845.711981	68.925618	-263.710438	-125.375	-26.740	0.3850
9	13	tracking	-845.375779	68.972813	-264.145543	-100.375	-34.740	0.3570
9	14	tracking	-845.036398	69.019217	-264.522830	-75.375	-42.740	0.2706
9	15	tracking	-844.705837	69.059505	-264.835665	-50.375	-50.740	0.2122
9	16	tracking	-844.384292	69.091438	-265.093102	-51.747	-42.740	0.1963
9	17	tracking	-844.083004	69.113982	-265.293128	-26.747	-34.740	0.2017
9	18	tracking	-843.800745	69.125732	-265.443948	-26.747	-26.740	0.2032
9	19	tracking	-843.536584	69.125555	-265.553190	-26.747	-25.689	0.1835
9	20	tracking	-843.300384	69.113535	-265.623253	-1.747	-17.689	0.1670
9	21	tracking	-843.100129	69.088903	-265.661946	23.253	-9.689	0.1567
9	22	tracking	-842.935939	69.051976	-265.678117	37.878	-7.940	0.1517
9	23	tracking	-842.802291	69.003506	-265.676269	37.878	-7.940	0.2207
9	24	tracking	-842.634495	68.876127	-265.732657	62.878	-15.940	0.2258
9	25	tracking	-842.546169	68.785800	-265.731578	67.848	-23.940	0.2094
9	26	tracking	-842.481581	68.676055	-265.724872	67.848	-31.940	0.1885
9	27	tracking	-842.436106	68.538800	-265.713982	67.848	-39.940	0.1945
9	28	tracking	-842.403212	68.365953	-265.696059	42.848	-47.168	0.1828
9	29	tracking	-842.377581	68.158983	-265.668667	17.848	-47.168	0.1595
9	30	tracking	-842.353075	67.920122	-265.630956	-7.152	-47.168	0.1575
9	31	tracking	-842.323116	67.652140	-265.584430	-32.152	-47.168	0.1512
9	32	tracking	-842.294753	67.346498	-265.529674	-7.152	-55.168	0.1338
9	33	tracking	-842.273934	67.004664	-265.467062	17.848	-55.963	0.1140
9	34	landing	-842.261686	66.641132	-265.391701	17.848	-47.963	0.1120
9	35	landing	-842.257572	66.258256	-265.303439	17.848	-47.963	0.1091
9	36	landing	-842.261209	65.858391	-265.202119	17.848	-47.963	0.0965
10	0	tracking	-850.645964	68.867102	-257.032114	-139.104	-4.000	0.5378
10	1	tracking	-849.991601	68.807284	-257.601772	-164.104	-0.670	0.3700
10	2	tracking	-849.422535	68.751906	-258.196524	170.896	-8.670	0.3728
10	3	tracking	-848.951149	68.710040	-258.797665	153.407	-16.670	0.3405
10	4	tracking	-848.533079	68.685017	-259.402840	178.407	-24.670	0.5175
10	5	tracking	-848.135704	68.677907	-259.999512	-156.593	-32.670	0.3258
10	6	tracking	-847.761383	68.687936	-260.584443	-159.186	-40.670	0.3218
10	7	tracking	-847.390151	68.712344	-261.142272	-134.186	-46.375	0.3264
10	8	tracking	-847.034052	68.747852	-261.683844	-150.375	-42.740	0.2833
10	9	tracking	-846.691437	68.790551	-262.210929	-150.375	-34.740	0.3024
10	10	tracking	-846.360385	68.836374	-262.725899	-150.375	-26.740	0.2542
10	11	tracking	-846.038924	68.880283	-263.231329	-150.375	-18.740	0.2381
10	12	tracking	-845.711981	68.925618	-263.710438	-125.375	-26.740	0.2343
10	13	tracking	-845.375779	68.972813	-264.145543	-100.375	-34.740	0.2415
10	14	tracking	-845.036398	69.019217	-264.522830	-75.375	-42.740	0.2091
10	15	tracking	-844.705837	69.059505	-264.835665	-50.375	-50.740	0.1395
10	16	tracking	-844.384292	69.091438	-265.093102	-51.747	-42.740	0.0786
10	17	tracking	-844.083004	69.113982	-265.293128	-26.747	-34.740	0.1271
10	18	tracking	-843.800745	69.125732	-265.443948	-26.747	-26.740	0.0709
10	19	tracking	-843.536584	69.125555	-265.553190	-26.747	-25.689	0.0688
10	20	tracking	-843.300384	69.113535	-265.623253	-1.747	-17.689	0.4475
10	21	tracking	-843.100129	69.088903	-265.661946	23.253	-9.689	0.1807
10	22	tracking	-842.935939	69.051976	-265.678117	37.878	-7.940	0.1856
10	23	tracking	-842.802291	69.003506	-265.676269	37.878	-7.940	0.1842
10	24	tracking	-842.734495	68.976127	-265.732657	62.878	-15.940	0.0581
10	25	tracking	-842.646169	68.885800	-265.731578	67.848	-23.940	0.0483
10	26	tracking	-842.581581	68.776055	-265.724872	67.848	-31.940	0.0561
10	27	tracking	-842.536106	68.638800	-265.713982	67.848	-39.940	0.1674
10	28	tracking	-842.503212	68.465953	-265.696059	42.848	-47.168	0.0485
10	29	tracking	-842.477581	68.258983	-265.668667	17.848	-47.168	0.0402
10	30	tracking	-842.453075	68.020122	-265.630956	-7.152	-47.168	0.0429
10	31	tracking	-842.423116	67.752140	-265.584430	-32.152	-47.168	0.0400
10	32	tracking	-842.394753	67.446498	-265.529674	-7.152	-55.168	0.1391
10	33	tracking	-842.373934	67.104664	-265.467062	17.848	-55.963	0.0446
10	34	landing	-842.361686	66.741132	-265.391701	17.848	-47.963	0.0503
10	35	landing	-842.357572	66.358256	-265.303439	17.848	-47.963	0.0321
10	36	landing	-842.361209	65.958391	-265.202119	17.848	-47.963	0.0291
11	0	tracking	-850.645964	68.867102	-257.032114	-139.104	-4.000	0.2258
11	1	tracking	-849.991601	68.807284	-257.601772	-164.104	-0.670	0.1278
11	2	tracking	-849.422535	68.751906	-258.196524	170.896	-8.670	0.1185
11	3	tracking	-848.951149	68.710040	-258.797665	153.407	-16.670	0.1238
11	4	tracking	-848.533079	68.685017	-259.402840	178.407	-24.670	0.1099
11	5	tracking	-848.135704	68.677907	-259.999512	-156.593	-32.670	0.1020
11	6	tracking	-847.761383	68.687936	-260.584443	-159.186	-40.670	0.1606
11	7	tracking	-847.390151	68.712344	-261.142272	-134.186	-46.375	0.1022
11	8	tracking	-847.034052	68.747852	-261.683844	-150.375	-42.740	0.1047
11	9	tracking	-846.691437	68.790551	-262.210929	-150.375	-34.740	0.0905
11	10	tracking	-846.360385	68.836374	-262.725899	-150.375	-26.740	0.0871
11	11	tracking	-846.038924	68.880283	-263.231329	-150.375	-18.740	0.0853
11	12	tracking	-845.711981	68.925618	-263.710438	-125.375	-26.740	0.0794
11	13	tracking	-845.375779	68.972813	-264.145543	-100.375	-34.740	0.0831
11	14	tracking	-845.036398	69.019217	-264.522830	-75.375	-42.740	0.0759
11	15	tracking	-844.705837	69.059505	-264.835665	-50.375	-50.740	0.0840
11	16	tracking	-844.384292	69.091438	-265.093102	-51.747	-42.740	0.0753
11	17	tracking	-844.083004	69.113982	-265.293128	-26.747	-34.740	0.0719
11	18	tracking	-843.800745	69.125732	-265.443948	-26.747	-26.740	0.0668
11	19	tracking	-843.536584	69.125555	-265.553190	-26.747	-25.689	0.0766
11	20	tracking	-843.300384	69.113535	-265.623253	-1.747	-17.689	0.0653
11	21	tracking	-843.100129	69.088903	-265.661946	23.253	-9.689	0.0606
11	22	tracking	-842.935939	69.051976	-265.678117	37.878	-7.940	0.0868
11	23	tracking	-842.802291	69.003506	-265.676269	37.878	-7.940	0.0567
11	24	tracking	-842.634495	68.976127	-265.732657	62.878	-15.940	0.0639
11	25	tracking	-842.546169	68.885800	-265.731578	67.848	-23.940	0.0520
11	26	tracking	-842.481581	68.776055	-265.724872	67.848	-31.940	0.0566
11	27	tracking	-842.436106	68.638800	-265.713982	67.848	-39.940	0.0485
11	28	tracking	-842.403212	68.465953	-265.696059	42.848	-47.168	0.0434
11	29	tracking	-842.377581	68.258983	-265.668667	17.848	-47.168	0.0504
11	30	tracking	-842.353075	68.020122	-265.630956	-7.152	-47.168	0.0448
11	31	tracking	-842.323116	67.752140	-265.584430	-32.152	-47.168	0.0411
11	32	tracking	-842.294753	67.446498	-265.529674	-7.152	-55.168	0.0355
11	33	tracking	-842.273934	67.104664	-265.467062	17.848	-55.963	0.0368
11	34	landing	-842.261686	66.741132	-265.391701	17.848	-47.963	0.0321
11	35	landing	-842.257572	66.358256	-265.303439	17.848	-47.963	0.0305
11	36	landing	-842.261209	65.958391	-265.202119	17.848	-47.963	0.0289
12	0	tracking	-850.645964	68.867102	-257.032114	-139.104	-4.000	0.1865
12	1	tracking	-849.991601	68.807284	-257.601772	-164.104	-0.670	0.1407
12	2	tracking	-849.422535	68.751906	-258.196524	170.896	-8.670	0.1834
12	3	tracking	-848.951149	68.710040	-258.797665	153.407	-16.670	0.1747
12	4	tracking	-848.533079	68.685017	-259.402840	178.407	-24.670	0.1238
12	5	tracking	-848.135704	68.677907	-259.999512	-156.593	-32.670	0.1161
12	6	tracking	-847.761383	68.687936	-260.584443	-159.186	-40.670	0.1100
12	7	tracking	-847.390151	68.712344	-261.142272	-134.186	-46.375	0.1205
12	8	tracking	-847.034052	68.747852	-261.683844	-150.375	-42.740	0.2148
12	9	tracking	-846.691437	68.790551	-262.210929	-150.375	-34.740	0.1490
12	10	tracking	-846.360385	68.836374	-262.725899	-150.375	-26.740	0.1112
12	11	tracking	-846.038924	68.880283	-263.231329	-150.375	-18.740	0.1122
12	12	tracking	-845.711981	68.925618	-263.710438	-125.375	-26.740	0.0905
12	13	tracking	-845.375779	68.972813	-264.145543	-100.375	-34.740	0.1919
12	14	tracking	-845.036398	69.019217	-264.522830	-75.375	-42.740	0.0940
12	15	tracking	-844.705837	69.059505	-264.835665	-50.375	-50.740	0.0801
12	16	tracking	-844.384292	69.091438	-265.093102	-51.747	-42.740	0.0767
12	17	tracking	-844.083004	69.113982	-265.293128	-26.747	-34.740	0.0722
12	18	tracking	-843.800745	69.125732	-265.443948	-26.747	-26.740	0.0696
12	19	tracking	-843.536584	69.125555	-265.553190	-26.747	-25.689	0.0627
12	20	tracking	-843.300384	69.113535	-265.623253	-1.747	-17.689	0.0625
12	21	tracking	-843.100129	69.088903	-265.661946	23.253	-9.689	0.0619
12	22	tracking	-842.935939	69.051976	-265.678117	37.878	-7.940	0.0581
12	23	tracking	-842.802291	69.003506	-265.676269	37.878	-7.940	0.0551
12	24	tracking	-842.734495	68.876127	-265.632657	62.878	-15.940	0.0523
12	25	tracking	-842.646169	68.785800	-265.631578	67.848	-23.940	0.0475
12	26	tracking	-842.581581	68.676055	-265.624872	67.848	-31.940	0.0505
12	27	tracking	-842.536106	68.538800	-265.613982	67.848	-39.940	0.0419
12	28	tracking	-842.503212	68.365953	-265.596059	42.848	-47.168	0.0646
12	29	tracking	-842.477581	68.158983	-265.568667	17.848	-47.168	0.0394
12	30	tracking	-842.453075	67.920122	-265.530956	-7.152	-47.168	0.0407
12	31	tracking	-842.423116	67.652140	-265.484430	-32.152	-47.168	0.0373
12	32	tracking	-842.394753	67.346498	-265.429674	-7.152	-55.168	0.0366
12	33	tracking	-842.373934	67.004664	-265.367062	17.848	-55.963	0.0392
12	34	landing	-842.361686	66.641132	-265.291701	17.848	-47.963	0.0317
12	35	landing	-842.357572	66.258256	-265.203439	17.848	-47.963	0.0417
12	36	landing	-842.361209	65.858391	-265.102119	17.848	-47.963	0.0381
13	0	tracking	-850.645964	68.867102	-257.032114	-139.104	-4.000	0.1985
13	1	tracking	-849.991601	68.807284	-257.601772	-164.104	-0.670	0.1343
13	2	tracking	-849.422535	68.751906	-258.196524	170.896	-8.670	0.1356
13	3	tracking	-848.951149	68.710040	-258.797665	153.407	-16.670	0.1223
13	4	tracking	-848.533079	68.685017	-259.402840	178.407	-24.670	0.1172
13	5	tracking	-848.135704	68.677907	-259.999512	-156.593	-32.670	0.1157
13	6	tracking	-847.761383	68.687936	-260.584443	-159.186	-40.670	0.1096
13	7	tracking	-847.390151	68.712344	-261.142272	-134.186	-46.375	0.1055
13	8	tracking	-847.034052	68.747852	-261.683844	-150.375	-42.740	0.1012
13	9	tracking	-846.691437	68.790551	-262.210929	-150.375	-34.740	0.1040
13	10	tracking	-846.360385	68.836374	-262.725899	-150.375	-26.740	0.0959
13	11	tracking	-846.038924	68.880283	-263.231329	-150.375	-18.740	0.0910
13	12	tracking	-845.711981	68.925618	-263.710438	-125.375	-26.740	0.0994
13	13	tracking	-845.375779	68.972813	-264.145543	-100.375	-34.740	0.1157
13	14	tracking	-845.036398	69.019217	-264.522830	-75.375	-42.740	0.0905
13	15	tracking	-844.705837	69.059505	-264.835665	-50.375	-50.740	0.0761
13	16	tracking	-844.384292	69.091438	-265.093102	-51.747	-42.740	0.0712
13	17	tracking	-844.083004	69.113982	-265.293128	-26.747	-34.740	0.0789
13	18	tracking	-843.800745	69.125732	-265.443948	-26.747	-26.740	0.0738
13	19	tracking	-843.536584	69.125555	-265.553190	-26.747	-25.689	0.0731
13	20	tracking	-843.300384	69.113535	-265.623253	-1.747	-17.689	0.0642
13	21	tracking	-843.100129	69.088903	-265.661946	23.253	-9.689	0.0697
13	22	tracking	-842.935939	69.051976	-265.678117	37.878	-7.940	0.0672
13	23	tracking	-842.802291	69.003506	-265.676269	37.878	-7.940	0.0562
13	24	tracking	-842.634495	68.876127	-265.632657	62.878	-15.940	0.0582
13	25	tracking	-842.546169	68.785800	-265.631578	67.848	-23.940	0.0533
13	26	tracking	-842.481581	68.676055	-265.624872	67.848	-31.940	0.0577
13	27	tracking	-842.436106	68.538800	-265.613982	67.848	-39.940	0.0506
13	28	tracking	-842.403212	68.365953	-265.596059	42.848	-47.168	0.0514
13	29	tracking	-842.377581	68.158983	-265.568667	17.848	-47.168	0.0444
13	30	tracking	-842.353075	67.920122	-265.530956	-7.152	-47.168	0.0586
13	31	tracking	-842.323116	67.652140	-265.484430	-32.152	-47.168	0.0400
13	32	tracking	-842.294753	67.346498	-265.429674	-7.152	-55.168	0.0826
13	33	tracking	-842.273934	67.004664	-265.367062	17.848	-55.963	0.0632
13	34	landing	-842.261686	66.641132	-265.291701	17.848	-47.963	0.0471
13	35	landing	-842.257572	66.258256	-265.203439	17.848	-47.963	0.0448
13	36	landing	-842.261209	65.858391	-265.102119	17.848	-47.963	0.0337
14	0	tracking	-850.645964	68.867102	-257.032114	-139.104	-4.000	0.2189
14	1	tracking	-849.991601	68.807284	-257.601772	-164.104	-0.670	0.1607
14	2	tracking	-849.422535	68.751906	-258.196524	170.896	-8.670	0.1396
14	3	tracking	-848.951149	68.710040	-258.797665	153.407	-16.670	0.1272
14	4	tracking	-848.533079	68.685017	-259.402840	178.407	-24.670	0.1247
14	5	tracking	-848.135704	68.677907	-259.999512	-156.593	-32.670	0.1147
14	6	tracking	-847.761383	68.687936	-260.584443	-159.186	-40.670	0.1607
14	7	tracking	-847.390151	68.712344	-261.142272	-134.186	-46.375	0.1089
14	8	tracking	-847.034052	68.747852	-261.683844	-150.375	-42.740	0.1050
14	9	tracking	-846.691437	68.790551	-262.210929	-150.375	-34.740	0.1044
14	10	tracking	-846.360385	68.836374	-262.725899	-150.375	-26.740	0.1034
14	11	tracking	-846.038924	68.880283	-263.231329	-150.375	-18.740	0.0927
14	12	tracking	-845.711981	68.925618	-263.710438	-125.375	-26.740	0.0910
14	13	tracking	-845.375779	68.972813	-264.145543	-100.375	-34.740	0.0879
14	14	tracking	-845.036398	69.019217	-264.522830	-75.375	-42.740	0.0819
14	15	tracking	-844.705837	69.059505	-264.835665	-50.375	-50.740	0.0797
14	16	tracking	-844.384292	69.091438	-265.093102	-51.747	-42.740	0.0825
14	17	tracking	-844.083004	69.113982	-265.293128	-26.747	-34.740	0.0838
14	18	tracking	-843.800745	69.125732	-265.443948	-26.747	-26.740	0.0675
14	19	tracking	-843.536584	69.125555	-265.553190	-26.747	-25.689	0.0684
14	20	tracking	-843.300384	69.113535	-265.623253	-1.747	-17.689	0.0685
14	21	tracking	-843.100129	69.088903	-265.661946	23.253	-9.689	0.0619
14	22	tracking	-842.935939	69.051976	-265.678117	37.878	-7.940	0.0606
14	23	tracking	-842.802291	69.003506	-265.676269	37.878	-7.940	0.0602
14	24	tracking	-842.734495	68.976127	-265.632657	62.878	-15.940	0.0541
14	25	tracking	-842.646169	68.885800	-265.631578	67.848	-23.940	0.0551
14	26	tracking	-842.581581	68.776055	-265.624872	67.848	-31.940	0.0507
14	27	tracking	-842.536106	68.638800	-265.613982	67.848	-39.940	0.0494
14	28	tracking	-842.503212	68.465953	-265.596059	42.848	-47.168	0.0677
14	29	tracking	-842.477581	68.258983	-265.568667	17.848	-47.168	0.0469
14	30	tracking	-842.453075	68.020122	-265.530956	-7.152	-47.168	0.0412
14	31	tracking	-842.423116	67.752140	-265.484430	-32.152	-47.168	0.0416
14	32	tracking	-842.394753	67.446498	-265.429674	-7.152	-55.168	0.0381
14	33	tracking	-842.373934	67.104664	-265.367062	17.848	-55.963	0.0388
14	34	landing	-842.361686	66.741132	-265.291701	17.848	-47.963	0.0371
14	35	landing	-842.357572	66.358256	-265.203439	17.848	-47.963	0.0306
14	36	landing	-842.361209	65.958391	-265.102119	17.848	-47.963	0.0304
15	0	tracking	-850.645964	68.867102	-257.032114	-139.104	-4.000	0.1830
15	1	tracking	-849.991601	68.807284	-257.601772	-164.104	-0.670	0.1387
15	2	tracking	-849.422535	68.751906	-258.196524	170.896	-8.670	0.1270
15	3	tracking	-848.951149	68.710040	-258.797665	153.407	-16.670	0.1292
15	4	tracking	-848.533079	68.685017	-259.402840	178.407	-24.670	0.1292
15	5	tracking	-848.135704	68.677907	-259.999512	-156.593	-32.670	0.1147
15	6	tracking	-847.761383	68.687936	-260.584443	-159.186	-40.670	0.1375
15	7	tracking	-847.390151	68.712344	-261.142272	-134.186	-46.375	0.1136
15	8	tracking	-847.034052	68.747852	-261.683844	-150.375	-42.740	0.1466
15	9	tracking	-846.691437	68.790551	-262.210929	-150.375	-34.740	0.1323
15	10	tracking	-846.360385	68.836374	-262.725899	-150.375	-26.740	0.1079
15	11	tracking	-846.038924	68.880283	-263.231329	-150.375	-18.740	0.0917
15	12	tracking	-845.711981	68.925618	-263.710438	-125.375	-26.740	0.0890
15	13	tracking	-845.375779	68.972813	-264.145543	-100.375	-34.740	0.0843
15	14	tracking	-845.036398	69.019217	-264.522830	-75.375	-42.740	0.0790
15	15	tracking	-844.705837	69.059505	-264.835665	-50.375	-50.740	0.0821
15	16	tracking	-844.384292	69.091438	-265.093102	-51.747	-42.740	0.0812
15	17	tracking	-844.083004	69.113982	-265.293128	-26.747	-34.740	0.0699
15	18	tracking	-843.800745	69.125732	-265.443948	-26.747	-26.740	0.0667
15	19	tracking	-843.536584	69.125555	-265.553190	-26.747	-25.689	0.0625
15	20	tracking	-843.300384	69.113535	-265.623253	-1.747	-17.689	0.0692
15	21	tracking	-843.100129	69.088903	-265.661946	23.253	-9.689	0.0795
15	22	tracking	-842.935939	69.051976	-265.678117	37.878	-7.940	0.0587
15	23	tracking	-842.802291	69.003506	-265.676269	37.878	-7.940	0.0547
15	24	tracking	-842.634495	68.976127	-265.632657	62.878	-15.940	0.0519
15	25	tracking	-842.546169	68.885800	-265.631578	67.848	-23.940	0.0483
15	26	tracking	-842.481581	68.776055	-265.624872	67.848	-31.940	0.0486
15	27	tracking	-842.436106	68.638800	-265.613982	67.848	-39.940	0.0431
15	28	tracking	-842.403212	68.465953	-265.596059	42.848	-47.168	0.0458
15	29	tracking	-842.377581	68.258983	-265.568667	17.848	-47.168	0.0406
15	30	tracking	-842.353075	68.020122	-265.530956	-7.152	-47.168	0.0451
15	31	tracking	-842.323116	67.752140	-265.484430	-32.152	-47.168	0.0377
15	32	tracking	-842.294753	67.446498	-265.429674	-7.152	-55.168	0.0661
15	33	tracking	-842.273934	67.104664	-265.367062	17.848	-55.963	0.0465
15	34	landing	-842.261686	66.741132	-265.291701	17.848	-47.963	0.0312
15	35	landing	-842.257572	66.358256	-265.203439	17.848	-47.963	0.0287
15	36	landing	-842.261209	65.958391	-265.102119	17.848	-47.963	0.0304
16	0	tracking	-850.645964	68.867102	-257.032114	-139.104	-4.000	0.1805
16	1	tracking	-849.991601	68.807284	-257.601772	-164.104	-0.670	0.1323
16	2	tracking	-849.422535	68.751906	-258.196524	170.896	-8.670	0.1237
16	3	tracking	-848.951149	68.710040	-258.797665	153.407	-16.670	0.1204
16	4	tracking	-848.533079	68.685017	-259.402840	178.407	-24.670	0.1132
16	5	tracking	-848.135704	68.677907	-259.999512	-156.593	-32.670	0.1040
16	6	tracking	-847.761383	68.687936	-260.584443	-159.186	-40.670	0.1250
16	7	tracking	-847.390151	68.712344	-261.142272	-134.186	-46.375	0.0998
16	8	tracking	-847.034052	68.747852	-261.683844	-150.375	-42.740	0.1078
16	9	tracking	-846.691437	68.790551	-262.210929	-150.375	-34.740	0.0955
16	10	tracking	-846.360385	68.836374	-262.725899	-150.375	-26.740	0.0908
16	11	tracking	-846.038924	68.880283	-263.231329	-150.375	-18.740	0.0879
16	12	tracking	-845.711981	68.925618	-263.710438	-125.375	-26.740	0.0848
16	13	tracking	-845.375779	68.972813	-264.145543	-100.375	-34.740	0.0797
16	14	tracking	-845.036398	69.019217	-264.522830	-75.375	-42.740	0.0772
16	15	tracking	-844.705837	69.059505	-264.835665	-50.375	-50.740	0.0760
16	16	tracking	-844.384292	69.091438	-265.093102	-51.747	-42.740	0.0730
16	17	tracking	-844.083004	69.113982	-265.293128	-26.747	-34.740	0.0667
16	18	tracking	-843.800745	69.125732	-265.443948	-26.747	-26.740	0.0645
16	19	tracking	-843.536584	69.125555	-265.553190	-26.747	-25.689	0.0650
16	20	tracking	-843.300384	69.113535	-265.623253	-1.747	-17.689	0.0559
16	21	tracking	-843.100129	69.088903	-265.661946	23.253	-9.689	0.0571
16	22	tracking	-842.935939	69.051976	-265.678117	37.878	-7.940	0.0555
16	23	tracking	-842.802291	69.003506	-265.676269	37.878	-7.940	0.0506
16	24	tracking	-842.764055	68.910338	-265.735771	62.878	-15.940	0.7011
16	25	tracking	-842.697421	68.849248	-265.739358	67.848	-23.940	0.0776
16	26	tracking	-842.648820	68.764660	-265.738169	67.848	-31.940	0.1113
16	27	tracking	-842.615218	68.649295	-265.733161	67.848	-39.940	0.0626
16	28	tracking	-842.591656	68.495732	-265.721823	42.848	-47.168	0.0560
16	29	tracking	-842.573845	68.305746	-265.701838	17.848	-47.168	0.0840
16	30	tracking	-842.556490	68.081773	-265.672197	-7.152	-47.168	0.0686
16	31	tracking	-842.533641	67.826728	-265.634037	-32.152	-47.168	0.0456
16	32	tracking	-842.511754	67.532233	-265.587860	-7.152	-55.168	0.0450
16	33	tracking	-842.496385	67.199883	-265.533886	17.848	-55.963	0.0351
16	34	landing	-842.488658	66.844309	-265.467262	17.848	-47.963	0.0324
16	35	landing	-842.488268	66.468018	-265.387730	17.848	-47.963	0.0298
16	36	landing	-842.494946	66.073495	-265.295046	17.848	-47.963	0.0283
16	37	landing	-842.508443	65.663153	-265.189028	17.848	-47.963	0.0268
17	0	tracking	-850.645964	68.867102	-257.032114	-139.104	-4.000	0.1822
17	1	tracking	-849.991601	68.807284	-257.601772	-164.104	-0.670	0.1158
17	2	tracking	-849.422535	68.751906	-258.196524	170.896	-8.670	0.1070
17	3	tracking	-848.951149	68.710040	-258.797665	153.407	-16.670	0.1034
17	4	tracking	-848.533079	68.685017	-259.402840	178.407	-24.670	0.0948
17	5	tracking	-848.135704	68.677907	-259.999512	-156.593	-32.670	0.0898
17	6	tracking	-847.761383	68.687936	-260.584443	-159.186	-40.670	0.0876
17	7	tracking	-847.390151	68.712344	-261.142272	-134.186	-46.375	0.0854
17	8	tracking	-847.034052	68.747852	-261.683844	-150.375	-42.740	0.0825
17	9	tracking	-846.691437	68.790551	-262.210929	-150.375	-34.740	0.0877
17	10	tracking	-846.360385	68.836374	-262.725899	-150.375	-26.740	0.0772
17	11	tracking	-846.038924	68.880283	-263.231329	-150.375	-18.740	0.0768
17	12	tracking	-845.711981	68.925618	-263.710438	-125.375	-26.740	0.0720
17	13	tracking	-845.375779	68.972813	-264.145543	-100.375	-34.740	0.1029
17	14	tracking	-845.036398	69.019217	-264.522830	-75.375	-42.740	0.0859
17	15	tracking	-844.705837	69.059505	-264.835665	-50.375	-50.740	0.0696
17	16	tracking	-844.384292	69.091438	-265.093102	-51.747	-42.740	0.0618
17	17	tracking	-844.083004	69.113982	-265.293128	-26.747	-34.740	0.0578
17	18	tracking	-843.800745	69.125732	-265.443948	-26.747	-26.740	0.0560
17	19	tracking	-843.536584	69.125555	-265.553190	-26.747	-25.689	0.0546
17	20	tracking	-843.300384	69.113535	-265.623253	-1.747	-17.689	0.0524
17	21	tracking	-843.100129	69.088903	-265.661946	23.253	-9.689	0.0496
17	22	tracking	-842.935939	69.051976	-265.678117	37.878	-7.940	0.0469
17	23	tracking	-842.802291	69.003506	-265.676269	37.878	-7.940	0.0452
17	24	tracking	-842.664055	68.910338	-265.735771	62.878	-15.940	0.0458
17	25	tracking	-842.597421	68.849248	-265.739358	67.848	-23.940	0.0424
17	26	tracking	-842.548820	68.764660	-265.738169	67.848	-31.940	0.0409
17	27	tracking	-842.515218	68.649295	-265.733161	67.848	-39.940	0.0386
17	28	tracking	-842.491656	68.495732	-265.721823	42.848	-47.168	0.0377
17	29	tracking	-842.473845	68.305746	-265.701838	17.848	-47.168	0.0359
17	30	tracking	-842.456490	68.081773	-265.672197	-7.152	-47.168	0.0349
17	31	tracking	-842.433641	67.826728	-265.634037	-32.152	-47.168	0.0382
17	32	tracking	-842.411754	67.532233	-265.587860	-7.152	-55.168	0.0336
17	33	tracking	-842.396385	67.199883	-265.533886	17.848	-55.963	0.0314
17	34	landing	-842.388658	66.844309	-265.467262	17.848	-47.963	0.0287
17	35	landing	-842.388268	66.468018	-265.387730	17.848	-47.963	0.0276
17	36	landing	-842.394946	66.073495	-265.295046	17.848	-47.963	0.0267
17	37	landing	-842.408443	65.663153	-265.189028	17.848	-47.963	0.0238
18	0	tracking	-850.645964	68.867102	-257.032114	-139.104	-4.000	0.1537
18	1	tracking	-849.991601	68.807284	-257.601772	-164.104	-0.670	0.1190
18	2	tracking	-849.422535	68.751906	-258.196524	170.896	-8.670	0.1078
18	3	tracking	-848.951149	68.710040	-258.797665	153.407	-16.670	0.1016
18	4	tracking	-848.533079	68.685017	-259.402840	178.407	-24.670	0.0973
18	5	tracking	-848.135704	68.677907	-259.999512	-156.593	-32.670	0.0906
18	6	tracking	-847.761383	68.687936	-260.584443	-159.186	-40.670	0.0880
18	7	tracking	-847.390151	68.712344	-261.142272	-134.186	-46.375	0.0858
18	8	tracking	-847.034052	68.747852	-261.683844	-150.375	-42.740	0.0850
18	9	tracking	-846.691437	68.790551	-262.210929	-150.375	-34.740	0.1573
18	10	tracking	-846.360385	68.836374	-262.725899	-150.375	-26.740	0.1262
18	11	tracking	-846.038924	68.880283	-263.231329	-150.375	-18.740	0.0921
18	12	tracking	-845.711981	68.925618	-263.710438	-125.375	-26.740	0.0782
18	13	tracking	-845.375779	68.972813	-264.145543	-100.375	-34.740	0.0752
18	14	tracking	-845.036398	69.019217	-264.522830	-75.375	-42.740	0.0780
18	15	tracking	-844.705837	69.059505	-264.835665	-50.375	-50.740	0.1719
18	16	tracking	-844.384292	69.091438	-265.093102	-51.747	-42.740	0.0809
18	17	tracking	-844.083004	69.113982	-265.293128	-26.747	-34.740	0.0710
18	18	tracking	-843.800745	69.125732	-265.443948	-26.747	-26.740	0.0621
18	19	tracking	-843.536584	69.125555	-265.553190	-26.747	-25.689	0.0581
18	20	tracking	-843.300384	69.113535	-265.623253	-1.747	-17.689	0.0534
18	21	tracking	-843.100129	69.088903	-265.661946	23.253	-9.689	0.0508
18	22	tracking	-842.935939	69.051976	-265.678117	37.878	-7.940	0.0497
18	23	tracking	-842.802291	69.003506	-265.676269	37.878	-7.940	0.0487
18	24	tracking	-842.764055	69.010338	-265.735771	62.878	-15.940	0.0363
18	25	tracking	-842.697421	68.949248	-265.739358	67.848	-23.940	0.0329
18	26	tracking	-842.648820	68.864660	-265.738169	67.848	-31.940	0.0309
18	27	tracking	-842.615218	68.749295	-265.733161	67.848	-39.940	0.0290
18	28	tracking	-842.591656	68.595732	-265.721823	42.848	-47.168	0.0276
18	29	tracking	-842.573845	68.405746	-265.701838	17.848	-47.168	0.0271
18	30	tracking	-842.556490	68.181773	-265.672197	-7.152	-47.168	0.0252
18	31	tracking	-842.533641	67.926728	-265.634037	-32.152	-47.168	0.0245
18	32	tracking	-842.511754	67.632233	-265.587860	-7.152	-55.168	0.0229
18	33	tracking	-842.496385	67.299883	-265.533886	17.848	-55.963	0.0210
18	34	landing	-842.488658	66.944309	-265.467262	17.848	-47.963	0.0190
18	35	landing	-842.488268	66.568018	-265.387730	17.848	-47.963	0.0173
18	36	landing	-842.494946	66.173495	-265.295046	17.848	-47.963	0.0160
18	37	landing	-842.508443	65.763153	-265.189028	17.848	-47.963	0.0165
19	0	tracking	-850.645964	68.867102	-257.032114	-139.104	-4.000	0.1693
19	1	tracking	-849.991601	68.807284	-257.601772	-164.104	-0.670	0.1286
19	2	tracking	-849.422535	68.751906	-258.196524	170.896	-8.670	0.1063
19	3	tracking	-848.951149	68.710040	-258.797665	153.407	-16.670	0.1012
19	4	tracking	-848.533079	68.685017	-259.402840	178.407	-24.670	0.0992
19	5	tracking	-848.135704	68.677907	-259.999512	-156.593	-32.670	0.0927
19	6	tracking	-847.761383	68.687936	-260.584443	-159.186	-40.670	0.0910
19	7	tracking	-847.390151	68.712344	-261.142272	-134.186	-46.375	0.0873
19	8	tracking	-847.034052	68.747852	-261.683844	-150.375	-42.740	0.0831
19	9	tracking	-846.691437	68.790551	-262.210929	-150.375	-34.740	0.0825
19	10	tracking	-846.360385	68.836374	-262.725899	-150.375	-26.740	0.0786
19	11	tracking	-846.038924	68.880283	-263.231329	-150.375	-18.740	0.0816
19	12	tracking	-845.711981	68.925618	-263.710438	-125.375	-26.740	0.0755
19	13	tracking	-845.375779	68.972813	-264.145543	-100.375	-34.740	0.0862
19	14	tracking	-845.036398	69.019217	-264.522830	-75.375	-42.740	0.1132
19	15	tracking	-844.705837	69.059505	-264.835665	-50.375	-50.740	0.0725
19	16	tracking	-844.384292	69.091438	-265.093102	-51.747	-42.740	0.0623
19	17	tracking	-844.083004	69.113982	-265.293128	-26.747	-34.740	0.0574
19	18	tracking	-843.800745	69.125732	-265.443948	-26.747	-26.740	0.0553
19	19	tracking	-843.536584	69.125555	-265.553190	-26.747	-25.689	0.0539
19	20	tracking	-843.300384	69.113535	-265.623253	-1.747	-17.689	0.0512
19	21	tracking	-843.100129	69.088903	-265.661946	23.253	-9.689	0.0680
19	22	tracking	-842.935939	69.051976	-265.678117	37.878	-7.940	0.0486
19	23	tracking	-842.802291	69.003506	-265.676269	37.878	-7.940	0.0471
19	24	tracking	-842.664055	69.010338	-265.735771	62.878	-15.940	0.0482
19	25	tracking	-842.597421	68.949248	-265.739358	67.848	-23.940	0.0410
19	26	tracking	-842.548820	68.864660	-265.738169	67.848	-31.940	0.0394
19	27	tracking	-842.515218	68.749295	-265.733161	67.848	-39.940	0.0369
19	28	tracking	-842.491656	68.595732	-265.721823	42.848	-47.168	0.0382
19	29	tracking	-842.473845	68.405746	-265.701838	17.848	-47.168	0.0345
19	30	tracking	-842.456490	68.181773	-265.672197	-7.152	-47.168	0.0332
19	31	tracking	-842.433641	67.926728	-265.634037	-32.152	-47.168	0.0326
19	32	tracking	-842.411754	67.632233	-265.587860	-7.152	-55.168	0.0321
19	33	tracking	-842.396385	67.299883	-265.533886	17.848	-55.963	0.0291
19	34	landing	-842.388658	66.944309	-265.467262	17.848	-47.963	0.0273
19	35	landing	-842.388268	66.568018	-265.387730	17.848	-47.963	0.0264
19	36	landing	-842.394946	66.173495	-265.295046	17.848	-47.963	0.0252
19	37	landing	-842.408443	65.763153	-265.189028	17.848	-47.963	0.0240
20	0	tracking	-850.645964	68.867102	-257.032114	-139.104	-4.000	0.1810
20	1	tracking	-849.991601	68.807284	-257.601772	-164.104	-0.670	0.1117
20	2	tracking	-849.422535	68.751906	-258.196524	170.896	-8.670	0.1094
20	3	tracking	-848.951149	68.710040	-258.797665	153.407	-16.670	0.1015
20	4	tracking	-848.533079	68.685017	-259.402840	178.407	-24.670	0.0953
20	5	tracking	-848.135704	68.677907	-259.999512	-156.593	-32.670	0.0911
20	6	tracking	-847.761383	68.687936	-260.584443	-159.186	-40.670	0.0891
20	7	tracking	-847.390151	68.712344	-261.142272	-134.186	-46.375	0.1296
20	8	tracking	-847.034052	68.747852	-261.683844	-150.375	-42.740	0.0904
20	9	tracking	-846.691437	68.790551	-262.210929	-150.375	-34.740	0.1400
20	10	tracking	-846.360385	68.836374	-262.725899	-150.375	-26.740	0.1815
20	11	tracking	-846.038924	68.880283	-263.231329	-150.375	-18.740	0.1498
20	12	tracking	-845.711981	68.925618	-263.710438	-125.375	-26.740	0.0950
20	13	tracking	-845.375779	68.972813	-264.145543	-100.375	-34.740	0.0725
20	14	tracking	-845.036398	69.019217	-264.522830	-75.375	-42.740	0.0695
20	15	tracking	-844.705837	69.059505	-264.835665	-50.375	-50.740	0.0750
20	16	tracking	-844.384292	69.091438	-265.093102	-51.747	-42.740	0.0606
20	17	tracking	-844.083004	69.113982	-265.293128	-26.747	-34.740	0.0565
20	18	tracking	-843.800745	69.125732	-265.443948	-26.747	-26.740	0.0612
20	19	tracking	-843.536584	69.125555	-265.553190	-26.747	-25.689	0.0543
20	20	tracking	-843.300384	69.113535	-265.623253	-1.747	-17.689	0.0490
20	21	tracking	-843.100129	69.088903	-265.661946	23.253	-9.689	0.0486
20	22	tracking	-842.935939	69.051976	-265.678117	37.878	-7.940	0.0460
20	23	tracking	-842.802291	69.003506	-265.676269	37.878	-7.940	0.0452
20	24	tracking	-842.764055	68.910338	-265.635771	62.878	-15.940	0.0348
20	25	tracking	-842.697421	68.849248	-265.639358	67.848	-23.940	0.0331
20	26	tracking	-842.648820	68.764660	-265.638169	67.848	-31.940	0.0304
20	27	tracking	-842.615218	68.649295	-265.633161	67.848	-39.940	0.0290
20	28	tracking	-842.591656	68.495732	-265.621823	42.848	-47.168	0.0287
20	29	tracking	-842.573845	68.305746	-265.601838	17.848	-47.168	0.0280
20	30	tracking	-842.556490	68.081773	-265.572197	-7.152	-47.168	0.0254
20	31	tracking	-842.533641	67.826728	-265.534037	-32.152	-47.168	0.0246
20	32	tracking	-842.511754	67.532233	-265.487860	-7.152	-55.168	0.0223
20	33	tracking	-842.496385	67.199883	-265.433886	17.848	-55.963	0.0197
20	34	landing	-842.488658	66.844309	-265.367262	17.848	-47.963	0.0195
20	35	landing	-842.488268	66.468018	-265.287730	17.848	-47.963	0.0171
20	36	landing	-842.494946	66.073495	-265.195046	17.848	-47.963	0.0163
20	37	landing	-842.508443	65.663153	-265.089028	17.848	-47.963	0.0145
21	0	tracking	-850.645964	68.867102	-257.032114	-139.104	-4.000	0.1719
21	1	tracking	-849.991601	68.807284	-257.601772	-164.104	-0.670	0.1135
21	2	tracking	-849.422535	68.751906	-258.196524	170.896	-8.670	0.1058
21	3	tracking	-848.951149	68.710040	-258.797665	153.407	-16.670	0.1055
21	4	tracking	-848.533079	68.685017	-259.402840	178.407	-24.670	0.0964
21	5	tracking	-848.135704	68.677907	-259.999512	-156.593	-32.670	0.0968
21	6	tracking	-847.761383	68.687936	-260.584443	-159.186	-40.670	0.0895
21	7	tracking	-847.390151	68.712344	-261.142272	-134.186	-46.375	0.0842
21	8	tracking	-847.034052	68.747852	-261.683844	-150.375	-42.740	0.0816
21	9	tracking	-846.691437	68.790551	-262.210929	-150.375	-34.740	0.0825
21	10	tracking	-846.360385	68.836374	-262.725899	-150.375	-26.740	0.0769
21	11	tracking	-846.038924	68.880283	-263.231329	-150.375	-18.740	0.0755
21	12	tracking	-845.711981	68.925618	-263.710438	-125.375	-26.740	0.0715
21	13	tracking	-845.375779	68.972813	-264.145543	-100.375	-34.740	0.0681
21	14	tracking	-845.036398	69.019217	-264.522830	-75.375	-42.740	0.0653
21	15	tracking	-844.705837	69.059505	-264.835665	-50.375	-50.740	0.0618
21	16	tracking	-844.384292	69.091438	-265.093102	-51.747	-42.740	0.0612
21	17	tracking	-844.083004	69.113982	-265.293128	-26.747	-34.740	0.0585
21	18	tracking	-843.800745	69.125732	-265.443948	-26.747	-26.740	0.0555
21	19	tracking	-843.536584	69.125555	-265.553190	-26.747	-25.689	0.0537
21	20	tracking	-843.300384	69.113535	-265.623253	-1.747	-17.689	0.0510
21	21	tracking	-843.100129	69.088903	-265.661946	23.253	-9.689	0.0491
21	22	tracking	-842.935939	69.051976	-265.678117	37.878	-7.940	0.0467
21	23	tracking	-842.802291	69.003506	-265.676269	37.878	-7.940	0.0474
21	24	tracking	-842.664055	68.910338	-265.635771	62.878	-15.940	0.0442
21	25	tracking	-842.597421	68.849248	-265.639358	67.848	-23.940	0.0418
21	26	tracking	-842.548820	68.764660	-265.638169	67.848	-31.940	0.0400
21	27	tracking	-842.515218	68.649295	-265.633161	67.848	-39.940	0.0378
21	28	tracking	-842.491656	68.495732	-265.621823	42.848	-47.168	0.0367
21	29	tracking	-842.473845	68.305746	-265.601838	17.848	-47.168	0.0358
21	30	tracking	-842.456490	68.081773	-265.572197	-7.152	-47.168	0.0354
21	31	tracking	-842.433641	67.826728	-265.534037	-32.152	-47.168	0.0336
21	32	tracking	-842.411754	67.532233	-265.487860	-7.152	-55.168	0.0328
21	33	tracking	-842.396385	67.199883	-265.433886	17.848	-55.963	0.0311
21	34	landing	-842.388658	66.844309	-265.367262	17.848	-47.963	0.0309
21	35	landing	-842.388268	66.468018	-265.287730	17.848	-47.963	0.0281
21	36	landing	-842.394946	66.073495	-265.195046	17.848	-47.963	0.0266
21	37	landing	-842.408443	65.663153	-265.089028	17.848	-47.963	0.0247
22	0	tracking	-850.645964	68.867102	-257.032114	-139.104	-4.000	0.1576
22	1	tracking	-849.991601	68.807284	-257.601772	-164.104	-0.670	0.1115
22	2	tracking	-849.422535	68.751906	-258.196524	170.896	-8.670	0.1086
22	3	tracking	-848.951149	68.710040	-258.797665	153.407	-16.670	0.1019
22	4	tracking	-848.533079	68.685017	-259.402840	178.407	-24.670	0.1184
22	5	tracking	-848.135704	68.677907	-259.999512	-156.593	-32.670	0.0960
22	6	tracking	-847.761383	68.687936	-260.584443	-159.186	-40.670	0.0899
22	7	tracking	-847.390151	68.712344	-261.142272	-134.186	-46.375	0.0938
22	8	tracking	-847.034052	68.747852	-261.683844	-150.375	-42.740	0.0918
22	9	tracking	-846.691437	68.790551	-262.210929	-150.375	-34.740	0.0820
22	10	tracking	-846.360385	68.836374	-262.725899	-150.375	-26.740	0.0779
22	11	tracking	-846.038924	68.880283	-263.231329	-150.375	-18.740	0.0769
22	12	tracking	-845.711981	68.925618	-263.710438	-125.375	-26.740	0.0717
22	13	tracking	-845.375779	68.972813	-264.145543	-100.375	-34.740	0.0720
22	14	tracking	-845.036398	69.019217	-264.522830	-75.375	-42.740	0.0645
22	15	tracking	-844.705837	69.059505	-264.835665	-50.375	-50.740	0.0648
22	16	tracking	-844.384292	69.091438	-265.093102	-51.747	-42.740	0.0608
22	17	tracking	-844.083004	69.113982	-265.293128	-26.747	-34.740	0.0568
22	18	tracking	-843.800745	69.125732	-265.443948	-26.747	-26.740	0.0566
22	19	tracking	-843.536584	69.125555	-265.553190	-26.747	-25.689	0.0538
22	20	tracking	-843.300384	69.113535	-265.623253	-1.747	-17.689	0.0504
22	21	tracking	-843.100129	69.088903	-265.661946	23.253	-9.689	0.0584
22	22	tracking	-842.935939	69.051976	-265.678117	37.878	-7.940	0.0549
22	23	tracking	-842.802291	69.003506	-265.676269	37.878	-7.940	0.0464
22	24	tracking	-842.764055	69.010338	-265.635771	62.878	-15.940	0.0359
22	25	tracking	-842.697421	68.949248	-265.639358	67.848	-23.940	0.0446
22	26	tracking	-842.648820	68.864660	-265.638169	67.848	-31.940	0.0361
22	27	tracking	-842.615218	68.749295	-265.633161	67.848	-39.940	0.0292
22	28	tracking	-842.591656	68.595732	-265.621823	42.848	-47.168	0.0875
22	29	tracking	-842.573845	68.405746	-265.601838	17.848	-47.168	0.0846
22	30	tracking	-842.556490	68.181773	-265.572197	-7.152	-47.168	0.0273
22	31	tracking	-842.533641	67.926728	-265.534037	-32.152	-47.168	0.0188
22	32	tracking	-842.511754	67.632233	-265.487860	-7.152	-55.168	0.0177
22	33	tracking	-842.496385	67.299883	-265.433886	17.848	-55.963	0.0162
22	34	landing	-842.488658	66.944309	-265.367262	17.848	-47.963	0.0158
22	35	landing	-842.488268	66.568018	-265.287730	17.848	-47.963	0.0130
22	36	landing	-842.494946	66.173495	-265.195046	17.848	-47.963	0.0137
22	37	landing	-842.508443	65.763153	-265.089028	17.848	-47.963	0.0151
23	0	tracking	-850.645964	68.867102	-257.032114	-139.104	-4.000	0.3755
23	1	tracking	-849.991601	68.807284	-257.601772	-164.104	-0.670	0.1043
23	2	tracking	-849.422535	68.751906	-258.196524	170.896	-8.670	0.0998
23	3	tracking	-848.951149	68.710040	-258.797665	153.407	-16.670	0.0917
23	4	tracking	-848.533079	68.685017	-259.402840	178.407	-24.670	0.0862
23	5	tracking	-848.135704	68.677907	-259.999512	-156.593	-32.670	0.0802
23	6	tracking	-847.761383	68.687936	-260.584443	-159.186	-40.670	0.1656
23	7	tracking	-847.390151	68.712344	-261.142272	-134.186	-46.375	0.1250
23	8	tracking	-847.034052	68.747852	-261.683844	-150.375	-42.740	0.0809
23	9	tracking	-846.691437	68.790551	-262.210929	-150.375	-34.740	0.0752
23	10	tracking	-846.360385	68.836374	-262.725899	-150.375	-26.740	0.0677
23	11	tracking	-846.038924	68.880283	-263.231329	-150.375	-18.740	0.0695
23	12	tracking	-845.711981	68.925618	-263.710438	-125.375	-26.740	0.0582
23	13	tracking	-845.375779	68.972813	-264.145543	-100.375	-34.740	0.0548
23	14	tracking	-845.036398	69.019217	-264.522830	-75.375	-42.740	0.0529
23	15	tracking	-844.705837	69.059505	-264.835665	-50.375	-50.740	0.0520
23	16	tracking	-844.384292	69.091438	-265.093102	-51.747	-42.740	0.0489
23	17	tracking	-844.083004	69.113982	-265.293128	-26.747	-34.740	0.0484
23	18	tracking	-843.800745	69.125732	-265.443948	-26.747	-26.740	0.0455
23	19	tracking	-843.536584	69.125555	-265.553190	-26.747	-25.689	0.0448
23	20	tracking	-843.300384	69.113535	-265.623253	-1.747	-17.689	0.0416
23	21	tracking	-843.100129	69.088903	-265.661946	23.253	-9.689	0.0394
23	22	tracking	-842.935939	69.051976	-265.678117	37.878	-7.940	0.0375
23	23	tracking	-842.802291	69.003506	-265.676269	37.878	-7.940	0.0371
23	24	tracking	-842.664055	69.010338	-265.635771	62.878	-15.940	0.0336
23	25	tracking	-842.597421	68.949248	-265.639358	67.848	-23.940	0.0316
23	26	tracking	-842.548820	68.864660	-265.638169	67.848	-31.940	0.0301
23	27	tracking	-842.515218	68.749295	-265.633161	67.848	-39.940	0.0297
23	28	tracking	-842.491656	68.595732	-265.621823	42.848	-47.168	0.0285
23	29	tracking	-842.473845	68.405746	-265.601838	17.848	-47.168	0.0262
23	30	tracking	-842.456490	68.181773	-265.572197	-7.152	-47.168	0.0265
23	31	tracking	-842.433641	67.926728	-265.534037	-32.152	-47.168	0.0253
23	32	tracking	-842.411754	67.632233	-265.487860	-7.152	-55.168	0.0398
23	33	tracking	-842.396385	67.299883	-265.433886	17.848	-55.963	0.0234
23	34	landing	-842.388658	66.944309	-265.367262	17.848	-47.963	0.0221
23	35	landing	-842.388268	66.568018	-265.287730	17.848	-47.963	0.0190
23	36	landing	-842.394946	66.173495	-265.195046	17.848	-47.963	0.0174
23	37	landing	-842.408443	65.763153	-265.089028	17.848	-47.963	0.0175
24	0	tracking	-850.645964	68.867102	-257.032114	-139.104	-4.000	0.2080
24	1	tracking	-849.991601	68.807284	-257.601772	-164.104	-0.670	0.1168
24	2	tracking	-849.422535	68.751906	-258.196524	170.896	-8.670	0.0888
24	3	tracking	-848.951149	68.710040	-258.797665	153.407	-16.670	0.0950
24	4	tracking	-848.533079	68.685017	-259.402840	178.407	-24.670	0.1299
24	5	tracking	-848.135704	68.677907	-259.999512	-156.593	-32.670	0.0770
24	6	tracking	-847.761383	68.687936	-260.584443	-159.186	-40.670	0.0743
24	7	tracking	-847.390151	68.712344	-261.142272	-134.186	-46.375	0.0706
24	8	tracking	-847.034052	68.747852	-261.683844	-150.375	-42.740	0.0671
24	9	tracking	-846.691437	68.790551	-262.210929	-150.375	-34.740	0.0662
24	10	tracking	-846.360385	68.836374	-262.725899	-150.375	-26.740	0.0625
24	11	tracking	-846.038924	68.880283	-263.231329	-150.375	-18.740	0.0612
24	12	tracking	-845.711981	68.925618	-263.710438	-125.375	-26.740	0.0604
24	13	tracking	-845.375779	68.972813	-264.145543	-100.375	-34.740	0.0543
24	14	tracking	-845.036398	69.019217	-264.522830	-75.375	-42.740	0.0531
24	15	tracking	-844.705837	69.059505	-264.835665	-50.375	-50.740	0.0662
24	16	tracking	-844.384292	69.091438	-265.093102	-51.747	-42.740	0.0569
24	17	tracking	-844.083004	69.113982	-265.293128	-26.747	-34.740	0.0493
24	18	tracking	-843.800745	69.125732	-265.443948	-26.747	-26.740	0.0455
24	19	tracking	-843.536584	69.125555	-265.553190	-26.747	-25.689	0.0438
24	20	tracking	-843.300384	69.113535	-265.623253	-1.747	-17.689	0.0428
24	21	tracking	-843.100129	69.088903	-265.661946	23.253	-9.689	0.0412
24	22	tracking	-842.935939	69.051976	-265.678117	37.878	-7.940	0.0385
24	23	tracking	-842.802291	69.003506	-265.676269	37.878	-7.940	0.0372
24	24	tracking	-842.731562	68.911703	-265.734159	62.878	-15.940	0.0382
24	25	tracking	-842.638406	68.853481	-265.735321	67.848	-23.940	0.0358
24	26	tracking	-842.567967	68.773254	-265.731242	67.848	-31.940	0.0339
24	27	tracking	-842.516241	68.663679	-265.723115	67.848	-39.940	0.0314
24	28	tracking	-842.477281	68.517219	-265.708190	42.848	-47.168	0.0328
24	29	tracking	-842.446007	68.335306	-265.684208	17.848	-47.168	0.0462
24	30	tracking	-842.416584	68.120041	-265.650421	-7.152	-47.168	0.0314
24	31	tracking	-842.382768	67.874097	-265.608226	-32.152	-47.168	0.0278
24	32	tracking	-842.351059	67.589218	-265.558052	-7.152	-55.168	0.0269
24	33	tracking	-842.327032	67.266854	-265.500227	17.848	-55.963	0.0233
24	34	landing	-842.311612	66.921234	-265.430103	17.848	-47.963	0.0222
24	35	landing	-842.304352	66.554700	-265.347504	17.848	-47.963	0.0192
24	36	landing	-842.304864	66.169626	-265.252225	17.848	-47.963	0.0185
24	37	landing	-842.312804	65.768348	-265.144092	17.848	-47.963	0.0173
25	0	tracking	-850.645964	68.867102	-257.032114	-139.104	-4.000	0.1466
25	1	tracking	-849.991601	68.807284	-257.601772	-164.104	-0.670	0.0959
25	2	tracking	-849.422535	68.751906	-258.196524	170.896	-8.670	0.0900
25	3	tracking	-848.951149	68.710040	-258.797665	153.407	-16.670	0.0899
25	4	tracking	-848.533079	68.685017	-259.402840	178.407	-24.670	0.0821
25	5	tracking	-848.135704	68.677907	-259.999512	-156.593	-32.670	0.0758
25	6	tracking	-847.761383	68.687936	-260.584443	-159.186	-40.670	0.1224
25	7	tracking	-847.390151	68.712344	-261.142272	-134.186	-46.375	0.0868
25	8	tracking	-847.034052	68.747852	-261.683844	-150.375	-42.740	0.0731
25	9	tracking	-846.691437	68.790551	-262.210929	-150.375	-34.740	0.0719
25	10	tracking	-846.360385	68.836374	-262.725899	-150.375	-26.740	0.0663
25	11	tracking	-846.038924	68.880283	-263.231329	-150.375	-18.740	0.0654
25	12	tracking	-845.711981	68.925618	-263.710438	-125.375	-26.740	0.0609
25	13	tracking	-845.375779	68.972813	-264.145543	-100.375	-34.740	0.0588
25	14	tracking	-845.036398	69.019217	-264.522830	-75.375	-42.740	0.0553
25	15	tracking	-844.705837	69.059505	-264.835665	-50.375	-50.740	0.0541
25	16	tracking	-844.384292	69.091438	-265.093102	-51.747	-42.740	0.0523
25	17	tracking	-844.083004	69.113982	-265.293128	-26.747	-34.740	0.0486
25	18	tracking	-843.800745	69.125732	-265.443948	-26.747	-26.740	0.0462
25	19	tracking	-843.536584	69.125555	-265.553190	-26.747	-25.689	0.0450
25	20	tracking	-843.300384	69.113535	-265.623253	-1.747	-17.689	0.0470
25	21	tracking	-843.100129	69.088903	-265.661946	23.253	-9.689	0.0421
25	22	tracking	-842.935939	69.051976	-265.678117	37.878	-7.940	0.0388
25	23	tracking	-842.802291	69.003506	-265.676269	37.878	-7.940	0.0375
25	24	tracking	-842.631562	68.911703	-265.734159	62.878	-15.940	0.0393
25	25	tracking	-842.538406	68.853481	-265.735321	67.848	-23.940	0.0366
25	26	tracking	-842.467967	68.773254	-265.731242	67.848	-31.940	0.0343
25	27	tracking	-842.416241	68.663679	-265.723115	67.848	-39.940	0.0324
25	28	tracking	-842.377281	68.517219	-265.708190	42.848	-47.168	0.0309
25	29	tracking	-842.346007	68.335306	-265.684208	17.848	-47.168	0.0299
25	30	tracking	-842.316584	68.120041	-265.650421	-7.152	-47.168	0.0282
25	31	tracking	-842.282768	67.874097	-265.608226	-32.152	-47.168	0.0264
25	32	tracking	-842.251059	67.589218	-265.558052	-7.152	-55.168	0.0266
25	33	tracking	-842.227032	67.266854	-265.500227	17.848	-55.963	0.0238
25	34	landing	-842.211612	66.921234	-265.430103	17.848	-47.963	0.0405
25	35	landing	-842.204352	66.554700	-265.347504	17.848	-47.963	0.0200
25	36	landing	-842.204864	66.169626	-265.252225	17.848	-47.963	0.0190
25	37	landing	-842.212804	65.768348	-265.144092	17.848	-47.963	0.0181
26	0	tracking	-850.645964	68.867102	-257.032114	-139.104	-4.000	0.2665
26	1	tracking	-849.991601	68.807284	-257.601772	-164.104	-0.670	0.3169
26	2	tracking	-849.422535	68.751906	-258.196524	170.896	-8.670	0.2481
26	3	tracking	-848.951149	68.710040	-258.797665	153.407	-16.670	0.2159
26	4	tracking	-848.533079	68.685017	-259.402840	178.407	-24.670	0.1773
26	5	tracking	-848.135704	68.677907	-259.999512	-156.593	-32.670	0.1653
26	6	tracking	-847.761383	68.687936	-260.584443	-159.186	-40.670	0.1881
26	7	tracking	-847.390151	68.712344	-261.142272	-134.186	-46.375	0.1427
26	8	tracking	-847.034052	68.747852	-261.683844	-150.375	-42.740	0.1040
26	9	tracking	-846.691437	68.790551	-262.210929	-150.375	-34.740	0.0717
26	10	tracking	-846.360385	68.836374	-262.725899	-150.375	-26.740	0.0628
26	11	tracking	-846.038924	68.880283	-263.231329	-150.375	-18.740	0.0617
26	12	tracking	-845.711981	68.925618	-263.710438	-125.375	-26.740	0.0646
26	13	tracking	-845.375779	68.972813	-264.145543	-100.375	-34.740	0.0575
26	14	tracking	-845.036398	69.019217	-264.522830	-75.375	-42.740	0.0533
26	15	tracking	-844.705837	69.059505	-264.835665	-50.375	-50.740	0.0519
26	16	tracking	-844.384292	69.091438	-265.093102	-51.747	-42.740	0.0510
26	17	tracking	-844.083004	69.113982	-265.293128	-26.747	-34.740	0.0559
26	18	tracking	-843.800745	69.125732	-265.443948	-26.747	-26.740	0.2401
26	19	tracking	-843.536584	69.125555	-265.553190	-26.747	-25.689	0.1365
26	20	tracking	-843.300384	69.113535	-265.623253	-1.747	-17.689	0.0987
26	21	tracking	-843.100129	69.088903	-265.661946	23.253	-9.689	0.0859
26	22	tracking	-842.935939	69.051976	-265.678117	37.878	-7.940	0.1030
26	23	tracking	-842.802291	69.003506	-265.676269	37.878	-7.940	0.2507
26	24	tracking	-842.731562	69.011703	-265.734159	62.878	-15.940	0.0987
26	25	tracking	-842.638406	68.953481	-265.735321	67.848	-23.940	0.0485
26	26	tracking	-842.567967	68.873254	-265.731242	67.848	-31.940	0.0484
26	27	tracking	-842.516241	68.763679	-265.723115	67.848	-39.940	0.0340
26	28	tracking	-842.477281	68.617219	-265.708190	42.848	-47.168	0.0313
26	29	tracking	-842.446007	68.435306	-265.684208	17.848	-47.168	0.0289
26	30	tracking	-842.416584	68.220041	-265.650421	-7.152	-47.168	0.0277
26	31	tracking	-842.382768	67.974097	-265.608226	-32.152	-47.168	0.0267
26	32	tracking	-842.351059	67.689218	-265.558052	-7.152	-55.168	0.0258
26	33	tracking	-842.327032	67.366854	-265.500227	17.848	-55.963	0.0230
26	34	landing	-842.311612	67.021234	-265.430103	17.848	-47.963	0.0215
26	35	landing	-842.304352	66.654700	-265.347504	17.848	-47.963	0.0198
26	36	landing	-842.304864	66.269626	-265.252225	17.848	-47.963	0.0177
26	37	landing	-842.312804	65.868348	-265.144092	17.848	-47.963	0.0178
27	0	tracking	-850.645964	68.867102	-257.032114	-139.104	-4.000	0.1467
27	1	tracking	-849.991601	68.807284	-257.601772	-164.104	-0.670	0.0969
27	2	tracking	-849.422535	68.751906	-258.196524	170.896	-8.670	0.0959
27	3	tracking	-848.951149	68.710040	-258.797665	153.407	-16.670	0.0874
27	4	tracking	-848.533079	68.685017	-259.402840	178.407	-24.670	0.0813
27	5	tracking	-848.135704	68.677907	-259.999512	-156.593	-32.670	0.0922
27	6	tracking	-847.761383	68.687936	-260.584443	-159.186	-40.670	0.0897
27	7	tracking	-847.390151	68.712344	-261.142272	-134.186	-46.375	0.0702
27	8	tracking	-847.034052	68.747852	-261.683844	-150.375	-42.740	0.0767
27	9	tracking	-846.691437	68.790551	-262.210929	-150.375	-34.740	0.0713
27	10	tracking	-846.360385	68.836374	-262.725899	-150.375	-26.740	0.0646
27	11	tracking	-846.038924	68.880283	-263.231329	-150.375	-18.740	0.0637
27	12	tracking	-845.711981	68.925618	-263.710438	-125.375	-26.740	0.0610
27	13	tracking	-845.375779	68.972813	-264.145543	-100.375	-34.740	0.0598
27	14	tracking	-845.036398	69.019217	-264.522830	-75.375	-42.740	0.1827
27	15	tracking	-844.705837	69.059505	-264.835665	-50.375	-50.740	0.1350
27	16	tracking	-844.384292	69.091438	-265.093102	-51.747	-42.740	0.1388
27	17	tracking	-844.083004	69.113982	-265.293128	-26.747	-34.740	0.0737
27	18	tracking	-843.800745	69.125732	-265.443948	-26.747	-26.740	0.0676
27	19	tracking	-843.536584	69.125555	-265.553190	-26.747	-25.689	0.0785
27	20	tracking	-843.300384	69.113535	-265.623253	-1.747	-17.689	0.0656
27	21	tracking	-843.100129	69.088903	-265.661946	23.253	-9.689	0.0418
27	22	tracking	-842.935939	69.051976	-265.678117	37.878	-7.940	0.0718
27	23	tracking	-842.802291	69.003506	-265.676269	37.878	-7.940	0.1372
27	24	tracking	-842.631562	69.011703	-265.734159	62.878	-15.940	0.1468
27	25	tracking	-842.538406	68.953481	-265.735321	67.848	-23.940	0.0534
27	26	tracking	-842.467967	68.873254	-265.731242	67.848	-31.940	0.0409
27	27	tracking	-842.416241	68.763679	-265.723115	67.848	-39.940	0.0332
27	28	tracking	-842.377281	68.617219	-265.708190	42.848	-47.168	0.0304
27	29	tracking	-842.346007	68.435306	-265.684208	17.848	-47.168	0.0288
27	30	tracking	-842.316584	68.220041	-265.650421	-7.152	-47.168	0.0275
27	31	tracking	-842.282768	67.974097	-265.608226	-32.152	-47.168	0.0275
27	32	tracking	-842.251059	67.689218	-265.558052	-7.152	-55.168	0.0265
27	33	tracking	-842.227032	67.366854	-265.500227	17.848	-55.963	0.0243
27	34	landing	-842.211612	67.021234	-265.430103	17.848	-47.963	0.0275
27	35	landing	-842.204352	66.654700	-265.347504	17.848	-47.963	0.0197
27	36	landing	-842.204864	66.269626	-265.252225	17.848	-47.963	0.0178
27	37	landing	-842.212804	65.868348	-265.144092	17.848	-47.963	0.0179
28	0	tracking	-850.645964	68.867102	-257.032114	-139.104	-4.000	0.2460
28	1	tracking	-849.991601	68.807284	-257.601772	-164.104	-0.670	0.1652
28	2	tracking	-849.422535	68.751906	-258.196524	170.896	-8.670	0.1830
28	3	tracking	-848.951149	68.710040	-258.797665	153.407	-16.670	0.1406
28	4	tracking	-848.533079	68.685017	-259.402840	178.407	-24.670	0.1759
28	5	tracking	-848.135704	68.677907	-259.999512	-156.593	-32.670	0.1398
28	6	tracking	-847.761383	68.687936	-260.584443	-159.186	-40.670	0.1241
28	7	tracking	-847.390151	68.712344	-261.142272	-134.186	-46.375	0.1353
28	8	tracking	-847.034052	68.747852	-261.683844	-150.375	-42.740	0.1181
28	9	tracking	-846.691437	68.790551	-262.210929	-150.375	-34.740	0.1168
28	10	tracking	-846.360385	68.836374	-262.725899	-150.375	-26.740	0.1124
28	11	tracking	-846.038924	68.880283	-263.231329	-150.375	-18.740	0.1062
28	12	tracking	-845.711981	68.925618	-263.710438	-125.375	-26.740	0.1009
28	13	tracking	-845.375779	68.972813	-264.145543	-100.375	-34.740	0.1213
28	14	tracking	-845.036398	69.019217	-264.522830	-75.375	-42.740	0.1228
28	15	tracking	-844.705837	69.059505	-264.835665	-50.375	-50.740	0.1056
28	16	tracking	-844.384292	69.091438	-265.093102	-51.747	-42.740	0.0903
28	17	tracking	-844.083004	69.113982	-265.293128	-26.747	-34.740	0.0812
28	18	tracking	-843.800745	69.125732	-265.443948	-26.747	-26.740	0.1009
28	19	tracking	-843.536584	69.125555	-265.553190	-26.747	-25.689	0.1272
28	20	tracking	-843.300384	69.113535	-265.623253	-1.747	-17.689	0.0979
28	21	tracking	-843.100129	69.088903	-265.661946	23.253	-9.689	0.1154
28	22	tracking	-842.935939	69.051976	-265.678117	37.878	-7.940	0.1263
28	23	tracking	-842.802291	69.003506	-265.676269	37.878	-7.940	0.0708
28	24	tracking	-842.731562	68.911703	-265.634159	62.878	-15.940	0.0706
28	25	tracking	-842.638406	68.853481	-265.635321	67.848	-23.940	0.0655
28	26	tracking	-842.567967	68.773254	-265.631242	67.848	-31.940	0.0866
28	27	tracking	-842.516241	68.663679	-265.623115	67.848	-39.940	0.0621
28	28	tracking	-842.477281	68.517219	-265.608190	42.848	-47.168	0.0652
28	29	tracking	-842.446007	68.335306	-265.584208	17.848	-47.168	0.0574
28	30	tracking	-842.416584	68.120041	-265.550421	-7.152	-47.168	0.0604
28	31	tracking	-842.382768	67.874097	-265.508226	-32.152	-47.168	0.0505
28	32	tracking	-842.351059	67.589218	-265.458052	-7.152	-55.168	0.0502
28	33	tracking	-842.327032	67.266854	-265.400227	17.848	-55.963	0.0457
28	34	landing	-842.311612	66.921234	-265.330103	17.848	-47.963	0.0417
28	35	landing	-842.304352	66.554700	-265.247504	17.848	-47.963	0.0463
28	36	landing	-842.304864	66.169626	-265.152225	17.848	-47.963	0.0327
28	37	landing	-842.312804	65.768348	-265.044092	17.848	-47.963	0.0206
29	0	tracking	-850.645964	68.867102	-257.032114	-139.104	-4.000	0.1609
29	1	tracking	-849.991601	68.807284	-257.601772	-164.104	-0.670	0.1160
29	2	tracking	-849.422535	68.751906	-258.196524	170.896	-8.670	0.1067
29	3	tracking	-848.951149	68.710040	-258.797665	153.407	-16.670	0.0936
29	4	tracking	-848.533079	68.685017	-259.402840	178.407	-24.670	0.0932
29	5	tracking	-848.135704	68.677907	-259.999512	-156.593	-32.670	0.0834
29	6	tracking	-847.761383	68.687936	-260.584443	-159.186	-40.670	0.0855
29	7	tracking	-847.390151	68.712344	-261.142272	-134.186	-46.375	0.0785
29	8	tracking	-847.034052	68.747852	-261.683844	-150.375	-42.740	0.0738
29	9	tracking	-846.691437	68.790551	-262.210929	-150.375	-34.740	0.0742
29	10	tracking	-846.360385	68.836374	-262.725899	-150.375	-26.740	0.0832
29	11	tracking	-846.038924	68.880283	-263.231329	-150.375	-18.740	0.0689
29	12	tracking	-845.711981	68.925618	-263.710438	-125.375	-26.740	0.0619
29	13	tracking	-845.375779	68.972813	-264.145543	-100.375	-34.740	0.0606
29	14	tracking	-845.036398	69.019217	-264.522830	-75.375	-42.740	0.0593
29	15	tracking	-844.705837	69.059505	-264.835665	-50.375	-50.740	0.0592
29	16	tracking	-844.384292	69.091438	-265.093102	-51.747	-42.740	0.0672
29	17	tracking	-844.083004	69.113982	-265.293128	-26.747	-34.740	0.0597
29	18	tracking	-843.800745	69.125732	-265.443948	-26.747	-26.740	0.0787
29	19	tracking	-843.536584	69.125555	-265.553190	-26.747	-25.689	0.0530
29	20	tracking	-843.300384	69.113535	-265.623253	-1.747	-17.689	0.0597
29	21	tracking	-843.100129	69.088903	-265.661946	23.253	-9.689	0.0434
29	22	tracking	-842.935939	69.051976	-265.678117	37.878	-7.940	0.0447
29	23	tracking	-842.802291	69.003506	-265.676269	37.878	-7.940	0.0421
29	24	tracking	-842.631562	68.911703	-265.634159	62.878	-15.940	0.0387
29	25	tracking	-842.538406	68.853481	-265.635321	67.848	-23.940	0.0414
29	26	tracking	-842.467967	68.773254	-265.631242	67.848	-31.940	0.0345
29	27	tracking	-842.416241	68.663679	-265.623115	67.848	-39.940	0.0398
29	28	tracking	-842.377281	68.517219	-265.608190	42.848	-47.168	0.0319
29	29	tracking	-842.346007	68.335306	-265.584208	17.848	-47.168	0.0360
29	30	tracking	-842.316584	68.120041	-265.550421	-7.152	-47.168	0.0285
29	31	tracking	-842.282768	67.874097	-265.508226	-32.152	-47.168	0.0318
29	32	tracking	-842.251059	67.589218	-265.458052	-7.152	-55.168	0.0258
29	33	tracking	-842.227032	67.266854	-265.400227	17.848	-55.963	0.0240
29	34	landing	-842.211612	66.921234	-265.330103	17.848	-47.963	0.0279
29	35	landing	-842.204352	66.554700	-265.247504	17.848	-47.963	0.0204
29	36	landing	-842.204864	66.169626	-265.152225	17.848	-47.963	0.0185
29	37	landing	-842.212804	65.768348	-265.044092	17.848	-47.963	0.0244
30	0	tracking	-850.645964	68.867102	-257.032114	-139.104	-4.000	0.2673
30	1	tracking	-849.991601	68.807284	-257.601772	-164.104	-0.670	0.1857
30	2	tracking	-849.422535	68.751906	-258.196524	170.896	-8.670	0.1518
30	3	tracking	-848.951149	68.710040	-258.797665	153.407	-16.670	0.1070
30	4	tracking	-848.533079	68.685017	-259.402840	178.407	-24.670	0.1635
30	5	tracking	-848.135704	68.677907	-259.999512	-156.593	-32.670	0.1857
30	6	tracking	-847.761383	68.687936	-260.584443	-159.186	-40.670	0.1685
30	7	tracking	-847.390151	68.712344	-261.142272	-134.186	-46.375	0.1527
30	8	tracking	-847.034052	68.747852	-261.683844	-150.375	-42.740	0.1429
30	9	tracking	-846.691437	68.790551	-262.210929	-150.375	-34.740	0.1245
30	10	tracking	-846.360385	68.836374	-262.725899	-150.375	-26.740	0.1152
30	11	tracking	-846.038924	68.880283	-263.231329	-150.375	-18.740	0.1397
30	12	tracking	-845.711981	68.925618	-263.710438	-125.375	-26.740	0.1260
30	13	tracking	-845.375779	68.972813	-264.145543	-100.375	-34.740	0.1237
30	14	tracking	-845.036398	69.019217	-264.522830	-75.375	-42.740	0.1073
30	15	tracking	-844.705837	69.059505	-264.835665	-50.375	-50.740	0.0997
30	16	tracking	-844.384292	69.091438	-265.093102	-51.747	-42.740	0.0925
30	17	tracking	-844.083004	69.113982	-265.293128	-26.747	-34.740	0.0863
30	18	tracking	-843.800745	69.125732	-265.443948	-26.747	-26.740	0.0925
30	19	tracking	-843.536584	69.125555	-265.553190	-26.747	-25.689	0.1111
30	20	tracking	-843.300384	69.113535	-265.623253	-1.747	-17.689	0.0794
30	21	tracking	-843.100129	69.088903	-265.661946	23.253	-9.689	0.0488
30	22	tracking	-842.935939	69.051976	-265.678117	37.878	-7.940	0.0515
30	23	tracking	-842.802291	69.003506	-265.676269	37.878	-7.940	0.0464
30	24	tracking	-842.731562	69.011703	-265.634159	62.878	-15.940	0.0498
30	25	tracking	-842.638406	68.953481	-265.635321	67.848	-23.940	0.0386
30	26	tracking	-842.567967	68.873254	-265.631242	67.848	-31.940	0.0379
30	27	tracking	-842.516241	68.763679	-265.623115	67.848	-39.940	0.0337
30	28	tracking	-842.477281	68.617219	-265.608190	42.848	-47.168	0.0352
30	29	tracking	-842.446007	68.435306	-265.584208	17.848	-47.168	0.0303
30	30	tracking	-842.416584	68.220041	-265.550421	-7.152	-47.168	0.0323
30	31	tracking	-842.382768	67.974097	-265.508226	-32.152	-47.168	0.0625
30	32	tracking	-842.351059	67.689218	-265.458052	-7.152	-55.168	0.0283
30	33	tracking	-842.327032	67.366854	-265.400227	17.848	-55.963	0.0289
30	34	landing	-842.311612	67.021234	-265.330103	17.848	-47.963	0.0234
30	35	landing	-842.304352	66.654700	-265.247504	17.848	-47.963	0.0207
30	36	landing	-842.304864	66.269626	-265.152225	17.848	-47.963	0.0226
30	37	landing	-842.312804	65.868348	-265.044092	17.848	-47.963	0.0201
31	0	tracking	-850.645964	68.867102	-257.032114	-139.104	-4.000	0.1906
31	1	tracking	-849.991601	68.807284	-257.601772	-164.104	-0.670	0.1111
31	2	tracking	-849.422535	68.751906	-258.196524	170.896	-8.670	0.1619
31	3	tracking	-848.951149	68.710040	-258.797665	153.407	-16.670	0.1670
31	4	tracking	-848.533079	68.685017	-259.402840	178.407	-24.670	0.1028
31	5	tracking	-848.135704	68.677907	-259.999512	-156.593	-32.670	0.0835
31	6	tracking	-847.761383	68.687936	-260.584443	-159.186	-40.670	0.0800
31	7	tracking	-847.390151	68.712344	-261.142272	-134.186	-46.375	0.0984
31	8	tracking	-847.034052	68.747852	-261.683844	-150.375	-42.740	0.0909
31	9	tracking	-846.691437	68.790551	-262.210929	-150.375	-34.740	0.0863
31	10	tracking	-846.360385	68.836374	-262.725899	-150.375	-26.740	0.0721
31	11	tracking	-846.038924	68.880283	-263.231329	-150.375	-18.740	0.0714
31	12	tracking	-845.711981	68.925618	-263.710438	-125.375	-26.740	0.0797
31	13	tracking	-845.375779	68.972813	-264.145543	-100.375	-34.740	0.0765
31	14	tracking	-845.036398	69.019217	-264.522830	-75.375	-42.740	0.0938
31	15	tracking	-844.705837	69.059505	-264.835665	-50.375	-50.740	0.0616
31	16	tracking	-844.384292	69.091438	-265.093102	-51.747	-42.740	0.0585
31	17	tracking	-844.083004	69.113982	-265.293128	-26.747	-34.740	0.0592
31	18	tracking	-843.800745	69.125732	-265.443948	-26.747	-26.740	0.0516
31	19	tracking	-843.536584	69.125555	-265.553190	-26.747	-25.689	0.0521
31	20	tracking	-843.300384	69.113535	-265.623253	-1.747	-17.689	0.0494
31	21	tracking	-843.100129	69.088903	-265.661946	23.253	-9.689	0.1537
31	22	tracking	-842.935939	69.051976	-265.678117	37.878	-7.940	0.0915
31	23	tracking	-842.802291	69.003506	-265.676269	37.878	-7.940	0.0771
31	24	tracking	-842.631562	69.011703	-265.634159	62.878	-15.940	0.0642
31	25	tracking	-842.538406	68.953481	-265.635321	67.848	-23.940	0.0635
31	26	tracking	-842.467967	68.873254	-265.631242	67.848	-31.940	0.1470
31	27	tracking	-842.416241	68.763679	-265.623115	67.848	-39.940	0.1412
31	28	tracking	-842.377281	68.617219	-265.608190	42.848	-47.168	0.0652
31	29	tracking	-842.346007	68.435306	-265.584208	17.848	-47.168	0.0688
31	30	tracking	-842.316584	68.220041	-265.550421	-7.152	-47.168	0.0572
31	31	tracking	-842.282768	67.974097	-265.508226	-32.152	-47.168	0.0536
31	32	tracking	-842.251059	67.689218	-265.458052	-7.152	-55.168	0.0478
31	33	tracking	-842.227032	67.366854	-265.400227	17.848	-55.963	0.0445
31	34	landing	-842.211612	67.021234	-265.330103	17.848	-47.963	0.0458
31	35	landing	-842.204352	66.654700	-265.247504	17.848	-47.963	0.0373
31	36	landing	-842.204864	66.269626	-265.152225	17.848	-47.963	0.0342
31	37	landing	-842.212804	65.868348	-265.044092	17.848	-47.963	0.0389
32	0	tracking	-850.645964	68.867102	-257.032114	-139.104	-4.000	0.2324
32	1	tracking	-849.991601	68.807284	-257.601772	-164.104	-0.670	0.1143
32	2	tracking	-849.422535	68.751906	-258.196524	170.896	-8.670	0.1263
32	3	tracking	-848.951149	68.710040	-258.797665	153.407	-16.670	0.0925
32	4	tracking	-848.533079	68.685017	-259.402840	178.407	-24.670	0.0840
32	5	tracking	-848.135704	68.677907	-259.999512	-156.593	-32.670	0.0985
32	6	tracking	-847.761383	68.687936	-260.584443	-159.186	-40.670	0.0768
32	7	tracking	-847.390151	68.712344	-261.142272	-134.186	-46.375	0.0751
32	8	tracking	-847.034052	68.747852	-261.683844	-150.375	-42.740	0.0756
32	9	tracking	-846.691437	68.790551	-262.210929	-150.375	-34.740	0.0715
32	10	tracking	-846.360385	68.836374	-262.725899	-150.375	-26.740	0.0697
32	11	tracking	-846.038924	68.880283	-263.231329	-150.375	-18.740	0.0793
32	12	tracking	-845.711981	68.925618	-263.710438	-125.375	-26.740	0.0684
32	13	tracking	-845.375779	68.972813	-264.145543	-100.375	-34.740	0.0623
32	14	tracking	-845.036398	69.019217	-264.522830	-75.375	-42.740	0.0594
32	15	tracking	-844.705837	69.059505	-264.835665	-50.375	-50.740	0.0580
32	16	tracking	-844.384292	69.091438	-265.093102	-51.747	-42.740	0.0514
32	17	tracking	-844.083004	69.113982	-265.293128	-26.747	-34.740	0.0563
32	18	tracking	-843.800745	69.125732	-265.443948	-26.747	-26.740	0.0526
32	19	tracking	-843.536584	69.125555	-265.553190	-26.747	-25.689	0.0512
32	20	tracking	-843.300384	69.113535	-265.623253	-1.747	-17.689	0.0448
32	21	tracking	-843.100129	69.088903	-265.661946	23.253	-9.689	0.0455
32	22	tracking	-842.935939	69.051976	-265.678117	37.878	-7.940	0.0437
32	23	tracking	-842.802291	69.003506	-265.676269	37.878	-7.940	0.0393
32	24	tracking	-842.767039	68.874784	-265.698602	62.878	-15.940	0.0585
32	25	tracking	-842.705583	68.781808	-265.668047	67.848	-23.940	0.0372
32	26	tracking	-842.663633	68.668347	-265.635608	67.848	-31.940	0.0371
32	27	tracking	-842.637668	68.526705	-265.602059	67.848	-39.940	0.0327
32	28	tracking	-842.622065	68.349359	-265.564046	42.848	-47.168	0.0357
32	29	tracking	-842.611980	68.138517	-265.518325	17.848	-47.168	0.0300
32	30	tracking	-842.601219	67.896894	-265.463452	-7.152	-47.168	0.0324
32	31	tracking	-842.583023	67.627337	-265.400864	-32.152	-47.168	0.0260
32	32	tracking	-842.565050	67.321215	-265.331070	-7.152	-55.168	0.0263
32	33	tracking	-842.553713	66.980006	-265.254358	17.848	-55.963	0.0369
32	34	landing	-842.550164	66.618138	-265.165659	17.848	-47.963	0.0213
32	35	landing	-842.554055	66.237975	-265.064719	17.848	-47.963	0.0191
32	36	landing	-842.565074	65.841830	-264.951333	17.848	-47.963	0.0372
33	0	tracking	-850.645964	68.867102	-257.032114	-139.104	-4.000	0.2038
33	1	tracking	-849.991601	68.807284	-257.601772	-164.104	-0.670	0.1370
33	2	tracking	-849.422535	68.751906	-258.196524	170.896	-8.670	0.1185
33	3	tracking	-848.951149	68.710040	-258.797665	153.407	-16.670	0.1149
33	4	tracking	-848.533079	68.685017	-259.402840	178.407	-24.670	0.1295
33	5	tracking	-848.135704	68.677907	-259.999512	-156.593	-32.670	0.1024
33	6	tracking	-847.761383	68.687936	-260.584443	-159.186	-40.670	0.1221
33	7	tracking	-847.390151	68.712344	-261.142272	-134.186	-46.375	0.1398
33	8	tracking	-847.034052	68.747852	-261.683844	-150.375	-42.740	0.1424
33	9	tracking	-846.691437	68.790551	-262.210929	-150.375	-34.740	0.1220
33	10	tracking	-846.360385	68.836374	-262.725899	-150.375	-26.740	0.1257
33	11	tracking	-846.038924	68.880283	-263.231329	-150.375	-18.740	0.1089
33	12	tracking	-845.711981	68.925618	-263.710438	-125.375	-26.740	0.1156
33	13	tracking	-845.375779	68.972813	-264.145543	-100.375	-34.740	0.0693
33	14	tracking	-845.036398	69.019217	-264.522830	-75.375	-42.740	0.0645
33	15	tracking	-844.705837	69.059505	-264.835665	-50.375	-50.740	0.0661
33	16	tracking	-844.384292	69.091438	-265.093102	-51.747	-42.740	0.0678
33	17	tracking	-844.083004	69.113982	-265.293128	-26.747	-34.740	0.0592
33	18	tracking	-843.800745	69.125732	-265.443948	-26.747	-26.740	0.0552
33	19	tracking	-843.536584	69.125555	-265.553190	-26.747	-25.689	0.0530
33	20	tracking	-843.300384	69.113535	-265.623253	-1.747	-17.689	0.0452
33	21	tracking	-843.100129	69.088903	-265.661946	23.253	-9.689	0.0481
33	22	tracking	-842.935939	69.051976	-265.678117	37.878	-7.940	0.0523
33	23	tracking	-842.802291	69.003506	-265.676269	37.878	-7.940	0.0501
33	24	tracking	-842.667039	68.874784	-265.698602	62.878	-15.940	0.0295
33	25	tracking	-842.605583	68.781808	-265.668047	67.848	-23.940	0.0283
33	26	tracking	-842.563633	68.668347	-265.635608	67.848	-31.940	0.0239
33	27	tracking	-842.537668	68.526705	-265.602059	67.848	-39.940	0.0259
33	28	tracking	-842.522065	68.349359	-265.564046	42.848	-47.168	0.0214
33	29	tracking	-842.511980	68.138517	-265.518325	17.848	-47.168	0.0194
33	30	tracking	-842.501219	67.896894	-265.463452	-7.152	-47.168	0.0180
33	31	tracking	-842.483023	67.627337	-265.400864	-32.152	-47.168	0.0178
33	32	tracking	-842.465050	67.321215	-265.331070	-7.152	-55.168	0.0190
33	33	tracking	-842.453713	66.980006	-265.254358	17.848	-55.963	0.0154
33	34	landing	-842.450164	66.618138	-265.165659	17.848	-47.963	0.0138
33	35	landing	-842.454055	66.237975	-265.064719	17.848	-47.963	0.0126
33	36	landing	-842.465074	65.841830	-264.951333	17.848	-47.963	0.0119
34	0	tracking	-850.645964	68.867102	-257.032114	-139.104	-4.000	0.1568
34	1	tracking	-849.991601	68.807284	-257.601772	-164.104	-0.670	0.1243
34	2	tracking	-849.422535	68.751906	-258.196524	170.896	-8.670	0.1093
34	3	tracking	-848.951149	68.710040	-258.797665	153.407	-16.670	0.1072
34	4	tracking	-848.533079	68.685017	-259.402840	178.407	-24.670	0.1089
34	5	tracking	-848.135704	68.677907	-259.999512	-156.593	-32.670	0.0862
34	6	tracking	-847.761383	68.687936	-260.584443	-159.186	-40.670	0.0853
34	7	tracking	-847.390151	68.712344	-261.142272	-134.186	-46.375	0.0790
34	8	tracking	-847.034052	68.747852	-261.683844	-150.375	-42.740	0.0778
34	9	tracking	-846.691437	68.790551	-262.210929	-150.375	-34.740	0.0772
34	10	tracking	-846.360385	68.836374	-262.725899	-150.375	-26.740	0.0714
34	11	tracking	-846.038924	68.880283	-263.231329	-150.375	-18.740	0.0707
34	12	tracking	-845.711981	68.925618	-263.710438	-125.375	-26.740	0.0659
34	13	tracking	-845.375779	68.972813	-264.145543	-100.375	-34.740	0.0660
34	14	tracking	-845.036398	69.019217	-264.522830	-75.375	-42.740	0.0586
34	15	tracking	-844.705837	69.059505	-264.835665	-50.375	-50.740	0.0597
34	16	tracking	-844.384292	69.091438	-265.093102	-51.747	-42.740	0.0575
34	17	tracking	-844.083004	69.113982	-265.293128	-26.747	-34.740	0.0574
34	18	tracking	-843.800745	69.125732	-265.443948	-26.747	-26.740	0.0543
34	19	tracking	-843.536584	69.125555	-265.553190	-26.747	-25.689	0.0484
34	20	tracking	-843.300384	69.113535	-265.623253	-1.747	-17.689	0.0479
34	21	tracking	-843.100129	69.088903	-265.661946	23.253	-9.689	0.0484
34	22	tracking	-842.935939	69.051976	-265.678117	37.878	-7.940	0.0482
34	23	tracking	-842.802291	69.003506	-265.676269	37.878	-7.940	0.0457
34	24	tracking	-842.767039	68.974784	-265.698602	62.878	-15.940	0.0410
34	25	tracking	-842.705583	68.881808	-265.668047	67.848	-23.940	0.0455
34	26	tracking	-842.663633	68.768347	-265.635608	67.848	-31.940	0.0355
34	27	tracking	-842.637668	68.626705	-265.602059	67.848	-39.940	0.0358
34	28	tracking	-842.622065	68.449359	-265.564046	42.848	-47.168	0.0302
34	29	tracking	-842.611980	68.238517	-265.518325	17.848	-47.168	0.0325
34	30	tracking	-842.601219	67.996894	-265.463452	-7.152	-47.168	0.0270
34	31	tracking	-842.583023	67.727337	-265.400864	-32.152	-47.168	0.0296
34	32	tracking	-842.565050	67.421215	-265.331070	-7.152	-55.168	0.0255
34	33	tracking	-842.553713	67.080006	-265.254358	17.848	-55.963	0.0248
34	34	landing	-842.550164	66.718138	-265.165659	17.848	-47.963	0.0245
34	35	landing	-842.554055	66.337975	-265.064719	17.848	-47.963	0.0212
34	36	landing	-842.565074	65.941830	-264.951333	17.848	-47.963	0.0181
35	0	tracking	-850.645964	68.867102	-257.032114	-139.104	-4.000	0.1475
35	1	tracking	-849.991601	68.807284	-257.601772	-164.104	-0.670	0.1043
35	2	tracking	-849.422535	68.751906	-258.196524	170.896	-8.670	0.1149
35	3	tracking	-848.951149	68.710040	-258.797665	153.407	-16.670	0.0941
35	4	tracking	-848.533079	68.685017	-259.402840	178.407	-24.670	0.0899
35	5	tracking	-848.135704	68.677907	-259.999512	-156.593	-32.670	0.0821
35	6	tracking	-847.761383	68.687936	-260.584443	-159.186	-40.670	0.0812
35	7	tracking	-847.390151	68.712344	-261.142272	-134.186	-46.375	0.0830
35	8	tracking	-847.034052	68.747852	-261.683844	-150.375	-42.740	0.0864
35	9	tracking	-846.691437	68.790551	-262.210929	-150.375	-34.740	0.0763
35	10	tracking	-846.360385	68.836374	-262.725899	-150.375	-26.740	0.0722
35	11	tracking	-846.038924	68.880283	-263.231329	-150.375	-18.740	0.0860
35	12	tracking	-845.711981	68.925618	-263.710438	-125.375	-26.740	0.0758
35	13	tracking	-845.375779	68.972813	-264.145543	-100.375	-34.740	0.0646
35	14	tracking	-845.036398	69.019217	-264.522830	-75.375	-42.740	0.0597
35	15	tracking	-844.705837	69.059505	-264.835665	-50.375	-50.740	0.0601
35	16	tracking	-844.384292	69.091438	-265.093102	-51.747	-42.740	0.0582
35	17	tracking	-844.083004	69.113982	-265.293128	-26.747	-34.740	0.0555
35	18	tracking	-843.800745	69.125732	-265.443948	-26.747	-26.740	0.0531
35	19	tracking	-843.536584	69.125555	-265.553190	-26.747	-25.689	0.0476
35	20	tracking	-843.300384	69.113535	-265.623253	-1.747	-17.689	0.0481
35	21	tracking	-843.100129	69.088903	-265.661946	23.253	-9.689	0.0471
35	22	tracking	-842.935939	69.051976	-265.678117	37.878	-7.940	0.0443
35	23	tracking	-842.802291	69.003506	-265.676269	37.878	-7.940	0.0432
35	24	tracking	-842.667039	68.974784	-265.698602	62.878	-15.940	0.0290
35	25	tracking	-842.605583	68.881808	-265.668047	67.848	-23.940	0.0285
35	26	tracking	-842.563633	68.768347	-265.635608	67.848	-31.940	0.0240
35	27	tracking	-842.537668	68.626705	-265.602059	67.848	-39.940	0.0223
35	28	tracking	-842.522065	68.449359	-265.564046	42.848	-47.168	0.0228
35	29	tracking	-842.511980	68.238517	-265.518325	17.848	-47.168	0.0192
35	30	tracking	-842.501219	67.996894	-265.463452	-7.152	-47.168	0.0176
35	31	tracking	-842.483023	67.727337	-265.400864	-32.152	-47.168	0.0181
35	32	tracking	-842.465050	67.421215	-265.331070	-7.152	-55.168	0.0201
35	33	tracking	-842.453713	67.080006	-265.254358	17.848	-55.963	0.0177
35	34	landing	-842.450164	66.718138	-265.165659	17.848	-47.963	0.0162
35	35	landing	-842.454055	66.337975	-265.064719	17.848	-47.963	0.0145
35	36	landing	-842.465074	65.941830	-264.951333	17.848	-47.963	0.0144
36	0	tracking	-850.645964	68.867102	-257.032114	-139.104	-4.000	0.1780
36	1	tracking	-849.991601	68.807284	-257.601772	-164.104	-0.670	0.1032
36	2	tracking	-849.422535	68.751906	-258.196524	170.896	-8.670	0.0977
36	3	tracking	-848.951149	68.710040	-258.797665	153.407	-16.670	0.0945
36	4	tracking	-848.533079	68.685017	-259.402840	178.407	-24.670	0.0895
36	5	tracking	-848.135704	68.677907	-259.999512	-156.593	-32.670	0.0839
36	6	tracking	-847.761383	68.687936	-260.584443	-159.186	-40.670	0.0796
36	7	tracking	-847.390151	68.712344	-261.142272	-134.186	-46.375	0.0786
36	8	tracking	-847.034052	68.747852	-261.683844	-150.375	-42.740	0.0769
36	9	tracking	-846.691437	68.790551	-262.210929	-150.375	-34.740	0.0750
36	10	tracking	-846.360385	68.836374	-262.725899	-150.375	-26.740	0.2397
36	11	tracking	-846.038924	68.880283	-263.231329	-150.375	-18.740	0.0984
36	12	tracking	-845.711981	68.925618	-263.710438	-125.375	-26.740	0.0702
36	13	tracking	-845.375779	68.972813	-264.145543	-100.375	-34.740	0.0765
36	14	tracking	-845.036398	69.019217	-264.522830	-75.375	-42.740	0.0702
36	15	tracking	-844.705837	69.059505	-264.835665	-50.375	-50.740	0.0611
36	16	tracking	-844.384292	69.091438	-265.093102	-51.747	-42.740	0.0550
36	17	tracking	-844.083004	69.113982	-265.293128	-26.747	-34.740	0.0546
36	18	tracking	-843.800745	69.125732	-265.443948	-26.747	-26.740	0.0551
36	19	tracking	-843.536584	69.125555	-265.553190	-26.747	-25.689	0.0512
36	20	tracking	-843.300384	69.113535	-265.623253	-1.747	-17.689	0.0464
36	21	tracking	-843.100129	69.088903	-265.661946	23.253	-9.689	0.0503
36	22	tracking	-842.935939	69.051976	-265.678117	37.878	-7.940	0.0459
36	23	tracking	-842.802291	69.003506	-265.676269	37.878	-7.940	0.0413
36	24	tracking	-842.767039	68.874784	-265.598602	62.878	-15.940	0.0429
36	25	tracking	-842.705583	68.781808	-265.568047	67.848	-23.940	0.0379
36	26	tracking	-842.663633	68.668347	-265.535608	67.848	-31.940	0.0399
36	27	tracking	-842.637668	68.526705	-265.502059	67.848	-39.940	0.0341
36	28	tracking	-842.622065	68.349359	-265.464046	42.848	-47.168	0.0361
36	29	tracking	-842.611980	68.138517	-265.418325	17.848	-47.168	0.0314
36	30	tracking	-842.601219	67.896894	-265.363452	-7.152	-47.168	0.0333
36	31	tracking	-842.583023	67.627337	-265.300864	-32.152	-47.168	0.0282
36	32	tracking	-842.565050	67.321215	-265.231070	-7.152	-55.168	0.0282
36	33	tracking	-842.553713	66.980006	-265.154358	17.848	-55.963	0.0305
36	34	landing	-842.550164	66.618138	-265.065659	17.848	-47.963	0.0228
36	35	landing	-842.554055	66.237975	-264.964719	17.848	-47.963	0.0226
36	36	landing	-842.565074	65.841830	-264.851333	17.848	-47.963	0.0232
37	0	tracking	-850.645964	68.867102	-257.032114	-139.104	-4.000	0.1708
37	1	tracking	-849.991601	68.807284	-257.601772	-164.104	-0.670	0.1075
37	2	tracking	-849.422535	68.751906	-258.196524	170.896	-8.670	0.1190
37	3	tracking	-848.951149	68.710040	-258.797665	153.407	-16.670	0.1002
37	4	tracking	-848.533079	68.685017	-259.402840	178.407	-24.670	0.0930
37	5	tracking	-848.135704	68.677907	-259.999512	-156.593	-32.670	0.0883
37	6	tracking	-847.761383	68.687936	-260.584443	-159.186	-40.670	0.0813
37	7	tracking	-847.390151	68.712344	-261.142272	-134.186	-46.375	0.0849
37	8	tracking	-847.034052	68.747852	-261.683844	-150.375	-42.740	0.0823
37	9	tracking	-846.691437	68.790551	-262.210929	-150.375	-34.740	0.0812
37	10	tracking	-846.360385	68.836374	-262.725899	-150.375	-26.740	0.0735
37	11	tracking	-846.038924	68.880283	-263.231329	-150.375	-18.740	0.0757
37	12	tracking	-845.711981	68.925618	-263.710438	-125.375	-26.740	0.0703
37	13	tracking	-845.375779	68.972813	-264.145543	-100.375	-34.740	0.0700
37	14	tracking	-845.036398	69.019217	-264.522830	-75.375	-42.740	0.0658
37	15	tracking	-844.705837	69.059505	-264.835665	-50.375	-50.740	0.0652
37	16	tracking	-844.384292	69.091438	-265.093102	-51.747	-42.740	0.0545
37	17	tracking	-844.083004	69.113982	-265.293128	-26.747	-34.740	0.0549
37	18	tracking	-843.800745	69.125732	-265.443948	-26.747	-26.740	0.0743
37	19	tracking	-843.536584	69.125555	-265.553190	-26.747	-25.689	0.0585
37	20	tracking	-843.300384	69.113535	-265.623253	-1.747	-17.689	0.0437
37	21	tracking	-843.100129	69.088903	-265.661946	23.253	-9.689	0.0455
37	22	tracking	-842.935939	69.051976	-265.678117	37.878	-7.940	0.0405
37	23	tracking	-842.802291	69.003506	-265.676269	37.878	-7.940	0.0378
37	24	tracking	-842.667039	68.874784	-265.598602	62.878	-15.940	0.0282
37	25	tracking	-842.605583	68.781808	-265.568047	67.848	-23.940	0.0242
37	26	tracking	-842.563633	68.668347	-265.535608	67.848	-31.940	0.0220
37	27	tracking	-842.537668	68.526705	-265.502059	67.848	-39.940	0.0244
37	28	tracking	-842.522065	68.349359	-265.464046	42.848	-47.168	0.0209
37	29	tracking	-842.511980	68.138517	-265.418325	17.848	-47.168	0.0202
37	30	tracking	-842.501219	67.896894	-265.363452	-7.152	-47.168	0.0179
37	31	tracking	-842.483023	67.627337	-265.300864	-32.152	-47.168	0.0239
37	32	tracking	-842.465050	67.321215	-265.231070	-7.152	-55.168	0.0168
37	33	tracking	-842.453713	66.980006	-265.154358	17.848	-55.963	0.0155
37	34	landing	-842.450164	66.618138	-265.065659	17.848	-47.963	0.0135
37	35	landing	-842.454055	66.237975	-264.964719	17.848	-47.963	0.0117
37	36	landing	-842.465074	65.841830	-264.851333	17.848	-47.963	0.0119
38	0	tracking	-850.645964	68.867102	-257.032114	-139.104	-4.000	0.1411
38	1	tracking	-849.991601	68.807284	-257.601772	-164.104	-0.670	0.1032
38	2	tracking	-849.422535	68.751906	-258.196524	170.896	-8.670	0.0967
38	3	tracking	-848.951149	68.710040	-258.797665	153.407	-16.670	0.0953
38	4	tracking	-848.533079	68.685017	-259.402840	178.407	-24.670	0.0910
38	5	tracking	-848.135704	68.677907	-259.999512	-156.593	-32.670	0.0829
38	6	tracking	-847.761383	68.687936	-260.584443	-159.186	-40.670	0.0794
38	7	tracking	-847.390151	68.712344	-261.142272	-134.186	-46.375	0.0942
38	8	tracking	-847.034052	68.747852	-261.683844	-150.375	-42.740	0.0773
38	9	tracking	-846.691437	68.790551	-262.210929	-150.375	-34.740	0.0872
38	10	tracking	-846.360385	68.836374	-262.725899	-150.375	-26.740	0.0713
38	11	tracking	-846.038924	68.880283	-263.231329	-150.375	-18.740	0.0699
38	12	tracking	-845.711981	68.925618	-263.710438	-125.375	-26.740	0.0663
38	13	tracking	-845.375779	68.972813	-264.145543	-100.375	-34.740	0.0649
38	14	tracking	-845.036398	69.019217	-264.522830	-75.375	-42.740	0.0606
38	15	tracking	-844.705837	69.059505	-264.835665	-50.375	-50.740	0.0592
38	16	tracking	-844.384292	69.091438	-265.093102	-51.747	-42.740	0.0565
38	17	tracking	-844.083004	69.113982	-265.293128	-26.747	-34.740	0.0506
38	18	tracking	-843.800745	69.125732	-265.443948	-26.747	-26.740	0.0535
38	19	tracking	-843.536584	69.125555	-265.553190	-26.747	-25.689	0.0500
38	20	tracking	-843.300384	69.113535	-265.623253	-1.747	-17.689	0.0487
38	21	tracking	-843.100129	69.088903	-265.661946	23.253	-9.689	0.0431
38	22	tracking	-842.935939	69.051976	-265.678117	37.878	-7.940	0.0441
38	23	tracking	-842.802291	69.003506	-265.676269	37.878	-7.940	0.0402
38	24	tracking	-842.767039	68.974784	-265.598602	62.878	-15.940	0.0434
38	25	tracking	-842.705583	68.881808	-265.568047	67.848	-23.940	0.0352
38	26	tracking	-842.663633	68.768347	-265.535608	67.848	-31.940	0.0333
38	27	tracking	-842.637668	68.626705	-265.502059	67.848	-39.940	0.0322
38	28	tracking	-842.622065	68.449359	-265.464046	42.848	-47.168	0.0368
38	29	tracking	-842.611980	68.238517	-265.418325	17.848	-47.168	0.0354
38	30	tracking	-842.601219	67.996894	-265.363452	-7.152	-47.168	0.0321
38	31	tracking	-842.583023	67.727337	-265.300864	-32.152	-47.168	0.0262
38	32	tracking	-842.565050	67.421215	-265.231070	-7.152	-55.168	0.0290
38	33	tracking	-842.553713	67.080006	-265.154358	17.848	-55.963	0.0241
38	34	landing	-842.550164	66.718138	-265.065659	17.848	-47.963	0.0213
38	35	landing	-842.554055	66.337975	-264.964719	17.848	-47.963	0.0219
38	36	landing	-842.565074	65.941830	-264.851333	17.848	-47.963	0.0188
39	0	tracking	-850.645964	68.867102	-257.032114	-139.104	-4.000	0.1417
39	1	tracking	-849.991601	68.807284	-257.601772	-164.104	-0.670	0.1015
39	2	tracking	-849.422535	68.751906	-258.196524	170.896	-8.670	0.1948
39	3	tracking	-848.951149	68.710040	-258.797665	153.407	-16.670	0.1052
39	4	tracking	-848.533079	68.685017	-259.402840	178.407	-24.670	0.0926
39	5	tracking	-848.135704	68.677907	-259.999512	-156.593	-32.670	0.0852
39	6	tracking	-847.761383	68.687936	-260.584443	-159.186	-40.670	0.0800
39	7	tracking	-847.390151	68.712344	-261.142272	-134.186	-46.375	0.0797
39	8	tracking	-847.034052	68.747852	-261.683844	-150.375	-42.740	0.0760
39	9	tracking	-846.691437	68.790551	-262.210929	-150.375	-34.740	0.0770
39	10	tracking	-846.360385	68.836374	-262.725899	-150.375	-26.740	0.0705
39	11	tracking	-846.038924	68.880283	-263.231329	-150.375	-18.740	0.0848
39	12	tracking	-845.711981	68.925618	-263.710438	-125.375	-26.740	0.0682
39	13	tracking	-845.375779	68.972813	-264.145543	-100.375	-34.740	0.0688
39	14	tracking	-845.036398	69.019217	-264.522830	-75.375	-42.740	0.0612
39	15	tracking	-844.705837	69.059505	-264.835665	-50.375	-50.740	0.0606
39	16	tracking	-844.384292	69.091438	-265.093102	-51.747	-42.740	0.0593
39	17	tracking	-844.083004	69.113982	-265.293128	-26.747	-34.740	0.0557
39	18	tracking	-843.800745	69.125732	-265.443948	-26.747	-26.740	0.0575
39	19	tracking	-843.536584	69.125555	-265.553190	-26.747	-25.689	0.0537
39	20	tracking	-843.300384	69.113535	-265.623253	-1.747	-17.689	0.0516
39	21	tracking	-843.100129	69.088903	-265.661946	23.253	-9.689	0.0619
39	22	tracking	-842.935939	69.051976	-265.678117	37.878	-7.940	0.0537
39	23	tracking	-842.802291	69.003506	-265.676269	37.878	-7.940	0.0451
39	24	tracking	-842.667039	68.974784	-265.598602	62.878	-15.940	0.0400
39	25	tracking	-842.605583	68.881808	-265.568047	67.848	-23.940	0.0307
39	26	tracking	-842.563633	68.768347	-265.535608	67.848	-31.940	0.0339
39	27	tracking	-842.537668	68.626705	-265.502059	67.848	-39.940	0.0260
39	28	tracking	-842.522065	68.449359	-265.464046	42.848	-47.168	0.0248
39	29	tracking	-842.511980	68.238517	-265.418325	17.848	-47.168	0.0222
39	30	tracking	-842.501219	67.996894	-265.363452	-7.152	-47.168	0.0206
39	31	tracking	-842.483023	67.727337	-265.300864	-32.152	-47.168	0.0201
39	32	tracking	-842.465050	67.421215	-265.231070	-7.152	-55.168	0.0217
39	33	tracking	-842.453713	67.080006	-265.154358	17.848	-55.963	0.0232
39	34	landing	-842.450164	66.718138	-265.065659	17.848	-47.963	0.0160
39	35	landing	-842.454055	66.337975	-264.964719	17.848	-47.963	0.0136
39	36	landing	-842.465074	65.941830	-264.851333	17.848	-47.963	0.0121
40	0	tracking	-850.645964	68.867102	-257.032114	-139.104	-4.000	0.1687
40	1	tracking	-849.991601	68.807284	-257.601772	-164.104	-0.670	0.1162
40	2	tracking	-849.422535	68.751906	-258.196524	170.896	-8.670	0.1074
40	3	tracking	-848.951149	68.710040	-258.797665	153.407	-16.670	0.0952
40	4	tracking	-848.533079	68.685017	-259.402840	178.407	-24.670	0.0911
40	5	tracking	-848.135704	68.677907	-259.999512	-156.593	-32.670	0.0856
40	6	tracking	-847.761383	68.687936	-260.584443	-159.186	-40.670	0.0841
40	7	tracking	-847.390151	68.712344	-261.142272	-134.186	-46.375	0.0851
40	8	tracking	-847.034052	68.747852	-261.683844	-150.375	-42.740	0.1239
40	9	tracking	-846.691437	68.790551	-262.210929	-150.375	-34.740	0.0904
40	10	tracking	-846.360385	68.836374	-262.725899	-150.375	-26.740	0.0803
40	11	tracking	-846.038924	68.880283	-263.231329	-150.375	-18.740	0.0750
40	12	tracking	-845.711981	68.925618	-263.710438	-125.375	-26.740	0.0686
40	13	tracking	-845.375779	68.972813	-264.145543	-100.375	-34.740	0.0679
40	14	tracking	-845.036398	69.019217	-264.522830	-75.375	-42.740	0.0595
40	15	tracking	-844.705837	69.059505	-264.835665	-50.375	-50.740	0.0618
40	16	tracking	-844.384292	69.091438	-265.093102	-51.747	-42.740	0.0586
40	17	tracking	-844.083004	69.113982	-265.293128	-26.747	-34.740	0.0757
40	18	tracking	-843.800745	69.125732	-265.443948	-26.747	-26.740	0.0626
40	19	tracking	-843.536584	69.125555	-265.553190	-26.747	-25.689	0.0487
40	20	tracking	-843.300384	69.113535	-265.623253	-1.747	-17.689	0.0500
40	21	tracking	-843.100129	69.088903	-265.661946	23.253	-9.689	0.0478
40	22	tracking	-842.935939	69.051976	-265.678117	37.878	-7.940	0.0422
40	23	tracking	-842.802291	69.003506	-265.676269	37.878	-7.940	0.0432
40	24	tracking	-842.734533	68.876144	-265.696997	62.878	-15.940	0.0383
40	25	tracking	-842.646503	68.786003	-265.664039	67.848	-23.940	0.0388
40	26	tracking	-842.582590	68.676803	-265.628761	67.848	-31.940	0.0330
40	27	tracking	-842.538257	68.540701	-265.592194	67.848	-39.940	0.0345
40	28	tracking	-842.506879	68.369916	-265.550854	42.848	-47.168	0.0312
40	29	tracking	-842.482896	68.166202	-265.501678	17.848	-47.168	0.0324
40	30	tracking	-842.459719	67.931968	-265.443446	-7.152	-47.168	0.0280
40	31	tracking	-842.430358	67.669938	-265.377707	-32.152	-47.168	0.0272
40	32	tracking	-842.402406	67.371654	-265.304850	-7.152	-55.168	0.0304
40	33	tracking	-842.382237	67.038506	-265.225222	17.848	-55.963	0.0248
40	34	landing	-842.370823	66.684611	-265.133915	17.848	-47.963	0.0223
40	35	landing	-842.367681	66.312215	-265.030731	17.848	-47.963	0.0229
40	36	landing	-842.372387	65.923546	-264.915486	17.848	-47.963	0.0187
41	0	tracking	-850.645964	68.867102	-257.032114	-139.104	-4.000	0.1654
41	1	tracking	-849.991601	68.807284	-257.601772	-164.104	-0.670	0.1128
41	2	tracking	-849.422535	68.751906	-258.196524	170.896	-8.670	0.1028
41	3	tracking	-848.951149	68.710040	-258.797665	153.407	-16.670	0.0974
41	4	tracking	-848.533079	68.685017	-259.402840	178.407	-24.670	0.0903
41	5	tracking	-848.135704	68.677907	-259.999512	-156.593	-32.670	0.0995
41	6	tracking	-847.761383	68.687936	-260.584443	-159.186	-40.670	0.0868
41	7	tracking	-847.390151	68.712344	-261.142272	-134.186	-46.375	0.0945
41	8	tracking	-847.034052	68.747852	-261.683844	-150.375	-42.740	0.0795
41	9	tracking	-846.691437	68.790551	-262.210929	-150.375	-34.740	0.0793
41	10	tracking	-846.360385	68.836374	-262.725899	-150.375	-26.740	0.0753
41	11	tracking	-846.038924	68.880283	-263.231329	-150.375	-18.740	0.0717
41	12	tracking	-845.711981	68.925618	-263.710438	-125.375	-26.740	0.0655
41	13	tracking	-845.375779	68.972813	-264.145543	-100.375	-34.740	0.0669
41	14	tracking	-845.036398	69.019217	-264.522830	-75.375	-42.740	0.0649
41	15	tracking	-844.705837	69.059505	-264.835665	-50.375	-50.740	0.0645
41	16	tracking	-844.384292	69.091438	-265.093102	-51.747	-42.740	0.0620
41	17	tracking	-844.083004	69.113982	-265.293128	-26.747	-34.740	0.0603
41	18	tracking	-843.800745	69.125732	-265.443948	-26.747	-26.740	0.0552
41	19	tracking	-843.536584	69.125555	-265.553190	-26.747	-25.689	0.2616
41	20	tracking	-843.300384	69.113535	-265.623253	-1.747	-17.689	0.0766
41	21	tracking	-843.100129	69.088903	-265.661946	23.253	-9.689	0.0785
41	22	tracking	-842.935939	69.051976	-265.678117	37.878	-7.940	0.0585
41	23	tracking	-842.802291	69.003506	-265.676269	37.878	-7.940	0.0527
41	24	tracking	-842.634533	68.876144	-265.696997	62.878	-15.940	0.0492
41	25	tracking	-842.546503	68.786003	-265.664039	67.848	-23.940	0.0471
41	26	tracking	-842.482590	68.676803	-265.628761	67.848	-31.940	0.0359
41	27	tracking	-842.438257	68.540701	-265.592194	67.848	-39.940	0.0401
41	28	tracking	-842.406879	68.369916	-265.550854	42.848	-47.168	0.0338
41	29	tracking	-842.382896	68.166202	-265.501678	17.848	-47.168	0.0310
41	30	tracking	-842.359719	67.931968	-265.443446	-7.152	-47.168	0.0293
41	31	tracking	-842.330358	67.669938	-265.377707	-32.152	-47.168	0.0292
41	32	tracking	-842.302406	67.371654	-265.304850	-7.152	-55.168	0.0316
41	33	tracking	-842.282237	67.038506	-265.225222	17.848	-55.963	0.0277
41	34	landing	-842.270823	66.684611	-265.133915	17.848	-47.963	0.0224
41	35	landing	-842.267681	66.312215	-265.030731	17.848	-47.963	0.0244
41	36	landing	-842.272387	65.923546	-264.915486	17.848	-47.963	0.0212
42	0	tracking	-850.645964	68.867102	-257.032114	-139.104	-4.000	0.1894
42	1	tracking	-849.991601	68.807284	-257.601772	-164.104	-0.670	0.1167
42	2	tracking	-849.422535	68.751906	-258.196524	170.896	-8.670	0.1060
42	3	tracking	-848.951149	68.710040	-258.797665	153.407	-16.670	0.1024
42	4	tracking	-848.533079	68.685017	-259.402840	178.407	-24.670	0.1114
42	5	tracking	-848.135704	68.677907	-259.999512	-156.593	-32.670	0.0908
42	6	tracking	-847.761383	68.687936	-260.584443	-159.186	-40.670	0.0850
42	7	tracking	-847.390151	68.712344	-261.142272	-134.186	-46.375	0.0919
42	8	tracking	-847.034052	68.747852	-261.683844	-150.375	-42.740	0.0792
42	9	tracking	-846.691437	68.790551	-262.210929	-150.375	-34.740	0.0893
42	10	tracking	-846.360385	68.836374	-262.725899	-150.375	-26.740	0.0706
42	11	tracking	-846.038924	68.880283	-263.231329	-150.375	-18.740	0.0712
42	12	tracking	-845.711981	68.925618	-263.710438	-125.375	-26.740	0.0690
42	13	tracking	-845.375779	68.972813	-264.145543	-100.375	-34.740	0.0668
42	14	tracking	-845.036398	69.019217	-264.522830	-75.375	-42.740	0.0639
42	15	tracking	-844.705837	69.059505	-264.835665	-50.375	-50.740	0.0651
42	16	tracking	-844.384292	69.091438	-265.093102	-51.747	-42.740	0.0600
42	17	tracking	-844.083004	69.113982	-265.293128	-26.747	-34.740	0.0526
42	18	tracking	-843.800745	69.125732	-265.443948	-26.747	-26.740	0.0510
42	19	tracking	-843.536584	69.125555	-265.553190	-26.747	-25.689	0.0528
42	20	tracking	-843.300384	69.113535	-265.623253	-1.747	-17.689	0.0511
42	21	tracking	-843.100129	69.088903	-265.661946	23.253	-9.689	0.0480
42	22	tracking	-842.935939	69.051976	-265.678117	37.878	-7.940	0.0470
42	23	tracking	-842.802291	69.003506	-265.676269	37.878	-7.940	0.0427
42	24	tracking	-842.734533	68.976144	-265.696997	62.878	-15.940	0.1437
42	25	tracking	-842.646503	68.886003	-265.664039	67.848	-23.940	0.0829
42	26	tracking	-842.582590	68.776803	-265.628761	67.848	-31.940	0.0783
42	27	tracking	-842.538257	68.640701	-265.592194	67.848	-39.940	0.0901
42	28	tracking	-842.506879	68.469916	-265.550854	42.848	-47.168	0.1081
42	29	tracking	-842.482896	68.266202	-265.501678	17.848	-47.168	0.0852
42	30	tracking	-842.459719	68.031968	-265.443446	-7.152	-47.168	0.1024
42	31	tracking	-842.430358	67.769938	-265.377707	-32.152	-47.168	0.0735
42	32	tracking	-842.402406	67.471654	-265.304850	-7.152	-55.168	0.0734
42	33	tracking	-842.382237	67.138506	-265.225222	17.848	-55.963	0.0670
42	34	landing	-842.374912	66.784611	-265.135723	29.848	-47.963	0.0255
42	35	landing	-842.379720	66.412008	-265.036228	29.848	-47.963	0.0189
42	36	landing	-842.396063	66.022808	-264.926560	29.848	-47.963	0.0175
42	37	landing	-842.423422	65.619122	-264.806544	29.848	-47.963	0.0153
43	0	tracking	-850.645964	68.867102	-257.032114	-139.104	-4.000	0.1621
43	1	tracking	-849.991601	68.807284	-257.601772	-164.104	-0.670	0.1099
43	2	tracking	-849.422535	68.751906	-258.196524	170.896	-8.670	0.1034
43	3	tracking	-848.951149	68.710040	-258.797665	153.407	-16.670	0.0979
43	4	tracking	-848.533079	68.685017	-259.402840	178.407	-24.670	0.0984
43	5	tracking	-848.135704	68.677907	-259.999512	-156.593	-32.670	0.0908
43	6	tracking	-847.761383	68.687936	-260.584443	-159.186	-40.670	0.0875
43	7	tracking	-847.390151	68.712344	-261.142272	-134.186	-46.375	0.0848
43	8	tracking	-847.034052	68.747852	-261.683844	-150.375	-42.740	0.1084
43	9	tracking	-846.691437	68.790551	-262.210929	-150.375	-34.740	0.1294
43	10	tracking	-846.360385	68.836374	-262.725899	-150.375	-26.740	0.1327
43	11	tracking	-846.038924	68.880283	-263.231329	-150.375	-18.740	0.1210
43	12	tracking	-845.711981	68.925618	-263.710438	-125.375	-26.740	0.1008
43	13	tracking	-845.375779	68.972813	-264.145543	-100.375	-34.740	0.1045
43	14	tracking	-845.036398	69.019217	-264.522830	-75.375	-42.740	0.0792
43	15	tracking	-844.705837	69.059505	-264.835665	-50.375	-50.740	0.0653
43	16	tracking	-844.384292	69.091438	-265.093102	-51.747	-42.740	0.0608
43	17	tracking	-844.083004	69.113982	-265.293128	-26.747	-34.740	0.0582
43	18	tracking	-843.800745	69.125732	-265.443948	-26.747	-26.740	0.0567
43	19	tracking	-843.536584	69.125555	-265.553190	-26.747	-25.689	0.0504
43	20	tracking	-843.300384	69.113535	-265.623253	-1.747	-17.689	0.0516
43	21	tracking	-843.100129	69.088903	-265.661946	23.253	-9.689	0.0498
43	22	tracking	-842.935939	69.051976	-265.678117	37.878	-7.940	0.0432
43	23	tracking	-842.802291	69.003506	-265.676269	37.878	-7.940	0.0458
43	24	tracking	-842.634533	68.976144	-265.696997	62.878	-15.940	0.1569
43	25	tracking	-842.546503	68.886003	-265.664039	67.848	-23.940	0.1538
43	26	tracking	-842.482590	68.776803	-265.628761	67.848	-31.940	0.1396
43	27	tracking	-842.438257	68.640701	-265.592194	67.848	-39.940	0.1280
43	28	tracking	-842.406879	68.469916	-265.550854	42.848	-47.168	0.1208
43	29	tracking	-842.382896	68.266202	-265.501678	17.848	-47.168	0.1369
43	30	tracking	-842.359719	68.031968	-265.443446	-7.152	-47.168	0.1227
43	31	tracking	-842.330358	67.769938	-265.377707	-32.152	-47.168	0.1180
43	32	tracking	-842.302406	67.471654	-265.304850	-7.152	-55.168	0.1190
43	33	tracking	-842.282237	67.138506	-265.225222	17.848	-55.963	0.1138
43	34	landing	-842.278813	66.784611	-265.138593	42.848	-47.963	0.0249
43	35	landing	-842.291095	66.411719	-265.044876	42.848	-47.963	0.0253
43	36	landing	-842.318274	66.021774	-264.943870	42.848	-47.963	0.0216
43	37	landing	-842.359686	65.616806	-264.835335	42.848	-47.963	0.0181
44	0	tracking	-850.645964	68.867102	-257.032114	-139.104	-4.000	0.1625
44	1	tracking	-849.991601	68.807284	-257.601772	-164.104	-0.670	0.1110
44	2	tracking	-849.422535	68.751906	-258.196524	170.896	-8.670	0.1047
44	3	tracking	-848.951149	68.710040	-258.797665	153.407	-16.670	0.1114
44	4	tracking	-848.533079	68.685017	-259.402840	178.407	-24.670	0.0974
44	5	tracking	-848.135704	68.677907	-259.999512	-156.593	-32.670	0.0908
44	6	tracking	-847.761383	68.687936	-260.584443	-159.186	-40.670	0.0886
44	7	tracking	-847.390151	68.712344	-261.142272	-134.186	-46.375	0.0843
44	8	tracking	-847.034052	68.747852	-261.683844	-150.375	-42.740	0.0813
44	9	tracking	-846.691437	68.790551	-262.210929	-150.375	-34.740	0.0915
44	10	tracking	-846.360385	68.836374	-262.725899	-150.375	-26.740	0.0762
44	11	tracking	-846.038924	68.880283	-263.231329	-150.375	-18.740	0.0769
44	12	tracking	-845.711981	68.925618	-263.710438	-125.375	-26.740	0.0709
44	13	tracking	-845.375779	68.972813	-264.145543	-100.375	-34.740	0.0646
44	14	tracking	-845.036398	69.019217	-264.522830	-75.375	-42.740	0.0647
44	15	tracking	-844.705837	69.059505	-264.835665	-50.375	-50.740	0.0626
44	16	tracking	-844.384292	69.091438	-265.093102	-51.747	-42.740	0.0621
44	17	tracking	-844.083004	69.113982	-265.293128	-26.747	-34.740	0.0578
44	18	tracking	-843.800745	69.125732	-265.443948	-26.747	-26.740	0.0519
44	19	tracking	-843.536584	69.125555	-265.553190	-26.747	-25.689	0.0539
44	20	tracking	-843.300384	69.113535	-265.623253	-1.747	-17.689	0.0555
44	21	tracking	-843.100129	69.088903	-265.661946	23.253	-9.689	0.0546
44	22	tracking	-842.935939	69.051976	-265.678117	37.878	-7.940	0.0468
44	23	tracking	-842.802291	69.003506	-265.676269	37.878	-7.940	0.0447
44	24	tracking	-842.734533	68.876144	-265.596997	62.878	-15.940	0.0376
44	25	tracking	-842.646503	68.786003	-265.564039	67.848	-23.940	0.0399
44	26	tracking	-842.582590	68.676803	-265.528761	67.848	-31.940	0.0337
44	27	tracking	-842.538257	68.540701	-265.492194	67.848	-39.940	0.0534
44	28	tracking	-842.506879	68.369916	-265.450854	42.848	-47.168	0.0543
44	29	tracking	-842.482896	68.166202	-265.401678	17.848	-47.168	0.0495
44	30	tracking	-842.459719	67.931968	-265.343446	-7.152	-47.168	0.0549
44	31	tracking	-842.430358	67.669938	-265.277707	-32.152	-47.168	0.0366
44	32	tracking	-842.402406	67.371654	-265.204850	-7.152	-55.168	0.0500
44	33	tracking	-842.382237	67.038506	-265.125222	17.848	-55.963	0.0393
44	34	landing	-842.370823	66.684611	-265.033915	17.848	-47.963	0.0326
44	35	landing	-842.367681	66.312215	-264.930731	17.848	-47.963	0.0274
44	36	landing	-842.372387	65.923546	-264.815486	17.848	-47.963	0.0193
45	0	tracking	-850.645964	68.867102	-257.032114	-139.104	-4.000	0.2013
45	1	tracking	-849.991601	68.807284	-257.601772	-164.104	-0.670	0.1108
45	2	tracking	-849.422535	68.751906	-258.196524	170.896	-8.670	0.1081
45	3	tracking	-848.951149	68.710040	-258.797665	153.407	-16.670	0.1005
45	4	tracking	-848.533079	68.685017	-259.402840	178.407	-24.670	0.0965
45	5	tracking	-848.135704	68.677907	-259.999512	-156.593	-32.670	0.0875
45	6	tracking	-847.761383	68.687936	-260.584443	-159.186	-40.670	0.0860
45	7	tracking	-847.390151	68.712344	-261.142272	-134.186	-46.375	0.1012
45	8	tracking	-847.034052	68.747852	-261.683844	-150.375	-42.740	0.0848
45	9	tracking	-846.691437	68.790551	-262.210929	-150.375	-34.740	0.0809
45	10	tracking	-846.360385	68.836374	-262.725899	-150.375	-26.740	0.0760
45	11	tracking	-846.038924	68.880283	-263.231329	-150.375	-18.740	0.0743
45	12	tracking	-845.711981	68.925618	-263.710438	-125.375	-26.740	0.0707
45	13	tracking	-845.375779	68.972813	-264.145543	-100.375	-34.740	0.0679
45	14	tracking	-845.036398	69.019217	-264.522830	-75.375	-42.740	0.0640
45	15	tracking	-844.705837	69.059505	-264.835665	-50.375	-50.740	0.0634
45	16	tracking	-844.384292	69.091438	-265.093102	-51.747	-42.740	0.0606
45	17	tracking	-844.083004	69.113982	-265.293128	-26.747	-34.740	0.0540
45	18	tracking	-843.800745	69.125732	-265.443948	-26.747	-26.740	0.0551
45	19	tracking	-843.536584	69.125555	-265.553190	-26.747	-25.689	0.0563
45	20	tracking	-843.300384	69.113535	-265.623253	-1.747	-17.689	0.0473
45	21	tracking	-843.100129	69.088903	-265.661946	23.253	-9.689	0.0518
45	22	tracking	-842.935939	69.051976	-265.678117	37.878	-7.940	0.0487
45	23	tracking	-842.802291	69.003506	-265.676269	37.878	-7.940	0.0410
45	24	tracking	-842.634533	68.876144	-265.596997	62.878	-15.940	0.1901
45	25	tracking	-842.546503	68.786003	-265.564039	67.848	-23.940	0.0994
45	26	tracking	-842.482590	68.676803	-265.528761	67.848	-31.940	0.0969
45	27	tracking	-842.438257	68.540701	-265.492194	67.848	-39.940	0.0870
45	28	tracking	-842.406879	68.369916	-265.450854	42.848	-47.168	0.1009
45	29	tracking	-842.382896	68.166202	-265.401678	17.848	-47.168	0.1045
45	30	tracking	-842.359719	67.931968	-265.343446	-7.152	-47.168	0.0739
45	31	tracking	-842.330358	67.669938	-265.277707	-32.152	-47.168	0.0669
45	32	tracking	-842.302406	67.371654	-265.204850	-7.152	-55.168	0.0675
45	33	tracking	-842.282237	67.038506	-265.125222	17.848	-55.963	0.0718
45	34	landing	-842.274912	66.684611	-265.035723	29.848	-47.963	0.0219
45	35	landing	-842.279720	66.312008	-264.936228	29.848	-47.963	0.0261
45	36	landing	-842.296063	65.922808	-264.826560	29.848	-47.963	0.0190
46	0	tracking	-850.645964	68.867102	-257.032114	-139.104	-4.000	0.1591
46	1	tracking	-849.991601	68.807284	-257.601772	-164.104	-0.670	0.1121
46	2	tracking	-849.422535	68.751906	-258.196524	170.896	-8.670	0.1568
46	3	tracking	-848.951149	68.710040	-258.797665	153.407	-16.670	0.1067
46	4	tracking	-848.533079	68.685017	-259.402840	178.407	-24.670	0.0958
46	5	tracking	-848.135704	68.677907	-259.999512	-156.593	-32.670	0.0865
46	6	tracking	-847.761383	68.687936	-260.584443	-159.186	-40.670	0.0815
46	7	tracking	-847.390151	68.712344	-261.142272	-134.186	-46.375	0.0965
46	8	tracking	-847.034052	68.747852	-261.683844	-150.375	-42.740	0.0794
46	9	tracking	-846.691437	68.790551	-262.210929	-150.375	-34.740	0.0906
46	10	tracking	-846.360385	68.836374	-262.725899	-150.375	-26.740	0.0861
46	11	tracking	-846.038924	68.880283	-263.231329	-150.375	-18.740	0.0741
46	12	tracking	-845.711981	68.925618	-263.710438	-125.375	-26.740	0.0699
46	13	tracking	-845.375779	68.972813	-264.145543	-100.375	-34.740	0.0661
46	14	tracking	-845.036398	69.019217	-264.522830	-75.375	-42.740	0.0644
46	15	tracking	-844.705837	69.059505	-264.835665	-50.375	-50.740	0.0615
46	16	tracking	-844.384292	69.091438	-265.093102	-51.747	-42.740	0.1198
46	17	tracking	-844.083004	69.113982	-265.293128	-26.747	-34.740	0.0972
46	18	tracking	-843.800745	69.125732	-265.443948	-26.747	-26.740	0.0571
46	19	tracking	-843.536584	69.125555	-265.553190	-26.747	-25.689	0.0584
46	20	tracking	-843.300384	69.113535	-265.623253	-1.747	-17.689	0.0482
46	21	tracking	-843.100129	69.088903	-265.661946	23.253	-9.689	0.0467
46	22	tracking	-842.935939	69.051976	-265.678117	37.878	-7.940	0.0579
46	23	tracking	-842.802291	69.003506	-265.676269	37.878	-7.940	0.1874
46	24	tracking	-842.734533	68.976144	-265.596997	62.878	-15.940	0.3443
46	25	tracking	-842.646503	68.886003	-265.564039	67.848	-23.940	0.0465
46	26	tracking	-842.582590	68.776803	-265.528761	67.848	-31.940	0.0645
46	27	tracking	-842.538257	68.640701	-265.492194	67.848	-39.940	0.0368
46	28	tracking	-842.506879	68.469916	-265.450854	42.848	-47.168	0.0365
46	29	tracking	-842.482896	68.266202	-265.401678	17.848	-47.168	0.0286
46	30	tracking	-842.459719	68.031968	-265.343446	-7.152	-47.168	0.0282
46	31	tracking	-842.430358	67.769938	-265.277707	-32.152	-47.168	0.0275
46	32	tracking	-842.402406	67.471654	-265.204850	-7.152	-55.168	0.0249
46	33	tracking	-842.382237	67.138506	-265.125222	17.848	-55.963	0.0289
46	34	tracking	-842.369390	66.772690	-265.038365	17.848	-55.963	0.0228
46	35	landing	-842.365025	66.388742	-264.938982	17.848	-47.963	0.0190
46	36	landing	-842.368698	65.988910	-264.826945	17.848	-47.963	0.0180
47	0	tracking	-850.645964	68.867102	-257.032114	-139.104	-4.000	0.1498
47	1	tracking	-849.991601	68.807284	-257.601772	-164.104	-0.670	0.1069
47	2	tracking	-849.422535	68.751906	-258.196524	170.896	-8.670	0.1069
47	3	tracking	-848.951149	68.710040	-258.797665	153.407	-16.670	0.0977
47	4	tracking	-848.533079	68.685017	-259.402840	178.407	-24.670	0.0894
47	5	tracking	-848.135704	68.677907	-259.999512	-156.593	-32.670	0.0846
47	6	tracking	-847.761383	68.687936	-260.584443	-159.186	-40.670	0.0810
47	7	tracking	-847.390151	68.712344	-261.142272	-134.186	-46.375	0.0805
47	8	tracking	-847.034052	68.747852	-261.683844	-150.375	-42.740	0.0787
47	9	tracking	-846.691437	68.790551	-262.210929	-150.375	-34.740	0.0759
47	10	tracking	-846.360385	68.836374	-262.725899	-150.375	-26.740	0.0842
47	11	tracking	-846.038924	68.880283	-263.231329	-150.375	-18.740	0.0778
47	12	tracking	-845.711981	68.925618	-263.710438	-125.375	-26.740	0.0849
47	13	tracking	-845.375779	68.972813	-264.145543	-100.375	-34.740	0.0666
47	14	tracking	-845.036398	69.019217	-264.522830	-75.375	-42.740	0.0618
47	15	tracking	-844.705837	69.059505	-264.835665	-50.375	-50.740	0.0566
47	16	tracking	-844.384292	69.091438	-265.093102	-51.747	-42.740	0.0546
47	17	tracking	-844.083004	69.113982	-265.293128	-26.747	-34.740	0.0555
47	18	tracking	-843.800745	69.125732	-265.443948	-26.747	-26.740	0.0541
47	19	tracking	-843.536584	69.125555	-265.553190	-26.747	-25.689	0.0476
47	20	tracking	-843.300384	69.113535	-265.623253	-1.747	-17.689	0.0466
47	21	tracking	-843.100129	69.088903	-265.661946	23.253	-9.689	0.0491
47	22	tracking	-842.935939	69.051976	-265.678117	37.878	-7.940	0.0416
47	23	tracking	-842.802291	69.003506	-265.676269	37.878	-7.940	0.0426
47	24	tracking	-842.634533	68.976144	-265.596997	62.878	-15.940	0.1684
47	25	tracking	-842.546503	68.886003	-265.564039	67.848	-23.940	0.0369
47	26	tracking	-842.482590	68.776803	-265.528761	67.848	-31.940	0.0515
47	27	tracking	-842.438257	68.640701	-265.492194	67.848	-39.940	0.0339
47	28	tracking	-842.406879	68.469916	-265.450854	42.848	-47.168	0.0321
47	29	tracking	-842.382896	68.266202	-265.401678	17.848	-47.168	0.0313
47	30	tracking	-842.359719	68.031968	-265.343446	-7.152	-47.168	0.0285
47	31	tracking	-842.330358	67.769938	-265.277707	-32.152	-47.168	0.0295
47	32	tracking	-842.302406	67.471654	-265.204850	-7.152	-55.168	0.0255
47	33	tracking	-842.282237	67.138506	-265.125222	17.848	-55.963	0.0242
47	34	tracking	-842.269390	66.772690	-265.038365	17.848	-55.963	0.0255
47	35	landing	-842.265025	66.388742	-264.938982	17.848	-47.963	0.0226
47	36	landing	-842.268698	65.988910	-264.826945	17.848	-47.963	0.0213
48	0	tracking	-850.645964	68.867102	-257.032114	-139.104	-4.000	0.1493
48	1	tracking	-849.991601	68.807284	-257.601772	-164.104	-0.670	0.1036
48	2	tracking	-849.422535	68.751906	-258.196524	170.896	-8.670	0.0968
48	3	tracking	-848.951149	68.710040	-258.797665	153.407	-16.670	0.0924
48	4	tracking	-848.533079	68.685017	-259.402840	178.407	-24.670	0.0903
48	5	tracking	-848.135704	68.677907	-259.999512	-156.593	-32.670	0.0855
48	6	tracking	-847.761383	68.687936	-260.584443	-159.186	-40.670	0.0902
48	7	tracking	-847.390151	68.712344	-261.142272	-134.186	-46.375	0.0861
48	8	tracking	-847.034052	68.747852	-261.683844	-150.375	-42.740	0.0761
48	9	tracking	-846.691437	68.790551	-262.210929	-150.375	-34.740	0.0756
48	10	tracking	-846.360385	68.836374	-262.725899	-150.375	-26.740	0.0760
48	11	tracking	-846.038924	68.880283	-263.231329	-150.375	-18.740	0.0703
48	12	tracking	-845.711981	68.925618	-263.710438	-125.375	-26.740	0.0687
48	13	tracking	-845.375779	68.972813	-264.145543	-100.375	-34.740	0.0723
48	14	tracking	-845.036398	69.019217	-264.522830	-75.375	-42.740	0.0755
48	15	tracking	-844.705837	69.059505	-264.835665	-50.375	-50.740	0.0593
48	16	tracking	-844.384292	69.091438	-265.093102	-51.747	-42.740	0.0647
48	17	tracking	-844.083004	69.113982	-265.293128	-26.747	-34.740	0.0602
48	18	tracking	-843.800745	69.125732	-265.443948	-26.747	-26.740	0.1090
48	19	tracking	-843.536584	69.125555	-265.553190	-26.747	-25.689	0.0574
48	20	tracking	-843.300384	69.113535	-265.623253	-1.747	-17.689	0.0535
48	21	tracking	-843.100129	69.088903	-265.661946	23.253	-9.689	0.0465
48	22	tracking	-842.935939	69.051976	-265.678117	37.878	-7.940	0.0397
48	23	tracking	-842.802291	69.003506	-265.676269	37.878	-7.940	0.0388
48	24	tracking	-842.764106	68.910360	-265.700105	62.878	-15.940	0.0611
48	25	tracking	-842.697769	68.849455	-265.671811	67.848	-23.940	0.0377
48	26	tracking	-842.649823	68.765392	-265.642058	67.848	-31.940	0.0270
48	27	tracking	-842.617328	68.651141	-265.611385	67.848	-39.940	0.0281
48	28	tracking	-842.595253	68.499604	-265.576641	42.848	-47.168	0.0239
48	29	tracking	-842.579076	68.312894	-265.534839	17.848	-47.168	0.0312
48	30	tracking	-842.563031	68.093643	-265.484589	-7.152	-47.168	0.0207
48	31	tracking	-842.540738	67.844706	-265.427095	-32.152	-47.168	0.0199
48	32	tracking	-842.519220	67.557770	-265.362677	-7.152	-55.168	0.0227
48	33	tracking	-842.504473	67.234343	-265.291540	17.848	-55.963	0.0175
48	34	landing	-842.497558	66.888663	-265.208823	17.848	-47.963	0.0155
48	35	landing	-842.498125	66.523116	-265.114227	17.848	-47.963	0.0139
48	36	landing	-842.505859	66.140055	-265.007491	17.848	-47.963	0.0165
48	37	landing	-842.520469	65.741755	-264.888414	17.848	-47.963	0.0128
49	0	tracking	-850.645964	68.867102	-257.032114	-139.104	-4.000	0.1444
49	1	tracking	-849.991601	68.807284	-257.601772	-164.104	-0.670	0.0999
49	2	tracking	-849.422535	68.751906	-258.196524	170.896	-8.670	0.1016
49	3	tracking	-848.951149	68.710040	-258.797665	153.407	-16.670	0.1018
49	4	tracking	-848.533079	68.685017	-259.402840	178.407	-24.670	0.0865
49	5	tracking	-848.135704	68.677907	-259.999512	-156.593	-32.670	0.0809
49	6	tracking	-847.761383	68.687936	-260.584443	-159.186	-40.670	0.0770
49	7	tracking	-847.390151	68.712344	-261.142272	-134.186	-46.375	0.0765
49	8	tracking	-847.034052	68.747852	-261.683844	-150.375	-42.740	0.1133
49	9	tracking	-846.691437	68.790551	-262.210929	-150.375	-34.740	0.1693
49	10	tracking	-846.360385	68.836374	-262.725899	-150.375	-26.740	0.0723
49	11	tracking	-846.038924	68.880283	-263.231329	-150.375	-18.740	0.0676
49	12	tracking	-845.711981	68.925618	-263.710438	-125.375	-26.740	0.0618
49	13	tracking	-845.375779	68.972813	-264.145543	-100.375	-34.740	0.0773
49	14	tracking	-845.036398	69.019217	-264.522830	-75.375	-42.740	0.0563
49	15	tracking	-844.705837	69.059505	-264.835665	-50.375	-50.740	0.0574
49	16	tracking	-844.384292	69.091438	-265.093102	-51.747	-42.740	0.0530
49	17	tracking	-844.083004	69.113982	-265.293128	-26.747	-34.740	0.0469
49	18	tracking	-843.800745	69.125732	-265.443948	-26.747	-26.740	0.0494
49	19	tracking	-843.536584	69.125555	-265.553190	-26.747	-25.689	0.0525
49	20	tracking	-843.300384	69.113535	-265.623253	-1.747	-17.689	0.0596
49	21	tracking	-843.100129	69.088903	-265.661946	23.253	-9.689	0.0442
49	22	tracking	-842.935939	69.051976	-265.678117	37.878	-7.940	0.0405
49	23	tracking	-842.802291	69.003506	-265.676269	37.878	-7.940	0.0367
49	24	tracking	-842.664106	68.910360	-265.700105	62.878	-15.940	0.0393
49	25	tracking	-842.597769	68.849455	-265.671811	67.848	-23.940	0.0347
49	26	tracking	-842.549823	68.765392	-265.642058	67.848	-31.940	0.0388
49	27	tracking	-842.517328	68.651141	-265.611385	67.848	-39.940	0.0306
49	28	tracking	-842.495253	68.499604	-265.576641	42.848	-47.168	0.0365
49	29	tracking	-842.479076	68.312894	-265.534839	17.848	-47.168	0.0310
49	30	tracking	-842.463031	68.093643	-265.484589	-7.152	-47.168	0.0318
49	31	tracking	-842.440738	67.844706	-265.427095	-32.152	-47.168	0.0392
49	32	tracking	-842.419220	67.557770	-265.362677	-7.152	-55.168	0.0320
49	33	tracking	-842.404473	67.234343	-265.291540	17.848	-55.963	0.0256
49	34	landing	-842.397558	66.888663	-265.208823	17.848	-47.963	0.0230
49	35	landing	-842.398125	66.523116	-265.114227	17.848	-47.963	0.0281
49	36	landing	-842.405859	66.140055	-265.007491	17.848	-47.963	0.0232
49	37	landing	-842.420469	65.741755	-264.888414	17.848	-47.963	0.0178
50	0	tracking	-850.645964	68.867102	-257.032114	-139.104	-4.000	0.1507
50	1	tracking	-849.991601	68.807284	-257.601772	-164.104	-0.670	0.1605
50	2	tracking	-849.422535	68.751906	-258.196524	170.896	-8.670	0.1021
50	3	tracking	-848.951149	68.710040	-258.797665	153.407	-16.670	0.0941
50	4	tracking	-848.533079	68.685017	-259.402840	178.407	-24.670	0.0823
50	5	tracking	-848.135704	68.677907	-259.999512	-156.593	-32.670	0.0789
50	6	tracking	-847.761383	68.687936	-260.584443	-159.186	-40.670	0.0884
50	7	tracking	-847.390151	68.712344	-261.142272	-134.186	-46.375	0.0755
50	8	tracking	-847.034052	68.747852	-261.683844	-150.375	-42.740	0.0752
50	9	tracking	-846.691437	68.790551	-262.210929	-150.375	-34.740	0.0752
50	10	tracking	-846.360385	68.836374	-262.725899	-150.375	-26.740	0.0695
50	11	tracking	-846.038924	68.880283	-263.231329	-150.375	-18.740	0.0693
50	12	tracking	-845.711981	68.925618	-263.710438	-125.375	-26.740	0.0711
50	13	tracking	-845.375779	68.972813	-264.145543	-100.375	-34.740	0.0629
50	14	tracking	-845.036398	69.019217	-264.522830	-75.375	-42.740	0.0662
50	15	tracking	-844.705837	69.059505	-264.835665	-50.375	-50.740	0.0649
50	16	tracking	-844.384292	69.091438	-265.093102	-51.747	-42.740	0.0639
50	17	tracking	-844.083004	69.113982	-265.293128	-26.747	-34.740	0.1219
50	18	tracking	-843.800745	69.125732	-265.443948	-26.747	-26.740	0.1584
50	19	tracking	-843.536584	69.125555	-265.553190	-26.747	-25.689	0.1519
50	20	tracking	-843.300384	69.113535	-265.623253	-1.747	-17.689	0.1031
50	21	tracking	-843.100129	69.088903	-265.661946	23.253	-9.689	0.0735
50	22	tracking	-842.935939	69.051976	-265.678117	37.878	-7.940	0.0900
50	23	tracking	-842.802291	69.003506	-265.676269	37.878	-7.940	0.0622
50	24	tracking	-842.764106	69.010360	-265.700105	62.878	-15.940	0.0328
50	25	tracking	-842.697769	68.949455	-265.671811	67.848	-23.940	0.0382
50	26	tracking	-842.649823	68.865392	-265.642058	67.848	-31.940	0.0300
50	27	tracking	-842.617328	68.751141	-265.611385	67.848	-39.940	0.0279
50	28	tracking	-842.595253	68.599604	-265.576641	42.848	-47.168	0.0495
50	29	tracking	-842.579076	68.412894	-265.534839	17.848	-47.168	0.0217
50	30	tracking	-842.563031	68.193643	-265.484589	-7.152	-47.168	0.0357
50	31	tracking	-842.540738	67.944706	-265.427095	-32.152	-47.168	0.0933
50	32	tracking	-842.519220	67.657770	-265.362677	-7.152	-55.168	0.0253
50	33	tracking	-842.504473	67.334343	-265.291540	17.848	-55.963	0.0219
50	34	landing	-842.497558	66.988663	-265.208823	17.848	-47.963	0.0187
50	35	landing	-842.498125	66.623116	-265.114227	17.848	-47.963	0.0129
50	36	landing	-842.505859	66.240055	-265.007491	17.848	-47.963	0.0124
50	37	landing	-842.520469	65.841755	-264.888414	17.848	-47.963	0.0113
51	0	tracking	-850.645964	68.867102	-257.032114	-139.104	-4.000	0.1507
51	1	tracking	-849.991601	68.807284	-257.601772	-164.104	-0.670	0.1006
51	2	tracking	-849.422535	68.751906	-258.196524	170.896	-8.670	0.0910
51	3	tracking	-848.951149	68.710040	-258.797665	153.407	-16.670	0.0843
51	4	tracking	-848.533079	68.685017	-259.402840	178.407	-24.670	0.0789
51	5	tracking	-848.135704	68.677907	-259.999512	-156.593	-32.670	0.0767
51	6	tracking	-847.761383	68.687936	-260.584443	-159.186	-40.670	0.0719
51	7	tracking	-847.390151	68.712344	-261.142272	-134.186	-46.375	0.0752
51	8	tracking	-847.034052	68.747852	-261.683844	-150.375	-42.740	0.0695
51	9	tracking	-846.691437	68.790551	-262.210929	-150.375	-34.740	0.1515
51	10	tracking	-846.360385	68.836374	-262.725899	-150.375	-26.740	0.0839
51	11	tracking	-846.038924	68.880283	-263.231329	-150.375	-18.740	0.0824
51	12	tracking	-845.711981	68.925618	-263.710438	-125.375	-26.740	0.0626
51	13	tracking	-845.375779	68.972813	-264.145543	-100.375	-34.740	0.0588
51	14	tracking	-845.036398	69.019217	-264.522830	-75.375	-42.740	0.0529
51	15	tracking	-844.705837	69.059505	-264.835665	-50.375	-50.740	0.0554
51	16	tracking	-844.384292	69.091438	-265.093102	-51.747	-42.740	0.0540
51	17	tracking	-844.083004	69.113982	-265.293128	-26.747	-34.740	0.0490
51	18	tracking	-843.800745	69.125732	-265.443948	-26.747	-26.740	0.0558
51	19	tracking	-843.536584	69.125555	-265.553190	-26.747	-25.689	0.0453
51	20	tracking	-843.300384	69.113535	-265.623253	-1.747	-17.689	0.0449
51	21	tracking	-843.100129	69.088903	-265.661946	23.253	-9.689	0.0438
51	22	tracking	-842.935939	69.051976	-265.678117	37.878	-7.940	0.0374
51	23	tracking	-842.802291	69.003506	-265.676269	37.878	-7.940	0.0465
51	24	tracking	-842.664106	69.010360	-265.700105	62.878	-15.940	0.0358
51	25	tracking	-842.597769	68.949455	-265.671811	67.848	-23.940	0.0357
51	26	tracking	-842.549823	68.865392	-265.642058	67.848	-31.940	0.0292
51	27	tracking	-842.517328	68.751141	-265.611385	67.848	-39.940	0.0327
51	28	tracking	-842.495253	68.599604	-265.576641	42.848	-47.168	0.0310
51	29	tracking	-842.479076	68.412894	-265.534839	17.848	-47.168	0.0323
51	30	tracking	-842.463031	68.193643	-265.484589	-7.152	-47.168	0.0264
51	31	tracking	-842.440738	67.944706	-265.427095	-32.152	-47.168	0.0256
51	32	tracking	-842.419220	67.657770	-265.362677	-7.152	-55.168	0.0252
51	33	tracking	-842.404473	67.334343	-265.291540	17.848	-55.963	0.0240
51	34	landing	-842.397558	66.988663	-265.208823	17.848	-47.963	0.0246
51	35	landing	-842.398125	66.623116	-265.114227	17.848	-47.963	0.0196
51	36	landing	-842.405859	66.240055	-265.007491	17.848	-47.963	0.0169
51	37	landing	-842.420469	65.841755	-264.888414	17.848	-47.963	0.0168
52	0	tracking	-850.645964	68.867102	-257.032114	-139.104	-4.000	0.1515
52	1	tracking	-849.991601	68.807284	-257.601772	-164.104	-0.670	0.0940
52	2	tracking	-849.422535	68.751906	-258.196524	170.896	-8.670	0.0884
52	3	tracking	-848.951149	68.710040	-258.797665	153.407	-16.670	0.0857
52	4	tracking	-848.533079	68.685017	-259.402840	178.407	-24.670	0.0802
52	5	tracking	-848.135704	68.677907	-259.999512	-156.593	-32.670	0.0781
52	6	tracking	-847.761383	68.687936	-260.584443	-159.186	-40.670	0.0722
52	7	tracking	-847.390151	68.712344	-261.142272	-134.186	-46.375	0.0714
52	8	tracking	-847.034052	68.747852	-261.683844	-150.375	-42.740	0.0699
52	9	tracking	-846.691437	68.790551	-262.210929	-150.375	-34.740	0.0713
52	10	tracking	-846.360385	68.836374	-262.725899	-150.375	-26.740	0.0655
52	11	tracking	-846.038924	68.880283	-263.231329	-150.375	-18.740	0.0668
52	12	tracking	-845.711981	68.925618	-263.710438	-125.375	-26.740	0.0626
52	13	tracking	-845.375779	68.972813	-264.145543	-100.375	-34.740	0.0722
52	14	tracking	-845.036398	69.019217	-264.522830	-75.375	-42.740	0.0643
52	15	tracking	-844.705837	69.059505	-264.835665	-50.375	-50.740	0.0659
52	16	tracking	-844.384292	69.091438	-265.093102	-51.747	-42.740	0.0558
52	17	tracking	-844.083004	69.113982	-265.293128	-26.747	-34.740	0.0529
52	18	tracking	-843.800745	69.125732	-265.443948	-26.747	-26.740	0.0503
52	19	tracking	-843.536584	69.125555	-265.553190	-26.747	-25.689	0.0457
52	20	tracking	-843.300384	69.113535	-265.623253	-1.747	-17.689	0.0419
52	21	tracking	-843.100129	69.088903	-265.661946	23.253	-9.689	0.0449
52	22	tracking	-842.935939	69.051976	-265.678117	37.878	-7.940	0.0389
52	23	tracking	-842.802291	69.003506	-265.676269	37.878	-7.940	0.0420
52	24	tracking	-842.764106	68.910360	-265.600105	62.878	-15.940	0.0887
52	25	tracking	-842.697769	68.849455	-265.571811	67.848	-23.940	0.0678
52	26	tracking	-842.649823	68.765392	-265.542058	67.848	-31.940	0.0565
52	27	tracking	-842.617328	68.651141	-265.511385	67.848	-39.940	0.0548
52	28	tracking	-842.595253	68.499604	-265.476641	42.848	-47.168	0.0528
52	29	tracking	-842.579076	68.312894	-265.434839	17.848	-47.168	0.0503
52	30	tracking	-842.563031	68.093643	-265.384589	-7.152	-47.168	0.0485
52	31	tracking	-842.540738	67.844706	-265.327095	-32.152	-47.168	0.0505
52	32	tracking	-842.519220	67.557770	-265.262677	-7.152	-55.168	0.8876
52	33	tracking	-842.504473	67.234343	-265.191540	17.848	-55.963	0.0619
52	34	landing	-842.501441	66.888663	-265.110540	29.848	-47.963	0.0273
52	35	landing	-842.509596	66.522935	-265.019452	29.848	-47.963	0.0172
52	36	landing	-842.528490	66.139410	-264.918026	29.848	-47.963	0.0159
52	37	landing	-842.557731	65.740318	-264.806036	29.848	-47.963	0.0193
53	0	tracking	-850.645964	68.867102	-257.032114	-139.104	-4.000	0.1575
53	1	tracking	-849.991601	68.807284	-257.601772	-164.104	-0.670	0.1133
53	2	tracking	-849.422535	68.751906	-258.196524	170.896	-8.670	0.0912
53	3	tracking	-848.951149	68.710040	-258.797665	153.407	-16.670	0.0911
53	4	tracking	-848.533079	68.685017	-259.402840	178.407	-24.670	0.0816
53	5	tracking	-848.135704	68.677907	-259.999512	-156.593	-32.670	0.1015
53	6	tracking	-847.761383	68.687936	-260.584443	-159.186	-40.670	0.0779
53	7	tracking	-847.390151	68.712344	-261.142272	-134.186	-46.375	0.0715
53	8	tracking	-847.034052	68.747852	-261.683844	-150.375	-42.740	0.0816
53	9	tracking	-846.691437	68.790551	-262.210929	-150.375	-34.740	0.0705
53	10	tracking	-846.360385	68.836374	-262.725899	-150.375	-26.740	0.0656
53	11	tracking	-846.038924	68.880283	-263.231329	-150.375	-18.740	0.0655
53	12	tracking	-845.711981	68.925618	-263.710438	-125.375	-26.740	0.0640
53	13	tracking	-845.375779	68.972813	-264.145543	-100.375	-34.740	0.0588
53	14	tracking	-845.036398	69.019217	-264.522830	-75.375	-42.740	0.0561
53	15	tracking	-844.705837	69.059505	-264.835665	-50.375	-50.740	0.0565
53	16	tracking	-844.384292	69.091438	-265.093102	-51.747	-42.740	0.0603
53	17	tracking	-844.083004	69.113982	-265.293128	-26.747	-34.740	0.0495
53	18	tracking	-843.800745	69.125732	-265.443948	-26.747	-26.740	0.0478
53	19	tracking	-843.536584	69.125555	-265.553190	-26.747	-25.689	0.0470
53	20	tracking	-843.300384	69.113535	-265.623253	-1.747	-17.689	0.0415
53	21	tracking	-843.100129	69.088903	-265.661946	23.253	-9.689	0.0427
53	22	tracking	-842.935939	69.051976	-265.678117	37.878	-7.940	0.0369
53	23	tracking	-842.802291	69.003506	-265.676269	37.878	-7.940	0.0347
53	24	tracking	-842.664106	68.910360	-265.600105	62.878	-15.940	0.0969
53	25	tracking	-842.597769	68.849455	-265.571811	67.848	-23.940	0.0683
53	26	tracking	-842.549823	68.765392	-265.542058	67.848	-31.940	0.0649
53	27	tracking	-842.517328	68.651141	-265.511385	67.848	-39.940	0.0640
53	28	tracking	-842.495253	68.499604	-265.476641	42.848	-47.168	0.0678
53	29	tracking	-842.479076	68.312894	-265.434839	17.848	-47.168	0.0731
53	30	tracking	-842.463031	68.093643	-265.384589	-7.152	-47.168	0.0693
53	31	tracking	-842.440738	67.844706	-265.327095	-32.152	-47.168	0.0614
53	32	tracking	-842.419220	67.557770	-265.262677	-7.152	-55.168	0.0628
53	33	tracking	-842.404473	67.234343	-265.191540	17.848	-55.963	0.0572
53	34	landing	-842.401441	66.888663	-265.110540	29.848	-47.963	0.0504
53	35	landing	-842.409596	66.522935	-265.019452	29.848	-47.963	0.0314
53	36	landing	-842.428490	66.139410	-264.918026	29.848	-47.963	0.0264
53	37	landing	-842.457731	65.740318	-264.806036	29.848	-47.963	0.0138
54	0	tracking	-850.645964	68.867102	-257.032114	-139.104	-4.000	0.2023
54	1	tracking	-849.991601	68.807284	-257.601772	-164.104	-0.670	0.2328
54	2	tracking	-849.422535	68.751906	-258.196524	170.896	-8.670	0.2102
54	3	tracking	-848.951149	68.710040	-258.797665	153.407	-16.670	0.2225
54	4	tracking	-848.533079	68.685017	-259.402840	178.407	-24.670	0.1043
54	5	tracking	-848.135704	68.677907	-259.999512	-156.593	-32.670	0.0865
54	6	tracking	-847.761383	68.687936	-260.584443	-159.186	-40.670	0.0759
54	7	tracking	-847.390151	68.712344	-261.142272	-134.186	-46.375	0.0802
54	8	tracking	-847.034052	68.747852	-261.683844	-150.375	-42.740	0.0740
54	9	tracking	-846.691437	68.790551	-262.210929	-150.375	-34.740	0.0686
54	10	tracking	-846.360385	68.836374	-262.725899	-150.375	-26.740	0.0642
54	11	tracking	-846.038924	68.880283	-263.231329	-150.375	-18.740	0.0654
54	12	tracking	-845.711981	68.925618	-263.710438	-125.375	-26.740	0.0595
54	13	tracking	-845.375779	68.972813	-264.145543	-100.375	-34.740	0.0585
54	14	tracking	-845.036398	69.019217	-264.522830	-75.375	-42.740	0.0551
54	15	tracking	-844.705837	69.059505	-264.835665	-50.375	-50.740	0.0913
54	16	tracking	-844.384292	69.091438	-265.093102	-51.747	-42.740	0.0631
54	17	tracking	-844.083004	69.113982	-265.293128	-26.747	-34.740	0.0503
54	18	tracking	-843.800745	69.125732	-265.443948	-26.747	-26.740	0.0449
54	19	tracking	-843.536584	69.125555	-265.553190	-26.747	-25.689	0.0505
54	20	tracking	-843.300384	69.113535	-265.623253	-1.747	-17.689	0.0462
54	21	tracking	-843.100129	69.088903	-265.661946	23.253	-9.689	0.1427
54	22	tracking	-842.935939	69.051976	-265.678117	37.878	-7.940	0.0416
54	23	tracking	-842.802291	69.003506	-265.676269	37.878	-7.940	0.0363
54	24	tracking	-842.764106	69.010360	-265.600105	62.878	-15.940	0.0841
54	25	tracking	-842.697769	68.949455	-265.571811	67.848	-23.940	0.0631
54	26	tracking	-842.649823	68.865392	-265.542058	67.848	-31.940	0.0584
54	27	tracking	-842.617328	68.751141	-265.511385	67.848	-39.940	0.0509
54	28	tracking	-842.595253	68.599604	-265.476641	42.848	-47.168	0.2269
54	29	tracking	-842.579076	68.412894	-265.434839	17.848	-47.168	0.1314
54	30	tracking	-842.563031	68.193643	-265.384589	-7.152	-47.168	0.0880
54	31	tracking	-842.540738	67.944706	-265.327095	-32.152	-47.168	0.0807
54	32	tracking	-842.519220	67.657770	-265.262677	-7.152	-55.168	0.0815
54	33	tracking	-842.504473	67.334343	-265.191540	17.848	-55.963	0.0755
54	34	landing	-842.501441	66.988663	-265.110540	29.848	-47.963	0.0404
54	35	landing	-842.509596	66.622935	-265.019452	29.848	-47.963	0.0273
54	36	landing	-842.528490	66.239410	-264.918026	29.848	-47.963	0.0162
54	37	landing	-842.557731	65.840318	-264.806036	29.848	-47.963	0.0154
55	0	tracking	-850.645964	68.867102	-257.032114	-139.104	-4.000	0.1513
55	1	tracking	-849.991601	68.807284	-257.601772	-164.104	-0.670	0.1067
55	2	tracking	-849.422535	68.751906	-258.196524	170.896	-8.670	0.0925
55	3	tracking	-848.951149	68.710040	-258.797665	153.407	-16.670	0.0867
55	4	tracking	-848.533079	68.685017	-259.402840	178.407	-24.670	0.0772
55	5	tracking	-848.135704	68.677907	-259.999512	-156.593	-32.670	0.0864
55	6	tracking	-847.761383	68.687936	-260.584443	-159.186	-40.670	0.0704
55	7	tracking	-847.390151	68.712344	-261.142272	-134.186	-46.375	0.1030
55	8	tracking	-847.034052	68.747852	-261.683844	-150.375	-42.740	0.0697
55	9	tracking	-846.691437	68.790551	-262.210929	-150.375	-34.740	0.0691
55	10	tracking	-846.360385	68.836374	-262.725899	-150.375	-26.740	0.0656
55	11	tracking	-846.038924	68.880283	-263.231329	-150.375	-18.740	0.0642
55	12	tracking	-845.711981	68.925618	-263.710438	-125.375	-26.740	0.0610
55	13	tracking	-845.375779	68.972813	-264.145543	-100.375	-34.740	0.0844
55	14	tracking	-845.036398	69.019217	-264.522830	-75.375	-42.740	0.0823
55	15	tracking	-844.705837	69.059505	-264.835665	-50.375	-50.740	0.0841
55	16	tracking	-844.384292	69.091438	-265.093102	-51.747	-42.740	0.0924
55	17	tracking	-844.083004	69.113982	-265.293128	-26.747	-34.740	0.1025
55	18	tracking	-843.800745	69.125732	-265.443948	-26.747	-26.740	0.0929
55	19	tracking	-843.536584	69.125555	-265.553190	-26.747	-25.689	0.0858
55	20	tracking	-843.300384	69.113535	-265.623253	-1.747	-17.689	0.0651
55	21	tracking	-843.100129	69.088903	-265.661946	23.253	-9.689	0.0757
55	22	tracking	-842.935939	69.051976	-265.678117	37.878	-7.940	0.0609
55	23	tracking	-842.802291	69.003506	-265.676269	37.878	-7.940	0.0598
55	24	tracking	-842.664106	69.010360	-265.600105	62.878	-15.940	0.0874
55	25	tracking	-842.597769	68.949455	-265.571811	67.848	-23.940	0.0660
55	26	tracking	-842.549823	68.865392	-265.542058	67.848	-31.940	0.0762
55	27	tracking	-842.517328	68.751141	-265.511385	67.848	-39.940	0.0703
55	28	tracking	-842.495253	68.599604	-265.476641	42.848	-47.168	0.0578
55	29	tracking	-842.479076	68.412894	-265.434839	17.848	-47.168	0.0614
55	30	tracking	-842.463031	68.193643	-265.384589	-7.152	-47.168	0.0633
55	31	tracking	-842.440738	67.944706	-265.327095	-32.152	-47.168	0.0568
55	32	tracking	-842.419220	67.657770	-265.262677	-7.152	-55.168	0.0577
55	33	tracking	-842.404473	67.334343	-265.191540	17.848	-55.963	0.0544
55	34	landing	-842.401441	66.988663	-265.110540	29.848	-47.963	0.0206
55	35	landing	-842.409596	66.622935	-265.019452	29.848	-47.963	0.0158
55	36	landing	-842.428490	66.239410	-264.918026	29.848	-47.963	0.0126
55	37	landing	-842.457731	65.840318	-264.806036	29.848	-47.963	0.0124
56	0	tracking	-850.645964	68.867102	-257.032114	-139.104	-4.000	0.1440
56	1	tracking	-849.991601	68.807284	-257.601772	-164.104	-0.670	0.1104
56	2	tracking	-849.422535	68.751906	-258.196524	170.896	-8.670	0.0964
56	3	tracking	-848.951149	68.710040	-258.797665	153.407	-16.670	0.0870
56	4	tracking	-848.533079	68.685017	-259.402840	178.407	-24.670	0.0804
56	5	tracking	-848.135704	68.677907	-259.999512	-156.593	-32.670	0.0766
56	6	tracking	-847.761383	68.687936	-260.584443	-159.186	-40.670	0.0752
56	7	tracking	-847.390151	68.712344	-261.142272	-134.186	-46.375	0.0858
56	8	tracking	-847.034052	68.747852	-261.683844	-150.375	-42.740	0.0685
56	9	tracking	-846.691437	68.790551	-262.210929	-150.375	-34.740	0.0702
56	10	tracking	-846.360385	68.836374	-262.725899	-150.375	-26.740	0.0663
56	11	tracking	-846.038924	68.880283	-263.231329	-150.375	-18.740	0.0765
56	12	tracking	-845.711981	68.925618	-263.710438	-125.375	-26.740	0.0615
56	13	tracking	-845.375779	68.972813	-264.145543	-100.375	-34.740	0.0705
56	14	tracking	-845.036398	69.019217	-264.522830	-75.375	-42.740	0.0580
56	15	tracking	-844.705837	69.059505	-264.835665	-50.375	-50.740	0.0524
56	16	tracking	-844.384292	69.091438	-265.093102	-51.747	-42.740	0.0536
56	17	tracking	-844.083004	69.113982	-265.293128	-26.747	-34.740	0.0582
56	18	tracking	-843.800745	69.125732	-265.443948	-26.747	-26.740	0.0568
56	19	tracking	-843.536584	69.125555	-265.553190	-26.747	-25.689	0.0440
56	20	tracking	-843.300384	69.113535	-265.623253	-1.747	-17.689	0.0450
56	21	tracking	-843.100129	69.088903	-265.661946	23.253	-9.689	0.0433
56	22	tracking	-842.935939	69.051976	-265.678117	37.878	-7.940	0.0381
56	23	tracking	-842.802291	69.003506	-265.676269	37.878	-7.940	0.0395
56	24	tracking	-842.731600	68.911720	-265.698500	62.878	-15.940	0.0387
56	25	tracking	-842.638701	68.853657	-265.667798	67.848	-23.940	0.0385
56	26	tracking	-842.568827	68.773887	-265.635192	67.848	-31.940	0.0346
56	27	tracking	-842.518046	68.665260	-265.601467	67.848	-39.940	0.0308
56	28	tracking	-842.480326	68.520478	-265.563305	42.848	-47.168	0.0301
56	29	tracking	-842.450403	68.341230	-265.517856	17.848	-47.168	0.0269
56	30	tracking	-842.422062	68.129837	-265.463967	-7.152	-47.168	0.0279
56	31	tracking	-842.388670	67.888993	-265.403003	-32.152	-47.168	0.0286
56	32	tracking	-842.357224	67.610537	-265.335184	-7.152	-55.168	0.0317
56	33	tracking	-842.333703	67.295872	-265.260790	17.848	-55.963	0.0269
56	34	landing	-842.318983	66.958893	-265.175133	17.848	-47.963	0.0222
56	35	landing	-842.312577	66.601856	-265.077978	17.848	-47.963	0.0184
56	36	landing	-842.314055	66.227018	-264.969095	17.848	-47.963	0.0164
56	37	landing	-842.323032	65.836590	-264.848288	17.848	-47.963	0.0162
57	0	tracking	-850.645964	68.867102	-257.032114	-139.104	-4.000	0.1443
57	1	tracking	-849.991601	68.807284	-257.601772	-164.104	-0.670	0.0989
57	2	tracking	-849.422535	68.751906	-258.196524	170.896	-8.670	0.1100
57	3	tracking	-848.951149	68.710040	-258.797665	153.407	-16.670	0.1228
57	4	tracking	-848.533079	68.685017	-259.402840	178.407	-24.670	0.0913
57	5	tracking	-848.135704	68.677907	-259.999512	-156.593	-32.670	0.0857
57	6	tracking	-847.761383	68.687936	-260.584443	-159.186	-40.670	0.0748
57	7	tracking	-847.390151	68.712344	-261.142272	-134.186	-46.375	0.0697
57	8	tracking	-847.034052	68.747852	-261.683844	-150.375	-42.740	0.1245
57	9	tracking	-846.691437	68.790551	-262.210929	-150.375	-34.740	0.0706
57	10	tracking	-846.360385	68.836374	-262.725899	-150.375	-26.740	0.1000
57	11	tracking	-846.038924	68.880283	-263.231329	-150.375	-18.740	0.0989
57	12	tracking	-845.711981	68.925618	-263.710438	-125.375	-26.740	0.0871
57	13	tracking	-845.375779	68.972813	-264.145543	-100.375	-34.740	0.1402
57	14	tracking	-845.036398	69.019217	-264.522830	-75.375	-42.740	0.1453
57	15	tracking	-844.705837	69.059505	-264.835665	-50.375	-50.740	0.1253
57	16	tracking	-844.384292	69.091438	-265.093102	-51.747	-42.740	0.1142
57	17	tracking	-844.083004	69.113982	-265.293128	-26.747	-34.740	0.1027
57	18	tracking	-843.800745	69.125732	-265.443948	-26.747	-26.740	0.1180
57	19	tracking	-843.536584	69.125555	-265.553190	-26.747	-25.689	0.0617
57	20	tracking	-843.300384	69.113535	-265.623253	-1.747	-17.689	0.0422
57	21	tracking	-843.100129	69.088903	-265.661946	23.253	-9.689	0.0439
57	22	tracking	-842.935939	69.051976	-265.678117	37.878	-7.940	0.0475
57	23	tracking	-842.802291	69.003506	-265.676269	37.878	-7.940	0.0423
57	24	tracking	-842.631600	68.911720	-265.698500	62.878	-15.940	0.0414
57	25	tracking	-842.538701	68.853657	-265.667798	67.848	-23.940	0.0321
57	26	tracking	-842.468827	68.773887	-265.635192	67.848	-31.940	0.0344
57	27	tracking	-842.418046	68.665260	-265.601467	67.848	-39.940	0.0295
57	28	tracking	-842.380326	68.520478	-265.563305	42.848	-47.168	0.0314
57	29	tracking	-842.350403	68.341230	-265.517856	17.848	-47.168	0.0267
57	30	tracking	-842.322062	68.129837	-265.463967	-7.152	-47.168	0.0284
57	31	tracking	-842.288670	67.888993	-265.403003	-32.152	-47.168	0.0248
57	32	tracking	-842.257224	67.610537	-265.335184	-7.152	-55.168	0.0269
57	33	tracking	-842.233703	67.295872	-265.260790	17.848	-55.963	0.0212
57	34	landing	-842.218983	66.958893	-265.175133	17.848	-47.963	0.0213
57	35	landing	-842.212577	66.601856	-265.077978	17.848	-47.963	0.0208
57	36	landing	-842.214055	66.227018	-264.969095	17.848	-47.963	0.0165
57	37	landing	-842.223032	65.836590	-264.848288	17.848	-47.963	0.0159
58	0	tracking	-850.645964	68.867102	-257.032114	-139.104	-4.000	0.1387
58	1	tracking	-849.991601	68.807284	-257.601772	-164.104	-0.670	0.0961
58	2	tracking	-849.422535	68.751906	-258.196524	170.896	-8.670	0.0884
58	3	tracking	-848.951149	68.710040	-258.797665	153.407	-16.670	0.5365
58	4	tracking	-848.533079	68.685017	-259.402840	178.407	-24.670	0.2468
58	5	tracking	-848.135704	68.677907	-259.999512	-156.593	-32.670	0.0808
58	6	tracking	-847.761383	68.687936	-260.584443	-159.186	-40.670	0.0735
58	7	tracking	-847.390151	68.712344	-261.142272	-134.186	-46.375	0.1161
58	8	tracking	-847.034052	68.747852	-261.683844	-150.375	-42.740	0.0835
58	9	tracking	-846.691437	68.790551	-262.210929	-150.375	-34.740	0.0752
58	10	tracking	-846.360385	68.836374	-262.725899	-150.375	-26.740	0.0775
58	11	tracking	-846.038924	68.880283	-263.231329	-150.375	-18.740	0.0750
58	12	tracking	-845.711981	68.925618	-263.710438	-125.375	-26.740	0.0605
58	13	tracking	-845.375779	68.972813	-264.145543	-100.375	-34.740	0.0547
58	14	tracking	-845.036398	69.019217	-264.522830	-75.375	-42.740	0.0572
58	15	tracking	-844.705837	69.059505	-264.835665	-50.375	-50.740	0.0539
58	16	tracking	-844.384292	69.091438	-265.093102	-51.747	-42.740	0.0524
58	17	tracking	-844.083004	69.113982	-265.293128	-26.747	-34.740	0.0524
58	18	tracking	-843.800745	69.125732	-265.443948	-26.747	-26.740	0.0471
58	19	tracking	-843.536584	69.125555	-265.553190	-26.747	-25.689	0.0475
58	20	tracking	-843.300384	69.113535	-265.623253	-1.747	-17.689	0.0443
58	21	tracking	-843.100129	69.088903	-265.661946	23.253	-9.689	0.0418
58	22	tracking	-842.935939	69.051976	-265.678117	37.878	-7.940	0.0419
58	23	tracking	-842.802291	69.003506	-265.676269	37.878	-7.940	0.0409
58	24	tracking	-842.731600	69.011720	-265.698500	62.878	-15.940	0.0467
58	25	tracking	-842.638701	68.953657	-265.667798	67.848	-23.940	0.0866
58	26	tracking	-842.568827	68.873887	-265.635192	67.848	-31.940	0.0389
58	27	tracking	-842.518046	68.765260	-265.601467	67.848	-39.940	0.0361
58	28	tracking	-842.480326	68.620478	-265.563305	42.848	-47.168	0.0293
58	29	tracking	-842.450403	68.441230	-265.517856	17.848	-47.168	0.0342
58	30	tracking	-842.422062	68.229837	-265.463967	-7.152	-47.168	0.0321
58	31	tracking	-842.388670	67.988993	-265.403003	-32.152	-47.168	0.0339
58	32	tracking	-842.357224	67.710537	-265.335184	-7.152	-55.168	0.0647
58	33	tracking	-842.333703	67.395872	-265.260790	17.848	-55.963	0.0263
58	34	landing	-842.318983	67.058893	-265.175133	17.848	-47.963	0.0327
58	35	landing	-842.312577	66.701856	-265.077978	17.848	-47.963	0.0250
58	36	landing	-842.314055	66.327018	-264.969095	17.848	-47.963	0.0173
58	37	landing	-842.323032	65.936590	-264.848288	17.848	-47.963	0.0163
59	0	tracking	-850.645964	68.867102	-257.032114	-139.104	-4.000	0.1732
59	1	tracking	-849.991601	68.807284	-257.601772	-164.104	-0.670	0.1137
59	2	tracking	-849.422535	68.751906	-258.196524	170.896	-8.670	0.1071
59	3	tracking	-848.951149	68.710040	-258.797665	153.407	-16.670	0.0995
59	4	tracking	-848.533079	68.685017	-259.402840	178.407	-24.670	0.0913
59	5	tracking	-848.135704	68.677907	-259.999512	-156.593	-32.670	0.1049
59	6	tracking	-847.761383	68.687936	-260.584443	-159.186	-40.670	0.2329
59	7	tracking	-847.390151	68.712344	-261.142272	-134.186	-46.375	0.2499
59	8	tracking	-847.034052	68.747852	-261.683844	-150.375	-42.740	0.1465
59	9	tracking	-846.691437	68.790551	-262.210929	-150.375	-34.740	0.1354
59	10	tracking	-846.360385	68.836374	-262.725899	-150.375	-26.740	0.1227
59	11	tracking	-846.038924	68.880283	-263.231329	-150.375	-18.740	0.1577
59	12	tracking	-845.711981	68.925618	-263.710438	-125.375	-26.740	0.1309
59	13	tracking	-845.375779	68.972813	-264.145543	-100.375	-34.740	0.0943
59	14	tracking	-845.036398	69.019217	-264.522830	-75.375	-42.740	0.0617
59	15	tracking	-844.705837	69.059505	-264.835665	-50.375	-50.740	0.0541
59	16	tracking	-844.384292	69.091438	-265.093102	-51.747	-42.740	0.0537
59	17	tracking	-844.083004	69.113982	-265.293128	-26.747	-34.740	0.0540
59	18	tracking	-843.800745	69.125732	-265.443948	-26.747	-26.740	0.0515
59	19	tracking	-843.536584	69.125555	-265.553190	-26.747	-25.689	0.0525
59	20	tracking	-843.300384	69.113535	-265.623253	-1.747	-17.689	0.0434
59	21	tracking	-843.100129	69.088903	-265.661946	23.253	-9.689	0.0452
59	22	tracking	-842.935939	69.051976	-265.678117	37.878	-7.940	0.0392
59	23	tracking	-842.802291	69.003506	-265.676269	37.878	-7.940	0.0408
59	24	tracking	-842.631600	69.011720	-265.698500	62.878	-15.940	0.0417
59	25	tracking	-842.538701	68.953657	-265.667798	67.848	-23.940	0.0358
59	26	tracking	-842.468827	68.873887	-265.635192	67.848	-31.940	0.0374
59	27	tracking	-842.418046	68.765260	-265.601467	67.848	-39.940	0.0317
59	28	tracking	-842.380326	68.620478	-265.563305	42.848	-47.168	0.0336
59	29	tracking	-842.350403	68.441230	-265.517856	17.848	-47.168	0.0284
59	30	tracking	-842.322062	68.229837	-265.463967	-7.152	-47.168	0.0363
59	31	tracking	-842.288670	67.988993	-265.403003	-32.152	-47.168	0.0265
59	32	tracking	-842.257224	67.710537	-265.335184	-7.152	-55.168	0.0389
59	33	tracking	-842.233703	67.395872	-265.260790	17.848	-55.963	0.0283
59	34	landing	-842.218983	67.058893	-265.175133	17.848	-47.963	0.0227
59	35	landing	-842.212577	66.701856	-265.077978	17.848	-47.963	0.0208
59	36	landing	-842.214055	66.327018	-264.969095	17.848	-47.963	0.0221
59	37	landing	-842.223032	65.936590	-264.848288	17.848	-47.963	0.0839
60	0	tracking	-850.645964	68.867102	-257.032114	-139.104	-4.000	0.1761
60	1	tracking	-849.991601	68.807284	-257.601772	-164.104	-0.670	0.1106
60	2	tracking	-849.422535	68.751906	-258.196524	170.896	-8.670	0.0971
60	3	tracking	-848.951149	68.710040	-258.797665	153.407	-16.670	0.0894
60	4	tracking	-848.533079	68.685017	-259.402840	178.407	-24.670	0.0842
60	5	tracking	-848.135704	68.677907	-259.999512	-156.593	-32.670	0.0795
60	6	tracking	-847.761383	68.687936	-260.584443	-159.186	-40.670	0.0752
60	7	tracking	-847.390151	68.712344	-261.142272	-134.186	-46.375	0.0740
60	8	tracking	-847.034052	68.747852	-261.683844	-150.375	-42.740	0.0702
60	9	tracking	-846.691437	68.790551	-262.210929	-150.375	-34.740	0.0705
60	10	tracking	-846.360385	68.836374	-262.725899	-150.375	-26.740	0.0635
60	11	tracking	-846.038924	68.880283	-263.231329	-150.375	-18.740	0.0658
60	12	tracking	-845.711981	68.925618	-263.710438	-125.375	-26.740	0.0589
60	13	tracking	-845.375779	68.972813	-264.145543	-100.375	-34.740	0.0597
60	14	tracking	-845.036398	69.019217	-264.522830	-75.375	-42.740	0.0685
60	15	tracking	-844.705837	69.059505	-264.835665	-50.375	-50.740	0.0650
60	16	tracking	-844.384292	69.091438	-265.093102	-51.747	-42.740	0.0608
60	17	tracking	-844.083004	69.113982	-265.293128	-26.747	-34.740	0.0517
60	18	tracking	-843.800745	69.125732	-265.443948	-26.747	-26.740	0.0475
60	19	tracking	-843.536584	69.125555	-265.553190	-26.747	-25.689	0.0498
60	20	tracking	-843.300384	69.113535	-265.623253	-1.747	-17.689	0.0474
60	21	tracking	-843.100129	69.088903	-265.661946	23.253	-9.689	0.0760
60	22	tracking	-842.935939	69.051976	-265.678117	37.878	-7.940	0.1663
60	23	tracking	-842.802291	69.003506	-265.676269	37.878	-7.940	0.0645
60	24	tracking	-842.731600	68.911720	-265.598500	62.878	-15.940	0.1368
60	25	tracking	-842.638701	68.853657	-265.567798	67.848	-23.940	0.1033
60	26	tracking	-842.568827	68.773887	-265.535192	67.848	-31.940	0.2853
60	27	tracking	-842.518046	68.665260	-265.501467	67.848	-39.940	0.2736
60	28	tracking	-842.480326	68.520478	-265.463305	42.848	-47.168	0.2615
60	29	tracking	-842.450403	68.341230	-265.417856	17.848	-47.168	0.2795
60	30	tracking	-842.422062	68.129837	-265.363967	-7.152	-47.168	0.1501
60	31	tracking	-842.388670	67.888993	-265.303003	-32.152	-47.168	0.1059
60	32	tracking	-842.357224	67.610537	-265.235184	-7.152	-55.168	0.1140
60	33	tracking	-842.333703	67.295872	-265.160790	17.848	-55.963	0.0939
60	34	landing	-842.326586	66.958893	-265.079584	42.848	-47.963	0.0458
60	35	landing	-842.334863	66.601354	-264.991469	42.848	-47.963	0.0187
60	36	landing	-842.357760	66.225219	-264.896225	42.848	-47.963	0.0161
60	37	landing	-842.394655	65.832559	-264.793581	42.848	-47.963	0.0154
61	0	tracking	-850.645964	68.867102	-257.032114	-139.104	-4.000	0.1660
61	1	tracking	-849.991601	68.807284	-257.601772	-164.104	-0.670	0.1110
61	2	tracking	-849.422535	68.751906	-258.196524	170.896	-8.670	0.1124
61	3	tracking	-848.951149	68.710040	-258.797665	153.407	-16.670	0.0919
61	4	tracking	-848.533079	68.685017	-259.402840	178.407	-24.670	0.1042
61	5	tracking	-848.135704	68.677907	-259.999512	-156.593	-32.670	0.0820
61	6	tracking	-847.761383	68.687936	-260.584443	-159.186	-40.670	0.0781
61	7	tracking	-847.390151	68.712344	-261.142272	-134.186	-46.375	0.0796
61	8	tracking	-847.034052	68.747852	-261.683844	-150.375	-42.740	0.0752
61	9	tracking	-846.691437	68.790551	-262.210929	-150.375	-34.740	0.0734
61	10	tracking	-846.360385	68.836374	-262.725899	-150.375	-26.740	0.0780
61	11	tracking	-846.038924	68.880283	-263.231329	-150.375	-18.740	0.0776
61	12	tracking	-845.711981	68.925618	-263.710438	-125.375	-26.740	0.0651
61	13	tracking	-845.375779	68.972813	-264.145543	-100.375	-34.740	0.0687
61	14	tracking	-845.036398	69.019217	-264.522830	-75.375	-42.740	0.0565
61	15	tracking	-844.705837	69.059505	-264.835665	-50.375	-50.740	0.0545
61	16	tracking	-844.384292	69.091438	-265.093102	-51.747	-42.740	0.0569
61	17	tracking	-844.083004	69.113982	-265.293128	-26.747	-34.740	0.0552
61	18	tracking	-843.800745	69.125732	-265.443948	-26.747	-26.740	0.0527
61	19	tracking	-843.536584	69.125555	-265.553190	-26.747	-25.689	0.0572
61	20	tracking	-843.300384	69.113535	-265.623253	-1.747	-17.689	0.0517
61	21	tracking	-843.100129	69.088903	-265.661946	23.253	-9.689	0.0461
61	22	tracking	-842.935939	69.051976	-265.678117	37.878	-7.940	0.0415
61	23	tracking	-842.802291	69.003506	-265.676269	37.878	-7.940	0.0416
61	24	tracking	-842.631600	68.911720	-265.598500	62.878	-15.940	0.1553
61	25	tracking	-842.538701	68.853657	-265.567798	67.848	-23.940	0.1158
61	26	tracking	-842.468827	68.773887	-265.535192	67.848	-31.940	0.1152
61	27	tracking	-842.418046	68.665260	-265.501467	67.848	-39.940	0.1049
61	28	tracking	-842.380326	68.520478	-265.463305	42.848	-47.168	0.1200
61	29	tracking	-842.350403	68.341230	-265.417856	17.848	-47.168	0.1015
61	30	tracking	-842.322062	68.129837	-265.363967	-7.152	-47.168	0.1108
61	31	tracking	-842.288670	67.888993	-265.303003	-32.152	-47.168	0.0992
61	32	tracking	-842.257224	67.610537	-265.235184	-7.152	-55.168	0.1158
61	33	tracking	-842.233703	67.295872	-265.160790	17.848	-55.963	0.0976
61	34	landing	-842.226586	66.958893	-265.079584	42.848	-47.963	0.0230
61	35	landing	-842.234863	66.601354	-264.991469	42.848	-47.963	0.0194
61	36	landing	-842.257760	66.225219	-264.896225	42.848	-47.963	0.0176
61	37	landing	-842.294655	65.832559	-264.793581	42.848	-47.963	0.0170
62	0	tracking	-850.645964	68.867102	-257.032114	-139.104	-4.000	0.1485
62	1	tracking	-849.991601	68.807284	-257.601772	-164.104	-0.670	0.1074
62	2	tracking	-849.422535	68.751906	-258.196524	170.896	-8.670	0.0976
62	3	tracking	-848.951149	68.710040	-258.797665	153.407	-16.670	0.0952
62	4	tracking	-848.533079	68.685017	-259.402840	178.407	-24.670	0.0893
62	5	tracking	-848.135704	68.677907	-259.999512	-156.593	-32.670	0.0846
62	6	tracking	-847.761383	68.687936	-260.584443	-159.186	-40.670	0.1096
62	7	tracking	-847.390151	68.712344	-261.142272	-134.186	-46.375	0.0822
62	8	tracking	-847.034052	68.747852	-261.683844	-150.375	-42.740	0.0754
62	9	tracking	-846.691437	68.790551	-262.210929	-150.375	-34.740	0.0816
62	10	tracking	-846.360385	68.836374	-262.725899	-150.375	-26.740	0.0852
62	11	tracking	-846.038924	68.880283	-263.231329	-150.375	-18.740	0.0717
62	12	tracking	-845.711981	68.925618	-263.710438	-125.375	-26.740	0.0654
62	13	tracking	-845.375779	68.972813	-264.145543	-100.375	-34.740	0.0633
62	14	tracking	-845.036398	69.019217	-264.522830	-75.375	-42.740	0.0612
62	15	tracking	-844.705837	69.059505	-264.835665	-50.375	-50.740	0.0608
62	16	tracking	-844.384292	69.091438	-265.093102	-51.747	-42.740	0.0575
62	17	tracking	-844.083004	69.113982	-265.293128	-26.747	-34.740	0.0961
62	18	tracking	-843.800745	69.125732	-265.443948	-26.747	-26.740	0.0488
62	19	tracking	-843.536584	69.125555	-265.553190	-26.747	-25.689	0.0519
62	20	tracking	-843.300384	69.113535	-265.623253	-1.747	-17.689	0.0493
62	21	tracking	-843.100129	69.088903	-265.661946	23.253	-9.689	0.0420
62	22	tracking	-842.935939	69.051976	-265.678117	37.878	-7.940	0.0429
62	23	tracking	-842.802291	69.003506	-265.676269	37.878	-7.940	0.0409
62	24	tracking	-842.731600	69.011720	-265.598500	62.878	-15.940	0.1300
62	25	tracking	-842.638701	68.953657	-265.567798	67.848	-23.940	0.1117
62	26	tracking	-842.568827	68.873887	-265.535192	67.848	-31.940	0.1059
62	27	tracking	-842.518046	68.765260	-265.501467	67.848	-39.940	0.1035
62	28	tracking	-842.480326	68.620478	-265.463305	42.848	-47.168	0.1003
62	29	tracking	-842.450403	68.441230	-265.417856	17.848	-47.168	0.1282
62	30	tracking	-842.422062	68.229837	-265.363967	-7.152	-47.168	0.1013
62	31	tracking	-842.388670	67.988993	-265.303003	-32.152	-47.168	0.0972
62	32	tracking	-842.357224	67.710537	-265.235184	-7.152	-55.168	0.0946
62	33	tracking	-842.333703	67.395872	-265.160790	17.848	-55.963	0.0955
62	34	landing	-842.326586	67.058893	-265.079584	42.848	-47.963	0.0216
62	35	landing	-842.334863	66.701354	-264.991469	42.848	-47.963	0.0178
62	36	landing	-842.357760	66.325219	-264.896225	42.848	-47.963	0.0171
62	37	landing	-842.394655	65.932559	-264.793581	42.848	-47.963	0.0188
63	0	tracking	-850.645964	68.867102	-257.032114	-139.104	-4.000	0.1459
63	1	tracking	-849.991601	68.807284	-257.601772	-164.104	-0.670	0.1009
63	2	tracking	-849.422535	68.751906	-258.196524	170.896	-8.670	0.1125
63	3	tracking	-848.951149	68.710040	-258.797665	153.407	-16.670	0.0921
63	4	tracking	-848.533079	68.685017	-259.402840	178.407	-24.670	0.0876
63	5	tracking	-848.135704	68.677907	-259.999512	-156.593	-32.670	0.0795
63	6	tracking	-847.761383	68.687936	-260.584443	-159.186	-40.670	0.0761
63	7	tracking	-847.390151	68.712344	-261.142272	-134.186	-46.375	0.0753
63	8	tracking	-847.034052	68.747852	-261.683844	-150.375	-42.740	0.0724
63	9	tracking	-846.691437	68.790551	-262.210929	-150.375	-34.740	0.0718
63	10	tracking	-846.360385	68.836374	-262.725899	-150.375	-26.740	0.2542
63	11	tracking	-846.038924	68.880283	-263.231329	-150.375	-18.740	0.0713
63	12	tracking	-845.711981	68.925618	-263.710438	-125.375	-26.740	0.0723
63	13	tracking	-845.375779	68.972813	-264.145543	-100.375	-34.740	0.0625
63	14	tracking	-845.036398	69.019217	-264.522830	-75.375	-42.740	0.0610
63	15	tracking	-844.705837	69.059505	-264.835665	-50.375	-50.740	0.0637
63	16	tracking	-844.384292	69.091438	-265.093102	-51.747	-42.740	0.0505
63	17	tracking	-844.083004	69.113982	-265.293128	-26.747	-34.740	0.0475
63	18	tracking	-843.800745	69.125732	-265.443948	-26.747	-26.740	0.0588
63	19	tracking	-843.536584	69.125555	-265.553190	-26.747	-25.689	0.0534
63	20	tracking	-843.300384	69.113535	-265.623253	-1.747	-17.689	0.0423
63	21	tracking	-843.100129	69.088903	-265.661946	23.253	-9.689	0.0436
63	22	tracking	-842.935939	69.051976	-265.678117	37.878	-7.940	0.0422
63	23	tracking	-842.802291	69.003506	-265.676269	37.878	-7.940	0.0367
63	24	tracking	-842.631600	69.011720	-265.598500	62.878	-15.940	0.1233
63	25	tracking	-842.538701	68.953657	-265.567798	67.848	-23.940	0.1944
63	26	tracking	-842.468827	68.873887	-265.535192	67.848	-31.940	0.2129
63	27	tracking	-842.418046	68.765260	-265.501467	67.848	-39.940	0.2652
63	28	tracking	-842.380326	68.620478	-265.463305	42.848	-47.168	0.2282
63	29	tracking	-842.350403	68.441230	-265.417856	17.848	-47.168	0.2239
63	30	tracking	-842.322062	68.229837	-265.363967	-7.152	-47.168	0.2368
63	31	tracking	-842.288670	67.988993	-265.303003	-32.152	-47.168	0.2581
63	32	tracking	-842.257224	67.710537	-265.235184	-7.152	-55.168	0.1200
63	33	tracking	-842.233703	67.395872	-265.160790	17.848	-55.963	0.1146
63	34	landing	-842.226586	67.058893	-265.079584	42.848	-47.963	0.0272
63	35	landing	-842.234863	66.701354	-264.991469	42.848	-47.963	0.0191
63	36	landing	-842.257760	66.325219	-264.896225	42.848	-47.963	0.0173
63	37	landing	-842.294655	65.932559	-264.793581	42.848	-47.963	0.0205
