-1	0	tracking	-850.645964	68.867102	-257.032114	-139.104	-4.000	13.6476
-1	1	tracking	-849.991601	68.807284	-257.601772	-164.104	-0.670	1.8728
-1	2	tracking	-849.422535	68.751906	-258.196524	170.896	-8.670	1.5393
-1	3	tracking	-848.951149	68.710040	-258.797665	153.407	-16.670	1.3760
-1	4	tracking	-848.533079	68.685017	-259.402840	178.407	-24.670	1.2450
-1	5	tracking	-848.135704	68.677907	-259.999512	-156.593	-32.670	1.2278
-1	6	tracking	-847.761383	68.687936	-260.584443	-159.186	-40.670	1.2740
-1	7	tracking	-847.390151	68.712344	-261.142272	-134.186	-46.375	1.1598
-1	8	tracking	-847.034052	68.747852	-261.683844	-150.375	-42.740	1.1215
-1	9	tracking	-846.691437	68.790551	-262.210929	-150.375	-34.740	0.9931
-1	10	tracking	-846.360385	68.836374	-262.725899	-150.375	-26.740	0.9183
-1	11	tracking	-846.038924	68.880283	-263.231329	-150.375	-18.740	1.0986
-1	12	tracking	-845.711981	68.925618	-263.710438	-125.375	-26.740	0.7836
-1	13	tracking	-845.375779	68.972813	-264.145543	-100.375	-34.740	0.7966
-1	14	tracking	-845.036398	69.019217	-264.522830	-75.375	-42.740	0.7556
-1	15	tracking	-844.705837	69.059505	-264.835665	-50.375	-50.740	0.7027
-1	16	tracking	-844.384292	69.091438	-265.093102	-51.747	-42.740	0.3723
-1	17	tracking	-844.083004	69.113982	-265.293128	-26.747	-34.740	0.3411
-1	18	tracking	-843.800745	69.125732	-265.443948	-26.747	-26.740	0.3618
-1	19	tracking	-843.536584	69.125555	-265.553190	-26.747	-25.689	0.3236
-1	20	tracking	-843.300384	69.113535	-265.623253	-1.747	-17.689	0.2430
-1	21	tracking	-843.100129	69.088903	-265.661946	23.253	-9.689	0.1897
-1	22	tracking	-842.935939	69.051976	-265.678117	37.878	-7.940	0.1882
-1	23	tracking	-842.802291	69.003506	-265.676269	37.878	-7.940	0.1632
-1	24	tracking	-842.699176	68.943190	-265.666444	62.878	-15.940	0.1628
-1	25	tracking	-842.621629	68.867454	-265.651857	67.848	-23.940	0.1620
-1	26	tracking	-842.565079	68.770355	-265.633754	67.848	-31.940	0.1499
-1	27	tracking	-842.525759	68.644315	-265.613118	67.848	-39.940	0.1827
-1	28	tracking	-842.497919	68.481735	-265.586975	42.848	-47.168	0.1564
-1	29	tracking	-842.476678	68.284429	-265.552612	17.848	-47.168	0.1558
-1	30	tracking	-842.456107	68.054867	-265.508875	-7.152	-47.168	0.1547
-1	31	tracking	-842.429727	67.795885	-265.457098	-32.152	-47.168	0.1863
-1	32	tracking	-842.404562	67.499061	-265.397731	-7.152	-55.168	0.1665
-1	33	tracking	-842.386576	67.165890	-265.331058	17.848	-55.963	0.1341
-1	34	landing	-842.376815	66.810754	-265.252196	17.848	-47.963	0.1112
-1	35	landing	-842.374883	66.436026	-265.160919	17.848	-47.963	0.0874
-1	36	landing	-842.380430	66.044063	-265.057020	17.848	-47.963	0.0830
-1	37	landing	-842.393135	65.637154	-264.940337	17.848	-47.963	0.0764
0	0	tracking	-850.712875	68.799418	-257.100983	-139.104	-4.000	0.3430
0	1	tracking	-850.073193	68.723999	-257.688813	-164.104	-0.670	0.3005
0	2	tracking	-849.517440	68.654849	-258.301206	170.896	-8.670	0.4774
0	3	tracking	-849.058572	68.600863	-258.919376	153.407	-16.670	0.2787
0	4	tracking	-848.651694	68.565254	-259.541115	178.407	-24.670	0.2434
0	5	tracking	-848.263789	68.549013	-260.153709	-156.593	-32.670	0.2340
0	6	tracking	-847.897518	68.551279	-260.753843	-159.186	-40.670	0.2281
0	7	tracking	-847.532770	68.569224	-261.325888	-134.186	-46.375	0.2559
0	8	tracking	-847.181984	68.599453	-261.880941	-150.375	-42.740	0.2124
0	9	tracking	-846.843618	68.637932	-262.420892	-150.375	-34.740	0.2141
0	10	tracking	-846.516001	68.680101	-262.947943	-150.375	-26.740	0.2246
0	11	tracking	-846.197238	68.720768	-263.464775	-150.375	-18.740	0.1938
0	12	tracking	-845.872142	68.763391	-263.954437	-125.375	-26.740	0.1917
0	13	tracking	-845.536987	68.808480	-264.399055	-100.375	-34.740	0.2051
0	14	tracking	-845.197941	68.853520	-264.784662	-75.375	-42.740	0.2268
0	15	tracking	-844.867311	68.893108	-265.104606	-50.375	-50.740	0.1600
0	16	tracking	-844.545386	68.924815	-265.368126	-51.747	-42.740	0.1554
0	17	tracking	-844.243607	68.947447	-265.573270	-26.747	-34.740	0.1495
0	18	tracking	-843.960792	68.959461	-265.728415	-26.747	-26.740	0.1503
0	19	tracking	-843.696048	68.959659	-265.841337	-26.747	-25.689	0.1445
0	20	tracking	-843.459325	68.948049	-265.914536	-1.747	-17.689	0.1497
0	21	tracking	-843.258640	68.923808	-265.955935	23.253	-9.689	0.1264
0	22	tracking	-843.094102	68.887244	-265.974474	37.878	-7.940	0.1258
0	23	tracking	-842.960159	68.839106	-265.974716	37.878	-7.940	0.1186
0	24	tracking	-842.856780	68.779094	-265.966755	62.878	-15.940	0.1529
0	25	tracking	-842.778983	68.703637	-265.953835	67.848	-23.940	0.1159
0	26	tracking	-842.722191	68.606788	-265.937223	67.848	-31.940	0.1120
0	27	tracking	-842.682629	68.480963	-265.917928	67.848	-39.940	0.1000
0	28	tracking	-842.654549	68.318547	-265.893007	42.848	-47.168	0.0991
0	29	tracking	-842.633077	68.121335	-265.859783	17.848	-47.168	0.1078
0	30	tracking	-842.612307	67.891784	-265.817127	-7.152	-47.168	0.0883
0	31	tracking	-842.585786	67.632731	-265.766367	-32.152	-47.168	0.0843
0	32	tracking	-842.560502	67.335752	-265.707962	-7.152	-55.168	0.0825
0	33	tracking	-842.542393	67.002348	-265.642199	17.848	-55.963	0.0736
0	34	landing	-842.532507	66.646914	-265.564196	17.848	-47.963	0.0522
0	35	landing	-842.530449	66.271831	-265.473732	17.848	-47.963	0.0510
0	36	landing	-842.535869	65.879459	-265.370598	17.848	-47.963	0.0437
1	0	tracking	-850.612875	68.799418	-257.100983	-139.104	-4.000	0.3054
1	1	tracking	-849.973193	68.723999	-257.688813	-164.104	-0.670	0.2764
1	2	tracking	-849.417440	68.654849	-258.301206	170.896	-8.670	0.2775
1	3	tracking	-848.958572	68.600863	-258.919376	153.407	-16.670	0.3910
1	4	tracking	-848.551694	68.565254	-259.541115	178.407	-24.670	0.2436
1	5	tracking	-848.163789	68.549013	-260.153709	-156.593	-32.670	0.2640
1	6	tracking	-847.797518	68.551279	-260.753843	-159.186	-40.670	0.2423
1	7	tracking	-847.432770	68.569224	-261.325888	-134.186	-46.375	2.8246
1	8	tracking	-847.081984	68.599453	-261.880941	-150.375	-42.740	0.2860
1	9	tracking	-846.743618	68.637932	-262.420892	-150.375	-34.740	0.2123
1	10	tracking	-846.416001	68.680101	-262.947943	-150.375	-26.740	0.2252
1	11	tracking	-846.097238	68.720768	-263.464775	-150.375	-18.740	0.2495
1	12	tracking	-845.772142	68.763391	-263.954437	-125.375	-26.740	0.2045
1	13	tracking	-845.436987	68.808480	-264.399055	-100.375	-34.740	0.2032
1	14	tracking	-845.097941	68.853520	-264.784662	-75.375	-42.740	0.1949
1	15	tracking	-844.767311	68.893108	-265.104606	-50.375	-50.740	0.2108
1	16	tracking	-844.445386	68.924815	-265.368126	-51.747	-42.740	0.1880
1	17	tracking	-844.143607	68.947447	-265.573270	-26.747	-34.740	0.1711
1	18	tracking	-843.860792	68.959461	-265.728415	-26.747	-26.740	0.1628
1	19	tracking	-843.596048	68.959659	-265.841337	-26.747	-25.689	0.1560
1	20	tracking	-843.359325	68.948049	-265.914536	-1.747	-17.689	0.1472
1	21	tracking	-843.158640	68.923808	-265.955935	23.253	-9.689	0.1381
1	22	tracking	-842.994102	68.887244	-265.974474	37.878	-7.940	0.1293
1	23	tracking	-842.860159	68.839106	-265.974716	37.878	-7.940	0.1449
1	24	tracking	-842.756780	68.779094	-265.966755	62.878	-15.940	0.1266
1	25	tracking	-842.678983	68.703637	-265.953835	67.848	-23.940	0.1175
1	26	tracking	-842.622191	68.606788	-265.937223	67.848	-31.940	0.1154
1	27	tracking	-842.582629	68.480963	-265.917928	67.848	-39.940	0.1089
1	28	tracking	-842.554549	68.318547	-265.893007	42.848	-47.168	0.1061
1	29	tracking	-842.533077	68.121335	-265.859783	17.848	-47.168	0.1070
1	30	tracking	-842.512307	67.891784	-265.817127	-7.152	-47.168	0.0973
1	31	tracking	-842.485786	67.632731	-265.766367	-32.152	-47.168	0.0934
1	32	tracking	-842.460502	67.335752	-265.707962	-7.152	-55.168	0.0927
1	33	tracking	-842.442393	67.002348	-265.642199	17.848	-55.963	0.0876
1	34	landing	-842.432507	66.646914	-265.564196	17.848	-47.963	0.0668
1	35	landing	-842.430449	66.271831	-265.473732	17.848	-47.963	0.0654
1	36	landing	-842.435869	65.879459	-265.370598	17.848	-47.963	0.0619
2	0	tracking	-850.712875	68.899418	-257.100983	-139.104	-4.000	0.3132
2	1	tracking	-850.073193	68.823999	-257.688813	-164.104	-0.670	0.2470
2	2	tracking	-849.517440	68.754849	-258.301206	170.896	-8.670	0.2271
2	3	tracking	-849.058572	68.700863	-258.919376	153.407	-16.670	0.2218
2	4	tracking	-848.651694	68.665254	-259.541115	178.407	-24.670	0.2118
2	5	tracking	-848.263789	68.649013	-260.153709	-156.593	-32.670	0.2313
2	6	tracking	-847.897518	68.651279	-260.753843	-159.186	-40.670	0.2396
2	7	tracking	-847.532770	68.669224	-261.325888	-134.186	-46.375	0.2016
2	8	tracking	-847.181984	68.699453	-261.880941	-150.375	-42.740	0.1887
2	9	tracking	-846.843618	68.737932	-262.420892	-150.375	-34.740	0.1927
2	10	tracking	-846.516001	68.780101	-262.947943	-150.375	-26.740	0.1908
2	11	tracking	-846.197238	68.820768	-263.464775	-150.375	-18.740	0.1802
2	12	tracking	-845.872142	68.863391	-263.954437	-125.375	-26.740	0.1942
2	13	tracking	-845.536987	68.908480	-264.399055	-100.375	-34.740	0.1647
2	14	tracking	-845.197941	68.953520	-264.784662	-75.375	-42.740	0.1625
2	15	tracking	-844.867311	68.993108	-265.104606	-50.375	-50.740	0.1561
2	16	tracking	-844.545386	69.024815	-265.368126	-51.747	-42.740	0.1613
2	17	tracking	-844.243607	69.047447	-265.573270	-26.747	-34.740	0.1601
2	18	tracking	-843.960792	69.059461	-265.728415	-26.747	-26.740	0.1356
2	19	tracking	-843.696048	69.059659	-265.841337	-26.747	-25.689	0.1550
2	20	tracking	-843.459325	69.048049	-265.914536	-1.747	-17.689	0.1203
2	21	tracking	-843.258640	69.023808	-265.955935	23.253	-9.689	0.1246
2	22	tracking	-843.094102	68.987244	-265.974474	37.878	-7.940	0.1165
2	23	tracking	-842.960159	68.939106	-265.974716	37.878	-7.940	0.1067
2	24	tracking	-842.856780	68.879094	-265.966755	62.878	-15.940	0.1037
2	25	tracking	-842.778983	68.803637	-265.953835	67.848	-23.940	0.1069
2	26	tracking	-842.722191	68.706788	-265.937223	67.848	-31.940	0.0960
2	27	tracking	-842.682629	68.580963	-265.917928	67.848	-39.940	0.0911
2	28	tracking	-842.654549	68.418547	-265.893007	42.848	-47.168	0.0975
2	29	tracking	-842.633077	68.221335	-265.859783	17.848	-47.168	0.0828
2	30	tracking	-842.612307	67.991784	-265.817127	-7.152	-47.168	0.0781
2	31	tracking	-842.585786	67.732731	-265.766367	-32.152	-47.168	0.0725
2	32	tracking	-842.560502	67.435752	-265.707962	-7.152	-55.168	0.0680
2	33	tracking	-842.542393	67.102348	-265.642199	17.848	-55.963	0.0620
2	34	landing	-842.532507	66.746914	-265.564196	17.848	-47.963	0.0407
2	35	landing	-842.530449	66.371831	-265.473732	17.848	-47.963	0.0372
2	36	landing	-842.535869	65.979459	-265.370598	17.848	-47.963	0.0349
3	0	tracking	-850.612875	68.899418	-257.100983	-139.104	-4.000	0.2946
3	1	tracking	-849.973193	68.823999	-257.688813	-164.104	-0.670	0.2682
3	2	tracking	-849.417440	68.754849	-258.301206	170.896	-8.670	0.2544
3	3	tracking	-848.958572	68.700863	-258.919376	153.407	-16.670	0.2533
3	4	tracking	-848.551694	68.665254	-259.541115	178.407	-24.670	0.2334
3	5	tracking	-848.163789	68.649013	-260.153709	-156.593	-32.670	0.2258
3	6	tracking	-847.797518	68.651279	-260.753843	-159.186	-40.670	0.2195
3	7	tracking	-847.432770	68.669224	-261.325888	-134.186	-46.375	0.2102
3	8	tracking	-847.081984	68.699453	-261.880941	-150.375	-42.740	0.2109
3	9	tracking	-846.743618	68.737932	-262.420892	-150.375	-34.740	0.1978
3	10	tracking	-846.416001	68.780101	-262.947943	-150.375	-26.740	0.2620
3	11	tracking	-846.097238	68.820768	-263.464775	-150.375	-18.740	0.2103
3	12	tracking	-845.772142	68.863391	-263.954437	-125.375	-26.740	0.1853
3	13	tracking	-845.436987	68.908480	-264.399055	-100.375	-34.740	0.1725
3	14	tracking	-845.097941	68.953520	-264.784662	-75.375	-42.740	0.1748
3	15	tracking	-844.767311	68.993108	-265.104606	-50.375	-50.740	0.1665
3	16	tracking	-844.445386	69.024815	-265.368126	-51.747	-42.740	0.1652
3	17	tracking	-844.143607	69.047447	-265.573270	-26.747	-34.740	0.1528
3	18	tracking	-843.860792	69.059461	-265.728415	-26.747	-26.740	0.1444
3	19	tracking	-843.596048	69.059659	-265.841337	-26.747	-25.689	0.1414
3	20	tracking	-843.359325	69.048049	-265.914536	-1.747	-17.689	0.1416
3	21	tracking	-843.158640	69.023808	-265.955935	23.253	-9.689	0.1275
3	22	tracking	-842.994102	68.987244	-265.974474	37.878	-7.940	0.1353
3	23	tracking	-842.860159	68.939106	-265.974716	37.878	-7.940	0.1193
3	24	tracking	-842.756780	68.879094	-265.966755	62.878	-15.940	0.1157
3	25	tracking	-842.678983	68.803637	-265.953835	67.848	-23.940	0.1121
3	26	tracking	-842.622191	68.706788	-265.937223	67.848	-31.940	0.1202
3	27	tracking	-842.582629	68.580963	-265.917928	67.848	-39.940	0.1042
3	28	tracking	-842.554549	68.418547	-265.893007	42.848	-47.168	0.1014
3	29	tracking	-842.533077	68.221335	-265.859783	17.848	-47.168	0.0959
3	30	tracking	-842.512307	67.991784	-265.817127	-7.152	-47.168	0.0905
3	31	tracking	-842.485786	67.732731	-265.766367	-32.152	-47.168	0.0886
3	32	tracking	-842.460502	67.435752	-265.707962	-7.152	-55.168	0.0836
3	33	tracking	-842.442393	67.102348	-265.642199	17.848	-55.963	0.0807
3	34	landing	-842.432507	66.746914	-265.564196	17.848	-47.963	0.0605
3	35	landing	-842.430449	66.371831	-265.473732	17.848	-47.963	0.0531
3	36	landing	-842.435869	65.979459	-265.370598	17.848	-47.963	0.0572
4	0	tracking	-850.712875	68.799418	-257.000983	-139.104	-4.000	0.2925
4	1	tracking	-850.073193	68.723999	-257.588813	-164.104	-0.670	0.3299
4	2	tracking	-849.517440	68.654849	-258.201206	170.896	-8.670	0.2644
4	3	tracking	-849.058572	68.600863	-258.819376	153.407	-16.670	0.2248
4	4	tracking	-848.651694	68.565254	-259.441115	178.407	-24.670	0.2210
4	5	tracking	-848.263789	68.549013	-260.053709	-156.593	-32.670	0.2049
4	6	tracking	-847.897518	68.551279	-260.653843	-159.186	-40.670	0.2425
4	7	tracking	-847.532770	68.569224	-261.225888	-134.186	-46.375	0.1930
4	8	tracking	-847.181984	68.599453	-261.780941	-150.375	-42.740	0.1923
4	9	tracking	-846.843618	68.637932	-262.320892	-150.375	-34.740	0.1728
4	10	tracking	-846.516001	68.680101	-262.847943	-150.375	-26.740	0.1730
4	11	tracking	-846.197238	68.720768	-263.364775	-150.375	-18.740	0.1605
4	12	tracking	-845.872142	68.763391	-263.854437	-125.375	-26.740	0.1574
4	13	tracking	-845.536987	68.808480	-264.299055	-100.375	-34.740	0.1446
4	14	tracking	-845.197941	68.853520	-264.684662	-75.375	-42.740	0.1354
4	15	tracking	-844.867311	68.893108	-265.004606	-50.375	-50.740	0.1326
4	16	tracking	-844.545386	68.924815	-265.268126	-51.747	-42.740	0.1250
4	17	tracking	-844.243607	68.947447	-265.473270	-26.747	-34.740	0.1206
4	18	tracking	-843.960792	68.959461	-265.628415	-26.747	-26.740	0.1242
4	19	tracking	-843.696048	68.959659	-265.741337	-26.747	-25.689	0.1118
4	20	tracking	-843.459325	68.948049	-265.814536	-1.747	-17.689	0.1077
4	21	tracking	-843.258640	68.923808	-265.855935	23.253	-9.689	0.1183
4	22	tracking	-843.094102	68.887244	-265.874474	37.878	-7.940	0.1029
4	23	tracking	-842.960159	68.839106	-265.874716	37.878	-7.940	0.1095
4	24	tracking	-842.856780	68.779094	-265.866755	62.878	-15.940	0.0996
4	25	tracking	-842.778983	68.703637	-265.853835	67.848	-23.940	0.0909
4	26	tracking	-842.722191	68.606788	-265.837223	67.848	-31.940	0.0890
4	27	tracking	-842.682629	68.480963	-265.817928	67.848	-39.940	0.0819
4	28	tracking	-842.654549	68.318547	-265.793007	42.848	-47.168	0.0766
4	29	tracking	-842.633077	68.121335	-265.759783	17.848	-47.168	0.0758
4	30	tracking	-842.612307	67.891784	-265.717127	-7.152	-47.168	0.0702
4	31	tracking	-842.585786	67.632731	-265.666367	-32.152	-47.168	0.0667
4	32	tracking	-842.560502	67.335752	-265.607962	-7.152	-55.168	0.0862
4	33	tracking	-842.542393	67.002348	-265.542199	17.848	-55.963	0.0611
4	34	landing	-842.532507	66.646914	-265.464196	17.848	-47.963	0.0398
4	35	landing	-842.530449	66.271831	-265.373732	17.848	-47.963	0.0355
4	36	landing	-842.535869	65.879459	-265.270598	17.848	-47.963	0.0336
5	0	tracking	-850.612875	68.799418	-257.000983	-139.104	-4.000	0.3105
5	1	tracking	-849.973193	68.723999	-257.588813	-164.104	-0.670	0.2507
5	2	tracking	-849.417440	68.654849	-258.201206	170.896	-8.670	0.2244
5	3	tracking	-848.958572	68.600863	-258.819376	153.407	-16.670	0.2165
5	4	tracking	-848.551694	68.565254	-259.441115	178.407	-24.670	0.2105
5	5	tracking	-848.163789	68.549013	-260.053709	-156.593	-32.670	0.2068
5	6	tracking	-847.797518	68.551279	-260.653843	-159.186	-40.670	0.2044
5	7	tracking	-847.432770	68.569224	-261.225888	-134.186	-46.375	0.1937
5	8	tracking	-847.081984	68.599453	-261.780941	-150.375	-42.740	0.1796
5	9	tracking	-846.743618	68.637932	-262.320892	-150.375	-34.740	0.1747
5	10	tracking	-846.416001	68.680101	-262.847943	-150.375	-26.740	0.1727
5	11	tracking	-846.097238	68.720768	-263.364775	-150.375	-18.740	0.1668
5	12	tracking	-845.772142	68.763391	-263.854437	-125.375	-26.740	0.1587
5	13	tracking	-845.436987	68.808480	-264.299055	-100.375	-34.740	0.1659
5	14	tracking	-845.097941	68.853520	-264.684662	-75.375	-42.740	0.1455
5	15	tracking	-844.767311	68.893108	-265.004606	-50.375	-50.740	0.1429
5	16	tracking	-844.445386	68.924815	-265.268126	-51.747	-42.740	0.1416
5	17	tracking	-844.143607	68.947447	-265.473270	-26.747	-34.740	0.1281
5	18	tracking	-843.860792	68.959461	-265.628415	-26.747	-26.740	0.1265
5	19	tracking	-843.596048	68.959659	-265.741337	-26.747	-25.689	0.1322
5	20	tracking	-843.359325	68.948049	-265.814536	-1.747	-17.689	0.1349
5	21	tracking	-843.158640	68.923808	-265.855935	23.253	-9.689	0.1125
5	22	tracking	-842.994102	68.887244	-265.874474	37.878	-7.940	0.1107
5	23	tracking	-842.860159	68.839106	-265.874716	37.878	-7.940	0.1053
5	24	tracking	-842.756780	68.779094	-265.866755	62.878	-15.940	0.1146
5	25	tracking	-842.678983	68.703637	-265.853835	67.848	-23.940	0.1052
5	26	tracking	-842.622191	68.606788	-265.837223	67.848	-31.940	0.0962
5	27	tracking	-842.582629	68.480963	-265.817928	67.848	-39.940	0.0908
5	28	tracking	-842.554549	68.318547	-265.793007	42.848	-47.168	0.1600
5	29	tracking	-842.533077	68.121335	-265.759783	17.848	-47.168	0.1414
5	30	tracking	-842.512307	67.891784	-265.717127	-7.152	-47.168	0.0845
5	31	tracking	-842.485786	67.632731	-265.666367	-32.152	-47.168	0.0738
5	32	tracking	-842.460502	67.335752	-265.607962	-7.152	-55.168	0.0773
5	33	tracking	-842.442393	67.002348	-265.542199	17.848	-55.963	0.2090
5	34	landing	-842.432507	66.646914	-265.464196	17.848	-47.963	0.0571
5	35	landing	-842.430449	66.271831	-265.373732	17.848	-47.963	0.0533
5	36	landing	-842.435869	65.879459	-265.270598	17.848	-47.963	0.0466
6	0	tracking	-850.712875	68.899418	-257.000983	-139.104	-4.000	0.2848
6	1	tracking	-850.073193	68.823999	-257.588813	-164.104	-0.670	0.2256
6	2	tracking	-849.517440	68.754849	-258.201206	170.896	-8.670	0.2379
6	3	tracking	-849.058572	68.700863	-258.819376	153.407	-16.670	0.1983
6	4	tracking	-848.651694	68.665254	-259.441115	178.407	-24.670	0.2062
6	5	tracking	-848.263789	68.649013	-260.053709	-156.593	-32.670	0.1886
6	6	tracking	-847.897518	68.651279	-260.653843	-159.186	-40.670	0.1797
6	7	tracking	-847.532770	68.669224	-261.225888	-134.186	-46.375	0.1695
6	8	tracking	-847.181984	68.699453	-261.780941	-150.375	-42.740	0.1633
6	9	tracking	-846.843618	68.737932	-262.320892	-150.375	-34.740	0.1646
6	10	tracking	-846.516001	68.780101	-262.847943	-150.375	-26.740	0.1543
6	11	tracking	-846.197238	68.820768	-263.364775	-150.375	-18.740	0.1475
6	12	tracking	-845.872142	68.863391	-263.854437	-125.375	-26.740	0.1432
6	13	tracking	-845.536987	68.908480	-264.299055	-100.375	-34.740	0.1337
6	14	tracking	-845.197941	68.953520	-264.684662	-75.375	-42.740	0.1297
6	15	tracking	-844.867311	68.993108	-265.004606	-50.375	-50.740	0.1303
6	16	tracking	-844.545386	69.024815	-265.268126	-51.747	-42.740	0.1435
6	17	tracking	-844.243607	69.047447	-265.473270	-26.747	-34.740	0.1590
6	18	tracking	-843.960792	69.059461	-265.628415	-26.747	-26.740	2.1048
6	19	tracking	-843.696048	69.059659	-265.741337	-26.747	-25.689	0.1310
6	20	tracking	-843.459325	69.048049	-265.814536	-1.747	-17.689	0.1092
6	21	tracking	-843.258640	69.023808	-265.855935	23.253	-9.689	0.1020
6	22	tracking	-843.094102	68.987244	-265.874474	37.878	-7.940	0.1046
6	23	tracking	-842.960159	68.939106	-265.874716	37.878	-7.940	0.1096
6	24	tracking	-842.856780	68.879094	-265.866755	62.878	-15.940	0.1833
6	25	tracking	-842.778983	68.803637	-265.853835	67.848	-23.940	0.1035
6	26	tracking	-842.722191	68.706788	-265.837223	67.848	-31.940	0.0945
6	27	tracking	-842.682629	68.580963	-265.817928	67.848	-39.940	0.0881
6	28	tracking	-842.654549	68.418547	-265.793007	42.848	-47.168	0.0774
6	29	tracking	-842.633077	68.221335	-265.759783	17.848	-47.168	0.0832
6	30	tracking	-842.612307	67.991784	-265.717127	-7.152	-47.168	0.0657
6	31	tracking	-842.585786	67.732731	-265.666367	-32.152	-47.168	0.0652
6	32	tracking	-842.560502	67.435752	-265.607962	-7.152	-55.168	0.0613
6	33	tracking	-842.542393	67.102348	-265.542199	17.848	-55.963	0.0695
6	34	landing	-842.532507	66.746914	-265.464196	17.848	-47.963	0.0385
6	35	landing	-842.530449	66.371831	-265.373732	17.848	-47.963	0.0335
6	36	landing	-842.535869	65.979459	-265.270598	17.848	-47.963	0.0309
7	0	tracking	-850.612875	68.899418	-257.000983	-139.104	-4.000	0.3038
7	1	tracking	-849.973193	68.823999	-257.588813	-164.104	-0.670	0.2603
7	2	tracking	-849.417440	68.754849	-258.201206	170.896	-8.670	0.2354
7	3	tracking	-848.958572	68.700863	-258.819376	153.407	-16.670	0.2275
7	4	tracking	-848.551694	68.665254	-259.441115	178.407	-24.670	0.2178
7	5	tracking	-848.163789	68.649013	-260.053709	-156.593	-32.670	0.3465
7	6	tracking	-847.797518	68.651279	-260.653843	-159.186	-40.670	0.2367
7	7	tracking	-847.432770	68.669224	-261.225888	-134.186	-46.375	0.1966
7	8	tracking	-847.081984	68.699453	-261.780941	-150.375	-42.740	0.1852
7	9	tracking	-846.743618	68.737932	-262.320892	-150.375	-34.740	0.2065
7	10	tracking	-846.416001	68.780101	-262.847943	-150.375	-26.740	0.1858
7	11	tracking	-846.097238	68.820768	-263.364775	-150.375	-18.740	0.1620
7	12	tracking	-845.772142	68.863391	-263.854437	-125.375	-26.740	0.1597
7	13	tracking	-845.436987	68.908480	-264.299055	-100.375	-34.740	0.1512
7	14	tracking	-845.097941	68.953520	-264.684662	-75.375	-42.740	0.1565
7	15	tracking	-844.767311	68.993108	-265.004606	-50.375	-50.740	0.1481
7	16	tracking	-844.445386	69.024815	-265.268126	-51.747	-42.740	0.1354
7	17	tracking	-844.143607	69.047447	-265.473270	-26.747	-34.740	0.1303
7	18	tracking	-843.860792	69.059461	-265.628415	-26.747	-26.740	0.1308
7	19	tracking	-843.596048	69.059659	-265.741337	-26.747	-25.689	0.1228
7	20	tracking	-843.359325	69.048049	-265.814536	-1.747	-17.689	0.1645
7	21	tracking	-843.158640	69.023808	-265.855935	23.253	-9.689	0.2100
7	22	tracking	-842.994102	68.987244	-265.874474	37.878	-7.940	0.2147
7	23	tracking	-842.860159	68.939106	-265.874716	37.878	-7.940	0.1875
7	24	tracking	-842.756780	68.879094	-265.866755	62.878	-15.940	0.1761
7	25	tracking	-842.678983	68.803637	-265.853835	67.848	-23.940	0.1101
7	26	tracking	-842.622191	68.706788	-265.837223	67.848	-31.940	0.1000
7	27	tracking	-842.582629	68.580963	-265.817928	67.848	-39.940	0.0944
7	28	tracking	-842.554549	68.418547	-265.793007	42.848	-47.168	0.0871
7	29	tracking	-842.533077	68.221335	-265.759783	17.848	-47.168	0.0760
7	30	tracking	-842.512307	67.991784	-265.717127	-7.152	-47.168	0.0688
7	31	tracking	-842.485786	67.732731	-265.666367	-32.152	-47.168	0.0682
7	32	tracking	-842.460502	67.435752	-265.607962	-7.152	-55.168	0.0660
7	33	tracking	-842.442393	67.102348	-265.542199	17.848	-55.963	0.0624
7	34	landing	-842.432507	66.746914	-265.464196	17.848	-47.963	0.0503
7	35	landing	-842.430449	66.371831	-265.373732	17.848	-47.963	0.0465
7	36	landing	-842.435869	65.979459	-265.270598	17.848	-47.963	0.0466
8	0	tracking	-850.675217	68.799697	-257.103313	-139.104	-4.000	0.3079
8	1	tracking	-850.001151	68.724570	-257.696135	-164.104	-0.670	0.3329
8	2	tracking	-849.415186	68.656225	-258.315623	170.896	-8.670	0.2332
8	3	tracking	-848.930394	68.603882	-258.942099	153.407	-16.670	0.2635
8	4	tracking	-848.500465	68.570916	-259.572992	178.407	-24.670	0.2540
8	5	tracking	-848.091441	68.558465	-260.195083	-156.593	-32.670	0.2063
8	6	tracking	-847.705899	68.565819	-260.804874	-159.186	-40.670	0.1982
8	7	tracking	-847.323171	68.590181	-261.386310	-134.186	-46.375	0.1927
8	8	tracking	-846.955865	68.627863	-261.950611	-150.375	-42.740	0.1848
8	9	tracking	-846.602351	68.674347	-262.499554	-150.375	-34.740	0.1756
8	10	tracking	-846.260593	68.725248	-263.035751	-150.375	-26.740	0.3803
8	11	tracking	-845.928568	68.775088	-263.561893	-150.375	-18.740	0.3379
8	12	tracking	-845.590648	68.827541	-264.060568	-125.375	-26.740	0.3291
8	13	tracking	-845.242934	68.883311	-264.513424	-100.375	-34.740	0.3383
8	14	tracking	-844.891791	68.939889	-264.906134	-75.375	-42.740	0.3446
8	15	tracking	-844.549949	68.991650	-265.232048	-50.375	-50.740	0.1798
8	16	tracking	-844.217620	69.035902	-265.500561	-51.747	-42.740	0.1509
8	17	tracking	-843.906384	69.071115	-265.709783	-26.747	-34.740	0.1402
8	18	tracking	-843.615071	69.095287	-265.868415	-26.747	-26.740	0.1310
8	19	tracking	-843.342806	69.106928	-265.984549	-26.747	-25.689	0.1241
8	20	tracking	-843.099388	69.105826	-266.060814	-1.747	-17.689	0.1237
8	21	tracking	-842.892648	69.091037	-266.105157	23.253	-9.689	0.1094
8	22	tracking	-842.722585	69.062940	-266.126486	37.878	-7.940	0.1133
8	23	tracking	-842.583600	69.022387	-266.129366	37.878	-7.940	0.1024
8	24	tracking	-842.475575	68.969295	-266.123834	62.878	-15.940	0.0982
8	25	tracking	-842.393513	68.900282	-266.113128	67.848	-23.940	0.1014
8	26	tracking	-842.332827	68.809551	-266.098529	67.848	-31.940	0.1226
8	27	tracking	-842.289727	68.689631	-266.081054	67.848	-39.940	0.0907
8	28	tracking	-842.258452	68.532964	-266.057801	42.848	-47.168	0.0854
8	29	tracking	-842.234094	68.341256	-266.026189	17.848	-47.168	0.0864
8	30	tracking	-842.210778	68.116883	-265.985168	-7.152	-47.168	0.0806
8	31	tracking	-842.182110	67.862644	-265.936063	-32.152	-47.168	0.0749
8	32	tracking	-842.154935	67.570189	-265.879299	-7.152	-55.168	0.0694
8	33	tracking	-842.135088	67.241004	-265.815165	17.848	-55.963	0.0639
8	34	landing	-842.123578	66.889420	-265.738849	17.848	-47.963	0.0613
8	35	landing	-842.119992	66.517806	-265.650133	17.848	-47.963	0.0528
8	36	landing	-842.123972	66.128522	-265.548807	17.848	-47.963	0.0489
8	37	landing	-842.135189	65.723875	-265.434702	17.848	-47.963	0.0531
9	0	tracking	-850.575217	68.799697	-257.103313	-139.104	-4.000	0.2879
9	1	tracking	-849.901151	68.724570	-257.696135	-164.104	-0.670	0.2494
9	2	tracking	-849.315186	68.656225	-258.315623	170.896	-8.670	0.2330
9	3	tracking	-848.830394	68.603882	-258.942099	153.407	-16.670	0.2216
9	4	tracking	-848.400465	68.570916	-259.572992	178.407	-24.670	0.2245
9	5	tracking	-847.991441	68.558465	-260.195083	-156.593	-32.670	0.2245
9	6	tracking	-847.605899	68.565819	-260.804874	-159.186	-40.670	0.2207
9	7	tracking	-847.223171	68.590181	-261.386310	-134.186	-46.375	0.1902
9	8	tracking	-846.855865	68.627863	-261.950611	-150.375	-42.740	0.1737
9	9	tracking	-846.502351	68.674347	-262.499554	-150.375	-34.740	0.1730
9	10	tracking	-846.160593	68.725248	-263.035751	-150.375	-26.740	0.1680
9	11	tracking	-845.828568	68.775088	-263.561893	-150.375	-18.740	0.1634
9	12	tracking	-845.490648	68.827541	-264.060568	-125.375	-26.740	0.1564
9	13	tracking	-845.142934	68.883311	-264.513424	-100.375	-34.740	0.1506
9	14	tracking	-844.791791	68.939889	-264.906134	-75.375	-42.740	0.2373
9	15	tracking	-844.449949	68.991650	-265.232048	-50.375	-50.740	0.1824
9	16	tracking	-844.117620	69.035902	-265.500561	-51.747	-42.740	0.1532
9	17	tracking	-843.806384	69.071115	-265.709783	-26.747	-34.740	0.2069
9	18	tracking	-843.515071	69.095287	-265.868415	-26.747	-26.740	0.1305
9	19	tracking	-843.242806	69.106928	-265.984549	-26.747	-25.689	0.1217
9	20	tracking	-842.999388	69.105826	-266.060814	-1.747	-17.689	0.1563
9	21	tracking	-842.792648	69.091037	-266.105157	23.253	-9.689	0.1581
9	22	tracking	-842.622585	69.062940	-266.126486	37.878	-7.940	0.1064
9	23	tracking	-842.483600	69.022387	-266.129366	37.878	-7.940	0.1099
9	24	tracking	-842.375575	68.969295	-266.123834	62.878	-15.940	0.0940
9	25	tracking	-842.293513	68.900282	-266.113128	67.848	-23.940	0.0908
9	26	tracking	-842.232827	68.809551	-266.098529	67.848	-31.940	0.1325
9	27	tracking	-842.189727	68.689631	-266.081054	67.848	-39.940	0.0877
9	28	tracking	-842.158452	68.532964	-266.057801	42.848	-47.168	0.0801
9	29	tracking	-842.134094	68.341256	-266.026189	17.848	-47.168	0.0741
9	30	tracking	-842.110778	68.116883	-265.985168	-7.152	-47.168	0.0705
9	31	tracking	-842.082110	67.862644	-265.936063	-32.152	-47.168	0.0648
9	32	tracking	-842.054935	67.570189	-265.879299	-7.152	-55.168	0.0656
9	33	tracking	-842.035088	67.241004	-265.815165	17.848	-55.963	0.0563
9	34	landing	-842.023578	66.889420	-265.738849	17.848	-47.963	0.0633
9	35	landing	-842.019992	66.517806	-265.650133	17.848	-47.963	0.0468
9	36	landing	-842.023972	66.128522	-265.548807	17.848	-47.963	0.0440
9	37	landing	-842.035189	65.723875	-265.434702	17.848	-47.963	0.0370
10	0	tracking	-850.675217	68.899697	-257.103313	-139.104	-4.000	0.3093
10	1	tracking	-850.001151	68.824570	-257.696135	-164.104	-0.670	0.3928
10	2	tracking	-849.415186	68.756225	-258.315623	170.896	-8.670	0.2368
10	3	tracking	-848.930394	68.703882	-258.942099	153.407	-16.670	0.2837
10	4	tracking	-848.500465	68.670916	-259.572992	178.407	-24.670	0.2151
10	5	tracking	-848.091441	68.658465	-260.195083	-156.593	-32.670	0.1996
10	6	tracking	-847.705899	68.665819	-260.804874	-159.186	-40.670	0.1977
10	7	tracking	-847.323171	68.690181	-261.386310	-134.186	-46.375	0.1922
10	8	tracking	-846.955865	68.727863	-261.950611	-150.375	-42.740	0.1787
10	9	tracking	-846.602351	68.774347	-262.499554	-150.375	-34.740	0.2048
10	10	tracking	-846.260593	68.825248	-263.035751	-150.375	-26.740	0.1883
10	11	tracking	-845.928568	68.875088	-263.561893	-150.375	-18.740	0.1713
10	12	tracking	-845.590648	68.927541	-264.060568	-125.375	-26.740	0.1540
10	13	tracking	-845.242934	68.983311	-264.513424	-100.375	-34.740	0.1505
10	14	tracking	-844.891791	69.039889	-264.906134	-75.375	-42.740	0.1475
10	15	tracking	-844.549949	69.091650	-265.232048	-50.375	-50.740	0.1393
10	16	tracking	-844.217620	69.135902	-265.500561	-51.747	-42.740	0.1347
10	17	tracking	-843.906384	69.171115	-265.709783	-26.747	-34.740	0.1256
10	18	tracking	-843.615071	69.195287	-265.868415	-26.747	-26.740	0.1227
10	19	tracking	-843.342806	69.206928	-265.984549	-26.747	-25.689	0.1730
10	20	tracking	-843.099388	69.205826	-266.060814	-1.747	-17.689	0.1185
10	21	tracking	-842.892648	69.191037	-266.105157	23.253	-9.689	0.1203
10	22	tracking	-842.722585	69.162940	-266.126486	37.878	-7.940	0.1051
10	23	tracking	-842.583600	69.122387	-266.129366	37.878	-7.940	0.1032
10	24	tracking	-842.475575	69.069295	-266.123834	62.878	-15.940	0.0940
10	25	tracking	-842.393513	69.000282	-266.113128	67.848	-23.940	0.0880
10	26	tracking	-842.332827	68.909551	-266.098529	67.848	-31.940	0.0892
10	27	tracking	-842.289727	68.789631	-266.081054	67.848	-39.940	0.1367
10	28	tracking	-842.258452	68.632964	-266.057801	42.848	-47.168	0.0785
10	29	tracking	-842.234094	68.441256	-266.026189	17.848	-47.168	0.0754
10	30	tracking	-842.210778	68.216883	-265.985168	-7.152	-47.168	0.0690
10	31	tracking	-842.182110	67.962644	-265.936063	-32.152	-47.168	0.0666
10	32	tracking	-842.154935	67.670189	-265.879299	-7.152	-55.168	0.0601
10	33	tracking	-842.135088	67.341004	-265.815165	17.848	-55.963	0.0570
10	34	landing	-842.123578	66.989420	-265.738849	17.848	-47.963	0.1354
10	35	landing	-842.119992	66.617806	-265.650133	17.848	-47.963	0.0965
10	36	landing	-842.123972	66.228522	-265.548807	17.848	-47.963	0.0461
10	37	landing	-842.135189	65.823875	-265.434702	17.848	-47.963	0.0444
11	0	corrected	-850.575217	68.899697	-257.103313	-139.104	-4.000	0.8887
11	1	tracking	-849.901151	68.824570	-257.696135	-164.104	-0.670	0.2659
11	2	tracking	-849.315186	68.756225	-258.315623	170.896	-8.670	0.2294
11	3	tracking	-848.831366	68.703882	-258.941604	152.657	-16.670	0.2184
11	4	tracking	-848.403252	68.670865	-259.571941	177.657	-24.670	0.2576
11	5	tracking	-847.996675	68.658266	-260.193765	-157.343	-32.670	0.7007
11	6	tracking	-847.613838	68.665356	-260.803396	-159.686	-40.670	0.3192
11	7	tracking	-847.233928	68.689328	-261.384957	-134.686	-46.375	0.2890
11	8	tracking	-846.869446	68.726527	-261.949443	-150.708	-42.740	0.2794
11	9	tracking	-846.518689	68.772469	-262.498597	-150.625	-34.740	0.2654
11	10	tracking	-846.179578	68.822767	-263.034964	-150.542	-26.740	0.2955
11	11	tracking	-845.850037	68.871963	-263.561201	-150.458	-18.740	0.2692
11	12	tracking	-845.514457	68.923716	-264.059962	-125.458	-26.740	0.2445
11	13	tracking	-845.168937	68.978711	-264.512944	-100.458	-34.740	0.2345
11	14	tracking	-844.819822	69.034424	-264.905850	-75.458	-42.740	0.2567
11	15	tracking	-844.479812	69.085231	-265.232030	-50.458	-50.740	0.2270
11	16	tracking	-844.149182	69.128451	-265.500832	-51.747	-42.740	0.2186
11	17	tracking	-843.839500	69.162571	-265.710391	-26.747	-34.740	0.2078
11	18	tracking	-843.549612	69.185610	-265.869406	-26.747	-26.740	0.2229
11	19	tracking	-843.278621	69.196173	-265.985887	-26.747	-25.689	0.2092
11	20	tracking	-843.036338	69.194071	-266.062466	-1.747	-17.689	0.1970
11	21	tracking	-842.830607	69.178377	-266.107092	23.253	-9.689	0.1901
11	22	tracking	-842.661438	69.149463	-266.128681	37.878	-7.940	0.1814
11	23	tracking	-842.523244	69.108173	-266.131799	37.878	-7.940	0.1619
11	24	tracking	-842.415916	69.054399	-266.126484	62.878	-15.940	0.1519
11	25	tracking	-842.334466	68.984737	-266.115975	67.848	-23.940	0.1435
11	26	tracking	-842.274317	68.893374	-266.101554	67.848	-31.940	0.1355
11	27	tracking	-842.231687	68.772826	-266.084242	67.848	-39.940	0.1284
11	28	tracking	-842.200823	68.615526	-266.061141	42.848	-47.168	0.1350
11	29	tracking	-842.176830	68.423189	-266.029669	17.848	-47.168	0.2259
11	30	tracking	-842.153839	68.198195	-265.988772	-7.152	-47.168	0.1247
11	31	tracking	-842.125458	67.943353	-265.939771	-32.152	-47.168	0.1051
11	32	tracking	-842.098538	67.650301	-265.883100	-7.152	-55.168	0.0962
11	33	tracking	-842.078919	67.320530	-265.819044	17.848	-55.963	0.0857
11	34	landing	-842.067616	66.968384	-265.742786	17.848	-47.963	0.0813
11	35	landing	-842.064220	66.596234	-265.654107	17.848	-47.963	0.0790
11	36	landing	-842.068375	66.206446	-265.552796	17.848	-47.963	0.0742
11	37	landing	-842.079753	65.801326	-265.438686	17.848	-47.963	0.0565
12	0	tracking	-850.675217	68.799697	-257.003313	-139.104	-4.000	0.5664
12	1	tracking	-850.001151	68.724570	-257.596135	-164.104	-0.670	0.3969
12	2	tracking	-849.415186	68.656225	-258.215623	170.896	-8.670	0.3661
12	3	tracking	-848.930394	68.603882	-258.842099	153.407	-16.670	0.3415
12	4	tracking	-848.500465	68.570916	-259.472992	178.407	-24.670	0.3763
12	5	tracking	-848.091441	68.558465	-260.095083	-156.593	-32.670	0.3364
12	6	tracking	-847.705899	68.565819	-260.704874	-159.186	-40.670	0.3487
12	7	tracking	-847.323171	68.590181	-261.286310	-134.186	-46.375	0.3284
12	8	tracking	-846.955865	68.627863	-261.850611	-150.375	-42.740	0.3331
12	9	tracking	-846.602351	68.674347	-262.399554	-150.375	-34.740	0.3237
12	10	tracking	-846.260593	68.725248	-262.935751	-150.375	-26.740	0.2910
12	11	tracking	-845.928568	68.775088	-263.461893	-150.375	-18.740	0.2693
12	12	tracking	-845.590648	68.827541	-263.960568	-125.375	-26.740	0.2733
12	13	tracking	-845.242934	68.883311	-264.413424	-100.375	-34.740	0.2605
12	14	tracking	-844.891791	68.939889	-264.806134	-75.375	-42.740	0.2359
12	15	tracking	-844.549949	68.991650	-265.132048	-50.375	-50.740	0.2288
12	16	tracking	-844.217620	69.035902	-265.400561	-51.747	-42.740	0.2199
12	17	tracking	-843.906384	69.071115	-265.609783	-26.747	-34.740	0.2252
12	18	tracking	-843.615071	69.095287	-265.768415	-26.747	-26.740	0.2013
12	19	tracking	-843.342806	69.106928	-265.884549	-26.747	-25.689	0.2054
12	20	tracking	-843.099388	69.105826	-265.960814	-1.747	-17.689	0.1803
12	21	tracking	-842.892648	69.091037	-266.005157	23.253	-9.689	0.1696
12	22	tracking	-842.722585	69.062940	-266.026486	37.878	-7.940	0.1624
12	23	tracking	-842.583600	69.022387	-266.029366	37.878	-7.940	0.1515
12	24	tracking	-842.475575	68.969295	-266.023834	62.878	-15.940	0.1506
12	25	tracking	-842.393513	68.900282	-266.013128	67.848	-23.940	0.1397
12	26	tracking	-842.332827	68.809551	-265.998529	67.848	-31.940	0.1585
12	27	tracking	-842.289727	68.689631	-265.981054	67.848	-39.940	0.1443
12	28	tracking	-842.258452	68.532964	-265.957801	42.848	-47.168	0.1208
12	29	tracking	-842.234094	68.341256	-265.926189	17.848	-47.168	0.1163
12	30	tracking	-842.210778	68.116883	-265.885168	-7.152	-47.168	0.1057
12	31	tracking	-842.182110	67.862644	-265.836063	-32.152	-47.168	0.1002
12	32	tracking	-842.154935	67.570189	-265.779299	-7.152	-55.168	0.0931
12	33	tracking	-842.135088	67.241004	-265.715165	17.848	-55.963	0.0864
12	34	landing	-842.123578	66.889420	-265.638849	17.848	-47.963	0.0794
12	35	landing	-842.119992	66.517806	-265.550133	17.848	-47.963	0.0694
12	36	landing	-842.123972	66.128522	-265.448807	17.848	-47.963	0.0840
12	37	landing	-842.135189	65.723875	-265.334702	17.848	-47.963	0.0528
13	0	tracking	-850.575217	68.799697	-257.003313	-139.104	-4.000	0.4588
13	1	tracking	-849.901151	68.724570	-257.596135	-164.104	-0.670	0.3756
13	2	tracking	-849.315186	68.656225	-258.215623	170.896	-8.670	0.3409
13	3	tracking	-848.830394	68.603882	-258.842099	153.407	-16.670	0.3301
13	4	tracking	-848.400465	68.570916	-259.472992	178.407	-24.670	0.3682
13	5	tracking	-847.991441	68.558465	-260.095083	-156.593	-32.670	0.7408
13	6	tracking	-847.605899	68.565819	-260.704874	-159.186	-40.670	0.6185
13	7	tracking	-847.223171	68.590181	-261.286310	-134.186	-46.375	0.5008
13	8	tracking	-846.855865	68.627863	-261.850611	-150.375	-42.740	0.5321
13	9	tracking	-846.502351	68.674347	-262.399554	-150.375	-34.740	0.5437
13	10	tracking	-846.160593	68.725248	-262.935751	-150.375	-26.740	0.5410
13	11	tracking	-845.828568	68.775088	-263.461893	-150.375	-18.740	0.5277
13	12	tracking	-845.490648	68.827541	-263.960568	-125.375	-26.740	0.4852
13	13	tracking	-845.142934	68.883311	-264.413424	-100.375	-34.740	0.4658
13	14	tracking	-844.791791	68.939889	-264.806134	-75.375	-42.740	0.2944
13	15	tracking	-844.449949	68.991650	-265.132048	-50.375	-50.740	0.2424
13	16	tracking	-844.117620	69.035902	-265.400561	-51.747	-42.740	0.2344
13	17	tracking	-843.806384	69.071115	-265.609783	-26.747	-34.740	0.2232
13	18	tracking	-843.515071	69.095287	-265.768415	-26.747	-26.740	0.2232
13	19	tracking	-843.242806	69.106928	-265.884549	-26.747	-25.689	0.3246
13	20	tracking	-842.999388	69.105826	-265.960814	-1.747	-17.689	0.2228
13	21	tracking	-842.792648	69.091037	-266.005157	23.253	-9.689	0.1946
13	22	tracking	-842.622585	69.062940	-266.026486	37.878	-7.940	0.1834
13	23	tracking	-842.483600	69.022387	-266.029366	37.878	-7.940	0.1704
13	24	tracking	-842.375575	68.969295	-266.023834	62.878	-15.940	0.1602
13	25	tracking	-842.293513	68.900282	-266.013128	67.848	-23.940	0.1586
13	26	tracking	-842.232827	68.809551	-265.998529	67.848	-31.940	0.1455
13	27	tracking	-842.189727	68.689631	-265.981054	67.848	-39.940	0.1363
13	28	tracking	-842.158452	68.532964	-265.957801	42.848	-47.168	0.1548
13	29	tracking	-842.134094	68.341256	-265.926189	17.848	-47.168	0.1248
13	30	tracking	-842.110778	68.116883	-265.885168	-7.152	-47.168	0.1203
13	31	tracking	-842.082110	67.862644	-265.836063	-32.152	-47.168	0.1080
13	32	tracking	-842.054935	67.570189	-265.779299	-7.152	-55.168	0.1316
13	33	tracking	-842.035088	67.241004	-265.715165	17.848	-55.963	0.0948
13	34	landing	-842.023578	66.889420	-265.638849	17.848	-47.963	0.1102
13	35	landing	-842.019992	66.517806	-265.550133	17.848	-47.963	0.0838
13	36	landing	-842.023972	66.128522	-265.448807	17.848	-47.963	0.0838
13	37	landing	-842.035189	65.723875	-265.334702	17.848	-47.963	0.0565
14	0	tracking	-850.675217	68.899697	-257.003313	-139.104	-4.000	0.5463
14	1	tracking	-850.001151	68.824570	-257.596135	-164.104	-0.670	0.4234
14	2	tracking	-849.415186	68.756225	-258.215623	170.896	-8.670	0.3976
14	3	tracking	-848.930394	68.703882	-258.842099	153.407	-16.670	0.3811
14	4	tracking	-848.500465	68.670916	-259.472992	178.407	-24.670	0.3622
14	5	tracking	-848.091441	68.658465	-260.095083	-156.593	-32.670	0.3601
14	6	tracking	-847.705899	68.665819	-260.704874	-159.186	-40.670	0.3401
14	7	tracking	-847.323171	68.690181	-261.286310	-134.186	-46.375	0.3581
14	8	tracking	-846.955865	68.727863	-261.850611	-150.375	-42.740	0.3138
14	9	tracking	-846.602351	68.774347	-262.399554	-150.375	-34.740	0.3103
14	10	tracking	-846.260593	68.825248	-262.935751	-150.375	-26.740	0.3005
14	11	tracking	-845.928568	68.875088	-263.461893	-150.375	-18.740	0.2937
14	12	tracking	-845.590648	68.927541	-263.960568	-125.375	-26.740	0.2748
14	13	tracking	-845.242934	68.983311	-264.413424	-100.375	-34.740	0.2746
14	14	tracking	-844.891791	69.039889	-264.806134	-75.375	-42.740	0.2709
14	15	tracking	-844.549949	69.091650	-265.132048	-50.375	-50.740	0.2498
14	16	tracking	-844.217620	69.135902	-265.400561	-51.747	-42.740	0.2364
14	17	tracking	-843.906384	69.171115	-265.609783	-26.747	-34.740	0.2332
14	18	tracking	-843.615071	69.195287	-265.768415	-26.747	-26.740	0.2168
14	19	tracking	-843.342806	69.206928	-265.884549	-26.747	-25.689	0.2180
14	20	tracking	-843.099388	69.205826	-265.960814	-1.747	-17.689	0.1996
14	21	tracking	-842.892648	69.191037	-266.005157	23.253	-9.689	0.1889
14	22	tracking	-842.722585	69.162940	-266.026486	37.878	-7.940	0.1832
14	23	tracking	-842.583600	69.122387	-266.029366	37.878	-7.940	0.1745
14	24	tracking	-842.475575	69.069295	-266.023834	62.878	-15.940	0.1580
14	25	tracking	-842.393513	69.000282	-266.013128	67.848	-23.940	0.1519
14	26	tracking	-842.332827	68.909551	-265.998529	67.848	-31.940	0.1414
14	27	tracking	-842.289727	68.789631	-265.981054	67.848	-39.940	0.1388
14	28	tracking	-842.258452	68.632964	-265.957801	42.848	-47.168	0.1392
14	29	tracking	-842.234094	68.441256	-265.926189	17.848	-47.168	0.1272
14	30	tracking	-842.210778	68.216883	-265.885168	-7.152	-47.168	0.1439
14	31	tracking	-842.182110	67.962644	-265.836063	-32.152	-47.168	0.1062
14	32	tracking	-842.154935	67.670189	-265.779299	-7.152	-55.168	0.0985
14	33	tracking	-842.135088	67.341004	-265.715165	17.848	-55.963	0.0934
14	34	landing	-842.123578	66.989420	-265.638849	17.848	-47.963	0.0809
14	35	landing	-842.119992	66.617806	-265.550133	17.848	-47.963	0.0711
14	36	landing	-842.123972	66.228522	-265.448807	17.848	-47.963	0.0652
14	37	landing	-842.135189	65.823875	-265.334702	17.848	-47.963	0.0547
15	0	tracking	-850.575217	68.899697	-257.003313	-139.104	-4.000	0.5225
15	1	tracking	-849.901151	68.824570	-257.596135	-164.104	-0.670	0.5415
15	2	tracking	-849.315186	68.756225	-258.215623	170.896	-8.670	0.3952
15	3	tracking	-848.830394	68.703882	-258.842099	153.407	-16.670	0.3654
15	4	tracking	-848.400465	68.670916	-259.472992	178.407	-24.670	0.4122
15	5	tracking	-847.991441	68.658465	-260.095083	-156.593	-32.670	0.3596
15	6	tracking	-847.605899	68.665819	-260.704874	-159.186	-40.670	0.3552
15	7	tracking	-847.223171	68.690181	-261.286310	-134.186	-46.375	0.3326
15	8	tracking	-846.855865	68.727863	-261.850611	-150.375	-42.740	0.3119
15	9	tracking	-846.502351	68.774347	-262.399554	-150.375	-34.740	0.2973
15	10	tracking	-846.160593	68.825248	-262.935751	-150.375	-26.740	0.3044
15	11	tracking	-845.828568	68.875088	-263.461893	-150.375	-18.740	0.2890
15	12	tracking	-845.490648	68.927541	-263.960568	-125.375	-26.740	0.2709
15	13	tracking	-845.142934	68.983311	-264.413424	-100.375	-34.740	0.2837
15	14	tracking	-844.791791	69.039889	-264.806134	-75.375	-42.740	0.2624
15	15	tracking	-844.449949	69.091650	-265.132048	-50.375	-50.740	0.2675
15	16	tracking	-844.117620	69.135902	-265.400561	-51.747	-42.740	0.2406
15	17	tracking	-843.806384	69.171115	-265.609783	-26.747	-34.740	0.2385
15	18	tracking	-843.515071	69.195287	-265.768415	-26.747	-26.740	0.2160
15	19	tracking	-843.242806	69.206928	-265.884549	-26.747	-25.689	0.2054
15	20	tracking	-842.999388	69.205826	-265.960814	-1.747	-17.689	0.1995
15	21	tracking	-842.792648	69.191037	-266.005157	23.253	-9.689	0.1966
15	22	tracking	-842.622585	69.162940	-266.026486	37.878	-7.940	0.1985
15	23	tracking	-842.483600	69.122387	-266.029366	37.878	-7.940	0.1778
15	24	tracking	-842.375575	69.069295	-266.023834	62.878	-15.940	0.1706
15	25	tracking	-842.293513	69.000282	-266.013128	67.848	-23.940	0.1618
15	26	tracking	-842.232827	68.909551	-265.998529	67.848	-31.940	0.1551
15	27	tracking	-842.189727	68.789631	-265.981054	67.848	-39.940	0.1617
15	28	tracking	-842.158452	68.632964	-265.957801	42.848	-47.168	0.1404
15	29	tracking	-842.134094	68.441256	-265.926189	17.848	-47.168	0.2868
15	30	tracking	-842.110778	68.216883	-265.885168	-7.152	-47.168	0.2454
15	31	tracking	-842.082110	67.962644	-265.836063	-32.152	-47.168	0.2378
15	32	tracking	-842.054935	67.670189	-265.779299	-7.152	-55.168	0.1119
15	33	tracking	-842.035088	67.341004	-265.715165	17.848	-55.963	0.0978
15	34	landing	-842.023578	66.989420	-265.638849	17.848	-47.963	0.0883
15	35	landing	-842.019992	66.617806	-265.550133	17.848	-47.963	0.0781
15	36	landing	-842.023972	66.228522	-265.448807	17.848	-47.963	0.0706
15	37	landing	-842.035189	65.823875	-265.334702	17.848	-47.963	0.0627
16	0	tracking	-850.715197	68.834717	-257.098302	-139.104	-4.000	0.4654
16	1	tracking	-850.078540	68.790427	-257.680388	-164.104	-0.670	0.4391
16	2	tracking	-849.524962	68.748687	-258.284421	170.896	-8.670	0.4103
16	3	tracking	-849.066725	68.718822	-258.892532	153.407	-16.670	0.4011
16	4	tracking	-848.660341	68.704459	-259.502826	178.407	-24.670	0.3768
16	5	tracking	-848.273719	68.706898	-260.103271	-156.593	-32.670	0.3782
16	6	tracking	-847.909226	68.725523	-260.690912	-159.186	-40.670	0.3546
16	7	tracking	-847.547168	68.757686	-261.250751	-134.186	-46.375	0.3433
16	8	tracking	-847.199550	68.800099	-261.793573	-150.375	-42.740	0.3376
16	9	tracking	-846.864749	68.849047	-262.321319	-150.375	-34.740	0.3331
16	10	tracking	-846.540810	68.900787	-262.836614	-150.375	-26.740	0.3361
16	11	tracking	-846.225840	68.950352	-263.342064	-150.375	-18.740	0.3449
16	12	tracking	-845.904913	69.001035	-263.821024	-125.375	-26.740	0.3042
16	13	tracking	-845.574341	69.053222	-264.255948	-100.375	-34.740	0.2819
16	14	tracking	-845.240256	69.104191	-264.633146	-75.375	-42.740	0.5825
16	15	tracking	-844.914737	69.148424	-264.946170	-50.375	-50.740	0.2755
16	16	tracking	-844.598040	69.183716	-265.204055	-51.747	-42.740	0.2614
16	17	tracking	-844.301285	69.209079	-265.404906	-26.747	-34.740	0.2440
16	18	tracking	-844.023280	69.223187	-265.556886	-26.747	-26.740	0.2182
16	19	tracking	-843.763105	69.224957	-265.667551	-26.747	-25.689	0.2058
16	20	tracking	-843.530470	69.214554	-265.739315	-1.747	-17.689	0.3755
16	21	tracking	-843.333228	69.191291	-265.779901	23.253	-9.689	0.1998
16	22	tracking	-843.171501	69.155529	-265.798046	37.878	-7.940	0.1833
16	23	tracking	-843.039855	69.108050	-265.798203	37.878	-7.940	0.1776
16	24	tracking	-842.938292	69.048546	-265.790284	62.878	-15.940	0.1857
16	25	tracking	-842.861937	68.973452	-265.777473	67.848	-23.940	0.1555
16	26	tracking	-842.806300	68.876838	-265.761012	67.848	-31.940	0.1491
16	27	tracking	-842.767676	68.751137	-265.741888	67.848	-39.940	0.1341
16	28	tracking	-842.740381	68.588754	-265.717172	42.848	-47.168	0.1336
16	29	tracking	-842.719593	68.391505	-265.684183	17.848	-47.168	0.1201
16	30	tracking	-842.699438	68.161867	-265.641775	-7.152	-47.168	0.1192
16	31	tracking	-842.673481	67.902688	-265.591263	-32.152	-47.168	0.1081
16	32	tracking	-842.648703	67.605541	-265.533110	-7.152	-55.168	0.1042
16	33	tracking	-842.631038	67.271931	-265.467593	17.848	-55.963	0.0899
16	34	landing	-842.621542	66.916273	-265.389828	17.848	-47.963	0.0858
16	35	landing	-842.619828	66.540952	-265.299586	17.848	-47.963	0.0990
16	36	landing	-842.625552	66.148337	-265.196658	17.848	-47.963	0.0742
16	37	landing	-842.638402	65.740728	-265.080882	17.848	-47.963	0.0567
17	0	tracking	-850.615197	68.834717	-257.098302	-139.104	-4.000	0.8022
17	1	tracking	-849.978540	68.790427	-257.680388	-164.104	-0.670	0.4074
17	2	tracking	-849.424962	68.748687	-258.284421	170.896	-8.670	0.3892
17	3	tracking	-848.966725	68.718822	-258.892532	153.407	-16.670	0.8956
17	4	tracking	-848.560341	68.704459	-259.502826	178.407	-24.670	0.3379
17	5	tracking	-848.173719	68.706898	-260.103271	-156.593	-32.670	0.3221
17	6	tracking	-847.809226	68.725523	-260.690912	-159.186	-40.670	0.3028
17	7	tracking	-847.447168	68.757686	-261.250751	-134.186	-46.375	0.2933
17	8	tracking	-847.099550	68.800099	-261.793573	-150.375	-42.740	0.2965
17	9	tracking	-846.764749	68.849047	-262.321319	-150.375	-34.740	0.2779
17	10	tracking	-846.440810	68.900787	-262.836614	-150.375	-26.740	0.2668
17	11	tracking	-846.125840	68.950352	-263.342064	-150.375	-18.740	0.2539
17	12	tracking	-845.804913	69.001035	-263.821024	-125.375	-26.740	0.2457
17	13	tracking	-845.474341	69.053222	-264.255948	-100.375	-34.740	0.2426
17	14	tracking	-845.140256	69.104191	-264.633146	-75.375	-42.740	0.2333
17	15	tracking	-844.814737	69.148424	-264.946170	-50.375	-50.740	0.2340
17	16	tracking	-844.498040	69.183716	-265.204055	-51.747	-42.740	0.2105
17	17	tracking	-844.201285	69.209079	-265.404906	-26.747	-34.740	0.1928
17	18	tracking	-843.923280	69.223187	-265.556886	-26.747	-26.740	0.1846
17	19	tracking	-843.663105	69.224957	-265.667551	-26.747	-25.689	0.1730
17	20	tracking	-843.430470	69.214554	-265.739315	-1.747	-17.689	0.1743
17	21	tracking	-843.233228	69.191291	-265.779901	23.253	-9.689	0.1622
17	22	tracking	-843.071501	69.155529	-265.798046	37.878	-7.940	0.1513
17	23	tracking	-842.939855	69.108050	-265.798203	37.878	-7.940	0.1442
17	24	tracking	-842.838292	69.048546	-265.790284	62.878	-15.940	0.1352
17	25	tracking	-842.761937	68.973452	-265.777473	67.848	-23.940	0.1256
17	26	tracking	-842.706300	68.876838	-265.761012	67.848	-31.940	0.1189
17	27	tracking	-842.667676	68.751137	-265.741888	67.848	-39.940	0.1121
17	28	tracking	-842.640381	68.588754	-265.717172	42.848	-47.168	0.1023
17	29	tracking	-842.619593	68.391505	-265.684183	17.848	-47.168	0.0944
17	30	tracking	-842.599438	68.161867	-265.641775	-7.152	-47.168	0.0865
17	31	tracking	-842.573481	67.902688	-265.591263	-32.152	-47.168	0.0812
17	32	tracking	-842.548703	67.605541	-265.533110	-7.152	-55.168	0.0876
17	33	tracking	-842.531038	67.271931	-265.467593	17.848	-55.963	0.0660
17	34	landing	-842.521542	66.916273	-265.389828	17.848	-47.963	0.0617
17	35	landing	-842.519828	66.540952	-265.299586	17.848	-47.963	0.0776
17	36	landing	-842.525552	66.148337	-265.196658	17.848	-47.963	0.0574
17	37	landing	-842.538402	65.740728	-265.080882	17.848	-47.963	0.0447
18	0	tracking	-850.715197	68.934717	-257.098302	-139.104	-4.000	0.4199
18	1	tracking	-850.078540	68.890427	-257.680388	-164.104	-0.670	0.4070
18	2	tracking	-849.524962	68.848687	-258.284421	170.896	-8.670	0.3471
18	3	tracking	-849.066725	68.818822	-258.892532	153.407	-16.670	0.3339
18	4	tracking	-848.660341	68.804459	-259.502826	178.407	-24.670	0.4096
18	5	tracking	-848.273719	68.806898	-260.103271	-156.593	-32.670	0.3298
18	6	tracking	-847.909226	68.825523	-260.690912	-159.186	-40.670	0.3430
18	7	tracking	-847.547168	68.857686	-261.250751	-134.186	-46.375	0.2435
18	8	tracking	-847.199550	68.900099	-261.793573	-150.375	-42.740	0.1217
18	9	tracking	-846.864749	68.949047	-262.321319	-150.375	-34.740	0.0818
18	10	tracking	-846.540810	69.000787	-262.836614	-150.375	-26.740	0.0787
18	11	tracking	-846.225840	69.050352	-263.342064	-150.375	-18.740	0.0802
18	12	tracking	-845.904913	69.101035	-263.821024	-125.375	-26.740	0.0868
18	13	tracking	-845.574341	69.153222	-264.255948	-100.375	-34.740	0.0724
18	14	tracking	-845.240256	69.204191	-264.633146	-75.375	-42.740	0.0647
18	15	tracking	-844.914737	69.248424	-264.946170	-50.375	-50.740	0.0626
18	16	tracking	-844.598040	69.283716	-265.204055	-51.747	-42.740	0.0582
18	17	tracking	-844.301285	69.309079	-265.404906	-26.747	-34.740	0.0573
18	18	tracking	-844.023280	69.323187	-265.556886	-26.747	-26.740	0.0605
18	19	tracking	-843.763105	69.324957	-265.667551	-26.747	-25.689	0.0528
18	20	tracking	-843.530470	69.314554	-265.739315	-1.747	-17.689	0.0524
18	21	tracking	-843.333228	69.291291	-265.779901	23.253	-9.689	0.0724
18	22	tracking	-843.171501	69.255529	-265.798046	37.878	-7.940	0.0527
18	23	tracking	-843.039855	69.208050	-265.798203	37.878	-7.940	0.0489
18	24	tracking	-842.938292	69.148546	-265.790284	62.878	-15.940	0.0470
18	25	tracking	-842.861937	69.073452	-265.777473	67.848	-23.940	0.0436
18	26	tracking	-842.806300	68.976838	-265.761012	67.848	-31.940	0.0414
18	27	tracking	-842.767676	68.851137	-265.741888	67.848	-39.940	0.0406
18	28	tracking	-842.740381	68.688754	-265.717172	42.848	-47.168	0.0394
18	29	tracking	-842.719593	68.491505	-265.684183	17.848	-47.168	0.3342
18	30	tracking	-842.699438	68.261867	-265.641775	-7.152	-47.168	0.0548
18	31	tracking	-842.673481	68.002688	-265.591263	-32.152	-47.168	0.0442
18	32	tracking	-842.648703	67.705541	-265.533110	-7.152	-55.168	0.0359
18	33	tracking	-842.631038	67.371931	-265.467593	17.848	-55.963	0.0312
18	34	landing	-842.621542	67.016273	-265.389828	17.848	-47.963	0.0311
18	35	landing	-842.619828	66.640952	-265.299586	17.848	-47.963	0.0299
18	36	landing	-842.625552	66.248337	-265.196658	17.848	-47.963	0.0262
18	37	landing	-842.638402	65.840728	-265.080882	17.848	-47.963	0.0278
19	0	tracking	-850.615197	68.934717	-257.098302	-139.104	-4.000	0.1518
19	1	tracking	-849.978540	68.890427	-257.680388	-164.104	-0.670	0.1047
19	2	tracking	-849.424962	68.848687	-258.284421	170.896	-8.670	0.1025
19	3	tracking	-848.966725	68.818822	-258.892532	153.407	-16.670	0.0935
19	4	tracking	-848.560341	68.804459	-259.502826	178.407	-24.670	0.0847
19	5	tracking	-848.173719	68.806898	-260.103271	-156.593	-32.670	0.0808
19	6	tracking	-847.809226	68.825523	-260.690912	-159.186	-40.670	0.0790
19	7	tracking	-847.447168	68.857686	-261.250751	-134.186	-46.375	0.0747
19	8	tracking	-847.099550	68.900099	-261.793573	-150.375	-42.740	0.0738
19	9	tracking	-846.764749	68.949047	-262.321319	-150.375	-34.740	0.0789
19	10	tracking	-846.440810	69.000787	-262.836614	-150.375	-26.740	0.0712
19	11	tracking	-846.125840	69.050352	-263.342064	-150.375	-18.740	0.0707
19	12	tracking	-845.804913	69.101035	-263.821024	-125.375	-26.740	0.0650
19	13	tracking	-845.474341	69.153222	-264.255948	-100.375	-34.740	0.0604
19	14	tracking	-845.140256	69.204191	-264.633146	-75.375	-42.740	0.0577
19	15	tracking	-844.814737	69.248424	-264.946170	-50.375	-50.740	0.0565
19	16	tracking	-844.498040	69.283716	-265.204055	-51.747	-42.740	0.0563
19	17	tracking	-844.201285	69.309079	-265.404906	-26.747	-34.740	0.0520
19	18	tracking	-843.923280	69.323187	-265.556886	-26.747	-26.740	0.0524
19	19	tracking	-843.663105	69.324957	-265.667551	-26.747	-25.689	0.0501
19	20	tracking	-843.430470	69.314554	-265.739315	-1.747	-17.689	0.0475
19	21	tracking	-843.233228	69.291291	-265.779901	23.253	-9.689	0.0606
19	22	tracking	-843.071501	69.255529	-265.798046	37.878	-7.940	0.0448
19	23	tracking	-842.939855	69.208050	-265.798203	37.878	-7.940	0.0467
19	24	tracking	-842.838292	69.148546	-265.790284	62.878	-15.940	0.0500
19	25	tracking	-842.761937	69.073452	-265.777473	67.848	-23.940	0.0440
19	26	tracking	-842.706300	68.976838	-265.761012	67.848	-31.940	0.0444
19	27	tracking	-842.667676	68.851137	-265.741888	67.848	-39.940	0.0420
19	28	tracking	-842.640381	68.688754	-265.717172	42.848	-47.168	0.0339
19	29	tracking	-842.619593	68.491505	-265.684183	17.848	-47.168	0.0318
19	30	tracking	-842.599438	68.261867	-265.641775	-7.152	-47.168	0.0296
19	31	tracking	-842.573481	68.002688	-265.591263	-32.152	-47.168	0.0296
19	32	tracking	-842.548703	67.705541	-265.533110	-7.152	-55.168	0.0278
19	33	tracking	-842.531038	67.371931	-265.467593	17.848	-55.963	0.0282
19	34	landing	-842.521542	67.016273	-265.389828	17.848	-47.963	0.0256
19	35	landing	-842.519828	66.640952	-265.299586	17.848	-47.963	0.0270
19	36	landing	-842.525552	66.248337	-265.196658	17.848	-47.963	0.0239
19	37	landing	-842.538402	65.840728	-265.080882	17.848	-47.963	0.0223
20	0	tracking	-850.715197	68.834717	-256.998302	-139.104	-4.000	0.1790
20	1	tracking	-850.078540	68.790427	-257.580388	-164.104	-0.670	0.1349
20	2	tracking	-849.524962	68.748687	-258.184421	170.896	-8.670	0.2030
20	3	tracking	-849.066725	68.718822	-258.792532	153.407	-16.670	0.1128
20	4	tracking	-848.660341	68.704459	-259.402826	178.407	-24.670	0.1013
20	5	tracking	-848.273719	68.706898	-260.003271	-156.593	-32.670	0.0828
20	6	tracking	-847.909226	68.725523	-260.590912	-159.186	-40.670	0.0805
20	7	tracking	-847.547168	68.757686	-261.150751	-134.186	-46.375	0.0772
20	8	tracking	-847.199550	68.800099	-261.693573	-150.375	-42.740	0.0750
20	9	tracking	-846.864749	68.849047	-262.221319	-150.375	-34.740	0.0761
20	10	tracking	-846.540810	68.900787	-262.736614	-150.375	-26.740	0.0744
20	11	tracking	-846.225840	68.950352	-263.242064	-150.375	-18.740	0.0694
20	12	tracking	-845.904913	69.001035	-263.721024	-125.375	-26.740	0.0666
20	13	tracking	-845.574341	69.053222	-264.155948	-100.375	-34.740	0.0685
20	14	tracking	-845.240256	69.104191	-264.533146	-75.375	-42.740	0.0635
20	15	tracking	-844.914737	69.148424	-264.846170	-50.375	-50.740	0.0620
20	16	tracking	-844.598040	69.183716	-265.104055	-51.747	-42.740	0.0590
20	17	tracking	-844.301285	69.209079	-265.304906	-26.747	-34.740	0.0593
20	18	tracking	-844.023280	69.223187	-265.456886	-26.747	-26.740	0.0563
20	19	tracking	-843.763105	69.224957	-265.567551	-26.747	-25.689	0.0557
20	20	tracking	-843.530470	69.214554	-265.639315	-1.747	-17.689	0.0543
20	21	tracking	-843.333228	69.191291	-265.679901	23.253	-9.689	0.0532
20	22	tracking	-843.171501	69.155529	-265.698046	37.878	-7.940	0.0521
20	23	tracking	-843.039855	69.108050	-265.698203	37.878	-7.940	0.0544
20	24	tracking	-842.938292	69.048546	-265.690284	62.878	-15.940	0.0491
20	25	tracking	-842.861937	68.973452	-265.677473	67.848	-23.940	0.0451
20	26	tracking	-842.806300	68.876838	-265.661012	67.848	-31.940	0.0461
20	27	tracking	-842.767676	68.751137	-265.641888	67.848	-39.940	0.0435
20	28	tracking	-842.740381	68.588754	-265.617172	42.848	-47.168	0.0433
20	29	tracking	-842.719593	68.391505	-265.584183	17.848	-47.168	0.0412
20	30	tracking	-842.699438	68.161867	-265.541775	-7.152	-47.168	0.0370
20	31	tracking	-842.673481	67.902688	-265.491263	-32.152	-47.168	0.0358
20	32	tracking	-842.648703	67.605541	-265.433110	-7.152	-55.168	0.0494
20	33	tracking	-842.631038	67.271931	-265.367593	17.848	-55.963	0.0340
20	34	landing	-842.621542	66.916273	-265.289828	17.848	-47.963	0.0332
20	35	landing	-842.619828	66.540952	-265.199586	17.848	-47.963	0.0309
20	36	landing	-842.625552	66.148337	-265.096658	17.848	-47.963	0.0283
20	37	landing	-842.638402	65.740728	-264.980882	17.848	-47.963	0.0547
21	0	tracking	-850.615197	68.834717	-256.998302	-139.104	-4.000	0.1259
21	1	tracking	-849.978540	68.790427	-257.580388	-164.104	-0.670	0.0982
21	2	tracking	-849.424962	68.748687	-258.184421	170.896	-8.670	0.0856
21	3	tracking	-848.966725	68.718822	-258.792532	153.407	-16.670	0.0823
21	4	tracking	-848.560341	68.704459	-259.402826	178.407	-24.670	0.0742
21	5	tracking	-848.173719	68.706898	-260.003271	-156.593	-32.670	0.0779
21	6	tracking	-847.809226	68.725523	-260.590912	-159.186	-40.670	0.0703
21	7	tracking	-847.447168	68.757686	-261.150751	-134.186	-46.375	0.0695
21	8	tracking	-847.099550	68.800099	-261.693573	-150.375	-42.740	0.0659
21	9	tracking	-846.764749	68.849047	-262.221319	-150.375	-34.740	0.0662
21	10	tracking	-846.440810	68.900787	-262.736614	-150.375	-26.740	0.0639
21	11	tracking	-846.125840	68.950352	-263.242064	-150.375	-18.740	0.0641
21	12	tracking	-845.804913	69.001035	-263.721024	-125.375	-26.740	0.0636
21	13	tracking	-845.474341	69.053222	-264.155948	-100.375	-34.740	0.0576
21	14	tracking	-845.140256	69.104191	-264.533146	-75.375	-42.740	0.0551
21	15	tracking	-844.814737	69.148424	-264.846170	-50.375	-50.740	0.0525
21	16	tracking	-844.498040	69.183716	-265.104055	-51.747	-42.740	0.0505
21	17	tracking	-844.201285	69.209079	-265.304906	-26.747	-34.740	0.2102
21	18	tracking	-843.923280	69.223187	-265.456886	-26.747	-26.740	0.0586
21	19	tracking	-843.663105	69.224957	-265.567551	-26.747	-25.689	0.0470
21	20	tracking	-843.430470	69.214554	-265.639315	-1.747	-17.689	0.0439
21	21	tracking	-843.233228	69.191291	-265.679901	23.253	-9.689	0.0426
21	22	tracking	-843.071501	69.155529	-265.698046	37.878	-7.940	0.0417
21	23	tracking	-842.939855	69.108050	-265.698203	37.878	-7.940	0.0398
21	24	tracking	-842.838292	69.048546	-265.690284	62.878	-15.940	0.0383
21	25	tracking	-842.761937	68.973452	-265.677473	67.848	-23.940	0.0363
21	26	tracking	-842.706300	68.876838	-265.661012	67.848	-31.940	0.1431
21	27	tracking	-842.667676	68.751137	-265.641888	67.848	-39.940	0.0535
21	28	tracking	-842.640381	68.588754	-265.617172	42.848	-47.168	0.0409
21	29	tracking	-842.619593	68.391505	-265.584183	17.848	-47.168	0.0313
21	30	tracking	-842.599438	68.161867	-265.541775	-7.152	-47.168	0.0324
21	31	tracking	-842.573481	67.902688	-265.491263	-32.152	-47.168	0.0287
21	32	tracking	-842.548703	67.605541	-265.433110	-7.152	-55.168	0.0301
21	33	tracking	-842.531038	67.271931	-265.367593	17.848	-55.963	0.0287
21	34	landing	-842.521542	66.916273	-265.289828	17.848	-47.963	0.0244
21	35	landing	-842.519828	66.540952	-265.199586	17.848	-47.963	0.0237
21	36	landing	-842.525552	66.148337	-265.096658	17.848	-47.963	0.0234
21	37	landing	-842.538402	65.740728	-264.980882	17.848	-47.963	0.0509
22	0	tracking	-850.715197	68.934717	-256.998302	-139.104	-4.000	0.2577
22	1	tracking	-850.078540	68.890427	-257.580388	-164.104	-0.670	0.1039
22	2	tracking	-849.524962	68.848687	-258.184421	170.896	-8.670	0.0958
22	3	tracking	-849.066725	68.818822	-258.792532	153.407	-16.670	0.0865
22	4	tracking	-848.660341	68.804459	-259.402826	178.407	-24.670	0.0811
22	5	tracking	-848.273719	68.806898	-260.003271	-156.593	-32.670	0.1781
22	6	tracking	-847.909226	68.825523	-260.590912	-159.186	-40.670	0.0850
22	7	tracking	-847.547168	68.857686	-261.150751	-134.186	-46.375	0.0748
22	8	tracking	-847.199550	68.900099	-261.693573	-150.375	-42.740	0.0697
22	9	tracking	-846.864749	68.949047	-262.221319	-150.375	-34.740	0.0715
22	10	tracking	-846.540810	69.000787	-262.736614	-150.375	-26.740	0.0697
22	11	tracking	-846.225840	69.050352	-263.242064	-150.375	-18.740	0.0656
22	12	tracking	-845.904913	69.101035	-263.721024	-125.375	-26.740	0.0628
22	13	tracking	-845.574341	69.153222	-264.155948	-100.375	-34.740	0.0590
22	14	tracking	-845.240256	69.204191	-264.533146	-75.375	-42.740	0.0582
22	15	tracking	-844.914737	69.248424	-264.846170	-50.375	-50.740	0.0555
22	16	tracking	-844.598040	69.283716	-265.104055	-51.747	-42.740	0.0533
22	17	tracking	-844.301285	69.309079	-265.304906	-26.747	-34.740	0.2253
22	18	tracking	-844.023280	69.323187	-265.456886	-26.747	-26.740	0.0532
22	19	tracking	-843.763105	69.324957	-265.567551	-26.747	-25.689	0.0530
22	20	tracking	-843.530470	69.314554	-265.639315	-1.747	-17.689	0.0483
22	21	tracking	-843.333228	69.291291	-265.679901	23.253	-9.689	0.0471
22	22	tracking	-843.171501	69.255529	-265.698046	37.878	-7.940	0.0460
22	23	tracking	-843.039855	69.208050	-265.698203	37.878	-7.940	0.0450
22	24	tracking	-842.938292	69.148546	-265.690284	62.878	-15.940	0.0477
22	25	tracking	-842.861937	69.073452	-265.677473	67.848	-23.940	0.0421
22	26	tracking	-842.806300	68.976838	-265.661012	67.848	-31.940	0.0388
22	27	tracking	-842.767676	68.851137	-265.641888	67.848	-39.940	0.0379
22	28	tracking	-842.740381	68.688754	-265.617172	42.848	-47.168	0.0360
22	29	tracking	-842.719593	68.491505	-265.584183	17.848	-47.168	0.0344
22	30	tracking	-842.699438	68.261867	-265.541775	-7.152	-47.168	0.0327
22	31	tracking	-842.673481	68.002688	-265.491263	-32.152	-47.168	0.0322
22	32	tracking	-842.648703	67.705541	-265.433110	-7.152	-55.168	0.0320
22	33	tracking	-842.631038	67.371931	-265.367593	17.848	-55.963	0.0302
22	34	landing	-842.621542	67.016273	-265.289828	17.848	-47.963	0.0281
22	35	landing	-842.619828	66.640952	-265.199586	17.848	-47.963	0.0259
22	36	landing	-842.625552	66.248337	-265.096658	17.848	-47.963	0.0262
22	37	landing	-842.638402	65.840728	-264.980882	17.848	-47.963	0.0261
23	0	tracking	-850.615197	68.934717	-256.998302	-139.104	-4.000	0.1553
23	1	tracking	-849.978540	68.890427	-257.580388	-164.104	-0.670	0.0954
23	2	tracking	-849.424962	68.848687	-258.184421	170.896	-8.670	0.0897
23	3	tracking	-848.966725	68.818822	-258.792532	153.407	-16.670	0.0854
23	4	tracking	-848.560341	68.804459	-259.402826	178.407	-24.670	0.0772
23	5	tracking	-848.173719	68.806898	-260.003271	-156.593	-32.670	0.0741
23	6	tracking	-847.809226	68.825523	-260.590912	-159.186	-40.670	0.0716
23	7	tracking	-847.447168	68.857686	-261.150751	-134.186	-46.375	0.0697
23	8	tracking	-847.099550	68.900099	-261.693573	-150.375	-42.740	0.0664
23	9	tracking	-846.764749	68.949047	-262.221319	-150.375	-34.740	0.0809
23	10	tracking	-846.440810	69.000787	-262.736614	-150.375	-26.740	0.0773
23	11	tracking	-846.125840	69.050352	-263.242064	-150.375	-18.740	0.0733
23	12	tracking	-845.804913	69.101035	-263.721024	-125.375	-26.740	0.0680
23	13	tracking	-845.474341	69.153222	-264.155948	-100.375	-34.740	0.0584
23	14	tracking	-845.140256	69.204191	-264.533146	-75.375	-42.740	0.0535
23	15	tracking	-844.814737	69.248424	-264.846170	-50.375	-50.740	0.0547
23	16	tracking	-844.498040	69.283716	-265.104055	-51.747	-42.740	0.0558
23	17	tracking	-844.201285	69.309079	-265.304906	-26.747	-34.740	0.0525
23	18	tracking	-843.923280	69.323187	-265.456886	-26.747	-26.740	0.0994
23	19	tracking	-843.663105	69.324957	-265.567551	-26.747	-25.689	0.0652
23	20	tracking	-843.430470	69.314554	-265.639315	-1.747	-17.689	0.0545
23	21	tracking	-843.233228	69.291291	-265.679901	23.253	-9.689	0.0659
23	22	tracking	-843.071501	69.255529	-265.698046	37.878	-7.940	0.0471
23	23	tracking	-842.939855	69.208050	-265.698203	37.878	-7.940	0.0411
23	24	tracking	-842.838292	69.148546	-265.690284	62.878	-15.940	0.1424
23	25	tracking	-842.761937	69.073452	-265.677473	67.848	-23.940	0.0900
23	26	tracking	-842.706300	68.976838	-265.661012	67.848	-31.940	0.0940
23	27	tracking	-842.667676	68.851137	-265.641888	67.848	-39.940	0.0740
23	28	tracking	-842.640381	68.688754	-265.617172	42.848	-47.168	0.0737
23	29	tracking	-842.619593	68.491505	-265.584183	17.848	-47.168	0.0597
23	30	tracking	-842.599438	68.261867	-265.541775	-7.152	-47.168	0.0830
23	31	tracking	-842.573481	68.002688	-265.491263	-32.152	-47.168	0.0409
23	32	tracking	-842.548703	67.705541	-265.433110	-7.152	-55.168	0.0332
23	33	tracking	-842.531038	67.371931	-265.367593	17.848	-55.963	0.0362
23	34	landing	-842.521542	67.016273	-265.289828	17.848	-47.963	0.0243
23	35	landing	-842.519828	66.640952	-265.199586	17.848	-47.963	0.0242
23	36	landing	-842.525552	66.248337	-265.096658	17.848	-47.963	0.0303
23	37	landing	-842.538402	65.840728	-264.980882	17.848	-47.963	0.0200
24	0	corrected	-850.677539	68.834996	-257.100632	-139.104	-4.000	0.9354
24	1	tracking	-850.006393	68.789643	-257.688078	-164.104	1.163	0.1138
24	2	tracking	-849.422695	68.744478	-258.300685	170.896	-6.837	0.0904
24	3	tracking	-848.940192	68.710268	-258.919180	152.657	-14.837	0.0969
24	4	tracking	-848.513209	68.691739	-259.541795	177.657	-22.837	0.0867
24	5	tracking	-848.107915	68.690998	-260.156081	-157.343	-30.837	0.0841
24	6	tracking	-847.726383	68.708076	-260.758559	-159.686	-38.837	0.0782
24	7	tracking	-847.348100	68.740716	-261.333287	-134.686	-45.542	0.0737
24	8	tracking	-846.985419	68.785307	-261.891058	-150.708	-42.073	0.0749
24	9	tracking	-846.636506	68.837749	-262.433803	-150.625	-34.240	0.0719
24	10	tracking	-846.299240	68.893908	-262.964103	-150.542	-26.407	0.0679
24	11	tracking	-845.971577	68.948489	-263.484523	-150.458	-18.573	0.0669
24	12	tracking	-845.638024	69.005120	-263.977848	-125.458	-26.573	0.0812
24	13	tracking	-845.294696	69.064474	-264.425916	-100.458	-34.573	0.0631
24	14	tracking	-844.947872	69.124033	-264.814531	-75.458	-42.573	0.0620
24	15	tracking	-844.610144	69.178186	-265.137086	-50.458	-50.573	0.0565
24	16	tracking	-844.281792	69.224332	-265.402851	-51.747	-42.740	0.0563
24	17	tracking	-843.974269	69.261057	-265.609964	-26.747	-34.740	0.0554
24	18	tracking	-843.686424	69.286469	-265.767032	-26.747	-26.740	0.0529
24	19	tracking	-843.417432	69.299021	-265.882136	-26.747	-25.689	0.0516
24	20	tracking	-843.176942	69.298601	-265.957858	-1.747	-17.689	0.0486
24	21	tracking	-842.972679	69.284352	-266.002023	23.253	-9.689	0.0480
24	22	tracking	-842.804650	69.256691	-266.023414	37.878	-7.940	0.0458
24	23	tracking	-842.667340	69.216487	-266.026528	37.878	-7.940	0.0444
24	24	tracking	-842.560648	69.163649	-266.021286	62.878	-15.940	0.0430
24	25	tracking	-842.479652	69.094795	-266.010889	67.848	-23.940	0.0405
24	26	tracking	-842.419824	69.004136	-265.996601	67.848	-31.940	0.0396
24	27	tracking	-842.377422	68.884209	-265.979432	67.848	-39.940	0.0389
24	28	tracking	-842.346731	68.727466	-265.956491	42.848	-47.168	0.0522
24	29	tracking	-842.322879	68.535627	-265.925200	17.848	-47.168	0.0356
24	30	tracking	-842.300018	68.311079	-265.884500	-7.152	-47.168	0.0390
24	31	tracking	-842.271773	68.056631	-265.835706	-32.152	-47.168	0.0380
24	32	tracking	-842.244977	67.763927	-265.779247	-7.152	-55.168	0.0377
24	33	tracking	-842.225461	67.434462	-265.715406	17.848	-55.963	0.0286
24	34	landing	-842.214240	67.082580	-265.639367	17.848	-47.963	0.0292
24	35	landing	-842.210909	66.710656	-265.550909	17.848	-47.963	0.0256
24	36	landing	-842.215114	66.321059	-265.449819	17.848	-47.963	0.0238
24	37	landing	-842.226530	65.916096	-265.335928	17.848	-47.963	0.0234
25	0	corrected	-850.577539	68.834996	-257.100632	-139.104	-4.000	1.3893
25	1	tracking	-849.906393	68.789643	-257.688078	-164.104	1.163	0.0995
25	2	tracking	-849.322695	68.744478	-258.300685	170.896	-6.837	0.0893
25	3	tracking	-848.841140	68.710268	-258.918682	151.907	-14.837	0.0930
25	4	tracking	-848.415933	68.691692	-259.540726	176.907	-22.837	0.0824
25	5	tracking	-848.013047	68.690813	-260.154716	-158.093	-30.837	0.0779
25	6	tracking	-847.634179	68.707640	-260.757000	-160.186	-38.837	0.0746
25	7	tracking	-847.258678	68.739904	-261.331812	-135.186	-45.542	0.0735
25	8	tracking	-846.898786	68.784026	-261.889728	-151.042	-42.073	0.0702
25	9	tracking	-846.552611	68.835909	-262.432618	-150.875	-34.240	0.0688
25	10	tracking	-846.217976	68.891444	-262.963026	-150.708	-26.407	0.0656
25	11	tracking	-845.892784	68.945361	-263.483480	-150.542	-18.573	0.0752
25	12	tracking	-845.561562	69.001270	-263.976834	-125.542	-26.573	0.0623
25	13	tracking	-845.220422	69.059826	-264.424977	-100.542	-34.573	0.0601
25	14	tracking	-844.875625	69.118494	-264.813741	-75.542	-42.573	0.0574
25	15	tracking	-844.539736	69.171655	-265.136528	-50.542	-50.573	0.0554
25	16	tracking	-844.213091	69.216728	-265.402554	-51.747	-42.740	0.0522
25	17	tracking	-843.907132	69.252319	-265.609980	-26.747	-34.740	0.0514
25	18	tracking	-843.620720	69.276558	-265.767410	-26.747	-26.740	0.0546
25	19	tracking	-843.353009	69.287994	-265.882842	-26.747	-25.689	0.0508
25	20	tracking	-843.113659	69.286539	-265.958858	-1.747	-17.689	0.0482
25	21	tracking	-842.910411	69.271354	-266.003288	23.253	-9.689	0.0450
25	22	tracking	-842.743284	69.242848	-266.024920	37.878	-7.940	0.0447
25	23	tracking	-842.606771	69.201884	-266.028255	37.878	-7.940	0.0435
25	24	tracking	-842.500783	69.148342	-266.023213	62.878	-15.940	0.0422
25	25	tracking	-842.420407	69.078819	-266.012998	67.848	-23.940	0.0396
25	26	tracking	-842.361124	68.987510	-265.998875	67.848	-31.940	0.0382
25	27	tracking	-842.319198	68.866938	-265.981855	67.848	-39.940	0.0372
25	28	tracking	-842.288925	68.709546	-265.959056	42.848	-47.168	0.0398
25	29	tracking	-842.265445	68.517062	-265.927894	17.848	-47.168	0.0375
25	30	tracking	-842.242915	68.291880	-265.887307	-7.152	-47.168	0.0331
25	31	tracking	-842.214960	68.036816	-265.838606	-32.152	-47.168	0.0317
25	32	tracking	-842.188423	67.743505	-265.782229	-7.152	-55.168	0.0304
25	33	tracking	-842.169138	67.413444	-265.718457	17.848	-55.963	0.0286
25	34	landing	-842.158128	67.060992	-265.642466	17.848	-47.963	0.0280
25	35	landing	-842.154991	66.688528	-265.554034	17.848	-47.963	0.0253
25	36	landing	-842.159374	66.298421	-265.452950	17.848	-47.963	0.0236
25	37	landing	-842.170954	65.892982	-265.339044	17.848	-47.963	0.0227
26	0	corrected	-850.677539	68.934996	-257.100632	-139.104	-4.000	2.6609
26	1	tracking	-850.006392	68.889508	-257.688079	-164.104	2.997	0.3656
26	2	tracking	-849.422856	68.841054	-258.301703	170.896	-5.003	0.1162
26	3	tracking	-848.943958	68.801544	-258.920692	150.407	-13.003	0.1038
26	4	tracking	-848.523081	68.776598	-259.544680	175.407	-21.003	0.0821
26	5	tracking	-848.125230	68.768932	-260.162071	-159.593	-29.003	0.0785
26	6	tracking	-847.751470	68.779059	-260.768739	-161.186	-37.003	0.0824
26	7	tracking	-847.380748	68.805122	-261.348578	-136.186	-44.708	0.0725
26	8	tracking	-847.025351	68.843553	-261.911814	-151.708	-41.407	0.0744
26	9	tracking	-846.683419	68.889883	-262.459964	-151.375	-33.740	0.0710
26	10	tracking	-846.352690	68.939947	-262.995474	-151.042	-26.073	0.0767
26	11	tracking	-846.030990	68.988476	-263.520780	-150.708	-18.407	0.0690
26	12	tracking	-845.702765	69.039170	-264.018721	-125.708	-26.407	0.0665
26	13	tracking	-845.364104	69.092747	-264.471126	-100.708	-34.407	0.0638
26	14	tracking	-845.021305	69.146718	-264.863761	-75.708	-42.407	0.0599
26	15	tracking	-844.686967	69.195542	-265.189949	-50.708	-50.407	0.0617
26	16	tracking	-844.361630	69.236472	-265.458947	-51.747	-42.740	0.0758
26	17	tracking	-844.056805	69.268064	-265.668959	-26.747	-34.740	0.0703
26	18	tracking	-843.771367	69.288457	-265.828621	-26.747	-26.740	0.0560
26	19	tracking	-843.504389	69.296443	-265.945774	-26.747	-25.689	0.0615
26	20	tracking	-843.265685	69.291915	-266.023044	-1.747	-17.689	0.0838
26	21	tracking	-843.063108	69.274005	-266.068367	23.253	-9.689	0.0638
26	22	tracking	-842.896698	69.243084	-266.090641	37.878	-7.940	0.0485
26	23	tracking	-842.760919	69.199973	-266.094428	37.878	-7.940	0.0498
26	24	tracking	-842.655684	69.144497	-266.089737	62.878	-15.940	0.0441
26	25	tracking	-842.576051	69.073199	-266.079805	67.848	-23.940	0.0490
26	26	tracking	-842.517479	68.980223	-266.065915	67.848	-31.940	0.0436
26	27	tracking	-842.476216	68.858054	-266.049091	67.848	-39.940	0.0420
26	28	tracking	-842.446543	68.699106	-266.026454	42.848	-47.168	0.0421
26	29	tracking	-842.423604	68.505114	-265.995417	17.848	-47.168	0.0372
26	30	tracking	-842.401553	68.278484	-265.954909	-7.152	-47.168	0.0364
26	31	tracking	-842.374005	68.022040	-265.906248	-32.152	-47.168	0.0373
26	32	tracking	-842.347827	67.727395	-265.849882	-7.152	-55.168	0.0518
26	33	tracking	-842.328871	67.396051	-265.786096	17.848	-55.963	0.0341
26	34	landing	-842.318167	67.042391	-265.710048	17.848	-47.963	0.0357
26	35	landing	-842.315317	66.668796	-265.621520	17.848	-47.963	0.0269
26	36	landing	-842.319972	66.277640	-265.520300	17.848	-47.963	0.0286
26	37	landing	-842.331812	65.871233	-265.406223	17.848	-47.963	0.0242
27	0	corrected	-850.577539	68.934996	-257.100632	-139.104	-4.000	3.1819
27	1	tracking	-849.906392	68.889508	-257.688079	-164.104	2.997	0.2042
27	2	tracking	-849.322856	68.841054	-258.301703	170.896	-5.003	0.1168
27	3	tracking	-848.843958	68.801544	-258.920692	150.407	-13.003	0.1035
27	4	tracking	-848.423081	68.776598	-259.544680	175.407	-21.003	0.1066
27	5	tracking	-848.025230	68.768932	-260.162071	-159.593	-29.003	0.0972
27	6	tracking	-847.651470	68.779059	-260.768739	-161.186	-37.003	0.0938
27	7	tracking	-847.280748	68.805122	-261.348578	-136.186	-44.708	0.0878
27	8	tracking	-846.925351	68.843553	-261.911814	-151.708	-41.407	0.0860
27	9	tracking	-846.583419	68.889883	-262.459964	-151.375	-33.740	0.0864
27	10	tracking	-846.252690	68.939947	-262.995474	-151.042	-26.073	0.0908
27	11	tracking	-845.930990	68.988476	-263.520780	-150.708	-18.407	0.0828
27	12	tracking	-845.602765	69.039170	-264.018721	-125.708	-26.407	0.0783
27	13	tracking	-845.264104	69.092747	-264.471126	-100.708	-34.407	0.0789
27	14	tracking	-844.921305	69.146718	-264.863761	-75.708	-42.407	0.0829
27	15	tracking	-844.586967	69.195542	-265.189949	-50.708	-50.407	0.0648
27	16	tracking	-844.261630	69.236472	-265.458947	-51.747	-42.740	0.0774
27	17	tracking	-843.956805	69.268064	-265.668959	-26.747	-34.740	0.0672
27	18	tracking	-843.671367	69.288457	-265.828621	-26.747	-26.740	0.0664
27	19	tracking	-843.404389	69.296443	-265.945774	-26.747	-25.689	0.0601
27	20	tracking	-843.165685	69.291915	-266.023044	-1.747	-17.689	0.0562
27	21	tracking	-842.963108	69.274005	-266.068367	23.253	-9.689	0.0577
27	22	tracking	-842.796698	69.243084	-266.090641	37.878	-7.940	0.0582
27	23	tracking	-842.660919	69.199973	-266.094428	37.878	-7.940	0.0534
27	24	tracking	-842.555684	69.144497	-266.089737	62.878	-15.940	0.0533
27	25	tracking	-842.476051	69.073199	-266.079805	67.848	-23.940	0.0480
27	26	tracking	-842.417479	68.980223	-266.065915	67.848	-31.940	0.0488
27	27	tracking	-842.376216	68.858054	-266.049091	67.848	-39.940	0.0427
27	28	tracking	-842.346543	68.699106	-266.026454	42.848	-47.168	0.0460
27	29	tracking	-842.323604	68.505114	-265.995417	17.848	-47.168	0.0389
27	30	tracking	-842.301553	68.278484	-265.954909	-7.152	-47.168	0.0413
27	31	tracking	-842.274005	68.022040	-265.906248	-32.152	-47.168	0.0409
27	32	tracking	-842.247827	67.727395	-265.849882	-7.152	-55.168	0.0377
27	33	tracking	-842.228871	67.396051	-265.786096	17.848	-55.963	0.0316
27	34	landing	-842.218167	67.042391	-265.710048	17.848	-47.963	0.0333
27	35	landing	-842.215317	66.668796	-265.621520	17.848	-47.963	0.0290
27	36	landing	-842.219972	66.277640	-265.520300	17.848	-47.963	0.0259
27	37	landing	-842.231812	65.871233	-265.406223	17.848	-47.963	0.0250
28	0	corrected	-850.677539	68.834996	-257.000632	-139.104	-4.000	1.1191
28	1	tracking	-850.006393	68.789643	-257.588078	-164.104	1.163	0.3039
28	2	tracking	-849.422695	68.744478	-258.200685	170.896	-6.837	0.1170
28	3	tracking	-848.940192	68.710268	-258.819180	152.657	-14.837	0.1038
28	4	tracking	-848.513209	68.691739	-259.441795	177.657	-22.837	0.0997
28	5	tracking	-848.107915	68.690998	-260.056081	-157.343	-30.837	0.1142
28	6	tracking	-847.726383	68.708076	-260.658559	-159.686	-38.837	0.0992
28	7	tracking	-847.348100	68.740716	-261.233287	-134.686	-45.542	0.0958
28	8	tracking	-846.985419	68.785307	-261.791058	-150.708	-42.073	0.0909
28	9	tracking	-846.636506	68.837749	-262.333803	-150.625	-34.240	0.0848
28	10	tracking	-846.299240	68.893908	-262.864103	-150.542	-26.407	0.1026
28	11	tracking	-845.971577	68.948489	-263.384523	-150.458	-18.573	0.0862
28	12	tracking	-845.638024	69.005120	-263.877848	-125.458	-26.573	0.0755
28	13	tracking	-845.294696	69.064474	-264.325916	-100.458	-34.573	0.0763
28	14	tracking	-844.947872	69.124033	-264.714531	-75.458	-42.573	0.0697
28	15	tracking	-844.610144	69.178186	-265.037086	-50.458	-50.573	0.0658
28	16	tracking	-844.281792	69.224332	-265.302851	-51.747	-42.740	0.0585
28	17	tracking	-843.974269	69.261057	-265.509964	-26.747	-34.740	0.0743
28	18	tracking	-843.686424	69.286469	-265.667032	-26.747	-26.740	0.0622
28	19	tracking	-843.417432	69.299021	-265.782136	-26.747	-25.689	0.0578
28	20	tracking	-843.176942	69.298601	-265.857858	-1.747	-17.689	0.0535
28	21	tracking	-842.972679	69.284352	-265.902023	23.253	-9.689	0.0535
28	22	tracking	-842.804650	69.256691	-265.923414	37.878	-7.940	0.0572
28	23	tracking	-842.667340	69.216487	-265.926528	37.878	-7.940	0.0550
28	24	tracking	-842.560648	69.163649	-265.921286	62.878	-15.940	0.0506
28	25	tracking	-842.479652	69.094795	-265.910889	67.848	-23.940	0.0452
28	26	tracking	-842.419824	69.004136	-265.896601	67.848	-31.940	0.0414
28	27	tracking	-842.377422	68.884209	-265.879432	67.848	-39.940	0.0431
28	28	tracking	-842.346731	68.727466	-265.856491	42.848	-47.168	0.0402
28	29	tracking	-842.322879	68.535627	-265.825200	17.848	-47.168	0.0408
28	30	tracking	-842.300018	68.311079	-265.784500	-7.152	-47.168	0.0359
28	31	tracking	-842.271773	68.056631	-265.735706	-32.152	-47.168	0.0346
28	32	tracking	-842.244977	67.763927	-265.679247	-7.152	-55.168	0.0339
28	33	tracking	-842.225461	67.434462	-265.615406	17.848	-55.963	0.0805
28	34	landing	-842.214240	67.082580	-265.539367	17.848	-47.963	0.0353
28	35	landing	-842.210909	66.710656	-265.450909	17.848	-47.963	0.0277
28	36	landing	-842.215114	66.321059	-265.349819	17.848	-47.963	0.0256
28	37	landing	-842.226530	65.916096	-265.235928	17.848	-47.963	0.0293
29	0	corrected	-850.577539	68.834996	-257.000632	-139.104	-4.000	1.8032
29	1	tracking	-849.906393	68.789643	-257.588078	-164.104	1.163	0.1304
29	2	tracking	-849.322695	68.744478	-258.200685	170.896	-6.837	0.1045
29	3	tracking	-848.841140	68.710268	-258.818682	151.907	-14.837	0.1002
29	4	tracking	-848.415933	68.691692	-259.440726	176.907	-22.837	0.1437
29	5	tracking	-848.013047	68.690813	-260.054716	-158.093	-30.837	0.1192
29	6	tracking	-847.634179	68.707640	-260.657000	-160.186	-38.837	0.0935
29	7	tracking	-847.258678	68.739904	-261.231812	-135.186	-45.542	0.0819
29	8	tracking	-846.898786	68.784026	-261.789728	-151.042	-42.073	0.0796
29	9	tracking	-846.552611	68.835909	-262.332618	-150.875	-34.240	0.0856
29	10	tracking	-846.217976	68.891444	-262.863026	-150.708	-26.407	0.0741
29	11	tracking	-845.892784	68.945361	-263.383480	-150.542	-18.573	0.1437
29	12	tracking	-845.561562	69.001270	-263.876834	-125.542	-26.573	0.1128
29	13	tracking	-845.220422	69.059826	-264.324977	-100.542	-34.573	0.1193
29	14	tracking	-844.875625	69.118494	-264.713741	-75.542	-42.573	0.1012
29	15	tracking	-844.539736	69.171655	-265.036528	-50.542	-50.573	0.0876
29	16	tracking	-844.213091	69.216728	-265.302554	-51.747	-42.740	0.0611
29	17	tracking	-843.907132	69.252319	-265.509980	-26.747	-34.740	0.0588
29	18	tracking	-843.620720	69.276558	-265.667410	-26.747	-26.740	0.0607
29	19	tracking	-843.353009	69.287994	-265.782842	-26.747	-25.689	0.0522
29	20	tracking	-843.113659	69.286539	-265.858858	-1.747	-17.689	0.0536
29	21	tracking	-842.910411	69.271354	-265.903288	23.253	-9.689	0.0521
29	22	tracking	-842.743284	69.242848	-265.924920	37.878	-7.940	0.0486
29	23	tracking	-842.606771	69.201884	-265.928255	37.878	-7.940	0.0565
29	24	tracking	-842.500783	69.148342	-265.923213	62.878	-15.940	0.0539
29	25	tracking	-842.420407	69.078819	-265.912998	67.848	-23.940	0.0434
29	26	tracking	-842.361124	68.987510	-265.898875	67.848	-31.940	0.0456
29	27	tracking	-842.319198	68.866938	-265.881855	67.848	-39.940	0.0418
29	28	tracking	-842.288925	68.709546	-265.859056	42.848	-47.168	0.0514
29	29	tracking	-842.265445	68.517062	-265.827894	17.848	-47.168	0.0722
29	30	tracking	-842.242915	68.291880	-265.787307	-7.152	-47.168	0.0391
29	31	tracking	-842.214960	68.036816	-265.738606	-32.152	-47.168	0.0338
29	32	tracking	-842.188423	67.743505	-265.682229	-7.152	-55.168	0.0381
29	33	tracking	-842.169138	67.413444	-265.618457	17.848	-55.963	0.0302
29	34	landing	-842.158128	67.060992	-265.542466	17.848	-47.963	0.0448
29	35	landing	-842.154991	66.688528	-265.454034	17.848	-47.963	0.0418
29	36	landing	-842.159374	66.298421	-265.352950	17.848	-47.963	0.0280
29	37	landing	-842.170954	65.892982	-265.239044	17.848	-47.963	0.0359
30	0	corrected	-850.677539	68.934996	-257.000632	-139.104	-4.000	2.6501
30	1	tracking	-850.006392	68.889508	-257.588079	-164.104	2.997	0.1179
30	2	tracking	-849.422856	68.841054	-258.201703	170.896	-5.003	0.1074
30	3	tracking	-848.942052	68.801544	-258.821741	151.907	-13.003	0.0988
30	4	tracking	-848.517588	68.776688	-259.446963	176.907	-21.003	0.0945
30	5	tracking	-848.114851	68.769288	-260.065060	-158.093	-29.003	0.0936
30	6	tracking	-847.735672	68.779903	-260.672234	-160.186	-37.003	0.1320
30	7	tracking	-847.359286	68.806712	-261.252016	-135.186	-44.708	0.1068
30	8	tracking	-846.998210	68.846083	-261.815074	-151.042	-41.407	0.1407
30	9	tracking	-846.650706	68.893530	-262.363039	-150.875	-33.740	0.0838
30	10	tracking	-846.314623	68.944843	-262.898435	-150.708	-26.073	0.0771
30	11	tracking	-845.987896	68.994706	-263.423770	-150.542	-18.407	0.0802
30	12	tracking	-845.654924	69.046855	-263.921745	-125.542	-26.407	0.0750
30	13	tracking	-845.311803	69.102047	-264.374084	-100.542	-34.407	0.0742
30	14	tracking	-844.964869	69.157822	-264.766491	-75.542	-42.407	0.0719
30	15	tracking	-844.626821	69.208596	-265.092314	-50.542	-50.407	0.0681
30	16	tracking	-844.298037	69.251641	-265.360875	-51.747	-42.740	0.0636
30	17	tracking	-843.990056	69.285478	-265.570331	-26.747	-34.740	0.0705
30	18	tracking	-843.701738	69.308156	-265.729361	-26.747	-26.740	0.0583
30	19	tracking	-843.432186	69.318320	-265.845936	-26.747	-25.689	0.0540
30	20	tracking	-843.191187	69.315813	-265.922678	-1.747	-17.689	0.0548
30	21	tracking	-842.986572	69.299735	-265.967519	23.253	-9.689	0.0530
30	22	tracking	-842.818356	69.270465	-265.989349	37.878	-7.940	0.0500
30	23	tracking	-842.680978	69.228844	-265.992726	37.878	-7.940	0.0454
30	24	tracking	-842.574337	69.174748	-265.987662	62.878	-15.940	0.0478
30	25	tracking	-842.493467	69.104761	-265.977390	67.848	-23.940	0.0427
30	26	tracking	-842.433809	69.013062	-265.963191	67.848	-31.940	0.0466
30	27	tracking	-842.391595	68.892162	-265.946085	67.848	-39.940	0.0390
30	28	tracking	-842.361090	68.734490	-265.923182	42.848	-47.168	0.0456
30	29	tracking	-842.337411	68.541767	-265.891900	17.848	-47.168	0.0428
30	30	tracking	-842.314701	68.316383	-265.851180	-7.152	-47.168	0.0362
30	31	tracking	-842.286574	68.061148	-265.802342	-32.152	-47.168	0.0341
30	32	tracking	-842.259881	67.767696	-265.745824	-7.152	-55.168	0.0364
30	33	tracking	-842.240462	67.437521	-265.681909	17.848	-55.963	0.0395
30	34	landing	-842.229338	67.084979	-265.605774	17.848	-47.963	0.0412
30	35	landing	-842.226104	66.712445	-265.517200	17.848	-47.963	0.0269
30	36	landing	-842.230404	66.322287	-265.415975	17.848	-47.963	0.0269
30	37	landing	-842.241916	65.916813	-265.301934	17.848	-47.963	0.0286
31	0	corrected	-850.577539	68.934996	-257.000632	-139.104	-4.000	3.2234
31	1	tracking	-849.906392	68.889508	-257.588079	-164.104	2.997	0.3888
31	2	tracking	-849.322856	68.841054	-258.201703	170.896	-5.003	0.5130
31	3	tracking	-848.843958	68.801544	-258.820692	150.407	-13.003	0.2600
31	4	tracking	-848.423081	68.776598	-259.444680	175.407	-21.003	0.1576
31	5	tracking	-848.025230	68.768932	-260.062071	-159.593	-29.003	0.1151
31	6	tracking	-847.651470	68.779059	-260.668739	-161.186	-37.003	0.0966
31	7	tracking	-847.280748	68.805122	-261.248578	-136.186	-44.708	0.0845
31	8	tracking	-846.925351	68.843553	-261.811814	-151.708	-41.407	0.0755
31	9	tracking	-846.583419	68.889883	-262.359964	-151.375	-33.740	0.0739
31	10	tracking	-846.252690	68.939947	-262.895474	-151.042	-26.073	0.0727
31	11	tracking	-845.930990	68.988476	-263.420780	-150.708	-18.407	0.0710
31	12	tracking	-845.602765	69.039170	-263.918721	-125.708	-26.407	0.0679
31	13	tracking	-845.264104	69.092747	-264.371126	-100.708	-34.407	0.0669
31	14	tracking	-844.921305	69.146718	-264.763761	-75.708	-42.407	0.0596
31	15	tracking	-844.586967	69.195542	-265.089949	-50.708	-50.407	0.0787
31	16	tracking	-844.261630	69.236472	-265.358947	-51.747	-42.740	0.0594
31	17	tracking	-843.956805	69.268064	-265.568959	-26.747	-34.740	0.0573
31	18	tracking	-843.671367	69.288457	-265.728621	-26.747	-26.740	0.0517
31	19	tracking	-843.404389	69.296443	-265.845774	-26.747	-25.689	0.0466
31	20	tracking	-843.165685	69.291915	-265.923044	-1.747	-17.689	0.0489
31	21	tracking	-842.963108	69.274005	-265.968367	23.253	-9.689	0.0522
31	22	tracking	-842.796698	69.243084	-265.990641	37.878	-7.940	0.0523
31	23	tracking	-842.660919	69.199973	-265.994428	37.878	-7.940	0.0442
31	24	tracking	-842.555684	69.144497	-265.989737	62.878	-15.940	0.0422
31	25	tracking	-842.476051	69.073199	-265.979805	67.848	-23.940	0.0365
31	26	tracking	-842.417479	68.980223	-265.965915	67.848	-31.940	0.0372
31	27	tracking	-842.376216	68.858054	-265.949091	67.848	-39.940	0.0321
31	28	tracking	-842.346543	68.699106	-265.926454	42.848	-47.168	0.0340
31	29	tracking	-842.323604	68.505114	-265.895417	17.848	-47.168	0.0299
31	30	tracking	-842.301553	68.278484	-265.854909	-7.152	-47.168	0.0309
31	31	tracking	-842.274005	68.022040	-265.806248	-32.152	-47.168	0.0262
31	32	tracking	-842.247827	67.727395	-265.749882	-7.152	-55.168	0.0302
31	33	tracking	-842.228871	67.396051	-265.686096	17.848	-55.963	0.0244
31	34	landing	-842.218167	67.042391	-265.610048	17.848	-47.963	0.0220
31	35	landing	-842.215317	66.668796	-265.521520	17.848	-47.963	0.0228
31	36	landing	-842.219972	66.277640	-265.420300	17.848	-47.963	0.0180
31	37	landing	-842.231812	65.871233	-265.306223	17.848	-47.963	0.0171
32	0	tracking	-850.714387	68.799208	-257.063597	-139.104	-4.000	0.1229
32	1	tracking	-850.076702	68.723569	-257.615837	-164.104	-0.670	0.0955
32	2	tracking	-849.522357	68.653748	-258.194209	170.896	-8.670	0.0857
32	3	tracking	-849.063742	68.598235	-258.780065	153.407	-16.670	0.0808
32	4	tracking	-848.657032	68.559900	-259.370951	178.407	-24.670	0.0767
32	5	tracking	-848.270022	68.539435	-259.954330	-156.593	-32.670	0.0718
32	6	tracking	-847.905146	68.535756	-260.526865	-159.186	-40.670	0.0689
32	7	tracking	-847.542728	68.545958	-261.073262	-134.186	-46.375	0.0751
32	8	tracking	-847.194676	68.567070	-261.604306	-150.375	-42.740	0.0732
32	9	tracking	-846.859318	68.595668	-262.121859	-150.375	-34.740	0.0683
32	10	tracking	-846.535097	68.627276	-262.627694	-150.375	-26.740	0.0695
32	11	tracking	-846.220214	68.656795	-263.124119	-150.375	-18.740	0.0722
32	12	tracking	-845.899734	68.687605	-263.594777	-125.375	-26.740	0.0572
32	13	tracking	-845.569598	68.720382	-264.022296	-100.375	-34.740	0.0552
32	14	tracking	-845.235656	68.752590	-264.392832	-75.375	-42.740	0.0549
32	15	tracking	-844.910026	68.778682	-264.699724	-50.375	-50.740	0.0519
32	16	tracking	-844.592789	68.796802	-264.951798	-51.747	-42.740	0.0498
32	17	tracking	-844.295203	68.806243	-265.146775	-26.747	-34.740	0.0462
32	18	tracking	-844.016043	68.805846	-265.292700	-26.747	-26.740	0.0467
32	19	tracking	-843.754436	68.794457	-265.397171	-26.747	-25.689	0.0437
32	20	tracking	-843.520496	68.772288	-265.462443	-1.747	-17.689	0.0409
32	21	tracking	-843.322473	68.738602	-265.496358	23.253	-9.689	0.0429
32	22	tracking	-843.160581	68.693620	-265.507875	37.878	-7.940	0.0384
32	23	tracking	-843.029258	68.637985	-265.501523	37.878	-7.940	0.0398
32	24	tracking	-842.928567	68.571221	-265.487506	62.878	-15.940	0.0390
32	25	tracking	-842.853473	68.489596	-265.469064	67.848	-23.940	0.0513
32	26	tracking	-842.799341	68.387035	-265.447430	67.848	-31.940	0.0381
32	27	tracking	-842.762365	68.255871	-265.423572	67.848	-39.940	0.0332
32	28	tracking	-842.736737	68.088465	-265.394426	42.848	-47.168	0.0353
32	29	tracking	-842.717541	67.886704	-265.357153	17.848	-47.168	0.0295
32	30	tracking	-842.698756	67.653119	-265.310532	-7.152	-47.168	0.0314
32	31	tracking	-842.673804	67.390554	-265.255926	-32.152	-47.168	0.0383
32	32	tracking	-842.649882	67.090532	-265.193801	-7.152	-55.168	0.0337
32	33	tracking	-842.633075	66.754543	-265.124448	17.848	-55.963	0.0272
32	34	landing	-842.624450	66.396983	-265.042932	17.848	-47.963	0.0213
32	35	landing	-842.623617	66.020220	-264.949025	17.848	-47.963	0.0201
32	36	landing	-842.630225	65.626596	-264.842524	17.848	-47.963	0.0211
33	0	tracking	-850.614387	68.799208	-257.063597	-139.104	-4.000	0.1435
33	1	tracking	-849.976702	68.723569	-257.615837	-164.104	-0.670	0.0924
33	2	tracking	-849.422357	68.653748	-258.194209	170.896	-8.670	0.0778
33	3	tracking	-848.963742	68.598235	-258.780065	153.407	-16.670	0.1579
33	4	tracking	-848.557032	68.559900	-259.370951	178.407	-24.670	0.2221
33	5	tracking	-848.170022	68.539435	-259.954330	-156.593	-32.670	0.0927
33	6	tracking	-847.805146	68.535756	-260.526865	-159.186	-40.670	0.0668
33	7	tracking	-847.442728	68.545958	-261.073262	-134.186	-46.375	0.0598
33	8	tracking	-847.094676	68.567070	-261.604306	-150.375	-42.740	0.0549
33	9	tracking	-846.759318	68.595668	-262.121859	-150.375	-34.740	0.0539
33	10	tracking	-846.435097	68.627276	-262.627694	-150.375	-26.740	0.0538
33	11	tracking	-846.120214	68.656795	-263.124119	-150.375	-18.740	0.0559
33	12	tracking	-845.799734	68.687605	-263.594777	-125.375	-26.740	0.0733
33	13	tracking	-845.469598	68.720382	-264.022296	-100.375	-34.740	0.0444
33	14	tracking	-845.135656	68.752590	-264.392832	-75.375	-42.740	0.0442
33	15	tracking	-844.810026	68.778682	-264.699724	-50.375	-50.740	0.0479
33	16	tracking	-844.492789	68.796802	-264.951798	-51.747	-42.740	0.0470
33	17	tracking	-844.195203	68.806243	-265.146775	-26.747	-34.740	0.0414
33	18	tracking	-843.916043	68.805846	-265.292700	-26.747	-26.740	0.0346
33	19	tracking	-843.654436	68.794457	-265.397171	-26.747	-25.689	0.0362
33	20	tracking	-843.420496	68.772288	-265.462443	-1.747	-17.689	0.0313
33	21	tracking	-843.222473	68.738602	-265.496358	23.253	-9.689	0.0405
33	22	tracking	-843.060581	68.693620	-265.507875	37.878	-7.940	0.0301
33	23	tracking	-842.929258	68.637985	-265.501523	37.878	-7.940	0.0278
33	24	tracking	-842.828567	68.571221	-265.487506	62.878	-15.940	0.0288
33	25	tracking	-842.753473	68.489596	-265.469064	67.848	-23.940	0.0300
33	26	tracking	-842.699341	68.387035	-265.447430	67.848	-31.940	0.0251
33	27	tracking	-842.662365	68.255871	-265.423572	67.848	-39.940	0.0274
33	28	tracking	-842.636737	68.088465	-265.394426	42.848	-47.168	0.0247
33	29	tracking	-842.617541	67.886704	-265.357153	17.848	-47.168	0.0209
33	30	tracking	-842.598756	67.653119	-265.310532	-7.152	-47.168	0.0233
33	31	tracking	-842.573804	67.390554	-265.255926	-32.152	-47.168	0.0367
33	32	tracking	-842.549882	67.090532	-265.193801	-7.152	-55.168	0.0431
33	33	tracking	-842.533075	66.754543	-265.124448	17.848	-55.963	0.0233
33	34	landing	-842.524450	66.396983	-265.042932	17.848	-47.963	0.0141
33	35	landing	-842.523617	66.020220	-264.949025	17.848	-47.963	0.0118
33	36	landing	-842.530225	65.626596	-264.842524	17.848	-47.963	0.0107
34	0	tracking	-850.714387	68.899208	-257.063597	-139.104	-4.000	0.1199
34	1	tracking	-850.076702	68.823569	-257.615837	-164.104	-0.670	0.0895
34	2	tracking	-849.522357	68.753748	-258.194209	170.896	-8.670	0.0840
34	3	tracking	-849.063742	68.698235	-258.780065	153.407	-16.670	0.0838
34	4	tracking	-848.657032	68.659900	-259.370951	178.407	-24.670	0.0726
34	5	tracking	-848.270022	68.639435	-259.954330	-156.593	-32.670	0.0699
34	6	tracking	-847.905146	68.635756	-260.526865	-159.186	-40.670	0.0846
34	7	tracking	-847.542728	68.645958	-261.073262	-134.186	-46.375	0.0724
34	8	tracking	-847.194676	68.667070	-261.604306	-150.375	-42.740	0.0637
34	9	tracking	-846.859318	68.695668	-262.121859	-150.375	-34.740	0.0660
34	10	tracking	-846.535097	68.727276	-262.627694	-150.375	-26.740	0.0622
34	11	tracking	-846.220214	68.756795	-263.124119	-150.375	-18.740	0.0591
34	12	tracking	-845.899734	68.787605	-263.594777	-125.375	-26.740	0.0523
34	13	tracking	-845.569598	68.820382	-264.022296	-100.375	-34.740	0.0538
34	14	tracking	-845.235656	68.852590	-264.392832	-75.375	-42.740	0.0529
34	15	tracking	-844.910026	68.878682	-264.699724	-50.375	-50.740	0.0488
34	16	tracking	-844.592789	68.896802	-264.951798	-51.747	-42.740	0.0454
34	17	tracking	-844.295203	68.906243	-265.146775	-26.747	-34.740	0.0453
34	18	tracking	-844.016043	68.905846	-265.292700	-26.747	-26.740	0.0439
34	19	tracking	-843.754436	68.894457	-265.397171	-26.747	-25.689	0.0389
34	20	tracking	-843.520496	68.872288	-265.462443	-1.747	-17.689	0.0422
34	21	tracking	-843.322473	68.838602	-265.496358	23.253	-9.689	0.0397
34	22	tracking	-843.160581	68.793620	-265.507875	37.878	-7.940	0.0364
34	23	tracking	-843.029258	68.737985	-265.501523	37.878	-7.940	0.0390
34	24	tracking	-842.928567	68.671221	-265.487506	62.878	-15.940	0.0356
34	25	tracking	-842.853473	68.589596	-265.469064	67.848	-23.940	0.0377
34	26	tracking	-842.799341	68.487035	-265.447430	67.848	-31.940	0.0316
34	27	tracking	-842.762365	68.355871	-265.423572	67.848	-39.940	0.0339
34	28	tracking	-842.736737	68.188465	-265.394426	42.848	-47.168	0.0301
34	29	tracking	-842.717541	67.986704	-265.357153	17.848	-47.168	0.0366
34	30	tracking	-842.698756	67.753119	-265.310532	-7.152	-47.168	0.0308
34	31	tracking	-842.673804	67.490554	-265.255926	-32.152	-47.168	0.0312
34	32	tracking	-842.649882	67.190532	-265.193801	-7.152	-55.168	0.0260
34	33	tracking	-842.633075	66.854543	-265.124448	17.848	-55.963	0.0234
34	34	landing	-842.624450	66.496983	-265.042932	17.848	-47.963	0.0237
34	35	landing	-842.623617	66.120220	-264.949025	17.848	-47.963	0.0197
34	36	landing	-842.630225	65.726596	-264.842524	17.848	-47.963	0.0170
35	0	tracking	-850.614387	68.899208	-257.063597	-139.104	-4.000	0.1083
35	1	tracking	-849.976702	68.823569	-257.615837	-164.104	-0.670	0.0894
35	2	tracking	-849.422357	68.753748	-258.194209	170.896	-8.670	0.0750
35	3	tracking	-848.963742	68.698235	-258.780065	153.407	-16.670	0.0804
35	4	tracking	-848.557032	68.659900	-259.370951	178.407	-24.670	0.0709
35	5	tracking	-848.170022	68.639435	-259.954330	-156.593	-32.670	0.0646
35	6	tracking	-847.805146	68.635756	-260.526865	-159.186	-40.670	0.0708
35	7	tracking	-847.442728	68.645958	-261.073262	-134.186	-46.375	0.0644
35	8	tracking	-847.094676	68.667070	-261.604306	-150.375	-42.740	0.0577
35	9	tracking	-846.759318	68.695668	-262.121859	-150.375	-34.740	0.0606
35	10	tracking	-846.435097	68.727276	-262.627694	-150.375	-26.740	0.0589
35	11	tracking	-846.120214	68.756795	-263.124119	-150.375	-18.740	0.0550
35	12	tracking	-845.799734	68.787605	-263.594777	-125.375	-26.740	0.0467
35	13	tracking	-845.469598	68.820382	-264.022296	-100.375	-34.740	0.1111
35	14	tracking	-845.135656	68.852590	-264.392832	-75.375	-42.740	0.1108
35	15	tracking	-844.810026	68.878682	-264.699724	-50.375	-50.740	0.0625
35	16	tracking	-844.492789	68.896802	-264.951798	-51.747	-42.740	0.0424
35	17	tracking	-844.195203	68.906243	-265.146775	-26.747	-34.740	0.0420
35	18	tracking	-843.916043	68.905846	-265.292700	-26.747	-26.740	0.0472
35	19	tracking	-843.654436	68.894457	-265.397171	-26.747	-25.689	0.0365
35	20	tracking	-843.420496	68.872288	-265.462443	-1.747	-17.689	0.0326
35	21	tracking	-843.222473	68.838602	-265.496358	23.253	-9.689	0.0353
35	22	tracking	-843.060581	68.793620	-265.507875	37.878	-7.940	0.0289
35	23	tracking	-842.929258	68.737985	-265.501523	37.878	-7.940	0.0308
35	24	tracking	-842.828567	68.671221	-265.487506	62.878	-15.940	0.0306
35	25	tracking	-842.753473	68.589596	-265.469064	67.848	-23.940	0.0302
35	26	tracking	-842.699341	68.487035	-265.447430	67.848	-31.940	0.0253
35	27	tracking	-842.662365	68.355871	-265.423572	67.848	-39.940	0.0235
35	28	tracking	-842.636737	68.188465	-265.394426	42.848	-47.168	0.0254
35	29	tracking	-842.617541	67.986704	-265.357153	17.848	-47.168	0.0212
35	30	tracking	-842.598756	67.753119	-265.310532	-7.152	-47.168	0.0198
35	31	tracking	-842.573804	67.490554	-265.255926	-32.152	-47.168	0.0206
35	32	tracking	-842.549882	67.190532	-265.193801	-7.152	-55.168	0.0166
35	33	tracking	-842.533075	66.854543	-265.124448	17.848	-55.963	0.0148
35	34	landing	-842.524450	66.496983	-265.042932	17.848	-47.963	0.0130
35	35	landing	-842.523617	66.120220	-264.949025	17.848	-47.963	0.0128
35	36	landing	-842.530225	65.726596	-264.842524	17.848	-47.963	0.0123
36	0	tracking	-850.714387	68.799208	-256.963597	-139.104	-4.000	1.6908
36	1	tracking	-850.076702	68.723569	-257.515837	-164.104	-0.670	0.2389
36	2	tracking	-849.522357	68.653748	-258.094209	170.896	-8.670	0.4338
36	3	tracking	-849.063742	68.598235	-258.680065	153.407	-16.670	0.2933
36	4	tracking	-848.657032	68.559900	-259.270951	178.407	-24.670	0.1589
36	5	tracking	-848.270022	68.539435	-259.854330	-156.593	-32.670	0.1478
36	6	tracking	-847.905146	68.535756	-260.426865	-159.186	-40.670	0.1573
36	7	tracking	-847.542728	68.545958	-260.973262	-134.186	-46.375	0.1878
36	8	tracking	-847.194676	68.567070	-261.504306	-150.375	-42.740	0.1421
36	9	tracking	-846.859318	68.595668	-262.021859	-150.375	-34.740	0.1472
36	10	tracking	-846.535097	68.627276	-262.527694	-150.375	-26.740	0.1538
36	11	tracking	-846.220214	68.656795	-263.024119	-150.375	-18.740	0.1677
36	12	tracking	-845.899734	68.687605	-263.494777	-125.375	-26.740	0.1470
36	13	tracking	-845.569598	68.720382	-263.922296	-100.375	-34.740	0.1450
36	14	tracking	-845.235656	68.752590	-264.292832	-75.375	-42.740	0.1499
36	15	tracking	-844.910026	68.778682	-264.599724	-50.375	-50.740	0.1544
36	16	tracking	-844.592789	68.796802	-264.851798	-51.747	-42.740	0.1323
36	17	tracking	-844.295203	68.806243	-265.046775	-26.747	-34.740	0.1185
36	18	tracking	-844.016043	68.805846	-265.192700	-26.747	-26.740	0.1222
36	19	tracking	-843.754436	68.794457	-265.297171	-26.747	-25.689	0.1236
36	20	tracking	-843.520496	68.772288	-265.362443	-1.747	-17.689	0.1212
36	21	tracking	-843.322473	68.738602	-265.396358	23.253	-9.689	0.1286
36	22	tracking	-843.160581	68.693620	-265.407875	37.878	-7.940	0.1310
36	23	tracking	-843.029258	68.637985	-265.401523	37.878	-7.940	0.1114
36	24	tracking	-842.928567	68.571221	-265.387506	62.878	-15.940	0.1105
36	25	tracking	-842.853473	68.489596	-265.369064	67.848	-23.940	0.1117
36	26	tracking	-842.799341	68.387035	-265.347430	67.848	-31.940	0.1037
36	27	tracking	-842.762365	68.255871	-265.323572	67.848	-39.940	0.1024
36	28	tracking	-842.736737	68.088465	-265.294426	42.848	-47.168	0.1025
36	29	tracking	-842.717541	67.886704	-265.257153	17.848	-47.168	0.1009
36	30	tracking	-842.698756	67.653119	-265.210532	-7.152	-47.168	0.0992
36	31	tracking	-842.673804	67.390554	-265.155926	-32.152	-47.168	0.1094
36	32	tracking	-842.649882	67.090532	-265.093801	-7.152	-55.168	0.1044
36	33	tracking	-842.633075	66.754543	-265.024448	17.848	-55.963	0.1042
36	34	landing	-842.632191	66.396983	-264.947463	42.848	-47.963	0.0207
36	35	landing	-842.646357	66.019756	-264.862748	42.848	-47.963	0.0231
36	36	landing	-842.674908	65.624950	-264.770095	42.848	-47.963	0.0165
37	0	tracking	-850.614387	68.799208	-256.963597	-139.104	-4.000	0.2077
37	1	tracking	-849.976702	68.723569	-257.515837	-164.104	-0.670	0.1458
37	2	tracking	-849.422357	68.653748	-258.094209	170.896	-8.670	0.2559
37	3	tracking	-848.963742	68.598235	-258.680065	153.407	-16.670	0.1669
37	4	tracking	-848.557032	68.559900	-259.270951	178.407	-24.670	0.1457
37	5	tracking	-848.170022	68.539435	-259.854330	-156.593	-32.670	0.1351
37	6	tracking	-847.805146	68.535756	-260.426865	-159.186	-40.670	0.1397
37	7	tracking	-847.442728	68.545958	-260.973262	-134.186	-46.375	0.1225
37	8	tracking	-847.094676	68.567070	-261.504306	-150.375	-42.740	0.1426
37	9	tracking	-846.759318	68.595668	-262.021859	-150.375	-34.740	0.1246
37	10	tracking	-846.435097	68.627276	-262.527694	-150.375	-26.740	0.1235
37	11	tracking	-846.120214	68.656795	-263.024119	-150.375	-18.740	0.1160
37	12	tracking	-845.799734	68.687605	-263.494777	-125.375	-26.740	0.1197
37	13	tracking	-845.469598	68.720382	-263.922296	-100.375	-34.740	0.1251
37	14	tracking	-845.135656	68.752590	-264.292832	-75.375	-42.740	0.1161
37	15	tracking	-844.810026	68.778682	-264.599724	-50.375	-50.740	0.2546
37	16	tracking	-844.492789	68.796802	-264.851798	-51.747	-42.740	0.2337
37	17	tracking	-844.195203	68.806243	-265.046775	-26.747	-34.740	0.2187
37	18	tracking	-843.916043	68.805846	-265.192700	-26.747	-26.740	0.2230
37	19	tracking	-843.654436	68.794457	-265.297171	-26.747	-25.689	0.2377
37	20	tracking	-843.420496	68.772288	-265.362443	-1.747	-17.689	0.2111
37	21	tracking	-843.222473	68.738602	-265.396358	23.253	-9.689	0.1947
37	22	tracking	-843.060581	68.693620	-265.407875	37.878	-7.940	0.1429
37	23	tracking	-842.929258	68.637985	-265.401523	37.878	-7.940	0.0957
37	24	tracking	-842.828567	68.571221	-265.387506	62.878	-15.940	0.0928
37	25	tracking	-842.753473	68.489596	-265.369064	67.848	-23.940	0.0864
37	26	tracking	-842.699341	68.387035	-265.347430	67.848	-31.940	0.0858
37	27	tracking	-842.662365	68.255871	-265.323572	67.848	-39.940	0.0837
37	28	tracking	-842.636737	68.088465	-265.294426	42.848	-47.168	0.0832
37	29	tracking	-842.617541	67.886704	-265.257153	17.848	-47.168	0.0923
37	30	tracking	-842.598756	67.653119	-265.210532	-7.152	-47.168	0.0792
37	31	tracking	-842.573804	67.390554	-265.155926	-32.152	-47.168	0.0795
37	32	tracking	-842.549882	67.090532	-265.093801	-7.152	-55.168	0.0834
37	33	tracking	-842.533075	66.754543	-265.024448	17.848	-55.963	0.0720
37	34	landing	-842.532191	66.396983	-264.947463	42.848	-47.963	0.0181
37	35	landing	-842.546357	66.019756	-264.862748	42.848	-47.963	0.0245
37	36	landing	-842.574908	65.624950	-264.770095	42.848	-47.963	0.0188
38	0	tracking	-850.714387	68.899208	-256.963597	-139.104	-4.000	0.2401
38	1	tracking	-850.076702	68.823569	-257.515837	-164.104	-0.670	0.1696
38	2	tracking	-849.522357	68.753748	-258.094209	170.896	-8.670	0.1634
38	3	tracking	-849.063742	68.698235	-258.680065	153.407	-16.670	0.1553
38	4	tracking	-848.657032	68.659900	-259.270951	178.407	-24.670	0.1481
38	5	tracking	-848.270022	68.639435	-259.854330	-156.593	-32.670	0.1451
38	6	tracking	-847.905146	68.635756	-260.426865	-159.186	-40.670	0.1427
38	7	tracking	-847.542728	68.645958	-260.973262	-134.186	-46.375	0.1376
38	8	tracking	-847.194676	68.667070	-261.504306	-150.375	-42.740	0.1720
38	9	tracking	-846.859318	68.695668	-262.021859	-150.375	-34.740	0.1447
38	10	tracking	-846.535097	68.727276	-262.527694	-150.375	-26.740	0.1381
38	11	tracking	-846.220214	68.756795	-263.024119	-150.375	-18.740	0.1506
38	12	tracking	-845.899734	68.787605	-263.494777	-125.375	-26.740	0.1407
38	13	tracking	-845.569598	68.820382	-263.922296	-100.375	-34.740	0.1295
38	14	tracking	-845.235656	68.852590	-264.292832	-75.375	-42.740	0.1241
38	15	tracking	-844.910026	68.878682	-264.599724	-50.375	-50.740	0.1277
38	16	tracking	-844.592789	68.896802	-264.851798	-51.747	-42.740	0.1259
38	17	tracking	-844.295203	68.906243	-265.046775	-26.747	-34.740	0.1337
38	18	tracking	-844.016043	68.905846	-265.192700	-26.747	-26.740	0.1324
38	19	tracking	-843.754436	68.894457	-265.297171	-26.747	-25.689	0.1235
38	20	tracking	-843.520496	68.872288	-265.362443	-1.747	-17.689	0.1201
38	21	tracking	-843.322473	68.838602	-265.396358	23.253	-9.689	0.1222
38	22	tracking	-843.160581	68.793620	-265.407875	37.878	-7.940	0.1203
38	23	tracking	-843.029258	68.737985	-265.401523	37.878	-7.940	0.2623
38	24	tracking	-842.928567	68.671221	-265.387506	62.878	-15.940	0.1850
38	25	tracking	-842.853473	68.589596	-265.369064	67.848	-23.940	0.1829
38	26	tracking	-842.799341	68.487035	-265.347430	67.848	-31.940	0.1272
38	27	tracking	-842.762365	68.355871	-265.323572	67.848	-39.940	0.1237
38	28	tracking	-842.736737	68.188465	-265.294426	42.848	-47.168	0.1171
38	29	tracking	-842.717541	67.986704	-265.257153	17.848	-47.168	0.1138
38	30	tracking	-842.698756	67.753119	-265.210532	-7.152	-47.168	0.1027
38	31	tracking	-842.673804	67.490554	-265.155926	-32.152	-47.168	0.1006
38	32	tracking	-842.649882	67.190532	-265.093801	-7.152	-55.168	0.0999
38	33	tracking	-842.633075	66.854543	-265.024448	17.848	-55.963	0.0974
38	34	landing	-842.632191	66.496983	-264.947463	42.848	-47.963	0.0213
38	35	landing	-842.646357	66.119756	-264.862748	42.848	-47.963	0.0235
38	36	landing	-842.674908	65.724950	-264.770095	42.848	-47.963	0.0207
39	0	tracking	-850.614387	68.899208	-256.963597	-139.104	-4.000	0.1805
39	1	tracking	-849.976702	68.823569	-257.515837	-164.104	-0.670	0.1540
39	2	tracking	-849.422357	68.753748	-258.094209	170.896	-8.670	0.1419
39	3	tracking	-848.963742	68.698235	-258.680065	153.407	-16.670	0.1366
39	4	tracking	-848.557032	68.659900	-259.270951	178.407	-24.670	0.1308
39	5	tracking	-848.170022	68.639435	-259.854330	-156.593	-32.670	0.1417
39	6	tracking	-847.805146	68.635756	-260.426865	-159.186	-40.670	0.1247
39	7	tracking	-847.442728	68.645958	-260.973262	-134.186	-46.375	0.1179
39	8	tracking	-847.094676	68.667070	-261.504306	-150.375	-42.740	0.1192
39	9	tracking	-846.759318	68.695668	-262.021859	-150.375	-34.740	0.1186
39	10	tracking	-846.435097	68.727276	-262.527694	-150.375	-26.740	0.1182
39	11	tracking	-846.120214	68.756795	-263.024119	-150.375	-18.740	0.1108
39	12	tracking	-845.799734	68.787605	-263.494777	-125.375	-26.740	0.1090
39	13	tracking	-845.469598	68.820382	-263.922296	-100.375	-34.740	0.1087
39	14	tracking	-845.135656	68.852590	-264.292832	-75.375	-42.740	0.1033
39	15	tracking	-844.810026	68.878682	-264.599724	-50.375	-50.740	0.1091
39	16	tracking	-844.492789	68.896802	-264.851798	-51.747	-42.740	0.1260
39	17	tracking	-844.195203	68.906243	-265.046775	-26.747	-34.740	0.0988
39	18	tracking	-843.916043	68.905846	-265.192700	-26.747	-26.740	0.0986
39	19	tracking	-843.654436	68.894457	-265.297171	-26.747	-25.689	0.0951
39	20	tracking	-843.420496	68.872288	-265.362443	-1.747	-17.689	0.0967
39	21	tracking	-843.222473	68.838602	-265.396358	23.253	-9.689	0.0934
39	22	tracking	-843.060581	68.793620	-265.407875	37.878	-7.940	0.1486
39	23	tracking	-842.929258	68.737985	-265.401523	37.878	-7.940	0.0957
39	24	tracking	-842.828567	68.671221	-265.387506	62.878	-15.940	0.0951
39	25	tracking	-842.753473	68.589596	-265.369064	67.848	-23.940	0.0943
39	26	tracking	-842.699341	68.487035	-265.347430	67.848	-31.940	0.0924
39	27	tracking	-842.662365	68.355871	-265.323572	67.848	-39.940	0.1915
39	28	tracking	-842.636737	68.188465	-265.294426	42.848	-47.168	0.2272
39	29	tracking	-842.617541	67.986704	-265.257153	17.848	-47.168	0.1608
39	30	tracking	-842.598756	67.753119	-265.210532	-7.152	-47.168	0.0930
39	31	tracking	-842.573804	67.490554	-265.155926	-32.152	-47.168	0.0769
39	32	tracking	-842.549882	67.190532	-265.093801	-7.152	-55.168	0.0894
39	33	tracking	-842.533075	66.854543	-265.024448	17.848	-55.963	0.0743
39	34	landing	-842.532191	66.496983	-264.947463	42.848	-47.963	0.0189
39	35	landing	-842.546357	66.119756	-264.862748	42.848	-47.963	0.0182
39	36	landing	-842.574908	65.724950	-264.770095	42.848	-47.963	0.0175
40	0	tracking	-850.676676	68.799495	-257.065989	-139.104	-4.000	0.1460
40	1	tracking	-850.004538	68.724156	-257.623348	-164.104	-0.670	0.1044
40	2	tracking	-849.419931	68.655159	-258.208991	170.896	-8.670	0.1461
40	3	tracking	-848.935370	68.601329	-258.803357	153.407	-16.670	0.0945
40	4	tracking	-848.505591	68.565702	-259.403623	178.407	-24.670	0.1111
40	5	tracking	-848.097433	68.549122	-259.996735	-156.593	-32.670	0.1124
40	6	tracking	-847.713247	68.550656	-260.579166	-159.186	-40.670	0.0869
40	7	tracking	-847.332796	68.567433	-261.135186	-134.186	-46.375	0.0727
40	8	tracking	-846.968165	68.596179	-261.675703	-150.375	-42.740	0.0690
40	9	tracking	-846.617598	68.632973	-262.202465	-150.375	-34.740	0.0667
40	10	tracking	-846.279293	68.673240	-262.717444	-150.375	-26.740	0.0819
40	11	tracking	-845.951197	68.711864	-263.223183	-150.375	-18.740	0.0667
40	12	tracking	-845.618083	68.752237	-263.702751	-125.375	-26.740	0.0617
40	13	tracking	-845.276081	68.794847	-264.138320	-100.375	-34.740	0.0614
40	14	tracking	-844.931036	68.837333	-264.515891	-75.375	-42.740	0.0566
40	15	tracking	-844.595100	68.874326	-264.828708	-50.375	-50.740	0.0545
40	16	tracking	-844.268411	68.903537	-265.085849	-51.747	-42.740	0.0490
40	17	tracking	-843.962330	68.923868	-265.285194	-26.747	-34.740	0.0511
40	18	tracking	-843.675595	68.933828	-265.435000	-26.747	-26.740	0.0484
40	19	tracking	-843.407256	68.932228	-265.542961	-26.747	-25.689	0.0438
40	20	tracking	-843.167321	68.919069	-265.611471	-1.747	-17.689	0.0460
40	21	tracking	-842.963892	68.893496	-265.648418	23.253	-9.689	0.0439
40	22	tracking	-842.797086	68.855785	-265.662763	37.878	-7.940	0.0393
40	23	tracking	-842.661291	68.806666	-265.659051	37.878	-7.940	0.0422
40	24	tracking	-842.556484	68.745847	-265.647453	62.878	-15.940	0.0357
40	25	tracking	-842.477610	68.669754	-265.631213	67.848	-23.940	0.0378
40	26	tracking	-842.420019	68.572438	-265.611579	67.848	-31.940	0.0328
40	27	tracking	-842.379885	68.446317	-265.589532	67.848	-39.940	0.0353
40	28	tracking	-842.351392	68.283788	-265.562057	42.848	-47.168	0.0310
40	29	tracking	-842.329599	68.086657	-265.526411	17.848	-47.168	0.0321
40	30	tracking	-842.308524	67.857386	-265.481439	-7.152	-47.168	0.0397
40	31	tracking	-842.281650	67.598799	-265.428489	-32.152	-47.168	0.0305
40	32	tracking	-842.256035	67.302480	-265.368000	-7.152	-55.168	0.0251
40	33	tracking	-842.237670	66.969914	-265.300262	17.848	-55.963	0.0235
40	34	landing	-842.227589	66.615449	-265.220396	17.848	-47.963	0.0261
40	35	landing	-842.225387	66.241447	-265.128178	17.848	-47.963	0.0190
40	36	landing	-842.230704	65.850251	-265.023403	17.848	-47.963	0.0191
41	0	tracking	-850.576676	68.799495	-257.065989	-139.104	-4.000	0.1452
41	1	tracking	-849.904538	68.724156	-257.623348	-164.104	-0.670	0.1004
41	2	tracking	-849.319931	68.655159	-258.208991	170.896	-8.670	0.0932
41	3	tracking	-848.835370	68.601329	-258.803357	153.407	-16.670	0.0867
41	4	tracking	-848.405591	68.565702	-259.403623	178.407	-24.670	0.0826
41	5	tracking	-847.997433	68.549122	-259.996735	-156.593	-32.670	0.0792
41	6	tracking	-847.613247	68.550656	-260.579166	-159.186	-40.670	0.0733
41	7	tracking	-847.232796	68.567433	-261.135186	-134.186	-46.375	0.0719
41	8	tracking	-846.868165	68.596179	-261.675703	-150.375	-42.740	0.0704
41	9	tracking	-846.517598	68.632973	-262.202465	-150.375	-34.740	0.0695
41	10	tracking	-846.179293	68.673240	-262.717444	-150.375	-26.740	0.0793
41	11	tracking	-845.851197	68.711864	-263.223183	-150.375	-18.740	0.0658
41	12	tracking	-845.518083	68.752237	-263.702751	-125.375	-26.740	0.1139
41	13	tracking	-845.176081	68.794847	-264.138320	-100.375	-34.740	0.0632
41	14	tracking	-844.831036	68.837333	-264.515891	-75.375	-42.740	0.0531
41	15	tracking	-844.495100	68.874326	-264.828708	-50.375	-50.740	0.0556
41	16	tracking	-844.168411	68.903537	-265.085849	-51.747	-42.740	0.1807
41	17	tracking	-843.862330	68.923868	-265.285194	-26.747	-34.740	0.1343
41	18	tracking	-843.575595	68.933828	-265.435000	-26.747	-26.740	0.1180
41	19	tracking	-843.307256	68.932228	-265.542961	-26.747	-25.689	0.0767
41	20	tracking	-843.067321	68.919069	-265.611471	-1.747	-17.689	0.0546
41	21	tracking	-842.863892	68.893496	-265.648418	23.253	-9.689	0.0425
41	22	tracking	-842.697086	68.855785	-265.662763	37.878	-7.940	0.0418
41	23	tracking	-842.561291	68.806666	-265.659051	37.878	-7.940	0.0363
41	24	tracking	-842.456484	68.745847	-265.647453	62.878	-15.940	0.0390
41	25	tracking	-842.377610	68.669754	-265.631213	67.848	-23.940	0.0348
41	26	tracking	-842.320019	68.572438	-265.611579	67.848	-31.940	0.0396
41	27	tracking	-842.279885	68.446317	-265.589532	67.848	-39.940	0.0323
41	28	tracking	-842.251392	68.283788	-265.562057	42.848	-47.168	0.0319
41	29	tracking	-842.229599	68.086657	-265.526411	17.848	-47.168	0.0285
41	30	tracking	-842.208524	67.857386	-265.481439	-7.152	-47.168	0.0296
41	31	tracking	-842.181650	67.598799	-265.428489	-32.152	-47.168	0.0248
41	32	tracking	-842.156035	67.302480	-265.368000	-7.152	-55.168	0.0479
41	33	tracking	-842.137670	66.969914	-265.300262	17.848	-55.963	0.0236
41	34	landing	-842.127589	66.615449	-265.220396	17.848	-47.963	0.0202
41	35	landing	-842.125387	66.241447	-265.128178	17.848	-47.963	0.0183
41	36	landing	-842.130704	65.850251	-265.023403	17.848	-47.963	0.0177
42	0	tracking	-850.676676	68.899495	-257.065989	-139.104	-4.000	0.1457
42	1	tracking	-850.004538	68.824156	-257.623348	-164.104	-0.670	0.1006
42	2	tracking	-849.419931	68.755159	-258.208991	170.896	-8.670	0.0910
42	3	tracking	-848.935370	68.701329	-258.803357	153.407	-16.670	0.0865
42	4	tracking	-848.505591	68.665702	-259.403623	178.407	-24.670	0.1008
42	5	tracking	-848.097433	68.649122	-259.996735	-156.593	-32.670	0.0885
42	6	tracking	-847.713247	68.650656	-260.579166	-159.186	-40.670	0.0738
42	7	tracking	-847.332796	68.667433	-261.135186	-134.186	-46.375	0.1656
42	8	tracking	-846.968165	68.696179	-261.675703	-150.375	-42.740	0.0778
42	9	tracking	-846.617598	68.732973	-262.202465	-150.375	-34.740	0.0696
42	10	tracking	-846.279293	68.773240	-262.717444	-150.375	-26.740	0.0643
42	11	tracking	-845.951197	68.811864	-263.223183	-150.375	-18.740	0.0652
42	12	tracking	-845.618083	68.852237	-263.702751	-125.375	-26.740	0.0567
42	13	tracking	-845.276081	68.894847	-264.138320	-100.375	-34.740	0.0548
42	14	tracking	-844.931036	68.937333	-264.515891	-75.375	-42.740	0.0539
42	15	tracking	-844.595100	68.974326	-264.828708	-50.375	-50.740	0.0526
42	16	tracking	-844.268411	69.003537	-265.085849	-51.747	-42.740	0.0504
42	17	tracking	-843.962330	69.023868	-265.285194	-26.747	-34.740	0.0569
42	18	tracking	-843.675595	69.033828	-265.435000	-26.747	-26.740	0.0480
42	19	tracking	-843.407256	69.032228	-265.542961	-26.747	-25.689	0.0470
42	20	tracking	-843.167321	69.019069	-265.611471	-1.747	-17.689	0.0417
42	21	tracking	-842.963892	68.993496	-265.648418	23.253	-9.689	0.0432
42	22	tracking	-842.797086	68.955785	-265.662763	37.878	-7.940	0.0411
42	23	tracking	-842.661291	68.906666	-265.659051	37.878	-7.940	0.0739
42	24	tracking	-842.556484	68.845847	-265.647453	62.878	-15.940	0.0482
42	25	tracking	-842.477610	68.769754	-265.631213	67.848	-23.940	0.0455
42	26	tracking	-842.420019	68.672438	-265.611579	67.848	-31.940	0.0388
42	27	tracking	-842.379885	68.546317	-265.589532	67.848	-39.940	0.0317
42	28	tracking	-842.351392	68.383788	-265.562057	42.848	-47.168	0.0363
42	29	tracking	-842.329599	68.186657	-265.526411	17.848	-47.168	0.0440
42	30	tracking	-842.308524	67.957386	-265.481439	-7.152	-47.168	0.0384
42	31	tracking	-842.281650	67.698799	-265.428489	-32.152	-47.168	0.0276
42	32	tracking	-842.256035	67.402480	-265.368000	-7.152	-55.168	0.0243
42	33	tracking	-842.237670	67.069914	-265.300262	17.848	-55.963	0.0269
42	34	landing	-842.227589	66.715449	-265.220396	17.848	-47.963	0.0540
42	35	landing	-842.225387	66.341447	-265.128178	17.848	-47.963	0.0413
42	36	landing	-842.230704	65.950251	-265.023403	17.848	-47.963	0.0294
43	0	tracking	-850.576676	68.899495	-257.065989	-139.104	-4.000	0.1282
43	1	tracking	-849.904538	68.824156	-257.623348	-164.104	-0.670	0.1189
43	2	tracking	-849.319931	68.755159	-258.208991	170.896	-8.670	0.0935
43	3	tracking	-848.835370	68.701329	-258.803357	153.407	-16.670	0.0847
43	4	tracking	-848.405591	68.665702	-259.403623	178.407	-24.670	0.0809
43	5	tracking	-847.997433	68.649122	-259.996735	-156.593	-32.670	0.0763
43	6	tracking	-847.613247	68.650656	-260.579166	-159.186	-40.670	0.0751
43	7	tracking	-847.232796	68.667433	-261.135186	-134.186	-46.375	0.0728
43	8	tracking	-846.868165	68.696179	-261.675703	-150.375	-42.740	0.0915
43	9	tracking	-846.517598	68.732973	-262.202465	-150.375	-34.740	0.1090
43	10	tracking	-846.179293	68.773240	-262.717444	-150.375	-26.740	0.1481
43	11	tracking	-845.851197	68.811864	-263.223183	-150.375	-18.740	0.1190
43	12	tracking	-845.518083	68.852237	-263.702751	-125.375	-26.740	0.1124
43	13	tracking	-845.176081	68.894847	-264.138320	-100.375	-34.740	0.1034
43	14	tracking	-844.831036	68.937333	-264.515891	-75.375	-42.740	0.1173
43	15	tracking	-844.495100	68.974326	-264.828708	-50.375	-50.740	0.0868
43	16	tracking	-844.168411	69.003537	-265.085849	-51.747	-42.740	0.0695
43	17	tracking	-843.862330	69.023868	-265.285194	-26.747	-34.740	0.0544
43	18	tracking	-843.575595	69.033828	-265.435000	-26.747	-26.740	0.0494
43	19	tracking	-843.307256	69.032228	-265.542961	-26.747	-25.689	0.0438
43	20	tracking	-843.067321	69.019069	-265.611471	-1.747	-17.689	0.0467
43	21	tracking	-842.863892	68.993496	-265.648418	23.253	-9.689	0.0451
43	22	tracking	-842.697086	68.955785	-265.662763	37.878	-7.940	0.0394
43	23	tracking	-842.561291	68.906666	-265.659051	37.878	-7.940	0.0407
43	24	tracking	-842.456484	68.845847	-265.647453	62.878	-15.940	0.0356
43	25	tracking	-842.377610	68.769754	-265.631213	67.848	-23.940	0.0381
43	26	tracking	-842.320019	68.672438	-265.611579	67.848	-31.940	0.0324
43	27	tracking	-842.279885	68.546317	-265.589532	67.848	-39.940	0.0348
43	28	tracking	-842.251392	68.383788	-265.562057	42.848	-47.168	0.0314
43	29	tracking	-842.229599	68.186657	-265.526411	17.848	-47.168	0.0306
43	30	tracking	-842.208524	67.957386	-265.481439	-7.152	-47.168	0.0267
43	31	tracking	-842.181650	67.698799	-265.428489	-32.152	-47.168	0.0278
43	32	tracking	-842.156035	67.402480	-265.368000	-7.152	-55.168	0.0251
43	33	tracking	-842.137670	67.069914	-265.300262	17.848	-55.963	0.0241
43	34	landing	-842.127589	66.715449	-265.220396	17.848	-47.963	0.0242
43	35	landing	-842.125387	66.341447	-265.128178	17.848	-47.963	0.0203
43	36	landing	-842.130704	65.950251	-265.023403	17.848	-47.963	0.0178
44	0	tracking	-850.676676	68.799495	-256.965989	-139.104	-4.000	0.1458
44	1	tracking	-850.004538	68.724156	-257.523348	-164.104	-0.670	0.0966
44	2	tracking	-849.419931	68.655159	-258.108991	170.896	-8.670	0.0924
44	3	tracking	-848.935370	68.601329	-258.703357	153.407	-16.670	0.0868
44	4	tracking	-848.505591	68.565702	-259.303623	178.407	-24.670	0.0809
44	5	tracking	-848.097433	68.549122	-259.896735	-156.593	-32.670	0.0770
44	6	tracking	-847.713247	68.550656	-260.479166	-159.186	-40.670	0.0738
44	7	tracking	-847.332796	68.567433	-261.035186	-134.186	-46.375	0.0724
44	8	tracking	-846.968165	68.596179	-261.575703	-150.375	-42.740	0.0842
44	9	tracking	-846.617598	68.632973	-262.102465	-150.375	-34.740	0.1036
44	10	tracking	-846.279293	68.673240	-262.617444	-150.375	-26.740	0.0648
44	11	tracking	-845.951197	68.711864	-263.123183	-150.375	-18.740	0.0638
44	12	tracking	-845.618083	68.752237	-263.602751	-125.375	-26.740	0.0629
44	13	tracking	-845.276081	68.794847	-264.038320	-100.375	-34.740	0.0527
44	14	tracking	-844.931036	68.837333	-264.415891	-75.375	-42.740	0.0549
44	15	tracking	-844.595100	68.874326	-264.728708	-50.375	-50.740	0.0524
44	16	tracking	-844.268411	68.903537	-264.985849	-51.747	-42.740	0.0524
44	17	tracking	-843.962330	68.923868	-265.185194	-26.747	-34.740	0.0526
44	18	tracking	-843.675595	68.933828	-265.335000	-26.747	-26.740	0.0466
44	19	tracking	-843.407256	68.932228	-265.442961	-26.747	-25.689	0.0438
44	20	tracking	-843.167321	68.919069	-265.511471	-1.747	-17.689	0.0391
44	21	tracking	-842.963892	68.893496	-265.548418	23.253	-9.689	0.0443
44	22	tracking	-842.797086	68.855785	-265.562763	37.878	-7.940	0.0437
44	23	tracking	-842.661291	68.806666	-265.559051	37.878	-7.940	0.0425
44	24	tracking	-842.556484	68.745847	-265.547453	62.878	-15.940	0.0437
44	25	tracking	-842.477610	68.669754	-265.531213	67.848	-23.940	0.0324
44	26	tracking	-842.420019	68.572438	-265.511579	67.848	-31.940	0.0359
44	27	tracking	-842.379885	68.446317	-265.489532	67.848	-39.940	0.0309
44	28	tracking	-842.351392	68.283788	-265.462057	42.848	-47.168	0.0289
44	29	tracking	-842.329599	68.086657	-265.426411	17.848	-47.168	0.0287
44	30	tracking	-842.308524	67.857386	-265.381439	-7.152	-47.168	0.0263
44	31	tracking	-842.281650	67.598799	-265.328489	-32.152	-47.168	0.0284
44	32	tracking	-842.256035	67.302480	-265.268000	-7.152	-55.168	0.0244
44	33	tracking	-842.237670	66.969914	-265.200262	17.848	-55.963	0.0223
44	34	landing	-842.227589	66.615449	-265.120396	17.848	-47.963	0.0284
44	35	landing	-842.225387	66.241447	-265.028178	17.848	-47.963	0.0182
44	36	landing	-842.230704	65.850251	-264.923403	17.848	-47.963	0.0180
45	0	tracking	-850.576676	68.799495	-256.965989	-139.104	-4.000	0.1441
45	1	tracking	-849.904538	68.724156	-257.523348	-164.104	-0.670	0.0885
45	2	tracking	-849.319931	68.655159	-258.108991	170.896	-8.670	0.0863
45	3	tracking	-848.835370	68.601329	-258.703357	153.407	-16.670	0.0800
45	4	tracking	-848.405591	68.565702	-259.303623	178.407	-24.670	0.0737
45	5	tracking	-847.997433	68.549122	-259.896735	-156.593	-32.670	0.0816
45	6	tracking	-847.613247	68.550656	-260.479166	-159.186	-40.670	0.0735
45	7	tracking	-847.232796	68.567433	-261.035186	-134.186	-46.375	0.0683
45	8	tracking	-846.868165	68.596179	-261.575703	-150.375	-42.740	0.0652
45	9	tracking	-846.517598	68.632973	-262.102465	-150.375	-34.740	0.0652
45	10	tracking	-846.179293	68.673240	-262.617444	-150.375	-26.740	0.0625
45	11	tracking	-845.851197	68.711864	-263.123183	-150.375	-18.740	0.0612
45	12	tracking	-845.518083	68.752237	-263.602751	-125.375	-26.740	0.0656
45	13	tracking	-845.176081	68.794847	-264.038320	-100.375	-34.740	0.0521
45	14	tracking	-844.831036	68.837333	-264.415891	-75.375	-42.740	0.0542
45	15	tracking	-844.495100	68.874326	-264.728708	-50.375	-50.740	0.0768
45	16	tracking	-844.168411	68.903537	-264.985849	-51.747	-42.740	0.0621
45	17	tracking	-843.862330	68.923868	-265.185194	-26.747	-34.740	0.0743
45	18	tracking	-843.575595	68.933828	-265.335000	-26.747	-26.740	0.0747
45	19	tracking	-843.307256	68.932228	-265.442961	-26.747	-25.689	0.0778
45	20	tracking	-843.067321	68.919069	-265.511471	-1.747	-17.689	0.0633
45	21	tracking	-842.863892	68.893496	-265.548418	23.253	-9.689	0.1490
45	22	tracking	-842.697086	68.855785	-265.562763	37.878	-7.940	0.1151
45	23	tracking	-842.561291	68.806666	-265.559051	37.878	-7.940	0.0647
45	24	tracking	-842.456484	68.745847	-265.547453	62.878	-15.940	0.0408
45	25	tracking	-842.377610	68.669754	-265.531213	67.848	-23.940	0.0417
45	26	tracking	-842.320019	68.572438	-265.511579	67.848	-31.940	0.0321
45	27	tracking	-842.279885	68.446317	-265.489532	67.848	-39.940	0.0436
45	28	tracking	-842.251392	68.283788	-265.462057	42.848	-47.168	0.0416
45	29	tracking	-842.229599	68.086657	-265.426411	17.848	-47.168	0.0345
45	30	tracking	-842.208524	67.857386	-265.381439	-7.152	-47.168	0.0273
45	31	tracking	-842.181650	67.598799	-265.328489	-32.152	-47.168	0.0289
45	32	tracking	-842.156035	67.302480	-265.268000	-7.152	-55.168	0.0250
45	33	tracking	-842.137670	66.969914	-265.200262	17.848	-55.963	0.0234
45	34	landing	-842.127589	66.615449	-265.120396	17.848	-47.963	0.0231
45	35	landing	-842.125387	66.241447	-265.028178	17.848	-47.963	0.0189
45	36	landing	-842.130704	65.850251	-264.923403	17.848	-47.963	0.0187
46	0	tracking	-850.676676	68.899495	-256.965989	-139.104	-4.000	0.1489
46	1	tracking	-850.004538	68.824156	-257.523348	-164.104	-0.670	0.0964
46	2	tracking	-849.419931	68.755159	-258.108991	170.896	-8.670	0.0926
46	3	tracking	-848.935370	68.701329	-258.703357	153.407	-16.670	0.0856
46	4	tracking	-848.505591	68.665702	-259.303623	178.407	-24.670	0.0812
46	5	tracking	-848.097433	68.649122	-259.896735	-156.593	-32.670	0.0753
46	6	tracking	-847.713247	68.650656	-260.479166	-159.186	-40.670	0.0942
46	7	tracking	-847.332796	68.667433	-261.035186	-134.186	-46.375	0.0723
46	8	tracking	-846.968165	68.696179	-261.575703	-150.375	-42.740	0.0719
46	9	tracking	-846.617598	68.732973	-262.102465	-150.375	-34.740	0.0891
46	10	tracking	-846.279293	68.773240	-262.617444	-150.375	-26.740	0.0673
46	11	tracking	-845.951197	68.811864	-263.123183	-150.375	-18.740	0.0757
46	12	tracking	-845.618083	68.852237	-263.602751	-125.375	-26.740	0.0719
46	13	tracking	-845.276081	68.894847	-264.038320	-100.375	-34.740	0.0551
46	14	tracking	-844.931036	68.937333	-264.415891	-75.375	-42.740	0.0548
46	15	tracking	-844.595100	68.974326	-264.728708	-50.375	-50.740	0.0530
46	16	tracking	-844.268411	69.003537	-264.985849	-51.747	-42.740	0.0506
46	17	tracking	-843.962330	69.023868	-265.185194	-26.747	-34.740	0.0449
46	18	tracking	-843.675595	69.033828	-265.335000	-26.747	-26.740	0.0481
46	19	tracking	-843.407256	69.032228	-265.442961	-26.747	-25.689	0.0465
46	20	tracking	-843.167321	69.019069	-265.511471	-1.747	-17.689	0.0411
46	21	tracking	-842.963892	68.993496	-265.548418	23.253	-9.689	0.0430
46	22	tracking	-842.797086	68.955785	-265.562763	37.878	-7.940	0.0392
46	23	tracking	-842.661291	68.906666	-265.559051	37.878	-7.940	0.0378
46	24	tracking	-842.556484	68.845847	-265.547453	62.878	-15.940	0.0381
46	25	tracking	-842.477610	68.769754	-265.531213	67.848	-23.940	0.0342
46	26	tracking	-842.420019	68.672438	-265.511579	67.848	-31.940	0.0371
46	27	tracking	-842.379885	68.546317	-265.489532	67.848	-39.940	0.0317
46	28	tracking	-842.351392	68.383788	-265.462057	42.848	-47.168	0.0335
46	29	tracking	-842.329599	68.186657	-265.426411	17.848	-47.168	0.0287
46	30	tracking	-842.308524	67.957386	-265.381439	-7.152	-47.168	0.0308
46	31	tracking	-842.281650	67.698799	-265.328489	-32.152	-47.168	0.0299
46	32	tracking	-842.256035	67.402480	-265.268000	-7.152	-55.168	0.0245
46	33	tracking	-842.237670	67.069914	-265.200262	17.848	-55.963	0.0279
46	34	landing	-842.227589	66.715449	-265.120396	17.848	-47.963	0.0208
46	35	landing	-842.225387	66.341447	-265.028178	17.848	-47.963	0.0184
46	36	landing	-842.230704	65.950251	-264.923403	17.848	-47.963	0.0172
47	0	tracking	-850.576676	68.899495	-256.965989	-139.104	-4.000	0.1522
47	1	tracking	-849.904538	68.824156	-257.523348	-164.104	-0.670	0.1006
47	2	tracking	-849.319931	68.755159	-258.108991	170.896	-8.670	0.0965
47	3	tracking	-848.835370	68.701329	-258.703357	153.407	-16.670	0.0859
47	4	tracking	-848.405591	68.665702	-259.303623	178.407	-24.670	0.0777
47	5	tracking	-847.997433	68.649122	-259.896735	-156.593	-32.670	0.0743
47	6	tracking	-847.613247	68.650656	-260.479166	-159.186	-40.670	0.0833
47	7	tracking	-847.232796	68.667433	-261.035186	-134.186	-46.375	0.0728
47	8	tracking	-846.868165	68.696179	-261.575703	-150.375	-42.740	0.0673
47	9	tracking	-846.517598	68.732973	-262.102465	-150.375	-34.740	0.0668
47	10	tracking	-846.179293	68.773240	-262.617444	-150.375	-26.740	0.0660
47	11	tracking	-845.851197	68.811864	-263.123183	-150.375	-18.740	0.0626
47	12	tracking	-845.518083	68.852237	-263.602751	-125.375	-26.740	0.0607
47	13	tracking	-845.176081	68.894847	-264.038320	-100.375	-34.740	0.0558
47	14	tracking	-844.831036	68.937333	-264.415891	-75.375	-42.740	0.0551
47	15	tracking	-844.495100	68.974326	-264.728708	-50.375	-50.740	0.0541
47	16	tracking	-844.168411	69.003537	-264.985849	-51.747	-42.740	0.0517
47	17	tracking	-843.862330	69.023868	-265.185194	-26.747	-34.740	0.0461
47	18	tracking	-843.575595	69.033828	-265.335000	-26.747	-26.740	0.0489
47	19	tracking	-843.307256	69.032228	-265.442961	-26.747	-25.689	0.0502
47	20	tracking	-843.067321	69.019069	-265.511471	-1.747	-17.689	0.0499
47	21	tracking	-842.863892	68.993496	-265.548418	23.253	-9.689	0.0467
47	22	tracking	-842.697086	68.955785	-265.562763	37.878	-7.940	0.0401
47	23	tracking	-842.561291	68.906666	-265.559051	37.878	-7.940	0.0413
47	24	tracking	-842.456484	68.845847	-265.547453	62.878	-15.940	0.0365
47	25	tracking	-842.377610	68.769754	-265.531213	67.848	-23.940	0.0387
47	26	tracking	-842.320019	68.672438	-265.511579	67.848	-31.940	0.0337
47	27	tracking	-842.279885	68.546317	-265.489532	67.848	-39.940	0.0464
47	28	tracking	-842.251392	68.383788	-265.462057	42.848	-47.168	0.0640
47	29	tracking	-842.229599	68.186657	-265.426411	17.848	-47.168	0.0419
47	30	tracking	-842.208524	67.957386	-265.381439	-7.152	-47.168	0.0288
47	31	tracking	-842.181650	67.698799	-265.328489	-32.152	-47.168	0.0298
47	32	tracking	-842.156035	67.402480	-265.268000	-7.152	-55.168	0.0262
47	33	tracking	-842.137670	67.069914	-265.200262	17.848	-55.963	0.0233
47	34	landing	-842.127589	66.715449	-265.120396	17.848	-47.963	0.0235
47	35	landing	-842.125387	66.341447	-265.028178	17.848	-47.963	0.0178
47	36	landing	-842.130704	65.950251	-264.923403	17.848	-47.963	0.0172
48	0	corrected	-850.715562	68.834507	-257.059905	-138.104	-4.000	4.1827
48	1	tracking	-850.078270	68.788588	-257.605435	-163.104	2.997	0.1198
48	2	tracking	-849.522611	68.739173	-258.176952	171.896	-5.003	0.0908
48	3	tracking	-849.061802	68.697409	-258.756959	154.157	-13.003	0.0879
48	4	tracking	-848.652342	68.668565	-259.343005	179.074	-21.003	0.0803
48	5	tracking	-848.262015	68.655076	-259.922468	-156.010	-29.003	0.0792
48	6	tracking	-847.893399	68.657156	-260.492168	-158.686	-37.003	0.0754
48	7	tracking	-847.527191	68.672730	-261.035954	-133.769	-44.708	0.1491
48	8	tracking	-847.175437	68.698755	-261.564642	-150.042	-41.407	0.1096
48	9	tracking	-846.836588	68.731609	-262.079983	-150.125	-33.740	0.0925
48	10	tracking	-846.509137	68.766851	-262.583757	-150.208	-26.073	0.1102
48	11	tracking	-846.191249	68.799724	-263.078412	-150.292	-18.407	0.0698
48	12	tracking	-845.868147	68.833512	-263.547454	-125.375	-26.407	0.0650
48	13	tracking	-845.535761	68.868980	-263.973518	-100.375	-34.407	0.0600
48	14	tracking	-845.199852	68.903741	-264.342767	-75.375	-42.407	0.0584
48	15	tracking	-844.872471	68.932373	-264.648513	-50.375	-50.407	0.0547
48	16	tracking	-844.553741	68.952890	-264.899618	-51.747	-42.740	0.0562
48	17	tracking	-844.254869	68.964562	-265.093821	-26.747	-34.740	0.0518
48	18	tracking	-843.974610	68.966214	-265.239149	-26.747	-26.740	0.0469
48	19	tracking	-843.712065	68.956708	-265.343169	-26.747	-25.689	0.0546
48	20	tracking	-843.477291	68.936244	-265.408129	-1.747	-17.689	0.0501
48	21	tracking	-843.278493	68.904082	-265.441840	23.253	-9.689	0.0505
48	22	tracking	-843.115871	68.860459	-265.453227	37.878	-7.940	0.0435
48	23	tracking	-842.983867	68.806037	-265.446799	37.878	-7.940	0.0404
48	24	tracking	-842.882534	68.740376	-265.432731	62.878	-15.940	0.0468
48	25	tracking	-842.806842	68.659774	-265.414255	67.848	-23.940	0.0386
48	26	tracking	-842.752161	68.558184	-265.392597	67.848	-31.940	0.0335
48	27	tracking	-842.714684	68.427956	-265.368723	67.848	-39.940	0.0357
48	28	tracking	-842.688605	68.261465	-265.339567	42.848	-47.168	0.0298
48	29	tracking	-842.669004	68.060587	-265.302300	17.848	-47.168	0.0324
48	30	tracking	-842.649859	67.827844	-265.255708	-7.152	-47.168	0.0264
48	31	tracking	-842.624602	67.566077	-265.201149	-32.152	-47.168	0.0256
48	32	tracking	-842.600409	67.266819	-265.139085	-7.152	-55.168	0.0286
48	33	tracking	-842.583356	66.931560	-265.069803	17.848	-55.963	0.0260
48	34	landing	-842.574503	66.574683	-264.988378	17.848	-47.963	0.0204
48	35	landing	-842.573456	66.198553	-264.894583	17.848	-47.963	0.0241
48	36	landing	-842.579863	65.805510	-264.788214	17.848	-47.963	0.0214
49	0	corrected	-850.615562	68.834507	-257.059905	-138.104	-4.000	2.2287
49	1	tracking	-849.978270	68.788723	-257.605433	-163.104	1.163	0.1416
49	2	tracking	-849.422475	68.742385	-258.175991	171.896	-6.837	0.1356
49	3	tracking	-848.961017	68.705538	-258.754051	154.157	-14.837	0.1275
49	4	tracking	-848.550956	68.682466	-259.337075	179.074	-22.837	0.1457
49	5	tracking	-848.160625	68.674888	-259.912653	-156.010	-30.837	0.1191
49	6	tracking	-847.792458	68.682487	-260.477731	-158.686	-38.837	0.1180
49	7	tracking	-847.427238	68.702829	-261.016834	-133.769	-45.542	0.1128
49	8	tracking	-847.076749	68.732932	-261.540686	-150.042	-42.073	0.1085
49	9	tracking	-846.739409	68.769300	-262.051054	-150.125	-34.240	0.1105
49	10	tracking	-846.413564	68.807839	-262.549938	-150.208	-26.407	0.1039
49	11	tracking	-846.097353	68.843851	-263.039805	-150.292	-18.573	0.1199
49	12	tracking	-845.776123	68.880493	-263.504313	-125.375	-26.573	0.0993
49	13	tracking	-845.445985	68.918248	-263.926231	-100.375	-34.573	0.0971
49	14	tracking	-845.112559	68.954715	-264.291911	-75.375	-42.573	0.0945
49	15	tracking	-844.787699	68.984483	-264.594733	-50.375	-50.573	0.1071
49	16	tracking	-844.471484	69.005726	-264.843444	-51.747	-42.740	0.0903
49	17	tracking	-844.174994	69.017814	-265.035796	-26.747	-34.740	0.0879
49	18	tracking	-843.896985	69.019672	-265.179725	-26.747	-26.740	0.0853
49	19	tracking	-843.636548	69.010208	-265.282707	-26.747	-25.689	0.0895
49	20	tracking	-843.403661	68.989692	-265.346953	-1.747	-17.689	0.0854
49	21	tracking	-843.206471	68.957441	-265.380195	23.253	-9.689	0.0906
49	22	tracking	-843.045191	68.913712	-265.391281	37.878	-7.940	0.0836
49	23	tracking	-842.914309	68.859172	-265.384679	37.878	-7.940	0.0801
49	24	tracking	-842.813896	68.793367	-265.370498	62.878	-15.940	0.0760
49	25	tracking	-842.738965	68.712591	-265.351944	67.848	-23.940	0.0837
49	26	tracking	-842.684918	68.610794	-265.330235	67.848	-31.940	0.0757
49	27	tracking	-842.647976	68.480331	-265.306327	67.848	-39.940	0.0718
49	28	tracking	-842.622359	68.313578	-265.277157	42.848	-47.168	0.0717
49	29	tracking	-842.603166	68.112430	-265.239889	17.848	-47.168	0.0824
49	30	tracking	-842.584385	67.879417	-265.193297	-7.152	-47.168	0.0734
49	31	tracking	-842.559451	67.617385	-265.138738	-32.152	-47.168	0.0651
49	32	tracking	-842.535547	67.317861	-265.076675	-7.152	-55.168	0.0665
49	33	tracking	-842.518751	66.982339	-265.007394	17.848	-55.963	0.0975
49	34	landing	-842.517860	66.625210	-264.930491	42.848	-47.963	0.0301
49	35	landing	-842.532005	66.248379	-264.845865	42.848	-47.963	0.0204
49	36	landing	-842.560521	65.853934	-264.753308	42.848	-47.963	0.0165
50	0	corrected	-850.715562	68.934507	-257.059905	-138.104	-4.000	4.0531
50	1	tracking	-850.078270	68.888588	-257.605435	-163.104	2.997	0.1076
50	2	tracking	-849.522611	68.839173	-258.176952	171.896	-5.003	0.0922
50	3	tracking	-849.061802	68.797409	-258.756959	154.157	-13.003	0.0896
50	4	tracking	-848.652342	68.768565	-259.343005	179.074	-21.003	0.0806
50	5	tracking	-848.262015	68.755076	-259.922468	-156.010	-29.003	0.0720
50	6	tracking	-847.893399	68.757156	-260.492168	-158.686	-37.003	0.0719
50	7	tracking	-847.527191	68.772730	-261.035954	-133.769	-44.708	0.0697
50	8	tracking	-847.175437	68.798755	-261.564642	-150.042	-41.407	0.0679
50	9	tracking	-846.836588	68.831609	-262.079983	-150.125	-33.740	0.1706
50	10	tracking	-846.509137	68.866851	-262.583757	-150.208	-26.073	0.0738
50	11	tracking	-846.191249	68.899724	-263.078412	-150.292	-18.407	0.0642
50	12	tracking	-845.868147	68.933512	-263.547454	-125.375	-26.407	0.0635
50	13	tracking	-845.535761	68.968980	-263.973518	-100.375	-34.407	0.1273
50	14	tracking	-845.199852	69.003741	-264.342767	-75.375	-42.407	0.0513
50	15	tracking	-844.872471	69.032373	-264.648513	-50.375	-50.407	0.0538
50	16	tracking	-844.553741	69.052890	-264.899618	-51.747	-42.740	0.0498
50	17	tracking	-844.254869	69.064562	-265.093821	-26.747	-34.740	0.0488
50	18	tracking	-843.974610	69.066214	-265.239149	-26.747	-26.740	0.0426
50	19	tracking	-843.712065	69.056708	-265.343169	-26.747	-25.689	0.0443
50	20	tracking	-843.477291	69.036244	-265.408129	-1.747	-17.689	0.0428
50	21	tracking	-843.278493	69.004082	-265.441840	23.253	-9.689	0.0403
50	22	tracking	-843.115871	68.960459	-265.453227	37.878	-7.940	0.0397
50	23	tracking	-842.983867	68.906037	-265.446799	37.878	-7.940	0.1089
50	24	tracking	-842.882534	68.840376	-265.432731	62.878	-15.940	0.0375
50	25	tracking	-842.806842	68.759774	-265.414255	67.848	-23.940	0.0350
50	26	tracking	-842.752161	68.658184	-265.392597	67.848	-31.940	0.0303
50	27	tracking	-842.714684	68.527956	-265.368723	67.848	-39.940	0.0346
50	28	tracking	-842.688605	68.361465	-265.339567	42.848	-47.168	0.0280
50	29	tracking	-842.669004	68.160587	-265.302300	17.848	-47.168	0.0261
50	30	tracking	-842.649859	67.927844	-265.255708	-7.152	-47.168	0.0286
50	31	tracking	-842.624602	67.666077	-265.201149	-32.152	-47.168	0.0242
50	32	tracking	-842.600409	67.366819	-265.139085	-7.152	-55.168	0.0561
50	33	tracking	-842.583356	67.031560	-265.069803	17.848	-55.963	0.0299
50	34	landing	-842.574503	66.674683	-264.988378	17.848	-47.963	0.0258
50	35	landing	-842.573456	66.298553	-264.894583	17.848	-47.963	0.0241
50	36	landing	-842.579863	65.905510	-264.788214	17.848	-47.963	0.0188
51	0	corrected	-850.615562	68.934507	-257.059905	-138.104	-4.000	2.2440
51	1	tracking	-849.978270	68.888723	-257.605433	-163.104	1.163	0.1510
51	2	tracking	-849.422475	68.842385	-258.175991	171.896	-6.837	0.1346
51	3	tracking	-848.961017	68.805538	-258.754051	154.157	-14.837	0.1346
51	4	tracking	-848.550956	68.782466	-259.337075	179.074	-22.837	0.1309
51	5	tracking	-848.160625	68.774888	-259.912653	-156.010	-30.837	0.1346
51	6	tracking	-847.792458	68.782487	-260.477731	-158.686	-38.837	0.1380
51	7	tracking	-847.427238	68.802829	-261.016834	-133.769	-45.542	0.1198
51	8	tracking	-847.076749	68.832932	-261.540686	-150.042	-42.073	0.1211
51	9	tracking	-846.739409	68.869300	-262.051054	-150.125	-34.240	0.1171
51	10	tracking	-846.413564	68.907839	-262.549938	-150.208	-26.407	0.1128
51	11	tracking	-846.097353	68.943851	-263.039805	-150.292	-18.573	0.1126
51	12	tracking	-845.776123	68.980493	-263.504313	-125.375	-26.573	0.1075
51	13	tracking	-845.445985	69.018248	-263.926231	-100.375	-34.573	0.0992
51	14	tracking	-845.112559	69.054715	-264.291911	-75.375	-42.573	0.1001
51	15	tracking	-844.787699	69.084483	-264.594733	-50.375	-50.573	0.1019
51	16	tracking	-844.471484	69.105726	-264.843444	-51.747	-42.740	0.0988
51	17	tracking	-844.174994	69.117814	-265.035796	-26.747	-34.740	0.1106
51	18	tracking	-843.896985	69.119672	-265.179725	-26.747	-26.740	0.1046
51	19	tracking	-843.636548	69.110208	-265.282707	-26.747	-25.689	0.1042
51	20	tracking	-843.403661	69.089692	-265.346953	-1.747	-17.689	0.0866
51	21	tracking	-843.206471	69.057441	-265.380195	23.253	-9.689	0.0846
51	22	tracking	-843.045191	69.013712	-265.391281	37.878	-7.940	0.0811
51	23	tracking	-842.914309	68.959172	-265.384679	37.878	-7.940	0.0779
51	24	tracking	-842.813896	68.893367	-265.370498	62.878	-15.940	0.0859
51	25	tracking	-842.738965	68.812591	-265.351944	67.848	-23.940	0.0763
51	26	tracking	-842.684918	68.710794	-265.330235	67.848	-31.940	0.0820
51	27	tracking	-842.647976	68.580331	-265.306327	67.848	-39.940	0.0776
51	28	tracking	-842.622359	68.413578	-265.277157	42.848	-47.168	0.0717
51	29	tracking	-842.603166	68.212430	-265.239889	17.848	-47.168	0.0707
51	30	tracking	-842.584385	67.979417	-265.193297	-7.152	-47.168	0.0679
51	31	tracking	-842.559451	67.717385	-265.138738	-32.152	-47.168	0.0897
51	32	tracking	-842.535547	67.417861	-265.076675	-7.152	-55.168	0.0766
51	33	tracking	-842.518751	67.082339	-265.007394	17.848	-55.963	0.0630
51	34	landing	-842.517860	66.725210	-264.930491	42.848	-47.963	0.0186
51	35	landing	-842.532005	66.348379	-264.845865	42.848	-47.963	0.0161
51	36	landing	-842.560521	65.953934	-264.753308	42.848	-47.963	0.0195
52	0	corrected	-850.716709	68.834507	-256.960916	-139.104	-4.000	6.2364
52	1	tracking	-850.081949	68.788464	-257.507761	-164.104	4.000	0.1481
52	2	tracking	-849.530267	68.733816	-258.081679	170.896	-2.003	0.0837
52	3	tracking	-849.074749	68.683499	-258.665015	153.407	-10.003	0.1611
52	4	tracking	-848.670864	68.644407	-259.255988	178.407	-18.003	0.0851
52	5	tracking	-848.285275	68.620151	-259.841978	-156.593	-26.003	0.0744
52	6	tracking	-847.920635	68.611845	-260.419547	-159.186	-34.003	0.0660
52	7	tracking	-847.556986	68.618096	-260.971830	-134.186	-42.003	0.0625
52	8	tracking	-847.207118	68.635867	-261.509384	-150.375	-40.073	0.0607
52	9	tracking	-846.869492	68.661369	-262.033878	-150.375	-32.740	0.0741
52	10	tracking	-846.542658	68.689950	-262.546942	-150.375	-25.407	0.0630
52	11	tracking	-846.225003	68.716373	-263.050586	-150.375	-18.073	0.0580
52	12	tracking	-845.901209	68.744548	-263.528276	-125.375	-26.073	0.0556
52	13	tracking	-845.567205	68.775375	-263.962229	-100.375	-34.073	0.0578
52	14	tracking	-845.229039	68.806484	-264.338295	-75.375	-42.073	0.0627
52	15	tracking	-844.899131	68.832418	-264.649687	-50.375	-50.073	0.0560
52	16	tracking	-844.577713	68.850918	-264.905479	-51.747	-42.740	0.0499
52	17	tracking	-844.276213	68.861106	-265.103396	-26.747	-34.740	0.0505
52	18	tracking	-843.993408	68.861659	-265.251627	-26.747	-26.740	0.0461
52	19	tracking	-843.728422	68.851358	-265.357893	-26.747	-25.689	0.0464
52	20	tracking	-843.491464	68.830305	-265.424517	-1.747	-17.689	0.0430
52	21	tracking	-843.290834	68.797675	-265.459446	23.253	-9.689	0.0446
52	22	tracking	-843.126720	68.753674	-265.471736	37.878	-7.940	0.0440
52	23	tracking	-842.993497	68.698945	-265.465971	37.878	-7.940	0.0444
52	24	tracking	-842.891195	68.633050	-265.452435	62.878	-15.940	0.0409
52	25	tracking	-842.814725	68.552285	-265.434397	67.848	-23.940	0.0401
52	26	tracking	-842.759409	68.450589	-265.413107	67.848	-31.940	0.0712
52	27	tracking	-842.721404	68.320301	-265.389544	67.848	-39.940	0.0503
52	28	tracking	-842.694870	68.153778	-265.360649	42.848	-47.168	0.0397
52	29	tracking	-842.674866	67.952883	-265.323606	17.848	-47.168	0.0316
52	30	tracking	-842.655363	67.720122	-265.277213	-7.152	-47.168	0.0333
52	31	tracking	-842.629787	67.458334	-265.222834	-32.152	-47.168	0.0278
52	32	tracking	-842.605312	67.159053	-265.160931	-7.152	-55.168	0.0299
52	33	tracking	-842.588005	66.823767	-265.091795	17.848	-55.963	0.0328
52	34	landing	-842.578925	66.466858	-265.010505	17.848	-47.963	0.0205
52	35	landing	-842.577673	66.090688	-264.916837	17.848	-47.963	0.0202
52	36	landing	-842.583896	65.697596	-264.810587	17.848	-47.963	0.0281
53	0	corrected	-850.616709	68.834507	-256.960916	-139.104	-4.000	5.7520
53	1	tracking	-849.981949	68.788464	-257.507761	-164.104	4.000	0.0866
53	2	tracking	-849.430267	68.733816	-258.081679	170.896	-2.003	0.0757
53	3	tracking	-848.974749	68.683499	-258.665015	153.407	-10.003	0.0721
53	4	tracking	-848.570864	68.644407	-259.255988	178.407	-18.003	0.0603
53	5	tracking	-848.185275	68.620151	-259.841978	-156.593	-26.003	0.0625
53	6	tracking	-847.820635	68.611845	-260.419547	-159.186	-34.003	0.0735
53	7	tracking	-847.456986	68.618096	-260.971830	-134.186	-42.003	0.0612
53	8	tracking	-847.107118	68.635867	-261.509384	-150.375	-40.073	0.0564
53	9	tracking	-846.769492	68.661369	-262.033878	-150.375	-32.740	0.0586
53	10	tracking	-846.442658	68.689950	-262.546942	-150.375	-25.407	0.0512
53	11	tracking	-846.125003	68.716373	-263.050586	-150.375	-18.073	0.0601
53	12	tracking	-845.801209	68.744548	-263.528276	-125.375	-26.073	0.0490
53	13	tracking	-845.467205	68.775375	-263.962229	-100.375	-34.073	0.0871
53	14	tracking	-845.129039	68.806484	-264.338295	-75.375	-42.073	0.0417
53	15	tracking	-844.799131	68.832418	-264.649687	-50.375	-50.073	0.0491
53	16	tracking	-844.477713	68.850918	-264.905479	-51.747	-42.740	0.0498
53	17	tracking	-844.176213	68.861106	-265.103396	-26.747	-34.740	0.0365
53	18	tracking	-843.893408	68.861659	-265.251627	-26.747	-26.740	0.0709
53	19	tracking	-843.628422	68.851358	-265.357893	-26.747	-25.689	0.0409
53	20	tracking	-843.391464	68.830305	-265.424517	-1.747	-17.689	0.0357
53	21	tracking	-843.190834	68.797675	-265.459446	23.253	-9.689	0.0303
53	22	tracking	-843.026720	68.753674	-265.471736	37.878	-7.940	0.0332
53	23	tracking	-842.893497	68.698945	-265.465971	37.878	-7.940	0.0303
53	24	tracking	-842.791195	68.633050	-265.452435	62.878	-15.940	0.0298
53	25	tracking	-842.714725	68.552285	-265.434397	67.848	-23.940	0.0319
53	26	tracking	-842.659409	68.450589	-265.413107	67.848	-31.940	0.0270
53	27	tracking	-842.621404	68.320301	-265.389544	67.848	-39.940	0.0259
53	28	tracking	-842.594870	68.153778	-265.360649	42.848	-47.168	0.0264
53	29	tracking	-842.574866	67.952883	-265.323606	17.848	-47.168	0.0237
53	30	tracking	-842.555363	67.720122	-265.277213	-7.152	-47.168	0.0183
53	31	tracking	-842.529787	67.458334	-265.222834	-32.152	-47.168	0.0167
53	32	tracking	-842.505312	67.159053	-265.160931	-7.152	-55.168	0.0209
53	33	tracking	-842.488005	66.823767	-265.091795	17.848	-55.963	0.0188
53	34	landing	-842.478925	66.466858	-265.010505	17.848	-47.963	0.0127
53	35	landing	-842.477673	66.090688	-264.916837	17.848	-47.963	0.0117
53	36	landing	-842.483896	65.697596	-264.810587	17.848	-47.963	0.0107
54	0	corrected	-850.716709	68.934507	-256.960916	-139.104	-4.000	6.1742
54	1	tracking	-850.081949	68.888464	-257.507761	-164.104	4.000	0.0944
54	2	tracking	-849.530267	68.833816	-258.081679	170.896	-2.003	0.0809
54	3	tracking	-849.074749	68.783499	-258.665015	153.407	-10.003	0.0786
54	4	tracking	-848.670864	68.744407	-259.255988	178.407	-18.003	0.0694
54	5	tracking	-848.285275	68.720151	-259.841978	-156.593	-26.003	0.0663
54	6	tracking	-847.920635	68.711845	-260.419547	-159.186	-34.003	0.0817
54	7	tracking	-847.556986	68.718096	-260.971830	-134.186	-42.003	0.0940
54	8	tracking	-847.207118	68.735867	-261.509384	-150.375	-40.073	0.0650
54	9	tracking	-846.869492	68.761369	-262.033878	-150.375	-32.740	0.0731
54	10	tracking	-846.542658	68.789950	-262.546942	-150.375	-25.407	0.0678
54	11	tracking	-846.225003	68.816373	-263.050586	-150.375	-18.073	0.0644
54	12	tracking	-845.901209	68.844548	-263.528276	-125.375	-26.073	0.0516
54	13	tracking	-845.567205	68.875375	-263.962229	-100.375	-34.073	0.0545
54	14	tracking	-845.229039	68.906484	-264.338295	-75.375	-42.073	0.0509
54	15	tracking	-844.899131	68.932418	-264.649687	-50.375	-50.073	0.0490
54	16	tracking	-844.577713	68.950918	-264.905479	-51.747	-42.740	0.0440
54	17	tracking	-844.276213	68.961106	-265.103396	-26.747	-34.740	0.0462
54	18	tracking	-843.993408	68.961659	-265.251627	-26.747	-26.740	0.0436
54	19	tracking	-843.728422	68.951358	-265.357893	-26.747	-25.689	0.0418
54	20	tracking	-843.491464	68.930305	-265.424517	-1.747	-17.689	0.0412
54	21	tracking	-843.290834	68.897675	-265.459446	23.253	-9.689	0.0404
54	22	tracking	-843.126720	68.853674	-265.471736	37.878	-7.940	0.0357
54	23	tracking	-842.993497	68.798945	-265.465971	37.878	-7.940	0.0551
54	24	tracking	-842.891195	68.733050	-265.452435	62.878	-15.940	0.0343
54	25	tracking	-842.814725	68.652285	-265.434397	67.848	-23.940	0.0361
54	26	tracking	-842.759409	68.550589	-265.413107	67.848	-31.940	0.0312
54	27	tracking	-842.721404	68.420301	-265.389544	67.848	-39.940	0.0326
54	28	tracking	-842.694870	68.253778	-265.360649	42.848	-47.168	0.0277
54	29	tracking	-842.674866	68.052883	-265.323606	17.848	-47.168	0.0371
54	30	tracking	-842.655363	67.820122	-265.277213	-7.152	-47.168	0.0369
54	31	tracking	-842.629787	67.558334	-265.222834	-32.152	-47.168	0.0319
54	32	tracking	-842.605312	67.259053	-265.160931	-7.152	-55.168	0.0235
54	33	tracking	-842.588005	66.923767	-265.091795	17.848	-55.963	0.0216
54	34	landing	-842.578925	66.566858	-265.010505	17.848	-47.963	0.0220
54	35	landing	-842.577673	66.190688	-264.916837	17.848	-47.963	0.0170
54	36	landing	-842.583896	65.797596	-264.810587	17.848	-47.963	0.0163
55	0	corrected	-850.616709	68.934507	-256.960916	-139.104	-4.000	6.5969
55	1	tracking	-849.981949	68.888464	-257.507761	-164.104	4.000	0.0970
55	2	tracking	-849.430267	68.833816	-258.081679	170.896	-2.003	0.0773
55	3	tracking	-848.974749	68.783499	-258.665015	153.407	-10.003	0.0733
55	4	tracking	-848.570864	68.744407	-259.255988	178.407	-18.003	0.0705
55	5	tracking	-848.185275	68.720151	-259.841978	-156.593	-26.003	0.0607
55	6	tracking	-847.820635	68.711845	-260.419547	-159.186	-34.003	0.0601
55	7	tracking	-847.456986	68.718096	-260.971830	-134.186	-42.003	0.0595
55	8	tracking	-847.107118	68.735867	-261.509384	-150.375	-40.073	0.0581
55	9	tracking	-846.769492	68.761369	-262.033878	-150.375	-32.740	0.0575
55	10	tracking	-846.442658	68.789950	-262.546942	-150.375	-25.407	0.0535
55	11	tracking	-846.125003	68.816373	-263.050586	-150.375	-18.073	0.0495
55	12	tracking	-845.801209	68.844548	-263.528276	-125.375	-26.073	0.0487
55	13	tracking	-845.467205	68.875375	-263.962229	-100.375	-34.073	0.0489
55	14	tracking	-845.129039	68.906484	-264.338295	-75.375	-42.073	0.0424
55	15	tracking	-844.799131	68.932418	-264.649687	-50.375	-50.073	0.0492
55	16	tracking	-844.477713	68.950918	-264.905479	-51.747	-42.740	0.0534
55	17	tracking	-844.176213	68.961106	-265.103396	-26.747	-34.740	0.0528
55	18	tracking	-843.893408	68.961659	-265.251627	-26.747	-26.740	0.0428
55	19	tracking	-843.628422	68.951358	-265.357893	-26.747	-25.689	0.0334
55	20	tracking	-843.391464	68.930305	-265.424517	-1.747	-17.689	0.0364
55	21	tracking	-843.190834	68.897675	-265.459446	23.253	-9.689	0.0307
55	22	tracking	-843.026720	68.853674	-265.471736	37.878	-7.940	0.0330
55	23	tracking	-842.893497	68.798945	-265.465971	37.878	-7.940	0.0288
55	24	tracking	-842.791195	68.733050	-265.452435	62.878	-15.940	0.0311
55	25	tracking	-842.714725	68.652285	-265.434397	67.848	-23.940	0.0277
55	26	tracking	-842.659409	68.550589	-265.413107	67.848	-31.940	0.0262
55	27	tracking	-842.621404	68.420301	-265.389544	67.848	-39.940	0.0332
55	28	tracking	-842.594870	68.253778	-265.360649	42.848	-47.168	0.0238
55	29	tracking	-842.574866	68.052883	-265.323606	17.848	-47.168	0.0243
55	30	tracking	-842.555363	67.820122	-265.277213	-7.152	-47.168	0.0246
55	31	tracking	-842.529787	67.558334	-265.222834	-32.152	-47.168	0.0212
55	32	tracking	-842.505312	67.259053	-265.160931	-7.152	-55.168	0.0201
55	33	tracking	-842.488005	66.923767	-265.091795	17.848	-55.963	0.0201
55	34	landing	-842.478925	66.566858	-265.010505	17.848	-47.963	0.0131
55	35	landing	-842.477673	66.190688	-264.916837	17.848	-47.963	0.0113
55	36	landing	-842.483896	65.797596	-264.810587	17.848	-47.963	0.0107
56	0	tracking	-850.678997	68.834794	-257.063308	-139.104	-4.000	0.2239
56	1	tracking	-850.009883	68.790584	-257.614926	-164.104	-0.670	0.1692
56	2	tracking	-849.427453	68.749000	-258.192225	170.896	-8.670	0.1690
56	3	tracking	-848.943531	68.719300	-258.776562	153.407	-16.670	0.1605
56	4	tracking	-848.514255	68.704942	-259.365431	178.407	-24.670	0.1568
56	5	tracking	-848.107379	68.707082	-259.946458	-156.593	-32.670	0.1428
56	6	tracking	-847.724965	68.725037	-260.516470	-159.186	-40.670	0.1453
56	7	tracking	-847.347185	68.756111	-261.060362	-134.186	-46.375	0.1575
56	8	tracking	-846.985700	68.797133	-261.588727	-150.375	-42.740	0.1340
56	9	tracking	-846.638714	68.844402	-262.103292	-150.375	-34.740	0.1444
56	10	tracking	-846.304098	68.894250	-262.606528	-150.375	-26.740	0.1307
56	11	tracking	-845.979800	68.941787	-263.100904	-150.375	-18.740	0.2367
56	12	tracking	-845.650855	68.990240	-263.569790	-125.375	-26.740	0.3826
56	13	tracking	-845.313430	69.039973	-263.995685	-100.375	-34.740	0.2579
56	14	tracking	-844.973452	69.088285	-264.364894	-75.375	-42.740	0.5083
56	15	tracking	-844.642718	69.129828	-264.670829	-50.375	-50.740	0.2625
56	16	tracking	-844.321335	69.162534	-264.922367	-51.747	-42.740	0.2475
56	17	tracking	-844.020346	69.185513	-265.117445	-26.747	-34.740	0.2148
56	18	tracking	-843.738479	69.197489	-265.264104	-26.747	-26.740	0.1460
56	19	tracking	-843.474760	69.197390	-265.369824	-26.747	-25.689	0.1183
56	20	tracking	-843.238959	69.185375	-265.436908	-1.747	-17.689	0.1160
56	21	tracking	-843.039014	69.160720	-265.473050	23.253	-9.689	0.1149
56	22	tracking	-842.875058	69.123759	-265.487005	37.878	-7.940	1.0662
56	23	tracking	-842.741595	69.075253	-265.483212	37.878	-7.940	0.1200
56	24	tracking	-842.638636	69.014899	-265.471659	62.878	-15.940	0.1070
56	25	tracking	-842.561231	68.939131	-265.455531	67.848	-23.940	0.1057
56	26	tracking	-842.504822	68.842012	-265.436048	67.848	-31.940	0.1055
56	27	tracking	-842.465651	68.715979	-265.414174	67.848	-39.940	0.1031
56	28	tracking	-842.437965	68.553448	-265.386904	42.848	-47.168	0.1032
56	29	tracking	-842.416877	68.356249	-265.351491	17.848	-47.168	0.1112
56	30	tracking	-842.396434	68.126862	-265.306765	-7.152	-47.168	0.1020
56	31	tracking	-842.370140	67.868121	-265.254060	-32.152	-47.168	0.0977
56	32	tracking	-842.345045	67.571607	-265.193819	-7.152	-55.168	0.0999
56	33	tracking	-842.327135	67.238811	-265.126324	17.848	-55.963	0.0951
56	34	landing	-842.325107	66.884099	-265.051170	42.848	-47.963	0.0219
56	35	landing	-842.338087	66.509369	-264.968265	42.848	-47.963	0.0203
56	36	landing	-842.365415	66.116716	-264.877403	42.848	-47.963	0.0182
56	37	landing	-842.406554	65.708306	-264.778344	42.848	-47.963	0.0155
57	0	tracking	-850.578997	68.834794	-257.063308	-139.104	-4.000	0.2100
57	1	tracking	-849.909883	68.790584	-257.614926	-164.104	-0.670	0.1940
57	2	tracking	-849.327453	68.749000	-258.192225	170.896	-8.670	0.1715
57	3	tracking	-848.843531	68.719300	-258.776562	153.407	-16.670	0.1706
57	4	tracking	-848.414255	68.704942	-259.365431	178.407	-24.670	0.1523
57	5	tracking	-848.007379	68.707082	-259.946458	-156.593	-32.670	0.1561
57	6	tracking	-847.624965	68.725037	-260.516470	-159.186	-40.670	0.1387
57	7	tracking	-847.247185	68.756111	-261.060362	-134.186	-46.375	0.1381
57	8	tracking	-846.885700	68.797133	-261.588727	-150.375	-42.740	0.1553
57	9	tracking	-846.538714	68.844402	-262.103292	-150.375	-34.740	0.1390
57	10	tracking	-846.204098	68.894250	-262.606528	-150.375	-26.740	0.1391
57	11	tracking	-845.879800	68.941787	-263.100904	-150.375	-18.740	0.1421
57	12	tracking	-845.550855	68.990240	-263.569790	-125.375	-26.740	0.1317
57	13	tracking	-845.213430	69.039973	-263.995685	-100.375	-34.740	0.1435
57	14	tracking	-844.873452	69.088285	-264.364894	-75.375	-42.740	0.1383
57	15	tracking	-844.542718	69.129828	-264.670829	-50.375	-50.740	0.1407
57	16	tracking	-844.221335	69.162534	-264.922367	-51.747	-42.740	0.1373
57	17	tracking	-843.920346	69.185513	-265.117445	-26.747	-34.740	0.1393
57	18	tracking	-843.638479	69.197489	-265.264104	-26.747	-26.740	0.1372
57	19	tracking	-843.374760	69.197390	-265.369824	-26.747	-25.689	0.1238
57	20	tracking	-843.138959	69.185375	-265.436908	-1.747	-17.689	0.1204
57	21	tracking	-842.939014	69.160720	-265.473050	23.253	-9.689	0.1392
57	22	tracking	-842.775058	69.123759	-265.487005	37.878	-7.940	0.1165
57	23	tracking	-842.641595	69.075253	-265.483212	37.878	-7.940	0.1213
57	24	tracking	-842.538636	69.014899	-265.471659	62.878	-15.940	0.1154
57	25	tracking	-842.461231	68.939131	-265.455531	67.848	-23.940	0.1124
57	26	tracking	-842.404822	68.842012	-265.436048	67.848	-31.940	0.1130
57	27	tracking	-842.365651	68.715979	-265.414174	67.848	-39.940	0.1078
57	28	tracking	-842.337965	68.553448	-265.386904	42.848	-47.168	0.1051
57	29	tracking	-842.316877	68.356249	-265.351491	17.848	-47.168	0.1020
57	30	tracking	-842.296434	68.126862	-265.306765	-7.152	-47.168	0.1032
57	31	tracking	-842.270140	67.868121	-265.254060	-32.152	-47.168	0.1002
57	32	tracking	-842.245045	67.571607	-265.193819	-7.152	-55.168	0.0981
57	33	tracking	-842.227135	67.238811	-265.126324	17.848	-55.963	0.0985
57	34	landing	-842.225107	66.884099	-265.051170	42.848	-47.963	0.0246
57	35	landing	-842.238087	66.509369	-264.968265	42.848	-47.963	0.0222
57	36	landing	-842.265415	66.116716	-264.877403	42.848	-47.963	0.0200
57	37	landing	-842.306554	65.708306	-264.778344	42.848	-47.963	0.0172
58	0	tracking	-850.678997	68.934794	-257.063308	-139.104	-4.000	0.2217
58	1	tracking	-850.009883	68.890584	-257.614926	-164.104	-0.670	0.1682
58	2	tracking	-849.427453	68.849000	-258.192225	170.896	-8.670	0.1678
58	3	tracking	-848.943531	68.819300	-258.776562	153.407	-16.670	0.1606
58	4	tracking	-848.514255	68.804942	-259.365431	178.407	-24.670	0.1515
58	5	tracking	-848.107379	68.807082	-259.946458	-156.593	-32.670	0.1586
58	6	tracking	-847.724965	68.825037	-260.516470	-159.186	-40.670	0.1489
58	7	tracking	-847.347185	68.856111	-261.060362	-134.186	-46.375	0.1671
58	8	tracking	-846.985700	68.897133	-261.588727	-150.375	-42.740	0.1553
58	9	tracking	-846.638714	68.944402	-262.103292	-150.375	-34.740	0.1443
58	10	tracking	-846.304098	68.994250	-262.606528	-150.375	-26.740	0.1366
58	11	tracking	-845.979800	69.041787	-263.100904	-150.375	-18.740	0.1366
58	12	tracking	-845.650855	69.090240	-263.569790	-125.375	-26.740	0.1309
58	13	tracking	-845.313430	69.139973	-263.995685	-100.375	-34.740	0.1393
58	14	tracking	-844.973452	69.188285	-264.364894	-75.375	-42.740	0.1223
58	15	tracking	-844.642718	69.229828	-264.670829	-50.375	-50.740	0.1162
58	16	tracking	-844.321335	69.262534	-264.922367	-51.747	-42.740	0.1175
58	17	tracking	-844.020346	69.285513	-265.117445	-26.747	-34.740	0.1155
58	18	tracking	-843.738479	69.297489	-265.264104	-26.747	-26.740	0.1120
58	19	tracking	-843.474760	69.297390	-265.369824	-26.747	-25.689	0.1254
58	20	tracking	-843.238959	69.285375	-265.436908	-1.747	-17.689	0.1106
58	21	tracking	-843.039014	69.260720	-265.473050	23.253	-9.689	0.1100
58	22	tracking	-842.875058	69.223759	-265.487005	37.878	-7.940	0.1062
58	23	tracking	-842.741595	69.175253	-265.483212	37.878	-7.940	0.1163
58	24	tracking	-842.638636	69.114899	-265.471659	62.878	-15.940	0.1028
58	25	tracking	-842.561231	69.039131	-265.455531	67.848	-23.940	0.1017
58	26	tracking	-842.504822	68.942012	-265.436048	67.848	-31.940	0.1340
58	27	tracking	-842.465651	68.815979	-265.414174	67.848	-39.940	0.1410
58	28	tracking	-842.437965	68.653448	-265.386904	42.848	-47.168	0.0984
58	29	tracking	-842.416877	68.456249	-265.351491	17.848	-47.168	0.0968
58	30	tracking	-842.396434	68.226862	-265.306765	-7.152	-47.168	0.0943
58	31	tracking	-842.370140	67.968121	-265.254060	-32.152	-47.168	0.0927
58	32	tracking	-842.345045	67.671607	-265.193819	-7.152	-55.168	0.0897
58	33	tracking	-842.327135	67.338811	-265.126324	17.848	-55.963	0.0885
58	34	landing	-842.325107	66.984099	-265.051170	42.848	-47.963	0.0247
58	35	landing	-842.338087	66.609369	-264.968265	42.848	-47.963	0.0177
58	36	landing	-842.365415	66.216716	-264.877403	42.848	-47.963	0.0161
58	37	landing	-842.406554	65.808306	-264.778344	42.848	-47.963	0.0151
59	0	tracking	-850.578997	68.934794	-257.063308	-139.104	-4.000	0.2131
59	1	tracking	-849.909883	68.890584	-257.614926	-164.104	-0.670	0.1595
59	2	tracking	-849.327453	68.849000	-258.192225	170.896	-8.670	0.1659
59	3	tracking	-848.843531	68.819300	-258.776562	153.407	-16.670	0.1556
59	4	tracking	-848.414255	68.804942	-259.365431	178.407	-24.670	0.1416
59	5	tracking	-848.007379	68.807082	-259.946458	-156.593	-32.670	0.1384
59	6	tracking	-847.624965	68.825037	-260.516470	-159.186	-40.670	0.1350
59	7	tracking	-847.247185	68.856111	-261.060362	-134.186	-46.375	0.1531
59	8	tracking	-846.885700	68.897133	-261.588727	-150.375	-42.740	0.1362
59	9	tracking	-846.538714	68.944402	-262.103292	-150.375	-34.740	0.1480
59	10	tracking	-846.204098	68.994250	-262.606528	-150.375	-26.740	0.1391
59	11	tracking	-845.879800	69.041787	-263.100904	-150.375	-18.740	0.1462
59	12	tracking	-845.550855	69.090240	-263.569790	-125.375	-26.740	0.1334
59	13	tracking	-845.213430	69.139973	-263.995685	-100.375	-34.740	0.1289
59	14	tracking	-844.873452	69.188285	-264.364894	-75.375	-42.740	0.1172
59	15	tracking	-844.542718	69.229828	-264.670829	-50.375	-50.740	0.1297
59	16	tracking	-844.221335	69.262534	-264.922367	-51.747	-42.740	0.1355
59	17	tracking	-843.920346	69.285513	-265.117445	-26.747	-34.740	0.1344
59	18	tracking	-843.638479	69.297489	-265.264104	-26.747	-26.740	0.1123
59	19	tracking	-843.374760	69.297390	-265.369824	-26.747	-25.689	0.1088
59	20	tracking	-843.138959	69.285375	-265.436908	-1.747	-17.689	0.1058
59	21	tracking	-842.939014	69.260720	-265.473050	23.253	-9.689	0.1040
59	22	tracking	-842.775058	69.223759	-265.487005	37.878	-7.940	0.1090
59	23	tracking	-842.641595	69.175253	-265.483212	37.878	-7.940	0.1052
59	24	tracking	-842.538636	69.114899	-265.471659	62.878	-15.940	0.1044
59	25	tracking	-842.461231	69.039131	-265.455531	67.848	-23.940	0.1016
59	26	tracking	-842.404822	68.942012	-265.436048	67.848	-31.940	0.1120
59	27	tracking	-842.365651	68.815979	-265.414174	67.848	-39.940	0.0961
59	28	tracking	-842.337965	68.653448	-265.386904	42.848	-47.168	0.0954
59	29	tracking	-842.316877	68.456249	-265.351491	17.848	-47.168	0.0944
59	30	tracking	-842.296434	68.226862	-265.306765	-7.152	-47.168	0.0938
59	31	tracking	-842.270140	67.968121	-265.254060	-32.152	-47.168	0.1030
59	32	tracking	-842.245045	67.671607	-265.193819	-7.152	-55.168	0.0896
59	33	tracking	-842.227135	67.338811	-265.126324	17.848	-55.963	0.0858
59	34	landing	-842.225107	66.984099	-265.051170	42.848	-47.963	0.0226
59	35	landing	-842.238087	66.609369	-264.968265	42.848	-47.963	0.0185
59	36	landing	-842.265415	66.216716	-264.877403	42.848	-47.963	0.0196
59	37	landing	-842.306554	65.808306	-264.778344	42.848	-47.963	0.0168
60	0	corrected	-850.678997	68.834794	-256.963308	-139.104	-4.000	3.0620
60	1	tracking	-850.009781	68.789128	-257.515285	-164.104	2.997	0.1104
60	2	tracking	-849.427596	68.740249	-258.095006	170.896	-5.003	0.0884
60	3	tracking	-848.945055	68.699651	-258.683818	153.407	-13.003	0.1284
60	4	tracking	-848.517082	68.672773	-259.279369	178.407	-21.003	0.3200
60	5	tracking	-848.110299	68.662185	-259.868818	-156.593	-29.003	0.0757
60	6	tracking	-847.727064	68.668250	-260.448711	-159.186	-37.003	0.0681
60	7	tracking	-847.347345	68.688992	-261.002580	-134.186	-44.708	0.0717
60	8	tracking	-846.983345	68.721117	-261.541220	-150.375	-41.407	0.1258
60	9	tracking	-846.633374	68.760587	-262.066250	-150.375	-33.740	0.0669
60	10	tracking	-846.295557	68.803096	-262.579761	-150.375	-26.073	0.1917
60	11	tracking	-845.967901	68.843640	-263.084183	-150.375	-18.407	0.1355
60	12	tracking	-845.635178	68.885698	-263.562579	-125.375	-26.407	0.1219
60	13	tracking	-845.293520	68.929845	-263.997104	-100.375	-34.407	0.1193
60	14	tracking	-844.948860	68.973696	-264.373766	-75.375	-42.407	0.1097
60	15	tracking	-844.613308	69.011974	-264.685806	-50.375	-50.407	0.1073
60	16	tracking	-844.287058	69.042307	-264.942332	-51.747	-42.740	0.1315
60	17	tracking	-843.981424	69.063612	-265.141240	-26.747	-34.740	0.1087
60	18	tracking	-843.695141	69.074416	-265.290763	-26.747	-26.740	0.0981
60	19	tracking	-843.427252	69.073546	-265.398568	-26.747	-25.689	0.1100
60	20	tracking	-843.187722	69.061020	-265.467038	-1.747	-17.689	0.0872
60	21	tracking	-842.984617	69.035998	-265.504035	23.253	-9.689	0.0490
60	22	tracking	-842.818052	68.998770	-265.518485	37.878	-7.940	0.0404
60	23	tracking	-842.682433	68.950073	-265.514918	37.878	-7.940	0.0327
60	24	tracking	-842.577737	68.889623	-265.503472	62.878	-15.940	0.0327
60	25	tracking	-842.498927	68.813855	-265.487381	67.848	-23.940	0.0310
60	26	tracking	-842.441366	68.716829	-265.467890	67.848	-31.940	0.0308
60	27	tracking	-842.401241	68.590969	-265.445980	67.848	-39.940	0.0296
60	28	tracking	-842.372743	68.428677	-265.418638	42.848	-47.168	0.0282
60	29	tracking	-842.350942	68.231760	-265.383126	17.848	-47.168	0.0277
60	30	tracking	-842.329861	68.002679	-265.338290	-7.152	-47.168	0.0341
60	31	tracking	-842.302992	67.744258	-265.285475	-32.152	-47.168	0.0321
60	32	tracking	-842.277382	67.448083	-265.225121	-7.152	-55.168	0.0231
60	33	tracking	-842.259018	67.115642	-265.157514	17.848	-55.963	0.0231
60	34	landing	-842.248933	66.761282	-265.077778	17.848	-47.963	0.0626
60	35	landing	-842.246723	66.387365	-264.985690	17.848	-47.963	0.0169
60	36	landing	-842.252031	65.996237	-264.881042	17.848	-47.963	0.0171
61	0	corrected	-850.578997	68.834794	-256.963308	-139.104	-4.000	3.0468
61	1	tracking	-849.909781	68.789128	-257.515285	-164.104	2.997	0.0925
61	2	tracking	-849.327596	68.740249	-258.095006	170.896	-5.003	0.0850
61	3	tracking	-848.845055	68.699651	-258.683818	153.407	-13.003	0.0961
61	4	tracking	-848.417082	68.672773	-259.279369	178.407	-21.003	0.0735
61	5	tracking	-848.010299	68.662185	-259.868818	-156.593	-29.003	0.0676
61	6	tracking	-847.627064	68.668250	-260.448711	-159.186	-37.003	0.0648
61	7	tracking	-847.247345	68.688992	-261.002580	-134.186	-44.708	0.0696
61	8	tracking	-846.883345	68.721117	-261.541220	-150.375	-41.407	0.0623
61	9	tracking	-846.533374	68.760587	-262.066250	-150.375	-33.740	0.0666
61	10	tracking	-846.195557	68.803096	-262.579761	-150.375	-26.073	0.0633
61	11	tracking	-845.867901	68.843640	-263.084183	-150.375	-18.407	0.0590
61	12	tracking	-845.535178	68.885698	-263.562579	-125.375	-26.407	0.0532
61	13	tracking	-845.193520	68.929845	-263.997104	-100.375	-34.407	0.1123
61	14	tracking	-844.848860	68.973696	-264.373766	-75.375	-42.407	0.1249
61	15	tracking	-844.513308	69.011974	-264.685806	-50.375	-50.407	0.1317
61	16	tracking	-844.187058	69.042307	-264.942332	-51.747	-42.740	0.1084
61	17	tracking	-843.881424	69.063612	-265.141240	-26.747	-34.740	0.1091
61	18	tracking	-843.595141	69.074416	-265.290763	-26.747	-26.740	0.0517
61	19	tracking	-843.327252	69.073546	-265.398568	-26.747	-25.689	0.0407
61	20	tracking	-843.087722	69.061020	-265.467038	-1.747	-17.689	0.0378
61	21	tracking	-842.884617	69.035998	-265.504035	23.253	-9.689	0.0350
61	22	tracking	-842.718052	68.998770	-265.518485	37.878	-7.940	0.0339
61	23	tracking	-842.582433	68.950073	-265.514918	37.878	-7.940	0.0328
61	24	tracking	-842.477737	68.889623	-265.503472	62.878	-15.940	0.0316
61	25	tracking	-842.398927	68.813855	-265.487381	67.848	-23.940	0.0328
61	26	tracking	-842.341366	68.716829	-265.467890	67.848	-31.940	0.0303
61	27	tracking	-842.301241	68.590969	-265.445980	67.848	-39.940	0.0295
61	28	tracking	-842.272743	68.428677	-265.418638	42.848	-47.168	0.0829
61	29	tracking	-842.250942	68.231760	-265.383126	17.848	-47.168	0.0274
61	30	tracking	-842.229861	68.002679	-265.338290	-7.152	-47.168	0.0343
61	31	tracking	-842.202992	67.744258	-265.285475	-32.152	-47.168	0.1122
61	32	tracking	-842.177382	67.448083	-265.225121	-7.152	-55.168	0.0350
61	33	tracking	-842.159018	67.115642	-265.157514	17.848	-55.963	0.0222
61	34	landing	-842.148933	66.761282	-265.077778	17.848	-47.963	0.0369
61	35	landing	-842.146723	66.387365	-264.985690	17.848	-47.963	0.0168
61	36	landing	-842.152031	65.996237	-264.881042	17.848	-47.963	0.0165
62	0	corrected	-850.678997	68.934794	-256.963308	-139.104	-4.000	2.6983
62	1	tracking	-850.009781	68.889128	-257.515285	-164.104	2.997	0.1877
62	2	tracking	-849.427596	68.840249	-258.095006	170.896	-5.003	0.1615
62	3	tracking	-848.945055	68.799651	-258.683818	153.407	-13.003	0.1461
62	4	tracking	-848.517082	68.772773	-259.279369	178.407	-21.003	0.1455
62	5	tracking	-848.110299	68.762185	-259.868818	-156.593	-29.003	0.1385
62	6	tracking	-847.727064	68.768250	-260.448711	-159.186	-37.003	0.1329
62	7	tracking	-847.347345	68.788992	-261.002580	-134.186	-44.708	0.1319
62	8	tracking	-846.983345	68.821117	-261.541220	-150.375	-41.407	0.1355
62	9	tracking	-846.633374	68.860587	-262.066250	-150.375	-33.740	0.1512
62	10	tracking	-846.295557	68.903096	-262.579761	-150.375	-26.073	0.1500
62	11	tracking	-845.967901	68.943640	-263.084183	-150.375	-18.407	0.1264
62	12	tracking	-845.635178	68.985698	-263.562579	-125.375	-26.407	0.1277
62	13	tracking	-845.293520	69.029845	-263.997104	-100.375	-34.407	0.1157
62	14	tracking	-844.948860	69.073696	-264.373766	-75.375	-42.407	0.1128
62	15	tracking	-844.613308	69.111974	-264.685806	-50.375	-50.407	0.1116
62	16	tracking	-844.287058	69.142307	-264.942332	-51.747	-42.740	0.1083
62	17	tracking	-843.981424	69.163612	-265.141240	-26.747	-34.740	0.1101
62	18	tracking	-843.695141	69.174416	-265.290763	-26.747	-26.740	0.1067
62	19	tracking	-843.427252	69.173546	-265.398568	-26.747	-25.689	0.1048
62	20	tracking	-843.187722	69.161020	-265.467038	-1.747	-17.689	0.1022
62	21	tracking	-842.984617	69.135998	-265.504035	23.253	-9.689	0.0997
62	22	tracking	-842.818052	69.098770	-265.518485	37.878	-7.940	0.1007
62	23	tracking	-842.682433	69.050073	-265.514918	37.878	-7.940	0.0978
62	24	tracking	-842.577737	68.989623	-265.503472	62.878	-15.940	0.0956
62	25	tracking	-842.498927	68.913855	-265.487381	67.848	-23.940	0.0938
62	26	tracking	-842.441366	68.816829	-265.467890	67.848	-31.940	0.0951
62	27	tracking	-842.401241	68.690969	-265.445980	67.848	-39.940	0.0951
62	28	tracking	-842.372743	68.528677	-265.418638	42.848	-47.168	0.0920
62	29	tracking	-842.350942	68.331760	-265.383126	17.848	-47.168	0.0919
62	30	tracking	-842.329861	68.102679	-265.338290	-7.152	-47.168	0.0903
62	31	tracking	-842.302992	67.844258	-265.285475	-32.152	-47.168	0.0883
62	32	tracking	-842.277382	67.548083	-265.225121	-7.152	-55.168	0.0868
62	33	tracking	-842.259018	67.215642	-265.157514	17.848	-55.963	0.0878
62	34	landing	-842.256585	66.861282	-265.082258	42.848	-47.963	0.0208
62	35	landing	-842.269201	66.486892	-264.999267	42.848	-47.963	0.0174
62	36	landing	-842.296197	66.094561	-264.908337	42.848	-47.963	0.0182
62	37	landing	-842.337031	65.686450	-264.809227	42.848	-47.963	0.0146
63	0	corrected	-850.578997	68.934794	-256.963308	-139.104	-4.000	2.1868
63	1	tracking	-849.909781	68.889128	-257.515285	-164.104	2.997	0.1400
63	2	tracking	-849.327596	68.840249	-258.095006	170.896	-5.003	0.1347
63	3	tracking	-848.845055	68.799651	-258.683818	153.407	-13.003	0.1317
63	4	tracking	-848.417082	68.772773	-259.279369	178.407	-21.003	0.1245
63	5	tracking	-848.010299	68.762185	-259.868818	-156.593	-29.003	0.1291
63	6	tracking	-847.627064	68.768250	-260.448711	-159.186	-37.003	0.1154
63	7	tracking	-847.247345	68.788992	-261.002580	-134.186	-44.708	0.1136
63	8	tracking	-846.883345	68.821117	-261.541220	-150.375	-41.407	0.1138
63	9	tracking	-846.533374	68.860587	-262.066250	-150.375	-33.740	0.1155
63	10	tracking	-846.195557	68.903096	-262.579761	-150.375	-26.073	0.1097
63	11	tracking	-845.867901	68.943640	-263.084183	-150.375	-18.407	0.1079
63	12	tracking	-845.535178	68.985698	-263.562579	-125.375	-26.407	0.1080
63	13	tracking	-845.193520	69.029845	-263.997104	-100.375	-34.407	0.1030
63	14	tracking	-844.848860	69.073696	-264.373766	-75.375	-42.407	0.1003
63	15	tracking	-844.513308	69.111974	-264.685806	-50.375	-50.407	0.0995
63	16	tracking	-844.187058	69.142307	-264.942332	-51.747	-42.740	0.0984
63	17	tracking	-843.881424	69.163612	-265.141240	-26.747	-34.740	0.1071
63	18	tracking	-843.595141	69.174416	-265.290763	-26.747	-26.740	0.0933
63	19	tracking	-843.327252	69.173546	-265.398568	-26.747	-25.689	0.1222
63	20	tracking	-843.087722	69.161020	-265.467038	-1.747	-17.689	0.0905
63	21	tracking	-842.884617	69.135998	-265.504035	23.253	-9.689	0.0908
63	22	tracking	-842.718052	69.098770	-265.518485	37.878	-7.940	0.0859
63	23	tracking	-842.582433	69.050073	-265.514918	37.878	-7.940	0.0864
63	24	tracking	-842.477737	68.989623	-265.503472	62.878	-15.940	0.0877
63	25	tracking	-842.398927	68.913855	-265.487381	67.848	-23.940	0.0881
63	26	tracking	-842.341366	68.816829	-265.467890	67.848	-31.940	0.0841
63	27	tracking	-842.301241	68.690969	-265.445980	67.848	-39.940	0.0873
63	28	tracking	-842.272743	68.528677	-265.418638	42.848	-47.168	0.0841
63	29	tracking	-842.250942	68.331760	-265.383126	17.848	-47.168	0.0819
63	30	tracking	-842.229861	68.102679	-265.338290	-7.152	-47.168	0.0811
63	31	tracking	-842.202992	67.844258	-265.285475	-32.152	-47.168	0.0792
63	32	tracking	-842.177382	67.548083	-265.225121	-7.152	-55.168	0.0782
63	33	tracking	-842.159018	67.215642	-265.157514	17.848	-55.963	0.0750
63	34	landing	-842.156585	66.861282	-265.082258	42.848	-47.963	0.0193
63	35	landing	-842.169201	66.486892	-264.999267	42.848	-47.963	0.0159
63	36	landing	-842.196197	66.094561	-264.908337	42.848	-47.963	0.0158
63	37	landing	-842.237031	65.686450	-264.809227	42.848	-47.963	0.0129
