-1	0	tracking	-850.645964	68.867102	-257.032114	-139.104	-4.000	6.2901
-1	1	tracking	-849.991601	68.807284	-257.601772	-164.104	-0.670	0.9274
-1	2	tracking	-849.422535	68.751906	-258.196524	170.896	-8.670	0.6344
-1	3	tracking	-848.951149	68.710040	-258.797665	153.407	-16.670	0.6560
-1	4	tracking	-848.533079	68.685017	-259.402840	178.407	-24.670	0.6665
-1	5	tracking	-848.135704	68.677907	-259.999512	-156.593	-32.670	0.5423
-1	6	tracking	-847.761383	68.687936	-260.584443	-159.186	-40.670	0.4946
-1	7	tracking	-847.390151	68.712344	-261.142272	-134.186	-46.375	0.2992
-1	8	tracking	-847.034052	68.747852	-261.683844	-150.375	-42.740	0.2819
-1	9	tracking	-846.691437	68.790551	-262.210929	-150.375	-34.740	0.2806
-1	10	tracking	-846.360385	68.836374	-262.725899	-150.375	-26.740	0.4780
-1	11	tracking	-846.038924	68.880283	-263.231329	-150.375	-18.740	0.6483
-1	12	tracking	-845.711981	68.925618	-263.710438	-125.375	-26.740	0.5273
-1	13	tracking	-845.375779	68.972813	-264.145543	-100.375	-34.740	0.7142
-1	14	tracking	-845.036398	69.019217	-264.522830	-75.375	-42.740	0.3647
-1	15	tracking	-844.705837	69.059505	-264.835665	-50.375	-50.740	0.2341
-1	16	tracking	-844.384292	69.091438	-265.093102	-51.747	-42.740	0.2217
-1	17	tracking	-844.083004	69.113982	-265.293128	-26.747	-34.740	0.2061
-1	18	tracking	-843.800745	69.125732	-265.443948	-26.747	-26.740	0.2094
-1	19	tracking	-843.536584	69.125555	-265.553190	-26.747	-25.689	0.2480
-1	20	tracking	-843.300384	69.113535	-265.623253	-1.747	-17.689	0.1809
-1	21	tracking	-843.100129	69.088903	-265.661946	23.253	-9.689	0.1939
-1	22	tracking	-842.935939	69.051976	-265.678117	37.878	-7.940	0.1584
-1	23	tracking	-842.802291	69.003506	-265.676269	37.878	-7.940	0.1692
-1	24	tracking	-842.699176	68.943190	-265.666444	62.878	-15.940	0.1546
-1	25	tracking	-842.621629	68.867454	-265.651857	67.848	-23.940	0.1695
-1	26	tracking	-842.565079	68.770355	-265.633754	67.848	-31.940	0.1421
-1	27	tracking	-842.525759	68.644315	-265.613118	67.848	-39.940	0.1330
-1	28	tracking	-842.497919	68.481735	-265.586975	42.848	-47.168	0.1410
-1	29	tracking	-842.476678	68.284429	-265.552612	17.848	-47.168	0.1186
-1	30	tracking	-842.456107	68.054867	-265.508875	-7.152	-47.168	0.1461
-1	31	tracking	-842.429727	67.795885	-265.457098	-32.152	-47.168	0.1147
-1	32	tracking	-842.404562	67.499061	-265.397731	-7.152	-55.168	0.1225
-1	33	tracking	-842.386576	67.165890	-265.331058	17.848	-55.963	0.1297
-1	34	landing	-842.376815	66.810754	-265.252196	17.848	-47.963	0.1023
-1	35	landing	-842.374883	66.436026	-265.160919	17.848	-47.963	0.0838
-1	36	landing	-842.380430	66.044063	-265.057020	17.848	-47.963	0.1892
-1	37	landing	-842.393135	65.637154	-264.940337	17.848	-47.963	0.1364
0	0	tracking	-850.645964	68.867102	-257.032114	-139.104	-4.000	0.3966
0	1	tracking	-849.991601	68.807284	-257.601772	-164.104	-0.670	0.3485
0	2	tracking	-849.422535	68.751906	-258.196524	170.896	-8.670	0.2943
0	3	tracking	-848.951149	68.710040	-258.797665	153.407	-16.670	0.3435
0	4	tracking	-848.533079	68.685017	-259.402840	178.407	-24.670	0.3218
0	5	tracking	-848.135704	68.677907	-259.999512	-156.593	-32.670	0.2719
0	6	tracking	-847.761383	68.687936	-260.584443	-159.186	-40.670	0.2747
0	7	tracking	-847.390151	68.712344	-261.142272	-134.186	-46.375	0.2523
0	8	tracking	-847.034052	68.747852	-261.683844	-150.375	-42.740	0.2757
0	9	tracking	-846.691437	68.790551	-262.210929	-150.375	-34.740	0.2466
0	10	tracking	-846.360385	68.836374	-262.725899	-150.375	-26.740	0.2843
0	11	tracking	-846.038924	68.880283	-263.231329	-150.375	-18.740	0.2567
0	12	tracking	-845.711981	68.925618	-263.710438	-125.375	-26.740	0.2440
0	13	tracking	-845.375779	68.972813	-264.145543	-100.375	-34.740	0.2203
0	14	tracking	-845.036398	69.019217	-264.522830	-75.375	-42.740	0.2056
0	15	tracking	-844.705837	69.059505	-264.835665	-50.375	-50.740	0.2074
0	16	tracking	-844.451352	69.022903	-265.160322	-51.747	-42.740	0.1951
0	17	tracking	-844.164826	69.028378	-265.374825	-26.747	-34.740	0.1696
0	18	tracking	-843.895315	69.024526	-265.537737	-26.747	-26.740	0.1885
0	19	tracking	-843.642195	69.010021	-265.657125	-26.747	-25.689	0.2727
0	20	tracking	-843.415814	68.985007	-265.735599	-1.747	-17.689	0.2010
0	21	tracking	-843.224503	68.948734	-265.781330	23.253	-9.689	0.1500
0	22	tracking	-843.068487	68.901393	-265.803509	37.878	-7.940	0.1402
0	23	tracking	-842.942254	68.843590	-265.806844	37.878	-7.940	0.1540
0	24	tracking	-842.845844	68.774719	-265.801589	62.878	-15.940	0.1352
0	25	tracking	-842.774310	68.690942	-265.791056	67.848	-23.940	0.1338
0	26	tracking	-842.723105	68.586091	-265.776570	67.848	-31.940	0.1325
0	27	tracking	-842.688490	68.452405	-265.759181	67.848	-39.940	0.1467
0	28	tracking	-842.664775	68.282157	-265.736004	42.848	-47.168	3.6217
0	29	tracking	-842.647194	68.077221	-265.704331	17.848	-47.168	0.2916
0	30	tracking	-842.629882	67.840142	-265.662981	-7.152	-47.168	0.1427
0	31	tracking	-842.606378	67.573813	-265.613285	-32.152	-47.168	0.1027
0	32	tracking	-842.583775	67.269700	-265.555777	-7.152	-55.168	0.1667
0	33	tracking	-842.568078	66.929331	-265.490744	17.848	-55.963	0.0913
0	34	landing	-842.560396	66.567255	-265.413219	17.848	-47.963	0.0660
0	35	landing	-842.560367	66.185887	-265.322978	17.848	-47.963	0.0729
0	36	landing	-842.567668	65.787609	-265.219821	17.848	-47.963	0.0630
1	0	tracking	-850.645964	68.867102	-257.032114	-139.104	-4.000	0.3706
1	1	tracking	-849.991601	68.807284	-257.601772	-164.104	-0.670	0.3045
1	2	tracking	-849.422535	68.751906	-258.196524	170.896	-8.670	0.2684
1	3	tracking	-848.951149	68.710040	-258.797665	153.407	-16.670	0.2975
1	4	tracking	-848.533079	68.685017	-259.402840	178.407	-24.670	0.2642
1	5	tracking	-848.135704	68.677907	-259.999512	-156.593	-32.670	0.2602
1	6	tracking	-847.761383	68.687936	-260.584443	-159.186	-40.670	0.2506
1	7	tracking	-847.390151	68.712344	-261.142272	-134.186	-46.375	0.2693
1	8	tracking	-847.034052	68.747852	-261.683844	-150.375	-42.740	0.2520
1	9	tracking	-846.691437	68.790551	-262.210929	-150.375	-34.740	0.2451
1	10	tracking	-846.360385	68.836374	-262.725899	-150.375	-26.740	0.2241
1	11	tracking	-846.038924	68.880283	-263.231329	-150.375	-18.740	0.2050
1	12	tracking	-845.711981	68.925618	-263.710438	-125.375	-26.740	0.2152
1	13	tracking	-845.375779	68.972813	-264.145543	-100.375	-34.740	0.2017
1	14	tracking	-845.036398	69.019217	-264.522830	-75.375	-42.740	0.2148
1	15	tracking	-844.705837	69.059505	-264.835665	-50.375	-50.740	0.2894
1	16	tracking	-844.351352	69.022903	-265.160322	-51.747	-42.740	0.1862
1	17	tracking	-844.064826	69.028378	-265.374825	-26.747	-34.740	0.1602
1	18	tracking	-843.795315	69.024526	-265.537737	-26.747	-26.740	0.1273
1	19	tracking	-843.542195	69.010021	-265.657125	-26.747	-25.689	0.1257
1	20	tracking	-843.315814	68.985007	-265.735599	-1.747	-17.689	0.1188
1	21	tracking	-843.124503	68.948734	-265.781330	23.253	-9.689	0.1157
1	22	tracking	-842.968487	68.901393	-265.803509	37.878	-7.940	0.1206
1	23	tracking	-842.842254	68.843590	-265.806844	37.878	-7.940	0.1095
1	24	tracking	-842.745844	68.774719	-265.801589	62.878	-15.940	0.1179
1	25	tracking	-842.674310	68.690942	-265.791056	67.848	-23.940	0.1076
1	26	tracking	-842.623105	68.586091	-265.776570	67.848	-31.940	0.0985
1	27	tracking	-842.588490	68.452405	-265.759181	67.848	-39.940	0.1123
1	28	tracking	-842.564775	68.282157	-265.736004	42.848	-47.168	0.0900
1	29	tracking	-842.547194	68.077221	-265.704331	17.848	-47.168	0.1166
1	30	tracking	-842.529882	67.840142	-265.662981	-7.152	-47.168	0.0821
1	31	tracking	-842.506378	67.573813	-265.613285	-32.152	-47.168	0.0818
1	32	tracking	-842.483775	67.269700	-265.555777	-7.152	-55.168	0.0711
1	33	tracking	-842.468078	66.929331	-265.490744	17.848	-55.963	0.0672
1	34	landing	-842.460396	66.567255	-265.413219	17.848	-47.963	0.0461
1	35	landing	-842.460367	66.185887	-265.322978	17.848	-47.963	0.0445
1	36	landing	-842.467668	65.787609	-265.219821	17.848	-47.963	0.0424
2	0	tracking	-850.645964	68.867102	-257.032114	-139.104	-4.000	0.5441
2	1	tracking	-849.991601	68.807284	-257.601772	-164.104	-0.670	0.3158
2	2	tracking	-849.422535	68.751906	-258.196524	170.896	-8.670	0.2803
2	3	tracking	-848.951149	68.710040	-258.797665	153.407	-16.670	0.2707
2	4	tracking	-848.533079	68.685017	-259.402840	178.407	-24.670	0.2476
2	5	tracking	-848.135704	68.677907	-259.999512	-156.593	-32.670	0.2392
2	6	tracking	-847.761383	68.687936	-260.584443	-159.186	-40.670	0.2527
2	7	tracking	-847.390151	68.712344	-261.142272	-134.186	-46.375	0.2174
2	8	tracking	-847.034052	68.747852	-261.683844	-150.375	-42.740	0.2416
2	9	tracking	-846.691437	68.790551	-262.210929	-150.375	-34.740	0.2276
2	10	tracking	-846.360385	68.836374	-262.725899	-150.375	-26.740	0.2117
2	11	tracking	-846.038924	68.880283	-263.231329	-150.375	-18.740	0.2464
2	12	tracking	-845.711981	68.925618	-263.710438	-125.375	-26.740	0.1829
2	13	tracking	-845.375779	68.972813	-264.145543	-100.375	-34.740	0.2172
2	14	tracking	-845.036398	69.019217	-264.522830	-75.375	-42.740	0.1687
2	15	tracking	-844.705837	69.059505	-264.835665	-50.375	-50.740	0.1713
2	16	tracking	-844.451352	69.122903	-265.160322	-51.747	-42.740	0.1606
2	17	tracking	-844.164826	69.128378	-265.374825	-26.747	-34.740	0.1481
2	18	tracking	-843.895315	69.124526	-265.537737	-26.747	-26.740	0.1404
2	19	tracking	-843.642195	69.110021	-265.657125	-26.747	-25.689	0.1438
2	20	tracking	-843.415814	69.085007	-265.735599	-1.747	-17.689	0.1323
2	21	tracking	-843.224503	69.048734	-265.781330	23.253	-9.689	0.2111
2	22	tracking	-843.068487	69.001393	-265.803509	37.878	-7.940	0.1354
2	23	tracking	-842.942254	68.943590	-265.806844	37.878	-7.940	0.1252
2	24	tracking	-842.845844	68.874719	-265.801589	62.878	-15.940	0.2014
2	25	tracking	-842.774310	68.790942	-265.791056	67.848	-23.940	0.3097
2	26	tracking	-842.723105	68.686091	-265.776570	67.848	-31.940	0.2390
2	27	tracking	-842.688490	68.552405	-265.759181	67.848	-39.940	0.2107
2	28	tracking	-842.664775	68.382157	-265.736004	42.848	-47.168	0.2634
2	29	tracking	-842.647194	68.177221	-265.704331	17.848	-47.168	0.1237
2	30	tracking	-842.629882	67.940142	-265.662981	-7.152	-47.168	0.0957
2	31	tracking	-842.606378	67.673813	-265.613285	-32.152	-47.168	0.0821
2	32	tracking	-842.583775	67.369700	-265.555777	-7.152	-55.168	0.1028
2	33	tracking	-842.568078	67.029331	-265.490744	17.848	-55.963	0.0733
2	34	landing	-842.560396	66.667255	-265.413219	17.848	-47.963	0.0565
2	35	landing	-842.560367	66.285887	-265.322978	17.848	-47.963	0.0517
2	36	landing	-842.567668	65.887609	-265.219821	17.848	-47.963	0.0486
3	0	tracking	-850.645964	68.867102	-257.032114	-139.104	-4.000	0.2985
3	1	tracking	-849.991601	68.807284	-257.601772	-164.104	-0.670	0.2880
3	2	tracking	-849.422535	68.751906	-258.196524	170.896	-8.670	0.2440
3	3	tracking	-848.951149	68.710040	-258.797665	153.407	-16.670	0.2279
3	4	tracking	-848.533079	68.685017	-259.402840	178.407	-24.670	0.2175
3	5	tracking	-848.135704	68.677907	-259.999512	-156.593	-32.670	0.2104
3	6	tracking	-847.761383	68.687936	-260.584443	-159.186	-40.670	0.2109
3	7	tracking	-847.390151	68.712344	-261.142272	-134.186	-46.375	0.2017
3	8	tracking	-847.034052	68.747852	-261.683844	-150.375	-42.740	0.1926
3	9	tracking	-846.691437	68.790551	-262.210929	-150.375	-34.740	0.1976
3	10	tracking	-846.360385	68.836374	-262.725899	-150.375	-26.740	0.1838
3	11	tracking	-846.038924	68.880283	-263.231329	-150.375	-18.740	0.1751
3	12	tracking	-845.711981	68.925618	-263.710438	-125.375	-26.740	0.1763
3	13	tracking	-845.375779	68.972813	-264.145543	-100.375	-34.740	0.1757
3	14	tracking	-845.036398	69.019217	-264.522830	-75.375	-42.740	0.1715
3	15	tracking	-844.705837	69.059505	-264.835665	-50.375	-50.740	0.1657
3	16	tracking	-844.351352	69.122903	-265.160322	-51.747	-42.740	0.1406
3	17	tracking	-844.064826	69.128378	-265.374825	-26.747	-34.740	0.1329
3	18	tracking	-843.795315	69.124526	-265.537737	-26.747	-26.740	0.1196
3	19	tracking	-843.542195	69.110021	-265.657125	-26.747	-25.689	0.1118
3	20	tracking	-843.315814	69.085007	-265.735599	-1.747	-17.689	0.1780
3	21	tracking	-843.124503	69.048734	-265.781330	23.253	-9.689	0.1163
3	22	tracking	-842.968487	69.001393	-265.803509	37.878	-7.940	0.0921
3	23	tracking	-842.842254	68.943590	-265.806844	37.878	-7.940	0.0896
3	24	tracking	-842.745844	68.874719	-265.801589	62.878	-15.940	0.0830
3	25	tracking	-842.674310	68.790942	-265.791056	67.848	-23.940	0.0820
3	26	tracking	-842.623105	68.686091	-265.776570	67.848	-31.940	0.0769
3	27	tracking	-842.588490	68.552405	-265.759181	67.848	-39.940	0.0758
3	28	tracking	-842.564775	68.382157	-265.736004	42.848	-47.168	0.0694
3	29	tracking	-842.547194	68.177221	-265.704331	17.848	-47.168	0.0665
3	30	tracking	-842.529882	67.940142	-265.662981	-7.152	-47.168	0.0599
3	31	tracking	-842.506378	67.673813	-265.613285	-32.152	-47.168	0.0576
3	32	tracking	-842.483775	67.369700	-265.555777	-7.152	-55.168	0.0548
3	33	tracking	-842.468078	67.029331	-265.490744	17.848	-55.963	0.0517
3	34	landing	-842.460396	66.667255	-265.413219	17.848	-47.963	0.0392
3	35	landing	-842.460367	66.285887	-265.322978	17.848	-47.963	0.0453
3	36	landing	-842.467668	65.887609	-265.219821	17.848	-47.963	0.0336
4	0	tracking	-850.645964	68.867102	-257.032114	-139.104	-4.000	0.3492
4	1	tracking	-849.991601	68.807284	-257.601772	-164.104	-0.670	0.5314
4	2	tracking	-849.422535	68.751906	-258.196524	170.896	-8.670	0.2444
4	3	tracking	-848.951149	68.710040	-258.797665	153.407	-16.670	0.2296
4	4	tracking	-848.533079	68.685017	-259.402840	178.407	-24.670	0.2172
4	5	tracking	-848.135704	68.677907	-259.999512	-156.593	-32.670	0.2108
4	6	tracking	-847.761383	68.687936	-260.584443	-159.186	-40.670	0.2341
4	7	tracking	-847.390151	68.712344	-261.142272	-134.186	-46.375	0.2059
4	8	tracking	-847.034052	68.747852	-261.683844	-150.375	-42.740	0.1982
4	9	tracking	-846.691437	68.790551	-262.210929	-150.375	-34.740	0.2594
4	10	tracking	-846.360385	68.836374	-262.725899	-150.375	-26.740	0.2871
4	11	tracking	-846.038924	68.880283	-263.231329	-150.375	-18.740	0.3616
4	12	tracking	-845.711981	68.925618	-263.710438	-125.375	-26.740	0.3547
4	13	tracking	-845.375779	68.972813	-264.145543	-100.375	-34.740	0.1908
4	14	tracking	-845.036398	69.019217	-264.522830	-75.375	-42.740	0.1893
4	15	tracking	-844.705837	69.059505	-264.835665	-50.375	-50.740	0.1549
4	16	tracking	-844.451352	69.022903	-265.060322	-51.747	-42.740	0.1402
4	17	tracking	-844.164826	69.028378	-265.274825	-26.747	-34.740	0.1365
4	18	tracking	-843.895315	69.024526	-265.437737	-26.747	-26.740	0.1324
4	19	tracking	-843.642195	69.010021	-265.557125	-26.747	-25.689	0.1212
4	20	tracking	-843.415814	68.985007	-265.635599	-1.747	-17.689	0.1165
4	21	tracking	-843.224503	68.948734	-265.681330	23.253	-9.689	0.1244
4	22	tracking	-843.068487	68.901393	-265.703509	37.878	-7.940	0.1233
4	23	tracking	-842.942254	68.843590	-265.706844	37.878	-7.940	0.1099
4	24	tracking	-842.845844	68.774719	-265.701589	62.878	-15.940	0.1195
4	25	tracking	-842.774310	68.690942	-265.691056	67.848	-23.940	0.1138
4	26	tracking	-842.723105	68.586091	-265.676570	67.848	-31.940	0.1011
4	27	tracking	-842.688490	68.452405	-265.659181	67.848	-39.940	0.0894
4	28	tracking	-842.664775	68.282157	-265.636004	42.848	-47.168	0.0845
4	29	tracking	-842.647194	68.077221	-265.604331	17.848	-47.168	0.0954
4	30	tracking	-842.629882	67.840142	-265.562981	-7.152	-47.168	0.0779
4	31	tracking	-842.606378	67.573813	-265.513285	-32.152	-47.168	0.0694
4	32	tracking	-842.583775	67.269700	-265.455777	-7.152	-55.168	0.0648
4	33	tracking	-842.568078	66.929331	-265.390744	17.848	-55.963	0.0626
4	34	landing	-842.560396	66.567255	-265.313219	17.848	-47.963	0.0519
4	35	landing	-842.560367	66.185887	-265.222978	17.848	-47.963	0.0460
4	36	landing	-842.567668	65.787609	-265.119821	17.848	-47.963	0.0412
5	0	tracking	-850.645964	68.867102	-257.032114	-139.104	-4.000	0.3124
5	1	tracking	-849.991601	68.807284	-257.601772	-164.104	-0.670	0.2716
5	2	tracking	-849.422535	68.751906	-258.196524	170.896	-8.670	0.2318
5	3	tracking	-848.951149	68.710040	-258.797665	153.407	-16.670	0.2324
5	4	tracking	-848.533079	68.685017	-259.402840	178.407	-24.670	0.2151
5	5	tracking	-848.135704	68.677907	-259.999512	-156.593	-32.670	0.2163
5	6	tracking	-847.761383	68.687936	-260.584443	-159.186	-40.670	0.2598
5	7	tracking	-847.390151	68.712344	-261.142272	-134.186	-46.375	0.2249
5	8	tracking	-847.034052	68.747852	-261.683844	-150.375	-42.740	0.2176
5	9	tracking	-846.691437	68.790551	-262.210929	-150.375	-34.740	0.2074
5	10	tracking	-846.360385	68.836374	-262.725899	-150.375	-26.740	0.1872
5	11	tracking	-846.038924	68.880283	-263.231329	-150.375	-18.740	0.1896
5	12	tracking	-845.711981	68.925618	-263.710438	-125.375	-26.740	0.1673
5	13	tracking	-845.375779	68.972813	-264.145543	-100.375	-34.740	0.1648
5	14	tracking	-845.036398	69.019217	-264.522830	-75.375	-42.740	0.1669
5	15	tracking	-844.705837	69.059505	-264.835665	-50.375	-50.740	0.1607
5	16	tracking	-844.351352	69.022903	-265.060322	-51.747	-42.740	0.1180
5	17	tracking	-844.064826	69.028378	-265.274825	-26.747	-34.740	0.1134
5	18	tracking	-843.795315	69.024526	-265.437737	-26.747	-26.740	0.1093
5	19	tracking	-843.542195	69.010021	-265.557125	-26.747	-25.689	0.1050
5	20	tracking	-843.315814	68.985007	-265.635599	-1.747	-17.689	0.0893
5	21	tracking	-843.124503	68.948734	-265.681330	23.253	-9.689	0.3048
5	22	tracking	-842.968487	68.901393	-265.703509	37.878	-7.940	0.1558
5	23	tracking	-842.842254	68.843590	-265.706844	37.878	-7.940	0.1307
5	24	tracking	-842.745844	68.774719	-265.701589	62.878	-15.940	0.1114
5	25	tracking	-842.674310	68.690942	-265.691056	67.848	-23.940	0.1104
5	26	tracking	-842.623105	68.586091	-265.676570	67.848	-31.940	0.0996
5	27	tracking	-842.588490	68.452405	-265.659181	67.848	-39.940	0.0941
5	28	tracking	-842.564775	68.282157	-265.636004	42.848	-47.168	0.0852
5	29	tracking	-842.547194	68.077221	-265.604331	17.848	-47.168	0.0791
5	30	tracking	-842.529882	67.840142	-265.562981	-7.152	-47.168	0.0717
5	31	tracking	-842.506378	67.573813	-265.513285	-32.152	-47.168	0.0646
5	32	tracking	-842.483775	67.269700	-265.455777	-7.152	-55.168	0.0640
5	33	tracking	-842.468078	66.929331	-265.390744	17.848	-55.963	0.0626
5	34	landing	-842.460396	66.567255	-265.313219	17.848	-47.963	0.0476
5	35	landing	-842.460367	66.185887	-265.222978	17.848	-47.963	0.0426
5	36	landing	-842.467668	65.787609	-265.119821	17.848	-47.963	0.0395
6	0	tracking	-850.645964	68.867102	-257.032114	-139.104	-4.000	2.9157
6	1	tracking	-849.991601	68.807284	-257.601772	-164.104	-0.670	0.4121
6	2	tracking	-849.422535	68.751906	-258.196524	170.896	-8.670	0.3507
6	3	tracking	-848.951149	68.710040	-258.797665	153.407	-16.670	0.3351
6	4	tracking	-848.533079	68.685017	-259.402840	178.407	-24.670	0.3675
6	5	tracking	-848.135704	68.677907	-259.999512	-156.593	-32.670	0.3185
6	6	tracking	-847.761383	68.687936	-260.584443	-159.186	-40.670	0.2999
6	7	tracking	-847.390151	68.712344	-261.142272	-134.186	-46.375	0.3566
6	8	tracking	-847.034052	68.747852	-261.683844	-150.375	-42.740	0.2740
6	9	tracking	-846.691437	68.790551	-262.210929	-150.375	-34.740	0.2735
6	10	tracking	-846.360385	68.836374	-262.725899	-150.375	-26.740	0.2577
6	11	tracking	-846.038924	68.880283	-263.231329	-150.375	-18.740	0.2425
6	12	tracking	-845.711981	68.925618	-263.710438	-125.375	-26.740	0.3837
6	13	tracking	-845.375779	68.972813	-264.145543	-100.375	-34.740	0.7269
6	14	tracking	-845.036398	69.019217	-264.522830	-75.375	-42.740	0.5098
6	15	tracking	-844.705837	69.059505	-264.835665	-50.375	-50.740	0.4228
6	16	tracking	-844.451352	69.122903	-265.060322	-51.747	-42.740	0.3911
6	17	tracking	-844.164826	69.128378	-265.274825	-26.747	-34.740	0.2174
6	18	tracking	-843.895315	69.124526	-265.437737	-26.747	-26.740	0.1832
6	19	tracking	-843.642195	69.110021	-265.557125	-26.747	-25.689	0.1727
6	20	tracking	-843.415814	69.085007	-265.635599	-1.747	-17.689	0.1659
6	21	tracking	-843.224503	69.048734	-265.681330	23.253	-9.689	0.1666
6	22	tracking	-843.068487	69.001393	-265.703509	37.878	-7.940	0.1516
6	23	tracking	-842.942254	68.943590	-265.706844	37.878	-7.940	0.1450
6	24	tracking	-842.845844	68.874719	-265.701589	62.878	-15.940	0.1394
6	25	tracking	-842.774310	68.790942	-265.691056	67.848	-23.940	0.1328
6	26	tracking	-842.723105	68.686091	-265.676570	67.848	-31.940	0.1246
6	27	tracking	-842.688490	68.552405	-265.659181	67.848	-39.940	0.1118
6	28	tracking	-842.664775	68.382157	-265.636004	42.848	-47.168	0.1036
6	29	tracking	-842.647194	68.177221	-265.604331	17.848	-47.168	0.0980
6	30	tracking	-842.629882	67.940142	-265.562981	-7.152	-47.168	0.0923
6	31	tracking	-842.606378	67.673813	-265.513285	-32.152	-47.168	0.0835
6	32	tracking	-842.583775	67.369700	-265.455777	-7.152	-55.168	0.0780
6	33	tracking	-842.568078	67.029331	-265.390744	17.848	-55.963	0.0731
6	34	landing	-842.560396	66.667255	-265.313219	17.848	-47.963	0.0678
6	35	landing	-842.560367	66.285887	-265.222978	17.848	-47.963	0.0580
6	36	landing	-842.567668	65.887609	-265.119821	17.848	-47.963	0.0539
7	0	tracking	-850.645964	68.867102	-257.032114	-139.104	-4.000	0.3860
7	1	tracking	-849.991601	68.807284	-257.601772	-164.104	-0.670	0.3530
7	2	tracking	-849.422535	68.751906	-258.196524	170.896	-8.670	0.3265
7	3	tracking	-848.951149	68.710040	-258.797665	153.407	-16.670	0.3105
7	4	tracking	-848.533079	68.685017	-259.402840	178.407	-24.670	0.2972
7	5	tracking	-848.135704	68.677907	-259.999512	-156.593	-32.670	0.2972
7	6	tracking	-847.761383	68.687936	-260.584443	-159.186	-40.670	0.2841
7	7	tracking	-847.390151	68.712344	-261.142272	-134.186	-46.375	0.2705
7	8	tracking	-847.034052	68.747852	-261.683844	-150.375	-42.740	0.2530
7	9	tracking	-846.691437	68.790551	-262.210929	-150.375	-34.740	0.2431
7	10	tracking	-846.360385	68.836374	-262.725899	-150.375	-26.740	0.2382
7	11	tracking	-846.038924	68.880283	-263.231329	-150.375	-18.740	0.2253
7	12	tracking	-845.711981	68.925618	-263.710438	-125.375	-26.740	0.2169
7	13	tracking	-845.375779	68.972813	-264.145543	-100.375	-34.740	0.3309
7	14	tracking	-845.036398	69.019217	-264.522830	-75.375	-42.740	0.3032
7	15	tracking	-844.705837	69.059505	-264.835665	-50.375	-50.740	0.2071
7	16	tracking	-844.351352	69.122903	-265.060322	-51.747	-42.740	0.1903
7	17	tracking	-844.064826	69.128378	-265.274825	-26.747	-34.740	0.1463
7	18	tracking	-843.795315	69.124526	-265.437737	-26.747	-26.740	0.1379
7	19	tracking	-843.542195	69.110021	-265.557125	-26.747	-25.689	0.1500
7	20	tracking	-843.315814	69.085007	-265.635599	-1.747	-17.689	0.1245
7	21	tracking	-843.124503	69.048734	-265.681330	23.253	-9.689	0.1121
7	22	tracking	-842.968487	69.001393	-265.703509	37.878	-7.940	0.1055
7	23	tracking	-842.842254	68.943590	-265.706844	37.878	-7.940	0.0975
7	24	tracking	-842.745844	68.874719	-265.701589	62.878	-15.940	0.1107
7	25	tracking	-842.674310	68.790942	-265.691056	67.848	-23.940	0.1101
7	26	tracking	-842.623105	68.686091	-265.676570	67.848	-31.940	0.0817
7	27	tracking	-842.588490	68.552405	-265.659181	67.848	-39.940	0.0783
7	28	tracking	-842.564775	68.382157	-265.636004	42.848	-47.168	0.0726
7	29	tracking	-842.547194	68.177221	-265.604331	17.848	-47.168	0.0729
7	30	tracking	-842.529882	67.940142	-265.562981	-7.152	-47.168	0.0926
7	31	tracking	-842.506378	67.673813	-265.513285	-32.152	-47.168	0.0964
7	32	tracking	-842.483775	67.369700	-265.455777	-7.152	-55.168	0.0872
7	33	tracking	-842.468078	67.029331	-265.390744	17.848	-55.963	0.0840
7	34	landing	-842.460396	66.667255	-265.313219	17.848	-47.963	0.0706
7	35	landing	-842.460367	66.285887	-265.222978	17.848	-47.963	0.0673
7	36	landing	-842.467668	65.887609	-265.119821	17.848	-47.963	0.0578
8	0	tracking	-850.645964	68.867102	-257.032114	-139.104	-4.000	0.4834
8	1	tracking	-849.991601	68.807284	-257.601772	-164.104	-0.670	0.3381
8	2	tracking	-849.422535	68.751906	-258.196524	170.896	-8.670	0.3242
8	3	tracking	-848.951149	68.710040	-258.797665	153.407	-16.670	0.3177
8	4	tracking	-848.533079	68.685017	-259.402840	178.407	-24.670	0.3144
8	5	tracking	-848.135704	68.677907	-259.999512	-156.593	-32.670	0.3017
8	6	tracking	-847.761383	68.687936	-260.584443	-159.186	-40.670	0.2841
8	7	tracking	-847.390151	68.712344	-261.142272	-134.186	-46.375	0.2834
8	8	tracking	-847.034052	68.747852	-261.683844	-150.375	-42.740	0.2795
8	9	tracking	-846.691437	68.790551	-262.210929	-150.375	-34.740	0.2861
8	10	tracking	-846.360385	68.836374	-262.725899	-150.375	-26.740	0.2658
8	11	tracking	-846.038924	68.880283	-263.231329	-150.375	-18.740	0.2391
8	12	tracking	-845.711981	68.925618	-263.710438	-125.375	-26.740	0.2302
8	13	tracking	-845.375779	68.972813	-264.145543	-100.375	-34.740	0.2139
8	14	tracking	-845.036398	69.019217	-264.522830	-75.375	-42.740	0.2046
8	15	tracking	-844.705837	69.059505	-264.835665	-50.375	-50.740	0.2044
8	16	tracking	-844.414056	69.025302	-265.159017	-51.747	-42.740	0.2628
8	17	tracking	-844.093389	69.034941	-265.370547	-26.747	-34.740	0.1828
8	18	tracking	-843.792611	69.036324	-265.529132	-26.747	-26.740	0.1763
8	19	tracking	-843.510859	69.027899	-265.643129	-26.747	-25.689	0.2113
8	20	tracking	-843.258917	69.009219	-265.715170	-1.747	-17.689	0.1989
8	21	tracking	-843.045438	68.979024	-265.753755	23.253	-9.689	0.2742
8	22	tracking	-842.870514	68.937406	-265.768484	37.878	-7.940	0.1740
8	23	tracking	-842.728164	68.884973	-265.764242	37.878	-7.940	0.2033
8	24	tracking	-842.618281	68.821434	-265.751780	62.878	-15.940	0.1659
8	25	tracking	-842.535474	68.743160	-265.734530	67.848	-23.940	0.1316
8	26	tracking	-842.474810	68.644128	-265.713820	67.848	-31.940	0.1157
8	27	tracking	-842.432251	68.516687	-265.690689	67.848	-39.940	0.1115
8	28	tracking	-842.401764	68.353168	-265.662065	42.848	-47.168	0.1071
8	29	tracking	-842.378258	68.155318	-265.625202	17.848	-47.168	0.0992
8	30	tracking	-842.355635	67.925553	-265.578976	-7.152	-47.168	0.1081
8	31	tracking	-842.327302	67.666670	-265.524780	-32.152	-47.168	0.0882
8	32	tracking	-842.300370	67.370253	-265.463050	-7.152	-55.168	0.0824
8	33	tracking	-842.280867	67.037766	-265.394093	17.848	-55.963	0.0779
8	34	landing	-842.269805	66.683514	-265.313042	17.848	-47.963	0.0699
8	35	landing	-842.266754	66.309831	-265.219688	17.848	-47.963	0.0606
8	36	landing	-842.271338	65.919043	-265.113831	17.848	-47.963	0.0537
9	0	tracking	-850.645964	68.867102	-257.032114	-139.104	-4.000	0.4112
9	1	tracking	-849.991601	68.807284	-257.601772	-164.104	-0.670	0.3641
9	2	tracking	-849.422535	68.751906	-258.196524	170.896	-8.670	0.3419
9	3	tracking	-848.951149	68.710040	-258.797665	153.407	-16.670	0.3078
9	4	tracking	-848.533079	68.685017	-259.402840	178.407	-24.670	0.2959
9	5	tracking	-848.135704	68.677907	-259.999512	-156.593	-32.670	0.3679
9	6	tracking	-847.761383	68.687936	-260.584443	-159.186	-40.670	0.7965
9	7	tracking	-847.390151	68.712344	-261.142272	-134.186	-46.375	0.5651
9	8	tracking	-847.034052	68.747852	-261.683844	-150.375	-42.740	0.2879
9	9	tracking	-846.691437	68.790551	-262.210929	-150.375	-34.740	0.2715
9	10	tracking	-846.360385	68.836374	-262.725899	-150.375	-26.740	0.2637
9	11	tracking	-846.038924	68.880283	-263.231329	-150.375	-18.740	0.2327
9	12	tracking	-845.711981	68.925618	-263.710438	-125.375	-26.740	0.2334
9	13	tracking	-845.375779	68.972813	-264.145543	-100.375	-34.740	0.2338
9	14	tracking	-845.036398	69.019217	-264.522830	-75.375	-42.740	0.2276
9	15	tracking	-844.705837	69.059505	-264.835665	-50.375	-50.740	0.2025
9	16	tracking	-844.314056	69.025302	-265.159017	-51.747	-42.740	0.1942
9	17	tracking	-843.993389	69.034941	-265.370547	-26.747	-34.740	0.1743
9	18	tracking	-843.692611	69.036324	-265.529132	-26.747	-26.740	0.1702
9	19	tracking	-843.410859	69.027899	-265.643129	-26.747	-25.689	0.1605
9	20	tracking	-843.158917	69.009219	-265.715170	-1.747	-17.689	0.1536
9	21	tracking	-842.945438	68.979024	-265.753755	23.253	-9.689	0.1497
9	22	tracking	-842.770514	68.937406	-265.768484	37.878	-7.940	0.1434
9	23	tracking	-842.628164	68.884973	-265.764242	37.878	-7.940	0.1378
9	24	tracking	-842.518281	68.821434	-265.751780	62.878	-15.940	0.1341
9	25	tracking	-842.435474	68.743160	-265.734530	67.848	-23.940	0.1232
9	26	tracking	-842.374810	68.644128	-265.713820	67.848	-31.940	0.1175
9	27	tracking	-842.332251	68.516687	-265.690689	67.848	-39.940	0.1128
9	28	tracking	-842.301764	68.353168	-265.662065	42.848	-47.168	0.1076
9	29	tracking	-842.278258	68.155318	-265.625202	17.848	-47.168	0.1024
9	30	tracking	-842.255635	67.925553	-265.578976	-7.152	-47.168	0.0953
9	31	tracking	-842.227302	67.666670	-265.524780	-32.152	-47.168	0.0928
9	32	tracking	-842.200370	67.370253	-265.463050	-7.152	-55.168	0.0813
9	33	tracking	-842.180867	67.037766	-265.394093	17.848	-55.963	0.0802
9	34	landing	-842.169805	66.683514	-265.313042	17.848	-47.963	0.0704
9	35	landing	-842.166754	66.309831	-265.219688	17.848	-47.963	0.0654
9	36	landing	-842.171338	65.919043	-265.113831	17.848	-47.963	0.0576
10	0	tracking	-850.645964	68.867102	-257.032114	-139.104	-4.000	0.4711
10	1	tracking	-849.991601	68.807284	-257.601772	-164.104	-0.670	0.3552
10	2	tracking	-849.422535	68.751906	-258.196524	170.896	-8.670	0.3267
10	3	tracking	-848.951149	68.710040	-258.797665	153.407	-16.670	0.3249
10	4	tracking	-848.533079	68.685017	-259.402840	178.407	-24.670	0.3129
10	5	tracking	-848.135704	68.677907	-259.999512	-156.593	-32.670	0.2986
10	6	tracking	-847.761383	68.687936	-260.584443	-159.186	-40.670	0.2889
10	7	tracking	-847.390151	68.712344	-261.142272	-134.186	-46.375	0.2821
10	8	tracking	-847.034052	68.747852	-261.683844	-150.375	-42.740	0.2708
10	9	tracking	-846.691437	68.790551	-262.210929	-150.375	-34.740	0.2618
10	10	tracking	-846.360385	68.836374	-262.725899	-150.375	-26.740	0.4878
10	11	tracking	-846.038924	68.880283	-263.231329	-150.375	-18.740	0.2869
10	12	tracking	-845.711981	68.925618	-263.710438	-125.375	-26.740	0.2598
10	13	tracking	-845.375779	68.972813	-264.145543	-100.375	-34.740	0.2152
10	14	tracking	-845.036398	69.019217	-264.522830	-75.375	-42.740	0.2093
10	15	tracking	-844.705837	69.059505	-264.835665	-50.375	-50.740	0.2044
10	16	tracking	-844.414056	69.125302	-265.159017	-51.747	-42.740	0.2229
10	17	tracking	-844.093389	69.134941	-265.370547	-26.747	-34.740	0.2956
10	18	tracking	-843.792611	69.136324	-265.529132	-26.747	-26.740	0.1280
10	19	tracking	-843.510859	69.127899	-265.643129	-26.747	-25.689	0.0735
10	20	tracking	-843.258917	69.109219	-265.715170	-1.747	-17.689	0.0636
10	21	tracking	-843.045438	69.079024	-265.753755	23.253	-9.689	0.0576
10	22	tracking	-842.870514	69.037406	-265.768484	37.878	-7.940	0.0678
10	23	tracking	-842.728164	68.984973	-265.764242	37.878	-7.940	0.0526
10	24	tracking	-842.618281	68.921434	-265.751780	62.878	-15.940	0.0511
10	25	tracking	-842.535474	68.843160	-265.734530	67.848	-23.940	0.0507
10	26	tracking	-842.474810	68.744128	-265.713820	67.848	-31.940	0.0469
10	27	tracking	-842.432251	68.616687	-265.690689	67.848	-39.940	0.0460
10	28	tracking	-842.401764	68.453168	-265.662065	42.848	-47.168	0.0478
10	29	tracking	-842.378258	68.255318	-265.625202	17.848	-47.168	0.0425
10	30	tracking	-842.355635	68.025553	-265.578976	-7.152	-47.168	0.0426
10	31	tracking	-842.327302	67.766670	-265.524780	-32.152	-47.168	0.0401
10	32	tracking	-842.300370	67.470253	-265.463050	-7.152	-55.168	0.0370
10	33	tracking	-842.280867	67.137766	-265.394093	17.848	-55.963	0.0367
10	34	landing	-842.269805	66.783514	-265.313042	17.848	-47.963	0.0343
10	35	landing	-842.266754	66.409831	-265.219688	17.848	-47.963	0.0358
10	36	landing	-842.271338	66.019043	-265.113831	17.848	-47.963	0.0311
10	37	landing	-842.283213	65.613410	-264.995317	17.848	-47.963	0.0291
11	0	tracking	-850.645964	68.867102	-257.032114	-139.104	-4.000	0.2029
11	1	tracking	-849.991601	68.807284	-257.601772	-164.104	-0.670	0.1273
11	2	tracking	-849.422535	68.751906	-258.196524	170.896	-8.670	0.1146
11	3	tracking	-848.951149	68.710040	-258.797665	153.407	-16.670	0.1086
11	4	tracking	-848.533079	68.685017	-259.402840	178.407	-24.670	0.1060
11	5	tracking	-848.135704	68.677907	-259.999512	-156.593	-32.670	0.1310
11	6	tracking	-847.761383	68.687936	-260.584443	-159.186	-40.670	0.1488
11	7	tracking	-847.390151	68.712344	-261.142272	-134.186	-46.375	0.0898
11	8	tracking	-847.034052	68.747852	-261.683844	-150.375	-42.740	0.0885
11	9	tracking	-846.691437	68.790551	-262.210929	-150.375	-34.740	0.0853
11	10	tracking	-846.360385	68.836374	-262.725899	-150.375	-26.740	0.0809
11	11	tracking	-846.038924	68.880283	-263.231329	-150.375	-18.740	0.0788
11	12	tracking	-845.711981	68.925618	-263.710438	-125.375	-26.740	0.0764
11	13	tracking	-845.375779	68.972813	-264.145543	-100.375	-34.740	0.1095
11	14	tracking	-845.036398	69.019217	-264.522830	-75.375	-42.740	0.0838
11	15	tracking	-844.705837	69.059505	-264.835665	-50.375	-50.740	0.0976
11	16	tracking	-844.314056	69.125302	-265.159017	-51.747	-42.740	0.0729
11	17	tracking	-843.993389	69.134941	-265.370547	-26.747	-34.740	0.0763
11	18	tracking	-843.692611	69.136324	-265.529132	-26.747	-26.740	0.0650
11	19	tracking	-843.410859	69.127899	-265.643129	-26.747	-25.689	0.0607
11	20	tracking	-843.158917	69.109219	-265.715170	-1.747	-17.689	0.0602
11	21	tracking	-842.945438	69.079024	-265.753755	23.253	-9.689	0.0662
11	22	tracking	-842.770514	69.037406	-265.768484	37.878	-7.940	0.0592
11	23	tracking	-842.628164	68.984973	-265.764242	37.878	-7.940	0.0537
11	24	tracking	-842.518281	68.921434	-265.751780	62.878	-15.940	0.0550
11	25	tracking	-842.435474	68.843160	-265.734530	67.848	-23.940	0.0502
11	26	tracking	-842.374810	68.744128	-265.713820	67.848	-31.940	0.0483
11	27	tracking	-842.332251	68.616687	-265.690689	67.848	-39.940	0.0628
11	28	tracking	-842.301764	68.453168	-265.662065	42.848	-47.168	0.0684
11	29	tracking	-842.278258	68.255318	-265.625202	17.848	-47.168	0.0503
11	30	tracking	-842.255635	68.025553	-265.578976	-7.152	-47.168	0.0422
11	31	tracking	-842.227302	67.766670	-265.524780	-32.152	-47.168	0.0456
11	32	tracking	-842.200370	67.470253	-265.463050	-7.152	-55.168	0.0552
11	33	tracking	-842.180867	67.137766	-265.394093	17.848	-55.963	0.0372
11	34	landing	-842.169805	66.783514	-265.313042	17.848	-47.963	0.0556
11	35	landing	-842.166754	66.409831	-265.219688	17.848	-47.963	0.0314
11	36	landing	-842.171338	66.019043	-265.113831	17.848	-47.963	0.0309
11	37	landing	-842.183213	65.613410	-264.995317	17.848	-47.963	0.0273
12	0	tracking	-850.645964	68.867102	-257.032114	-139.104	-4.000	0.2084
12	1	tracking	-849.991601	68.807284	-257.601772	-164.104	-0.670	0.1374
12	2	tracking	-849.422535	68.751906	-258.196524	170.896	-8.670	0.1337
12	3	tracking	-848.951149	68.710040	-258.797665	153.407	-16.670	0.1166
12	4	tracking	-848.533079	68.685017	-259.402840	178.407	-24.670	0.1081
12	5	tracking	-848.135704	68.677907	-259.999512	-156.593	-32.670	0.1062
12	6	tracking	-847.761383	68.687936	-260.584443	-159.186	-40.670	0.1092
12	7	tracking	-847.390151	68.712344	-261.142272	-134.186	-46.375	0.1019
12	8	tracking	-847.034052	68.747852	-261.683844	-150.375	-42.740	0.0966
12	9	tracking	-846.691437	68.790551	-262.210929	-150.375	-34.740	0.1009
12	10	tracking	-846.360385	68.836374	-262.725899	-150.375	-26.740	0.0888
12	11	tracking	-846.038924	68.880283	-263.231329	-150.375	-18.740	0.0851
12	12	tracking	-845.711981	68.925618	-263.710438	-125.375	-26.740	0.0800
12	13	tracking	-845.375779	68.972813	-264.145543	-100.375	-34.740	0.0777
12	14	tracking	-845.036398	69.019217	-264.522830	-75.375	-42.740	0.0791
12	15	tracking	-844.705837	69.059505	-264.835665	-50.375	-50.740	0.2022
12	16	tracking	-844.414056	69.025302	-265.059017	-51.747	-42.740	0.0882
12	17	tracking	-844.093389	69.034941	-265.270547	-26.747	-34.740	0.1161
12	18	tracking	-843.792611	69.036324	-265.429132	-26.747	-26.740	0.0736
12	19	tracking	-843.510859	69.027899	-265.543129	-26.747	-25.689	0.0565
12	20	tracking	-843.258917	69.009219	-265.615170	-1.747	-17.689	0.0510
12	21	tracking	-843.045438	68.979024	-265.653755	23.253	-9.689	0.0681
12	22	tracking	-842.870514	68.937406	-265.668484	37.878	-7.940	0.0514
12	23	tracking	-842.728164	68.884973	-265.664242	37.878	-7.940	0.0513
12	24	tracking	-842.618281	68.821434	-265.651780	62.878	-15.940	0.0473
12	25	tracking	-842.535474	68.743160	-265.634530	67.848	-23.940	0.0455
12	26	tracking	-842.474810	68.644128	-265.613820	67.848	-31.940	0.0456
12	27	tracking	-842.432251	68.516687	-265.590689	67.848	-39.940	0.0420
12	28	tracking	-842.401764	68.353168	-265.562065	42.848	-47.168	0.0426
12	29	tracking	-842.378258	68.155318	-265.525202	17.848	-47.168	0.0395
12	30	tracking	-842.355635	67.925553	-265.478976	-7.152	-47.168	0.0380
12	31	tracking	-842.327302	67.666670	-265.424780	-32.152	-47.168	0.0330
12	32	tracking	-842.300370	67.370253	-265.363050	-7.152	-55.168	0.0400
12	33	tracking	-842.280867	67.037766	-265.294093	17.848	-55.963	0.0363
12	34	landing	-842.269805	66.683514	-265.213042	17.848	-47.963	0.0284
12	35	landing	-842.266754	66.309831	-265.119688	17.848	-47.963	0.0303
12	36	landing	-842.271338	65.919043	-265.013831	17.848	-47.963	0.0285
13	0	tracking	-850.645964	68.867102	-257.032114	-139.104	-4.000	0.1846
13	1	tracking	-849.991601	68.807284	-257.601772	-164.104	-0.670	0.1455
13	2	tracking	-849.422535	68.751906	-258.196524	170.896	-8.670	0.1198
13	3	tracking	-848.951149	68.710040	-258.797665	153.407	-16.670	0.1190
13	4	tracking	-848.533079	68.685017	-259.402840	178.407	-24.670	0.1044
13	5	tracking	-848.135704	68.677907	-259.999512	-156.593	-32.670	0.0979
13	6	tracking	-847.761383	68.687936	-260.584443	-159.186	-40.670	0.0979
13	7	tracking	-847.390151	68.712344	-261.142272	-134.186	-46.375	0.0945
13	8	tracking	-847.034052	68.747852	-261.683844	-150.375	-42.740	0.0908
13	9	tracking	-846.691437	68.790551	-262.210929	-150.375	-34.740	0.0888
13	10	tracking	-846.360385	68.836374	-262.725899	-150.375	-26.740	0.0859
13	11	tracking	-846.038924	68.880283	-263.231329	-150.375	-18.740	0.0828
13	12	tracking	-845.711981	68.925618	-263.710438	-125.375	-26.740	0.0794
13	13	tracking	-845.375779	68.972813	-264.145543	-100.375	-34.740	0.0763
13	14	tracking	-845.036398	69.019217	-264.522830	-75.375	-42.740	0.0734
13	15	tracking	-844.705837	69.059505	-264.835665	-50.375	-50.740	0.0700
13	16	tracking	-844.314056	69.025302	-265.059017	-51.747	-42.740	0.0624
13	17	tracking	-843.993389	69.034941	-265.270547	-26.747	-34.740	0.0613
13	18	tracking	-843.692611	69.036324	-265.429132	-26.747	-26.740	0.0713
13	19	tracking	-843.410859	69.027899	-265.543129	-26.747	-25.689	0.1445
13	20	tracking	-843.158917	69.009219	-265.615170	-1.747	-17.689	0.0541
13	21	tracking	-842.945438	68.979024	-265.653755	23.253	-9.689	0.0543
13	22	tracking	-842.770514	68.937406	-265.668484	37.878	-7.940	0.0513
13	23	tracking	-842.628164	68.884973	-265.664242	37.878	-7.940	0.0541
13	24	tracking	-842.518281	68.821434	-265.651780	62.878	-15.940	0.0521
13	25	tracking	-842.435474	68.743160	-265.634530	67.848	-23.940	0.0460
13	26	tracking	-842.374810	68.644128	-265.613820	67.848	-31.940	0.0519
13	27	tracking	-842.332251	68.516687	-265.590689	67.848	-39.940	0.0427
13	28	tracking	-842.301764	68.353168	-265.562065	42.848	-47.168	0.0446
13	29	tracking	-842.278258	68.155318	-265.525202	17.848	-47.168	0.0427
13	30	tracking	-842.255635	67.925553	-265.478976	-7.152	-47.168	0.0407
13	31	tracking	-842.227302	67.666670	-265.424780	-32.152	-47.168	0.0369
13	32	tracking	-842.200370	67.370253	-265.363050	-7.152	-55.168	0.0349
13	33	tracking	-842.180867	67.037766	-265.294093	17.848	-55.963	0.0364
13	34	landing	-842.169805	66.683514	-265.213042	17.848	-47.963	0.0360
13	35	landing	-842.166754	66.309831	-265.119688	17.848	-47.963	0.0276
13	36	landing	-842.171338	65.919043	-265.013831	17.848	-47.963	0.0269
14	0	tracking	-850.645964	68.867102	-257.032114	-139.104	-4.000	0.2075
14	1	tracking	-849.991601	68.807284	-257.601772	-164.104	-0.670	0.1556
14	2	tracking	-849.422535	68.751906	-258.196524	170.896	-8.670	0.1173
14	3	tracking	-848.951149	68.710040	-258.797665	153.407	-16.670	0.1139
14	4	tracking	-848.533079	68.685017	-259.402840	178.407	-24.670	0.2041
14	5	tracking	-848.135704	68.677907	-259.999512	-156.593	-32.670	0.1424
14	6	tracking	-847.761383	68.687936	-260.584443	-159.186	-40.670	0.1658
14	7	tracking	-847.390151	68.712344	-261.142272	-134.186	-46.375	0.0984
14	8	tracking	-847.034052	68.747852	-261.683844	-150.375	-42.740	0.0902
14	9	tracking	-846.691437	68.790551	-262.210929	-150.375	-34.740	0.0885
14	10	tracking	-846.360385	68.836374	-262.725899	-150.375	-26.740	0.0871
14	11	tracking	-846.038924	68.880283	-263.231329	-150.375	-18.740	0.0830
14	12	tracking	-845.711981	68.925618	-263.710438	-125.375	-26.740	0.1229
14	13	tracking	-845.375779	68.972813	-264.145543	-100.375	-34.740	0.0778
14	14	tracking	-845.036398	69.019217	-264.522830	-75.375	-42.740	0.0744
14	15	tracking	-844.705837	69.059505	-264.835665	-50.375	-50.740	0.0722
14	16	tracking	-844.414056	69.125302	-265.059017	-51.747	-42.740	0.0666
14	17	tracking	-844.093389	69.134941	-265.270547	-26.747	-34.740	0.0633
14	18	tracking	-843.792611	69.136324	-265.429132	-26.747	-26.740	0.0652
14	19	tracking	-843.510859	69.127899	-265.543129	-26.747	-25.689	0.0698
14	20	tracking	-843.258917	69.109219	-265.615170	-1.747	-17.689	0.0599
14	21	tracking	-843.045438	69.079024	-265.653755	23.253	-9.689	0.0616
14	22	tracking	-842.870514	69.037406	-265.668484	37.878	-7.940	0.0636
14	23	tracking	-842.728164	68.984973	-265.664242	37.878	-7.940	0.0606
14	24	tracking	-842.618281	68.921434	-265.651780	62.878	-15.940	0.0496
14	25	tracking	-842.535474	68.843160	-265.634530	67.848	-23.940	0.0525
14	26	tracking	-842.474810	68.744128	-265.613820	67.848	-31.940	0.0462
14	27	tracking	-842.432251	68.616687	-265.590689	67.848	-39.940	0.0496
14	28	tracking	-842.401764	68.453168	-265.562065	42.848	-47.168	0.0421
14	29	tracking	-842.378258	68.255318	-265.525202	17.848	-47.168	0.0449
14	30	tracking	-842.355635	68.025553	-265.478976	-7.152	-47.168	0.0398
14	31	tracking	-842.327302	67.766670	-265.424780	-32.152	-47.168	0.0401
14	32	tracking	-842.300370	67.470253	-265.363050	-7.152	-55.168	0.0372
14	33	tracking	-842.280867	67.137766	-265.294093	17.848	-55.963	0.0401
14	34	landing	-842.269805	66.783514	-265.213042	17.848	-47.963	0.0334
14	35	landing	-842.266754	66.409831	-265.119688	17.848	-47.963	0.0301
14	36	landing	-842.271338	66.019043	-265.013831	17.848	-47.963	0.0327
14	37	landing	-842.283213	65.613410	-264.895317	17.848	-47.963	0.0261
15	0	tracking	-850.645964	68.867102	-257.032114	-139.104	-4.000	0.1767
15	1	tracking	-849.991601	68.807284	-257.601772	-164.104	-0.670	0.2004
15	2	tracking	-849.422535	68.751906	-258.196524	170.896	-8.670	0.1163
15	3	tracking	-848.951149	68.710040	-258.797665	153.407	-16.670	0.1110
15	4	tracking	-848.533079	68.685017	-259.402840	178.407	-24.670	0.1138
15	5	tracking	-848.135704	68.677907	-259.999512	-156.593	-32.670	0.1643
15	6	tracking	-847.761383	68.687936	-260.584443	-159.186	-40.670	0.1051
15	7	tracking	-847.390151	68.712344	-261.142272	-134.186	-46.375	0.1046
15	8	tracking	-847.034052	68.747852	-261.683844	-150.375	-42.740	0.1092
15	9	tracking	-846.691437	68.790551	-262.210929	-150.375	-34.740	0.0932
15	10	tracking	-846.360385	68.836374	-262.725899	-150.375	-26.740	0.0865
15	11	tracking	-846.038924	68.880283	-263.231329	-150.375	-18.740	0.0836
15	12	tracking	-845.711981	68.925618	-263.710438	-125.375	-26.740	0.0826
15	13	tracking	-845.375779	68.972813	-264.145543	-100.375	-34.740	0.0779
15	14	tracking	-845.036398	69.019217	-264.522830	-75.375	-42.740	0.0764
15	15	tracking	-844.705837	69.059505	-264.835665	-50.375	-50.740	0.1071
15	16	tracking	-844.314056	69.125302	-265.059017	-51.747	-42.740	0.0808
15	17	tracking	-843.993389	69.134941	-265.270547	-26.747	-34.740	0.0702
15	18	tracking	-843.692611	69.136324	-265.429132	-26.747	-26.740	0.0645
15	19	tracking	-843.410859	69.127899	-265.543129	-26.747	-25.689	0.0646
15	20	tracking	-843.158917	69.109219	-265.615170	-1.747	-17.689	0.0973
15	21	tracking	-842.945438	69.079024	-265.653755	23.253	-9.689	0.0599
15	22	tracking	-842.770514	69.037406	-265.668484	37.878	-7.940	0.0548
15	23	tracking	-842.628164	68.984973	-265.664242	37.878	-7.940	0.1612
15	24	tracking	-842.518281	68.921434	-265.651780	62.878	-15.940	0.0669
15	25	tracking	-842.435474	68.843160	-265.634530	67.848	-23.940	0.0562
15	26	tracking	-842.374810	68.744128	-265.613820	67.848	-31.940	0.3380
15	27	tracking	-842.332251	68.616687	-265.590689	67.848	-39.940	0.0965
15	28	tracking	-842.301764	68.453168	-265.562065	42.848	-47.168	0.0991
15	29	tracking	-842.278258	68.255318	-265.525202	17.848	-47.168	0.0975
15	30	tracking	-842.255635	68.025553	-265.478976	-7.152	-47.168	0.0881
15	31	tracking	-842.227302	67.766670	-265.424780	-32.152	-47.168	0.0664
15	32	tracking	-842.200370	67.470253	-265.363050	-7.152	-55.168	0.0709
15	33	tracking	-842.180867	67.137766	-265.294093	17.848	-55.963	0.0609
15	34	landing	-842.169805	66.783514	-265.213042	17.848	-47.963	0.0538
15	35	landing	-842.166754	66.409831	-265.119688	17.848	-47.963	0.0552
15	36	landing	-842.171338	66.019043	-265.013831	17.848	-47.963	0.0468
15	37	landing	-842.183213	65.613410	-264.895317	17.848	-47.963	0.0410
16	0	tracking	-850.645964	68.867102	-257.032114	-139.104	-4.000	0.3062
16	1	tracking	-849.991601	68.807284	-257.601772	-164.104	-0.670	0.1461
16	2	tracking	-849.422535	68.751906	-258.196524	170.896	-8.670	0.1226
16	3	tracking	-848.951149	68.710040	-258.797665	153.407	-16.670	0.1116
16	4	tracking	-848.533079	68.685017	-259.402840	178.407	-24.670	0.1052
16	5	tracking	-848.135704	68.677907	-259.999512	-156.593	-32.670	0.0992
16	6	tracking	-847.761383	68.687936	-260.584443	-159.186	-40.670	0.0958
16	7	tracking	-847.390151	68.712344	-261.142272	-134.186	-46.375	0.0965
16	8	tracking	-847.034052	68.747852	-261.683844	-150.375	-42.740	0.1091
16	9	tracking	-846.691437	68.790551	-262.210929	-150.375	-34.740	0.0912
16	10	tracking	-846.360385	68.836374	-262.725899	-150.375	-26.740	0.0901
16	11	tracking	-846.038924	68.880283	-263.231329	-150.375	-18.740	0.0877
16	12	tracking	-845.711981	68.925618	-263.710438	-125.375	-26.740	0.0826
16	13	tracking	-845.375779	68.972813	-264.145543	-100.375	-34.740	0.0767
16	14	tracking	-845.036398	69.019217	-264.522830	-75.375	-42.740	0.0724
16	15	tracking	-844.705837	69.059505	-264.835665	-50.375	-50.740	0.0744
16	16	tracking	-844.452384	69.060658	-265.161136	-51.747	-42.740	0.0763
16	17	tracking	-844.167492	69.101390	-265.377781	-26.747	-34.740	0.0719
16	18	tracking	-843.900290	69.130004	-265.544295	-26.747	-26.740	0.0680
16	19	tracking	-843.650288	69.144729	-265.668997	-26.747	-25.689	0.0631
16	20	tracking	-843.426759	69.145740	-265.754610	-1.747	-17.689	0.0632
16	21	tracking	-843.237090	69.132490	-265.808793	23.253	-9.689	0.0599
16	22	tracking	-843.081334	69.105506	-265.840050	37.878	-7.940	0.0628
16	23	tracking	-842.954314	69.065720	-265.852783	37.878	-7.940	0.0654
16	24	tracking	-842.855992	69.012920	-265.856521	62.878	-15.940	0.0594
16	25	tracking	-842.781790	68.943670	-265.854395	67.848	-23.940	0.0485
16	26	tracking	-842.727488	68.852159	-265.847691	67.848	-31.940	0.0499
16	27	tracking	-842.689571	68.730899	-265.837458	67.848	-39.940	0.0823
16	28	tracking	-842.662593	68.572314	-265.821002	42.848	-47.168	0.7064
16	29	tracking	-842.641923	68.378135	-265.795883	17.848	-47.168	0.0395
16	30	tracking	-842.621948	68.150773	-265.761080	-7.152	-47.168	0.0359
16	31	tracking	-842.596465	67.893092	-265.717845	-32.152	-47.168	0.0361
16	32	tracking	-842.572173	67.596686	-265.666675	-7.152	-55.168	0.0331
16	33	tracking	-842.554794	67.263097	-265.607836	17.848	-55.963	0.0299
16	34	landing	-842.545409	66.906852	-265.536469	17.848	-47.963	0.0292
16	35	landing	-842.543658	66.530390	-265.452345	17.848	-47.963	0.0298
16	36	landing	-842.549229	66.136136	-265.355247	17.848	-47.963	0.0272
16	37	landing	-842.561832	65.726449	-265.245005	17.848	-47.963	0.0372
17	0	tracking	-850.645964	68.867102	-257.032114	-139.104	-4.000	0.1777
17	1	tracking	-849.991601	68.807284	-257.601772	-164.104	-0.670	0.1136
17	2	tracking	-849.422535	68.751906	-258.196524	170.896	-8.670	0.1071
17	3	tracking	-848.951149	68.710040	-258.797665	153.407	-16.670	0.1024
17	4	tracking	-848.533079	68.685017	-259.402840	178.407	-24.670	0.0970
17	5	tracking	-848.135704	68.677907	-259.999512	-156.593	-32.670	0.1011
17	6	tracking	-847.761383	68.687936	-260.584443	-159.186	-40.670	0.0885
17	7	tracking	-847.390151	68.712344	-261.142272	-134.186	-46.375	0.0848
17	8	tracking	-847.034052	68.747852	-261.683844	-150.375	-42.740	0.0831
17	9	tracking	-846.691437	68.790551	-262.210929	-150.375	-34.740	0.0834
17	10	tracking	-846.360385	68.836374	-262.725899	-150.375	-26.740	0.0805
17	11	tracking	-846.038924	68.880283	-263.231329	-150.375	-18.740	0.0755
17	12	tracking	-845.711981	68.925618	-263.710438	-125.375	-26.740	0.0724
17	13	tracking	-845.375779	68.972813	-264.145543	-100.375	-34.740	0.0685
17	14	tracking	-845.036398	69.019217	-264.522830	-75.375	-42.740	0.0652
17	15	tracking	-844.705837	69.059505	-264.835665	-50.375	-50.740	0.0643
17	16	tracking	-844.352384	69.060658	-265.161136	-51.747	-42.740	0.0588
17	17	tracking	-844.067492	69.101390	-265.377781	-26.747	-34.740	0.0539
17	18	tracking	-843.800290	69.130004	-265.544295	-26.747	-26.740	0.0497
17	19	tracking	-843.550288	69.144729	-265.668997	-26.747	-25.689	0.0493
17	20	tracking	-843.326759	69.145740	-265.754610	-1.747	-17.689	0.0464
17	21	tracking	-843.137090	69.132490	-265.808793	23.253	-9.689	0.0430
17	22	tracking	-842.981334	69.105506	-265.840050	37.878	-7.940	0.0405
17	23	tracking	-842.854314	69.065720	-265.852783	37.878	-7.940	0.0388
17	24	tracking	-842.755992	69.012920	-265.856521	62.878	-15.940	0.0367
17	25	tracking	-842.681790	68.943670	-265.854395	67.848	-23.940	0.0353
17	26	tracking	-842.627488	68.852159	-265.847691	67.848	-31.940	0.0329
17	27	tracking	-842.589571	68.730899	-265.837458	67.848	-39.940	0.0321
17	28	tracking	-842.562593	68.572314	-265.821002	42.848	-47.168	0.0307
17	29	tracking	-842.541923	68.378135	-265.795883	17.848	-47.168	0.0292
17	30	tracking	-842.521948	68.150773	-265.761080	-7.152	-47.168	0.0265
17	31	tracking	-842.496465	67.893092	-265.717845	-32.152	-47.168	0.0258
17	32	tracking	-842.472173	67.596686	-265.666675	-7.152	-55.168	0.0256
17	33	tracking	-842.454794	67.263097	-265.607836	17.848	-55.963	0.0234
17	34	landing	-842.445409	66.906852	-265.536469	17.848	-47.963	0.0224
17	35	landing	-842.443658	66.530390	-265.452345	17.848	-47.963	0.0202
17	36	landing	-842.449229	66.136136	-265.355247	17.848	-47.963	0.0193
17	37	landing	-842.461832	65.726449	-265.245005	17.848	-47.963	0.0184
18	0	tracking	-850.645964	68.867102	-257.032114	-139.104	-4.000	0.1537
18	1	tracking	-849.991601	68.807284	-257.601772	-164.104	-0.670	0.1133
18	2	tracking	-849.422535	68.751906	-258.196524	170.896	-8.670	0.1070
18	3	tracking	-848.951149	68.710040	-258.797665	153.407	-16.670	0.1001
18	4	tracking	-848.533079	68.685017	-259.402840	178.407	-24.670	0.0963
18	5	tracking	-848.135704	68.677907	-259.999512	-156.593	-32.670	0.0905
18	6	tracking	-847.761383	68.687936	-260.584443	-159.186	-40.670	0.0882
18	7	tracking	-847.390151	68.712344	-261.142272	-134.186	-46.375	0.0852
18	8	tracking	-847.034052	68.747852	-261.683844	-150.375	-42.740	0.0815
18	9	tracking	-846.691437	68.790551	-262.210929	-150.375	-34.740	0.0808
18	10	tracking	-846.360385	68.836374	-262.725899	-150.375	-26.740	0.0796
18	11	tracking	-846.038924	68.880283	-263.231329	-150.375	-18.740	0.0773
18	12	tracking	-845.711981	68.925618	-263.710438	-125.375	-26.740	0.0769
18	13	tracking	-845.375779	68.972813	-264.145543	-100.375	-34.740	0.0727
18	14	tracking	-845.036398	69.019217	-264.522830	-75.375	-42.740	0.0684
18	15	tracking	-844.705837	69.059505	-264.835665	-50.375	-50.740	0.0761
18	16	tracking	-844.452384	69.160658	-265.161136	-51.747	-42.740	0.0627
18	17	tracking	-844.167492	69.201390	-265.377781	-26.747	-34.740	0.0581
18	18	tracking	-843.900290	69.230004	-265.544295	-26.747	-26.740	0.0541
18	19	tracking	-843.650288	69.244729	-265.668997	-26.747	-25.689	0.0639
18	20	tracking	-843.426759	69.245740	-265.754610	-1.747	-17.689	0.0514
18	21	tracking	-843.237090	69.232490	-265.808793	23.253	-9.689	0.0503
18	22	tracking	-843.081334	69.205506	-265.840050	37.878	-7.940	0.0466
18	23	tracking	-842.954314	69.165720	-265.852783	37.878	-7.940	0.0452
18	24	tracking	-842.855992	69.112920	-265.856521	62.878	-15.940	0.0450
18	25	tracking	-842.781790	69.043670	-265.854395	67.848	-23.940	0.0417
18	26	tracking	-842.727488	68.952159	-265.847691	67.848	-31.940	0.0399
18	27	tracking	-842.689571	68.830899	-265.837458	67.848	-39.940	0.0380
18	28	tracking	-842.662593	68.672314	-265.821002	42.848	-47.168	0.0368
18	29	tracking	-842.641923	68.478135	-265.795883	17.848	-47.168	0.0354
18	30	tracking	-842.621948	68.250773	-265.761080	-7.152	-47.168	0.0352
18	31	tracking	-842.596465	67.993092	-265.717845	-32.152	-47.168	0.0324
18	32	tracking	-842.572173	67.696686	-265.666675	-7.152	-55.168	0.0313
18	33	tracking	-842.554794	67.363097	-265.607836	17.848	-55.963	0.0290
18	34	landing	-842.545409	67.006852	-265.536469	17.848	-47.963	0.0281
18	35	landing	-842.543658	66.630390	-265.452345	17.848	-47.963	0.0250
18	36	landing	-842.549229	66.236136	-265.355247	17.848	-47.963	0.0232
18	37	landing	-842.561832	65.826449	-265.245005	17.848	-47.963	0.0240
19	0	tracking	-850.645964	68.867102	-257.032114	-139.104	-4.000	0.1503
19	1	tracking	-849.991601	68.807284	-257.601772	-164.104	-0.670	0.1407
19	2	tracking	-849.422535	68.751906	-258.196524	170.896	-8.670	0.1135
19	3	tracking	-848.951149	68.710040	-258.797665	153.407	-16.670	0.0990
19	4	tracking	-848.533079	68.685017	-259.402840	178.407	-24.670	0.0940
19	5	tracking	-848.135704	68.677907	-259.999512	-156.593	-32.670	0.0887
19	6	tracking	-847.761383	68.687936	-260.584443	-159.186	-40.670	0.0880
19	7	tracking	-847.390151	68.712344	-261.142272	-134.186	-46.375	0.1034
19	8	tracking	-847.034052	68.747852	-261.683844	-150.375	-42.740	0.0834
19	9	tracking	-846.691437	68.790551	-262.210929	-150.375	-34.740	0.0806
19	10	tracking	-846.360385	68.836374	-262.725899	-150.375	-26.740	0.0758
19	11	tracking	-846.038924	68.880283	-263.231329	-150.375	-18.740	0.0745
19	12	tracking	-845.711981	68.925618	-263.710438	-125.375	-26.740	0.0716
19	13	tracking	-845.375779	68.972813	-264.145543	-100.375	-34.740	0.0683
19	14	tracking	-845.036398	69.019217	-264.522830	-75.375	-42.740	0.0653
19	15	tracking	-844.705837	69.059505	-264.835665	-50.375	-50.740	0.0628
19	16	tracking	-844.352384	69.160658	-265.161136	-51.747	-42.740	0.0576
19	17	tracking	-844.067492	69.201390	-265.377781	-26.747	-34.740	0.0493
19	18	tracking	-843.800290	69.230004	-265.544295	-26.747	-26.740	0.0461
19	19	tracking	-843.550288	69.244729	-265.668997	-26.747	-25.689	0.0441
19	20	tracking	-843.326759	69.245740	-265.754610	-1.747	-17.689	0.0429
19	21	tracking	-843.137090	69.232490	-265.808793	23.253	-9.689	0.0394
19	22	tracking	-842.981334	69.205506	-265.840050	37.878	-7.940	0.0381
19	23	tracking	-842.854314	69.165720	-265.852783	37.878	-7.940	0.0462
19	24	tracking	-842.755992	69.112920	-265.856521	62.878	-15.940	0.0370
19	25	tracking	-842.681790	69.043670	-265.854395	67.848	-23.940	0.0350
19	26	tracking	-842.627488	68.952159	-265.847691	67.848	-31.940	0.0330
19	27	tracking	-842.589571	68.830899	-265.837458	67.848	-39.940	0.0312
19	28	tracking	-842.562593	68.672314	-265.821002	42.848	-47.168	0.0304
19	29	tracking	-842.541923	68.478135	-265.795883	17.848	-47.168	0.0280
19	30	tracking	-842.521948	68.250773	-265.761080	-7.152	-47.168	0.0252
19	31	tracking	-842.496465	67.993092	-265.717845	-32.152	-47.168	0.0243
19	32	tracking	-842.472173	67.696686	-265.666675	-7.152	-55.168	0.0243
19	33	tracking	-842.454794	67.363097	-265.607836	17.848	-55.963	0.0221
19	34	landing	-842.445409	67.006852	-265.536469	17.848	-47.963	0.0217
19	35	landing	-842.443658	66.630390	-265.452345	17.848	-47.963	0.0194
19	36	landing	-842.449229	66.236136	-265.355247	17.848	-47.963	0.0177
19	37	landing	-842.461832	65.826449	-265.245005	17.848	-47.963	0.0975
20	0	tracking	-850.645964	68.867102	-257.032114	-139.104	-4.000	0.1593
20	1	tracking	-849.991601	68.807284	-257.601772	-164.104	-0.670	0.1119
20	2	tracking	-849.422535	68.751906	-258.196524	170.896	-8.670	0.1069
20	3	tracking	-848.951149	68.710040	-258.797665	153.407	-16.670	0.1022
20	4	tracking	-848.533079	68.685017	-259.402840	178.407	-24.670	0.0974
20	5	tracking	-848.135704	68.677907	-259.999512	-156.593	-32.670	0.1663
20	6	tracking	-847.761383	68.687936	-260.584443	-159.186	-40.670	0.1270
20	7	tracking	-847.390151	68.712344	-261.142272	-134.186	-46.375	0.1943
20	8	tracking	-847.034052	68.747852	-261.683844	-150.375	-42.740	0.2080
20	9	tracking	-846.691437	68.790551	-262.210929	-150.375	-34.740	0.2085
20	10	tracking	-846.360385	68.836374	-262.725899	-150.375	-26.740	0.1041
20	11	tracking	-846.038924	68.880283	-263.231329	-150.375	-18.740	0.0769
20	12	tracking	-845.711981	68.925618	-263.710438	-125.375	-26.740	0.0758
20	13	tracking	-845.375779	68.972813	-264.145543	-100.375	-34.740	0.0729
20	14	tracking	-845.036398	69.019217	-264.522830	-75.375	-42.740	0.0663
20	15	tracking	-844.705837	69.059505	-264.835665	-50.375	-50.740	0.0651
20	16	tracking	-844.452384	69.060658	-265.061136	-51.747	-42.740	0.0659
20	17	tracking	-844.167492	69.101390	-265.277781	-26.747	-34.740	0.0625
20	18	tracking	-843.900290	69.130004	-265.444295	-26.747	-26.740	0.0575
20	19	tracking	-843.650288	69.144729	-265.568997	-26.747	-25.689	0.0577
20	20	tracking	-843.426759	69.145740	-265.654610	-1.747	-17.689	0.0535
20	21	tracking	-843.237090	69.132490	-265.708793	23.253	-9.689	0.0500
20	22	tracking	-843.081334	69.105506	-265.740050	37.878	-7.940	0.0477
20	23	tracking	-842.954314	69.065720	-265.752783	37.878	-7.940	0.0475
20	24	tracking	-842.855992	69.012920	-265.756521	62.878	-15.940	0.0455
20	25	tracking	-842.781790	68.943670	-265.754395	67.848	-23.940	0.0425
20	26	tracking	-842.727488	68.852159	-265.747691	67.848	-31.940	0.0406
20	27	tracking	-842.689571	68.730899	-265.737458	67.848	-39.940	0.0396
20	28	tracking	-842.662593	68.572314	-265.721002	42.848	-47.168	0.0368
20	29	tracking	-842.641923	68.378135	-265.695883	17.848	-47.168	0.1048
20	30	tracking	-842.621948	68.150773	-265.661080	-7.152	-47.168	0.0467
20	31	tracking	-842.596465	67.893092	-265.617845	-32.152	-47.168	0.0343
20	32	tracking	-842.572173	67.596686	-265.566675	-7.152	-55.168	0.0327
20	33	tracking	-842.554794	67.263097	-265.507836	17.848	-55.963	0.0288
20	34	landing	-842.545409	66.906852	-265.436469	17.848	-47.963	0.0314
20	35	landing	-842.543658	66.530390	-265.352345	17.848	-47.963	0.0256
20	36	landing	-842.549229	66.136136	-265.255247	17.848	-47.963	0.0233
20	37	landing	-842.561832	65.726449	-265.145005	17.848	-47.963	0.0241
21	0	tracking	-850.645964	68.867102	-257.032114	-139.104	-4.000	0.1552
21	1	tracking	-849.991601	68.807284	-257.601772	-164.104	-0.670	0.1107
21	2	tracking	-849.422535	68.751906	-258.196524	170.896	-8.670	0.1040
21	3	tracking	-848.951149	68.710040	-258.797665	153.407	-16.670	0.0991
21	4	tracking	-848.533079	68.685017	-259.402840	178.407	-24.670	0.0921
21	5	tracking	-848.135704	68.677907	-259.999512	-156.593	-32.670	0.0880
21	6	tracking	-847.761383	68.687936	-260.584443	-159.186	-40.670	0.0903
21	7	tracking	-847.390151	68.712344	-261.142272	-134.186	-46.375	0.0850
21	8	tracking	-847.034052	68.747852	-261.683844	-150.375	-42.740	0.0802
21	9	tracking	-846.691437	68.790551	-262.210929	-150.375	-34.740	0.0907
21	10	tracking	-846.360385	68.836374	-262.725899	-150.375	-26.740	0.0751
21	11	tracking	-846.038924	68.880283	-263.231329	-150.375	-18.740	0.0736
21	12	tracking	-845.711981	68.925618	-263.710438	-125.375	-26.740	0.0720
21	13	tracking	-845.375779	68.972813	-264.145543	-100.375	-34.740	0.0678
21	14	tracking	-845.036398	69.019217	-264.522830	-75.375	-42.740	0.0641
21	15	tracking	-844.705837	69.059505	-264.835665	-50.375	-50.740	0.0614
21	16	tracking	-844.352384	69.060658	-265.061136	-51.747	-42.740	0.0571
21	17	tracking	-844.067492	69.101390	-265.277781	-26.747	-34.740	0.0517
21	18	tracking	-843.800290	69.130004	-265.444295	-26.747	-26.740	0.0493
21	19	tracking	-843.550288	69.144729	-265.568997	-26.747	-25.689	0.0481
21	20	tracking	-843.326759	69.145740	-265.654610	-1.747	-17.689	0.0455
21	21	tracking	-843.137090	69.132490	-265.708793	23.253	-9.689	0.0407
21	22	tracking	-842.981334	69.105506	-265.740050	37.878	-7.940	0.0393
21	23	tracking	-842.854314	69.065720	-265.752783	37.878	-7.940	0.0372
21	24	tracking	-842.755992	69.012920	-265.756521	62.878	-15.940	0.0357
21	25	tracking	-842.681790	68.943670	-265.754395	67.848	-23.940	0.0336
21	26	tracking	-842.627488	68.852159	-265.747691	67.848	-31.940	0.0351
21	27	tracking	-842.589571	68.730899	-265.737458	67.848	-39.940	0.0314
21	28	tracking	-842.562593	68.572314	-265.721002	42.848	-47.168	0.0298
21	29	tracking	-842.541923	68.378135	-265.695883	17.848	-47.168	0.0277
21	30	tracking	-842.521948	68.150773	-265.661080	-7.152	-47.168	0.0262
21	31	tracking	-842.496465	67.893092	-265.617845	-32.152	-47.168	0.0249
21	32	tracking	-842.472173	67.596686	-265.566675	-7.152	-55.168	0.0248
21	33	tracking	-842.454794	67.263097	-265.507836	17.848	-55.963	0.0237
21	34	landing	-842.445409	66.906852	-265.436469	17.848	-47.963	0.0218
21	35	landing	-842.443658	66.530390	-265.352345	17.848	-47.963	0.0205
21	36	landing	-842.449229	66.136136	-265.255247	17.848	-47.963	0.0192
21	37	landing	-842.461832	65.726449	-265.145005	17.848	-47.963	0.0162
22	0	tracking	-850.645964	68.867102	-257.032114	-139.104	-4.000	0.1459
22	1	tracking	-849.991601	68.807284	-257.601772	-164.104	-0.670	0.1086
22	2	tracking	-849.422535	68.751906	-258.196524	170.896	-8.670	0.1110
22	3	tracking	-848.951149	68.710040	-258.797665	153.407	-16.670	0.0986
22	4	tracking	-848.533079	68.685017	-259.402840	178.407	-24.670	0.0936
22	5	tracking	-848.135704	68.677907	-259.999512	-156.593	-32.670	0.0905
22	6	tracking	-847.761383	68.687936	-260.584443	-159.186	-40.670	0.0867
22	7	tracking	-847.390151	68.712344	-261.142272	-134.186	-46.375	0.0861
22	8	tracking	-847.034052	68.747852	-261.683844	-150.375	-42.740	0.0849
22	9	tracking	-846.691437	68.790551	-262.210929	-150.375	-34.740	0.0919
22	10	tracking	-846.360385	68.836374	-262.725899	-150.375	-26.740	0.0850
22	11	tracking	-846.038924	68.880283	-263.231329	-150.375	-18.740	0.0817
22	12	tracking	-845.711981	68.925618	-263.710438	-125.375	-26.740	0.0799
22	13	tracking	-845.375779	68.972813	-264.145543	-100.375	-34.740	0.0712
22	14	tracking	-845.036398	69.019217	-264.522830	-75.375	-42.740	0.0677
22	15	tracking	-844.705837	69.059505	-264.835665	-50.375	-50.740	0.0639
22	16	tracking	-844.452384	69.160658	-265.061136	-51.747	-42.740	0.0645
22	17	tracking	-844.167492	69.201390	-265.277781	-26.747	-34.740	0.0579
22	18	tracking	-843.900290	69.230004	-265.444295	-26.747	-26.740	0.0550
22	19	tracking	-843.650288	69.244729	-265.568997	-26.747	-25.689	0.0532
22	20	tracking	-843.426759	69.245740	-265.654610	-1.747	-17.689	0.0498
22	21	tracking	-843.237090	69.232490	-265.708793	23.253	-9.689	0.0582
22	22	tracking	-843.081334	69.205506	-265.740050	37.878	-7.940	0.0477
22	23	tracking	-842.954314	69.165720	-265.752783	37.878	-7.940	0.0590
22	24	tracking	-842.855992	69.112920	-265.756521	62.878	-15.940	0.0554
22	25	tracking	-842.781790	69.043670	-265.754395	67.848	-23.940	0.0428
22	26	tracking	-842.727488	68.952159	-265.747691	67.848	-31.940	0.0402
22	27	tracking	-842.689571	68.830899	-265.737458	67.848	-39.940	0.0374
22	28	tracking	-842.662593	68.672314	-265.721002	42.848	-47.168	0.0357
22	29	tracking	-842.641923	68.478135	-265.695883	17.848	-47.168	0.0348
22	30	tracking	-842.621948	68.250773	-265.661080	-7.152	-47.168	0.0331
22	31	tracking	-842.596465	67.993092	-265.617845	-32.152	-47.168	0.0323
22	32	tracking	-842.572173	67.696686	-265.566675	-7.152	-55.168	0.0306
22	33	tracking	-842.554794	67.363097	-265.507836	17.848	-55.963	0.0302
22	34	landing	-842.545409	67.006852	-265.436469	17.848	-47.963	0.0341
22	35	landing	-842.543658	66.630390	-265.352345	17.848	-47.963	0.0294
22	36	landing	-842.549229	66.236136	-265.255247	17.848	-47.963	0.0329
22	37	landing	-842.561832	65.826449	-265.145005	17.848	-47.963	0.0247
23	0	tracking	-850.645964	68.867102	-257.032114	-139.104	-4.000	0.1815
23	1	tracking	-849.991601	68.807284	-257.601772	-164.104	-0.670	0.1204
23	2	tracking	-849.422535	68.751906	-258.196524	170.896	-8.670	0.1147
23	3	tracking	-848.951149	68.710040	-258.797665	153.407	-16.670	0.1565
23	4	tracking	-848.533079	68.685017	-259.402840	178.407	-24.670	0.0869
23	5	tracking	-848.135704	68.677907	-259.999512	-156.593	-32.670	0.0850
23	6	tracking	-847.761383	68.687936	-260.584443	-159.186	-40.670	0.0771
23	7	tracking	-847.390151	68.712344	-261.142272	-134.186	-46.375	0.2886
23	8	tracking	-847.034052	68.747852	-261.683844	-150.375	-42.740	0.0846
23	9	tracking	-846.691437	68.790551	-262.210929	-150.375	-34.740	0.0765
23	10	tracking	-846.360385	68.836374	-262.725899	-150.375	-26.740	0.0715
23	11	tracking	-846.038924	68.880283	-263.231329	-150.375	-18.740	0.0710
23	12	tracking	-845.711981	68.925618	-263.710438	-125.375	-26.740	0.0655
23	13	tracking	-845.375779	68.972813	-264.145543	-100.375	-34.740	0.0587
23	14	tracking	-845.036398	69.019217	-264.522830	-75.375	-42.740	0.0556
23	15	tracking	-844.705837	69.059505	-264.835665	-50.375	-50.740	0.0637
23	16	tracking	-844.352384	69.160658	-265.061136	-51.747	-42.740	0.0488
23	17	tracking	-844.067492	69.201390	-265.277781	-26.747	-34.740	0.0435
23	18	tracking	-843.800290	69.230004	-265.444295	-26.747	-26.740	0.0407
23	19	tracking	-843.550288	69.244729	-265.568997	-26.747	-25.689	0.0400
23	20	tracking	-843.326759	69.245740	-265.654610	-1.747	-17.689	0.0369
23	21	tracking	-843.137090	69.232490	-265.708793	23.253	-9.689	0.0365
23	22	tracking	-842.981334	69.205506	-265.740050	37.878	-7.940	0.0334
23	23	tracking	-842.854314	69.165720	-265.752783	37.878	-7.940	0.0320
23	24	tracking	-842.755992	69.112920	-265.756521	62.878	-15.940	0.0307
23	25	tracking	-842.681790	69.043670	-265.754395	67.848	-23.940	0.0288
23	26	tracking	-842.627488	68.952159	-265.747691	67.848	-31.940	0.0269
23	27	tracking	-842.589571	68.830899	-265.737458	67.848	-39.940	0.0250
23	28	tracking	-842.562593	68.672314	-265.721002	42.848	-47.168	0.0244
23	29	tracking	-842.541923	68.478135	-265.695883	17.848	-47.168	0.0225
23	30	tracking	-842.521948	68.250773	-265.661080	-7.152	-47.168	0.0210
23	31	tracking	-842.496465	67.993092	-265.617845	-32.152	-47.168	0.0193
23	32	tracking	-842.472173	67.696686	-265.566675	-7.152	-55.168	0.0214
23	33	tracking	-842.454794	67.363097	-265.507836	17.848	-55.963	0.0169
23	34	landing	-842.445409	67.006852	-265.436469	17.848	-47.963	0.0163
23	35	landing	-842.443658	66.630390	-265.352345	17.848	-47.963	0.0148
23	36	landing	-842.449229	66.236136	-265.255247	17.848	-47.963	0.0132
23	37	landing	-842.461832	65.826449	-265.145005	17.848	-47.963	0.0121
24	0	tracking	-850.645964	68.867102	-257.032114	-139.104	-4.000	0.1351
24	1	tracking	-849.991601	68.807284	-257.601772	-164.104	-0.670	0.0929
24	2	tracking	-849.422535	68.751906	-258.196524	170.896	-8.670	0.0927
24	3	tracking	-848.951149	68.710040	-258.797665	153.407	-16.670	0.0852
24	4	tracking	-848.533079	68.685017	-259.402840	178.407	-24.670	0.0788
24	5	tracking	-848.135704	68.677907	-259.999512	-156.593	-32.670	0.0738
24	6	tracking	-847.761383	68.687936	-260.584443	-159.186	-40.670	0.0710
24	7	tracking	-847.390151	68.712344	-261.142272	-134.186	-46.375	0.0712
24	8	tracking	-847.034052	68.747852	-261.683844	-150.375	-42.740	0.0692
24	9	tracking	-846.691437	68.790551	-262.210929	-150.375	-34.740	0.0667
24	10	tracking	-846.360385	68.836374	-262.725899	-150.375	-26.740	0.0625
24	11	tracking	-846.038924	68.880283	-263.231329	-150.375	-18.740	0.0624
24	12	tracking	-845.711981	68.925618	-263.710438	-125.375	-26.740	0.0592
24	13	tracking	-845.375779	68.972813	-264.145543	-100.375	-34.740	0.0573
24	14	tracking	-845.036398	69.019217	-264.522830	-75.375	-42.740	0.0532
24	15	tracking	-844.705837	69.059505	-264.835665	-50.375	-50.740	0.1190
24	16	tracking	-844.415088	69.063056	-265.159831	-51.747	-42.740	0.1250
24	17	tracking	-844.095993	69.108106	-265.373380	-26.747	-34.740	0.1206
24	18	tracking	-843.797342	69.142421	-265.535205	-26.747	-26.740	0.0587
24	19	tracking	-843.518472	69.163872	-265.654048	-26.747	-25.689	0.0531
24	20	tracking	-843.269173	69.171782	-265.732891	-1.747	-17.689	0.0471
24	21	tracking	-843.057120	69.165102	-265.779702	23.253	-9.689	0.0433
24	22	tracking	-842.882217	69.144271	-265.803365	37.878	-7.940	0.0427
24	23	tracking	-842.738826	69.110229	-265.808447	37.878	-7.940	0.0390
24	24	tracking	-842.626751	69.063081	-265.804940	62.878	-15.940	0.0380
24	25	tracking	-842.540982	68.999609	-265.796079	67.848	-23.940	0.0358
24	26	tracking	-842.476920	68.914147	-265.783153	67.848	-31.940	0.0332
24	27	tracking	-842.430765	68.799323	-265.767189	67.848	-39.940	0.0321
24	28	tracking	-842.396740	68.647634	-265.745310	42.848	-47.168	0.0307
24	29	tracking	-842.369901	68.460716	-265.715016	17.848	-47.168	0.0299
24	30	tracking	-842.344395	68.240871	-265.675325	-7.152	-47.168	0.0289
24	31	tracking	-842.313875	67.990865	-265.627561	-32.152	-47.168	0.0274
24	32	tracking	-842.285067	67.702403	-265.572128	-7.152	-55.168	0.0258
24	33	tracking	-842.263720	67.376962	-265.509316	17.848	-55.963	0.0232
24	34	landing	-842.250810	67.028809	-265.434375	17.848	-47.963	0.0216
24	35	landing	-842.245911	66.660299	-265.347093	17.848	-47.963	0.0201
24	36	landing	-842.248651	66.273794	-265.247258	17.848	-47.963	0.0185
24	37	landing	-842.258696	65.871606	-265.134692	17.848	-47.963	0.0185
25	0	tracking	-850.645964	68.867102	-257.032114	-139.104	-4.000	0.1400
25	1	tracking	-849.991601	68.807284	-257.601772	-164.104	-0.670	0.0960
25	2	tracking	-849.422535	68.751906	-258.196524	170.896	-8.670	0.0935
25	3	tracking	-848.951149	68.710040	-258.797665	153.407	-16.670	0.0863
25	4	tracking	-848.533079	68.685017	-259.402840	178.407	-24.670	0.2527
25	5	tracking	-848.135704	68.677907	-259.999512	-156.593	-32.670	0.1352
25	6	tracking	-847.761383	68.687936	-260.584443	-159.186	-40.670	0.0805
25	7	tracking	-847.390151	68.712344	-261.142272	-134.186	-46.375	0.0740
25	8	tracking	-847.034052	68.747852	-261.683844	-150.375	-42.740	0.0696
25	9	tracking	-846.691437	68.790551	-262.210929	-150.375	-34.740	0.0695
25	10	tracking	-846.360385	68.836374	-262.725899	-150.375	-26.740	0.0656
25	11	tracking	-846.038924	68.880283	-263.231329	-150.375	-18.740	0.0666
25	12	tracking	-845.711981	68.925618	-263.710438	-125.375	-26.740	0.0617
25	13	tracking	-845.375779	68.972813	-264.145543	-100.375	-34.740	0.0596
25	14	tracking	-845.036398	69.019217	-264.522830	-75.375	-42.740	0.0569
25	15	tracking	-844.705837	69.059505	-264.835665	-50.375	-50.740	0.0550
25	16	tracking	-844.315088	69.063056	-265.159831	-51.747	-42.740	0.0565
25	17	tracking	-843.995993	69.108106	-265.373380	-26.747	-34.740	0.0518
25	18	tracking	-843.697342	69.142421	-265.535205	-26.747	-26.740	0.0489
25	19	tracking	-843.418472	69.163872	-265.654048	-26.747	-25.689	0.0589
25	20	tracking	-843.169173	69.171782	-265.732891	-1.747	-17.689	0.0466
25	21	tracking	-842.957120	69.165102	-265.779702	23.253	-9.689	0.0444
25	22	tracking	-842.782217	69.144271	-265.803365	37.878	-7.940	0.0421
25	23	tracking	-842.638826	69.110229	-265.808447	37.878	-7.940	0.0402
25	24	tracking	-842.526751	69.063081	-265.804940	62.878	-15.940	0.0381
25	25	tracking	-842.440982	68.999609	-265.796079	67.848	-23.940	0.0368
25	26	tracking	-842.376920	68.914147	-265.783153	67.848	-31.940	0.0353
25	27	tracking	-842.330765	68.799323	-265.767189	67.848	-39.940	0.0333
25	28	tracking	-842.296740	68.647634	-265.745310	42.848	-47.168	0.0317
25	29	tracking	-842.269901	68.460716	-265.715016	17.848	-47.168	0.0299
25	30	tracking	-842.244395	68.240871	-265.675325	-7.152	-47.168	0.0282
25	31	tracking	-842.213875	67.990865	-265.627561	-32.152	-47.168	0.0258
25	32	tracking	-842.185067	67.702403	-265.572128	-7.152	-55.168	0.0250
25	33	tracking	-842.163720	67.376962	-265.509316	17.848	-55.963	0.0228
25	34	landing	-842.150810	67.028809	-265.434375	17.848	-47.963	0.0211
25	35	landing	-842.145911	66.660299	-265.347093	17.848	-47.963	0.0191
25	36	landing	-842.148651	66.273794	-265.247258	17.848	-47.963	0.0184
25	37	landing	-842.158696	65.871606	-265.134692	17.848	-47.963	0.0180
26	0	tracking	-850.645964	68.867102	-257.032114	-139.104	-4.000	0.1451
26	1	tracking	-849.991601	68.807284	-257.601772	-164.104	-0.670	0.0952
26	2	tracking	-849.422535	68.751906	-258.196524	170.896	-8.670	0.0891
26	3	tracking	-848.951149	68.710040	-258.797665	153.407	-16.670	0.0855
26	4	tracking	-848.533079	68.685017	-259.402840	178.407	-24.670	0.1180
26	5	tracking	-848.135704	68.677907	-259.999512	-156.593	-32.670	0.1367
26	6	tracking	-847.761383	68.687936	-260.584443	-159.186	-40.670	0.1236
26	7	tracking	-847.390151	68.712344	-261.142272	-134.186	-46.375	0.1315
26	8	tracking	-847.034052	68.747852	-261.683844	-150.375	-42.740	0.2246
26	9	tracking	-846.691437	68.790551	-262.210929	-150.375	-34.740	0.1494
26	10	tracking	-846.360385	68.836374	-262.725899	-150.375	-26.740	0.1349
26	11	tracking	-846.038924	68.880283	-263.231329	-150.375	-18.740	0.1131
26	12	tracking	-845.711981	68.925618	-263.710438	-125.375	-26.740	0.1115
26	13	tracking	-845.375779	68.972813	-264.145543	-100.375	-34.740	0.0665
26	14	tracking	-845.036398	69.019217	-264.522830	-75.375	-42.740	0.0564
26	15	tracking	-844.705837	69.059505	-264.835665	-50.375	-50.740	0.0557
26	16	corrected	-844.415260	69.162803	-265.159966	-51.747	-43.740	0.1048
26	17	tracking	-844.096420	69.207415	-265.373838	-26.747	-35.740	0.0489
26	18	tracking	-843.798093	69.241213	-265.536143	-26.747	-27.740	0.0455
26	19	tracking	-843.519577	69.262046	-265.655544	-26.747	-26.439	0.0444
26	20	tracking	-843.270597	69.269459	-265.734945	-1.747	-18.439	0.0432
26	21	tracking	-843.058799	69.262513	-265.782318	23.253	-10.439	0.0415
26	22	tracking	-842.884093	69.241542	-265.806522	37.878	-8.440	0.0402
26	23	tracking	-842.740852	69.207417	-265.812118	37.878	-8.357	0.0525
26	24	tracking	-842.628880	69.160109	-265.809084	62.878	-16.273	0.0473
26	25	tracking	-842.543183	69.096341	-265.800654	67.848	-24.190	0.0376
26	26	tracking	-842.479175	69.010462	-265.788115	67.848	-32.107	0.0330
26	27	tracking	-842.433065	68.895155	-265.772497	67.848	-40.023	0.0334
26	28	tracking	-842.399086	68.743000	-265.750921	42.848	-47.168	0.0312
26	29	tracking	-842.372290	68.555627	-265.720891	17.848	-47.168	0.0337
26	30	tracking	-842.346821	68.335336	-265.681434	-7.152	-47.168	0.0416
26	31	tracking	-842.316334	68.084894	-265.633877	-32.152	-47.168	0.0295
26	32	tracking	-842.287554	67.795999	-265.578628	-7.152	-55.168	0.0262
26	33	tracking	-842.266233	67.470128	-265.515980	17.848	-55.963	0.0229
26	34	landing	-842.253348	67.121557	-265.441180	17.848	-47.963	0.0209
26	35	landing	-842.248472	66.752643	-265.354019	17.848	-47.963	0.0191
26	36	landing	-842.251236	66.365748	-265.254283	17.848	-47.963	0.0180
26	37	landing	-842.261304	65.963186	-265.141799	17.848	-47.963	0.0166
27	0	tracking	-850.645964	68.867102	-257.032114	-139.104	-4.000	0.1464
27	1	tracking	-849.991601	68.807284	-257.601772	-164.104	-0.670	0.1342
27	2	tracking	-849.422535	68.751906	-258.196524	170.896	-8.670	0.0949
27	3	tracking	-848.951149	68.710040	-258.797665	153.407	-16.670	0.0835
27	4	tracking	-848.533079	68.685017	-259.402840	178.407	-24.670	0.0779
27	5	tracking	-848.135704	68.677907	-259.999512	-156.593	-32.670	0.0864
27	6	tracking	-847.761383	68.687936	-260.584443	-159.186	-40.670	0.0736
27	7	tracking	-847.390151	68.712344	-261.142272	-134.186	-46.375	0.0690
27	8	tracking	-847.034052	68.747852	-261.683844	-150.375	-42.740	0.0740
27	9	tracking	-846.691437	68.790551	-262.210929	-150.375	-34.740	0.0674
27	10	tracking	-846.360385	68.836374	-262.725899	-150.375	-26.740	0.0613
27	11	tracking	-846.038924	68.880283	-263.231329	-150.375	-18.740	0.0829
27	12	tracking	-845.711981	68.925618	-263.710438	-125.375	-26.740	0.0821
27	13	tracking	-845.375779	68.972813	-264.145543	-100.375	-34.740	0.0551
27	14	tracking	-845.036398	69.019217	-264.522830	-75.375	-42.740	0.0528
27	15	tracking	-844.705837	69.059505	-264.835665	-50.375	-50.740	0.0505
27	16	corrected	-844.316219	69.162535	-265.159134	-49.747	-44.740	0.8463
27	17	tracking	-843.999350	69.206584	-265.372076	-24.914	-36.740	0.1195
27	18	tracking	-843.703773	69.239584	-265.533500	-25.080	-28.740	0.0704
27	19	tracking	-843.428531	69.259351	-265.652133	-25.247	-27.189	0.0493
27	20	tracking	-843.183099	69.265714	-265.731141	-0.414	-19.189	0.0564
27	21	tracking	-842.974797	69.257912	-265.778678	24.420	-11.189	0.0396
27	22	tracking	-842.803331	69.236208	-265.803507	38.878	-8.940	0.0385
27	23	tracking	-842.663038	69.201410	-265.810054	38.711	-8.773	0.0363
27	24	tracking	-842.553577	69.153313	-265.808155	63.545	-16.607	0.0352
27	25	tracking	-842.470000	69.088560	-265.800924	68.348	-24.440	0.0361
27	26	tracking	-842.407784	69.001492	-265.789576	68.181	-32.273	0.0329
27	27	tracking	-842.363187	68.884840	-265.775090	68.015	-40.107	0.0308
27	28	tracking	-842.330527	68.731262	-265.754598	43.015	-47.168	0.0290
27	29	tracking	-842.304918	68.542404	-265.725607	18.015	-47.168	0.0299
27	30	tracking	-842.280550	68.320581	-265.687121	-6.985	-47.168	0.0273
27	31	tracking	-842.251101	68.068576	-265.640442	-31.985	-47.168	0.0288
27	32	tracking	-842.223252	67.778067	-265.586020	-7.152	-55.168	0.0278
27	33	tracking	-842.202749	67.450542	-265.524143	17.848	-55.963	0.0235
27	34	landing	-842.190590	67.100331	-265.450035	17.848	-47.963	0.0220
27	35	landing	-842.186365	66.729807	-265.363484	17.848	-47.963	0.0216
27	36	landing	-842.189713	66.341346	-265.264274	17.848	-47.963	0.0204
27	37	landing	-842.200310	65.937269	-265.152234	17.848	-47.963	0.0376
28	0	tracking	-850.645964	68.867102	-257.032114	-139.104	-4.000	0.1846
28	1	tracking	-849.991601	68.807284	-257.601772	-164.104	-0.670	0.0985
28	2	tracking	-849.422535	68.751906	-258.196524	170.896	-8.670	0.0919
28	3	tracking	-848.951149	68.710040	-258.797665	153.407	-16.670	0.0809
28	4	tracking	-848.533079	68.685017	-259.402840	178.407	-24.670	0.0753
28	5	tracking	-848.135704	68.677907	-259.999512	-156.593	-32.670	0.0968
28	6	tracking	-847.761383	68.687936	-260.584443	-159.186	-40.670	0.0830
28	7	tracking	-847.390151	68.712344	-261.142272	-134.186	-46.375	0.0819
28	8	tracking	-847.034052	68.747852	-261.683844	-150.375	-42.740	0.0769
28	9	tracking	-846.691437	68.790551	-262.210929	-150.375	-34.740	0.0679
28	10	tracking	-846.360385	68.836374	-262.725899	-150.375	-26.740	0.0644
28	11	tracking	-846.038924	68.880283	-263.231329	-150.375	-18.740	0.0639
28	12	tracking	-845.711981	68.925618	-263.710438	-125.375	-26.740	0.0626
28	13	tracking	-845.375779	68.972813	-264.145543	-100.375	-34.740	0.0602
28	14	tracking	-845.036398	69.019217	-264.522830	-75.375	-42.740	0.0566
28	15	tracking	-844.705837	69.059505	-264.835665	-50.375	-50.740	0.1285
28	16	tracking	-844.415088	69.063056	-265.059831	-51.747	-42.740	0.0785
28	17	tracking	-844.095993	69.108106	-265.273380	-26.747	-34.740	0.0525
28	18	tracking	-843.797342	69.142421	-265.435205	-26.747	-26.740	0.0638
28	19	tracking	-843.518472	69.163872	-265.554048	-26.747	-25.689	0.0490
28	20	tracking	-843.269173	69.171782	-265.632891	-1.747	-17.689	0.0455
28	21	tracking	-843.057120	69.165102	-265.679702	23.253	-9.689	0.0416
28	22	tracking	-842.882217	69.144271	-265.703365	37.878	-7.940	0.0766
28	23	tracking	-842.738826	69.110229	-265.708447	37.878	-7.940	0.0447
28	24	tracking	-842.626751	69.063081	-265.704940	62.878	-15.940	0.0451
28	25	tracking	-842.540982	68.999609	-265.696079	67.848	-23.940	0.0443
28	26	tracking	-842.476920	68.914147	-265.683153	67.848	-31.940	0.0331
28	27	tracking	-842.430765	68.799323	-265.667189	67.848	-39.940	0.0352
28	28	tracking	-842.396740	68.647634	-265.645310	42.848	-47.168	0.0308
28	29	tracking	-842.369901	68.460716	-265.615016	17.848	-47.168	0.0318
28	30	tracking	-842.344395	68.240871	-265.575325	-7.152	-47.168	0.0277
28	31	tracking	-842.313875	67.990865	-265.527561	-32.152	-47.168	0.0264
28	32	tracking	-842.285067	67.702403	-265.472128	-7.152	-55.168	0.0255
28	33	tracking	-842.263720	67.376962	-265.409316	17.848	-55.963	0.0253
28	34	landing	-842.250810	67.028809	-265.334375	17.848	-47.963	0.0264
28	35	landing	-842.245911	66.660299	-265.247093	17.848	-47.963	0.0209
28	36	landing	-842.248651	66.273794	-265.147258	17.848	-47.963	0.0181
28	37	landing	-842.258696	65.871606	-265.034692	17.848	-47.963	0.0185
29	0	tracking	-850.645964	68.867102	-257.032114	-139.104	-4.000	0.1448
29	1	tracking	-849.991601	68.807284	-257.601772	-164.104	-0.670	0.1135
29	2	tracking	-849.422535	68.751906	-258.196524	170.896	-8.670	0.0972
29	3	tracking	-848.951149	68.710040	-258.797665	153.407	-16.670	0.0919
29	4	tracking	-848.533079	68.685017	-259.402840	178.407	-24.670	0.0831
29	5	tracking	-848.135704	68.677907	-259.999512	-156.593	-32.670	0.0892
29	6	tracking	-847.761383	68.687936	-260.584443	-159.186	-40.670	0.1594
29	7	tracking	-847.390151	68.712344	-261.142272	-134.186	-46.375	0.0873
29	8	tracking	-847.034052	68.747852	-261.683844	-150.375	-42.740	0.1013
29	9	tracking	-846.691437	68.790551	-262.210929	-150.375	-34.740	0.1294
29	10	tracking	-846.360385	68.836374	-262.725899	-150.375	-26.740	0.0687
29	11	tracking	-846.038924	68.880283	-263.231329	-150.375	-18.740	0.0663
29	12	tracking	-845.711981	68.925618	-263.710438	-125.375	-26.740	0.0636
29	13	tracking	-845.375779	68.972813	-264.145543	-100.375	-34.740	0.0614
29	14	tracking	-845.036398	69.019217	-264.522830	-75.375	-42.740	0.0598
29	15	tracking	-844.705837	69.059505	-264.835665	-50.375	-50.740	0.0670
29	16	tracking	-844.315088	69.063056	-265.059831	-51.747	-42.740	0.1444
29	17	tracking	-843.995993	69.108106	-265.273380	-26.747	-34.740	0.0570
29	18	tracking	-843.697342	69.142421	-265.435205	-26.747	-26.740	0.2756
29	19	tracking	-843.418472	69.163872	-265.554048	-26.747	-25.689	0.0965
29	20	tracking	-843.169173	69.171782	-265.632891	-1.747	-17.689	0.0727
29	21	tracking	-842.957120	69.165102	-265.679702	23.253	-9.689	0.0561
29	22	tracking	-842.782217	69.144271	-265.703365	37.878	-7.940	0.0457
29	23	tracking	-842.638826	69.110229	-265.708447	37.878	-7.940	0.1199
29	24	tracking	-842.526751	69.063081	-265.704940	62.878	-15.940	0.1071
29	25	tracking	-842.440982	68.999609	-265.696079	67.848	-23.940	0.1066
29	26	tracking	-842.376920	68.914147	-265.683153	67.848	-31.940	0.0742
29	27	tracking	-842.330765	68.799323	-265.667189	67.848	-39.940	0.0336
29	28	tracking	-842.296740	68.647634	-265.645310	42.848	-47.168	0.0374
29	29	tracking	-842.269901	68.460716	-265.615016	17.848	-47.168	0.0285
29	30	tracking	-842.244395	68.240871	-265.575325	-7.152	-47.168	0.0383
29	31	tracking	-842.213875	67.990865	-265.527561	-32.152	-47.168	0.0317
29	32	tracking	-842.185067	67.702403	-265.472128	-7.152	-55.168	0.0314
29	33	tracking	-842.163720	67.376962	-265.409316	17.848	-55.963	0.0246
29	34	landing	-842.150810	67.028809	-265.334375	17.848	-47.963	0.0218
29	35	landing	-842.145911	66.660299	-265.247093	17.848	-47.963	0.0232
29	36	landing	-842.148651	66.273794	-265.147258	17.848	-47.963	0.0191
29	37	landing	-842.158696	65.871606	-265.034692	17.848	-47.963	0.0175
30	0	tracking	-850.645964	68.867102	-257.032114	-139.104	-4.000	0.1559
30	1	tracking	-849.991601	68.807284	-257.601772	-164.104	-0.670	0.1002
30	2	tracking	-849.422535	68.751906	-258.196524	170.896	-8.670	0.0961
30	3	tracking	-848.951149	68.710040	-258.797665	153.407	-16.670	0.0877
30	4	tracking	-848.533079	68.685017	-259.402840	178.407	-24.670	0.0822
30	5	tracking	-848.135704	68.677907	-259.999512	-156.593	-32.670	0.0812
30	6	tracking	-847.761383	68.687936	-260.584443	-159.186	-40.670	0.0792
30	7	tracking	-847.390151	68.712344	-261.142272	-134.186	-46.375	0.0726
30	8	tracking	-847.034052	68.747852	-261.683844	-150.375	-42.740	0.0706
30	9	tracking	-846.691437	68.790551	-262.210929	-150.375	-34.740	0.1534
30	10	tracking	-846.360385	68.836374	-262.725899	-150.375	-26.740	0.0895
30	11	tracking	-846.038924	68.880283	-263.231329	-150.375	-18.740	0.0730
30	12	tracking	-845.711981	68.925618	-263.710438	-125.375	-26.740	0.0717
30	13	tracking	-845.375779	68.972813	-264.145543	-100.375	-34.740	0.0966
30	14	tracking	-845.036398	69.019217	-264.522830	-75.375	-42.740	0.0746
30	15	tracking	-844.705837	69.059505	-264.835665	-50.375	-50.740	0.0585
30	16	corrected	-844.415484	69.163056	-265.059339	-50.747	-42.740	0.1607
30	17	tracking	-844.097255	69.208062	-265.272249	-25.830	-34.740	0.0477
30	18	tracking	-843.799830	69.242273	-265.433380	-25.914	-26.740	0.0477
30	19	tracking	-843.522437	69.263545	-265.551545	-25.997	-25.689	0.0472
30	20	tracking	-843.274773	69.271235	-265.629905	-1.080	-17.689	0.0414
30	21	tracking	-843.064356	69.264323	-265.676516	23.836	-9.689	0.0412
30	22	tracking	-842.890986	69.243260	-265.700230	38.378	-7.940	0.0428
30	23	tracking	-842.749000	69.208985	-265.705544	38.295	-7.940	0.0372
30	24	tracking	-842.638131	69.161583	-265.702383	63.211	-15.940	0.0388
30	25	tracking	-842.553382	69.097820	-265.693923	68.098	-23.940	0.0389
30	26	tracking	-842.490184	69.012024	-265.681414	68.015	-31.940	0.0337
30	27	tracking	-842.444755	68.896817	-265.665858	67.931	-39.940	0.0404
30	28	tracking	-842.411358	68.744695	-265.644386	42.931	-47.168	0.0299
30	29	tracking	-842.385083	68.557303	-265.614493	17.931	-47.168	0.0325
30	30	tracking	-842.360101	68.336952	-265.575187	-7.069	-47.168	0.0274
30	31	tracking	-842.330080	68.086419	-265.527775	-32.069	-47.168	0.0263
30	32	tracking	-842.301718	67.797398	-265.472679	-7.152	-55.168	0.0260
30	33	tracking	-842.280764	67.471375	-265.410186	17.848	-55.963	0.0225
30	34	landing	-842.268200	67.122636	-265.335536	17.848	-47.963	0.0267
30	35	landing	-842.263610	66.753546	-265.248516	17.848	-47.963	0.0225
30	36	landing	-842.266626	66.366473	-265.148910	17.848	-47.963	0.0249
30	37	landing	-842.276919	65.963731	-265.036543	17.848	-47.963	0.0190
31	0	tracking	-850.645964	68.867102	-257.032114	-139.104	-4.000	0.1580
31	1	tracking	-849.991601	68.807284	-257.601772	-164.104	-0.670	0.1033
31	2	tracking	-849.422535	68.751906	-258.196524	170.896	-8.670	0.0913
31	3	tracking	-848.951149	68.710040	-258.797665	153.407	-16.670	0.1037
31	4	tracking	-848.533079	68.685017	-259.402840	178.407	-24.670	0.0898
31	5	tracking	-848.135704	68.677907	-259.999512	-156.593	-32.670	0.0761
31	6	tracking	-847.761383	68.687936	-260.584443	-159.186	-40.670	0.0732
31	7	tracking	-847.390151	68.712344	-261.142272	-134.186	-46.375	0.0867
31	8	tracking	-847.034052	68.747852	-261.683844	-150.375	-42.740	0.0762
31	9	tracking	-846.691437	68.790551	-262.210929	-150.375	-34.740	0.1193
31	10	tracking	-846.360385	68.836374	-262.725899	-150.375	-26.740	0.1024
31	11	tracking	-846.038924	68.880283	-263.231329	-150.375	-18.740	0.0681
31	12	tracking	-845.711981	68.925618	-263.710438	-125.375	-26.740	0.0620
31	13	tracking	-845.375779	68.972813	-264.145543	-100.375	-34.740	0.0643
31	14	tracking	-845.036398	69.019217	-264.522830	-75.375	-42.740	0.0654
31	15	tracking	-844.705837	69.059505	-264.835665	-50.375	-50.740	0.0510
31	16	corrected	-844.316219	69.162535	-265.059134	-49.747	-44.740	0.6803
31	17	tracking	-843.999350	69.206584	-265.272076	-24.914	-36.740	0.0525
31	18	tracking	-843.703773	69.239584	-265.433500	-25.080	-28.740	0.0464
31	19	tracking	-843.428531	69.259351	-265.552133	-25.247	-27.189	0.0486
31	20	tracking	-843.183099	69.265714	-265.631141	-0.414	-19.189	0.0451
31	21	tracking	-842.974797	69.257912	-265.678678	24.420	-11.189	0.0404
31	22	tracking	-842.803331	69.236208	-265.703507	38.878	-8.940	0.0488
31	23	tracking	-842.663038	69.201410	-265.710054	38.711	-8.773	0.0464
31	24	tracking	-842.553577	69.153313	-265.708155	63.545	-16.607	0.0374
31	25	tracking	-842.470000	69.088560	-265.700924	68.348	-24.440	0.0501
31	26	tracking	-842.407784	69.001492	-265.689576	68.181	-32.273	0.0336
31	27	tracking	-842.363187	68.884840	-265.675090	68.015	-40.107	0.0346
31	28	tracking	-842.330527	68.731262	-265.654598	43.015	-47.168	0.0298
31	29	tracking	-842.304918	68.542404	-265.625607	18.015	-47.168	0.0327
31	30	tracking	-842.280550	68.320581	-265.587121	-6.985	-47.168	0.0272
31	31	tracking	-842.251101	68.068576	-265.540442	-31.985	-47.168	0.0297
31	32	tracking	-842.223252	67.778067	-265.486020	-7.152	-55.168	0.0255
31	33	tracking	-842.202749	67.450542	-265.424143	17.848	-55.963	0.0278
31	34	landing	-842.190590	67.100331	-265.350035	17.848	-47.963	0.0237
31	35	landing	-842.186365	66.729807	-265.263484	17.848	-47.963	0.0194
31	36	landing	-842.189713	66.341346	-265.164274	17.848	-47.963	0.0200
31	37	landing	-842.200310	65.937269	-265.052234	17.848	-47.963	0.0169
32	0	tracking	-850.645964	68.867102	-257.032114	-139.104	-4.000	0.1350
32	1	tracking	-849.991601	68.807284	-257.601772	-164.104	-0.670	0.0925
32	2	tracking	-849.422535	68.751906	-258.196524	170.896	-8.670	0.0897
32	3	tracking	-848.951149	68.710040	-258.797665	153.407	-16.670	0.0853
32	4	tracking	-848.533079	68.685017	-259.402840	178.407	-24.670	0.0788
32	5	tracking	-848.135704	68.677907	-259.999512	-156.593	-32.670	0.0742
32	6	tracking	-847.761383	68.687936	-260.584443	-159.186	-40.670	0.0713
32	7	tracking	-847.390151	68.712344	-261.142272	-134.186	-46.375	0.0813
32	8	tracking	-847.034052	68.747852	-261.683844	-150.375	-42.740	0.0691
32	9	tracking	-846.691437	68.790551	-262.210929	-150.375	-34.740	0.0672
32	10	tracking	-846.360385	68.836374	-262.725899	-150.375	-26.740	0.0620
32	11	tracking	-846.038924	68.880283	-263.231329	-150.375	-18.740	0.0615
32	12	tracking	-845.711981	68.925618	-263.710438	-125.375	-26.740	0.0578
32	13	tracking	-845.375779	68.972813	-264.145543	-100.375	-34.740	0.0567
32	14	tracking	-845.036398	69.019217	-264.522830	-75.375	-42.740	0.0640
32	15	tracking	-844.705837	69.059505	-264.835665	-50.375	-50.740	0.0530
32	16	tracking	-844.453018	69.020488	-265.125996	-51.747	-42.740	0.0709
32	17	tracking	-844.168744	69.022079	-265.311434	-26.747	-34.740	0.0435
32	18	tracking	-843.901805	69.013678	-265.449573	-26.747	-26.740	0.0455
32	19	tracking	-843.651369	68.994298	-265.547667	-26.747	-25.689	0.0434
32	20	tracking	-843.427396	68.964524	-265.607733	-1.747	-17.689	0.0398
32	21	tracking	-843.238110	68.923876	-265.637344	23.253	-9.689	0.0415
32	22	tracking	-843.083839	68.872580	-265.645238	37.878	-7.940	0.0366
32	23	tracking	-842.959193	68.811228	-265.635803	37.878	-7.940	0.0338
32	24	tracking	-842.864355	68.739156	-265.619087	62.878	-15.940	0.0356
32	25	tracking	-842.794423	68.652491	-265.598263	67.848	-23.940	0.0309
32	26	tracking	-842.744866	68.545058	-265.574516	67.848	-31.940	0.0332
32	27	tracking	-842.711967	68.409131	-265.548775	67.848	-39.940	0.0283
32	28	tracking	-842.689995	68.237066	-265.517927	42.848	-47.168	0.0309
32	29	tracking	-842.674095	68.030865	-265.479020	17.848	-47.168	0.0319
32	30	tracking	-842.658221	67.793140	-265.430754	-7.152	-47.168	0.0335
32	31	tracking	-842.635752	67.526755	-265.374504	-32.152	-47.168	0.0237
32	32	tracking	-842.614023	67.223167	-265.310768	-7.152	-55.168	0.0227
32	33	tracking	-842.599218	66.883871	-265.239833	17.848	-55.963	0.0469
32	34	landing	-842.592442	66.523320	-265.156706	17.848	-47.963	0.0192
32	35	landing	-842.593323	66.143891	-265.061151	17.848	-47.963	0.0186
32	36	landing	-842.601529	65.747923	-264.952966	17.848	-47.963	0.0199
33	0	tracking	-850.645964	68.867102	-257.032114	-139.104	-4.000	0.1337
33	1	tracking	-849.991601	68.807284	-257.601772	-164.104	-0.670	0.0918
33	2	tracking	-849.422535	68.751906	-258.196524	170.896	-8.670	0.0864
33	3	tracking	-848.951149	68.710040	-258.797665	153.407	-16.670	0.0837
33	4	tracking	-848.533079	68.685017	-259.402840	178.407	-24.670	0.0765
33	5	tracking	-848.135704	68.677907	-259.999512	-156.593	-32.670	0.0725
33	6	tracking	-847.761383	68.687936	-260.584443	-159.186	-40.670	0.0703
33	7	tracking	-847.390151	68.712344	-261.142272	-134.186	-46.375	0.0697
33	8	tracking	-847.034052	68.747852	-261.683844	-150.375	-42.740	0.0689
33	9	tracking	-846.691437	68.790551	-262.210929	-150.375	-34.740	0.0681
33	10	tracking	-846.360385	68.836374	-262.725899	-150.375	-26.740	0.0636
33	11	tracking	-846.038924	68.880283	-263.231329	-150.375	-18.740	0.0831
33	12	tracking	-845.711981	68.925618	-263.710438	-125.375	-26.740	0.0726
33	13	tracking	-845.375779	68.972813	-264.145543	-100.375	-34.740	0.0584
33	14	tracking	-845.036398	69.019217	-264.522830	-75.375	-42.740	0.0561
33	15	tracking	-844.705837	69.059505	-264.835665	-50.375	-50.740	0.0533
33	16	tracking	-844.353018	69.020488	-265.125996	-51.747	-42.740	0.0409
33	17	tracking	-844.068744	69.022079	-265.311434	-26.747	-34.740	0.0419
33	18	tracking	-843.801805	69.013678	-265.449573	-26.747	-26.740	0.0347
33	19	tracking	-843.551369	68.994298	-265.547667	-26.747	-25.689	0.0394
33	20	tracking	-843.327396	68.964524	-265.607733	-1.747	-17.689	0.0312
33	21	tracking	-843.138110	68.923876	-265.637344	23.253	-9.689	0.0379
33	22	tracking	-842.983839	68.872580	-265.645238	37.878	-7.940	0.0296
33	23	tracking	-842.859193	68.811228	-265.635803	37.878	-7.940	0.0307
33	24	tracking	-842.764355	68.739156	-265.619087	62.878	-15.940	0.0251
33	25	tracking	-842.694423	68.652491	-265.598263	67.848	-23.940	0.0265
33	26	tracking	-842.644866	68.545058	-265.574516	67.848	-31.940	0.0220
33	27	tracking	-842.611967	68.409131	-265.548775	67.848	-39.940	0.0238
33	28	tracking	-842.589995	68.237066	-265.517927	42.848	-47.168	0.0190
33	29	tracking	-842.574095	68.030865	-265.479020	17.848	-47.168	0.0188
33	30	tracking	-842.558221	67.793140	-265.430754	-7.152	-47.168	0.0213
33	31	tracking	-842.535752	67.526755	-265.374504	-32.152	-47.168	0.0162
33	32	tracking	-842.514023	67.223167	-265.310768	-7.152	-55.168	0.0318
33	33	tracking	-842.499218	66.883871	-265.239833	17.848	-55.963	0.0151
33	34	landing	-842.492442	66.523320	-265.156706	17.848	-47.963	0.0163
33	35	landing	-842.493323	66.143891	-265.061151	17.848	-47.963	0.0115
33	36	landing	-842.501529	65.747923	-264.952966	17.848	-47.963	0.0110
34	0	tracking	-850.645964	68.867102	-257.032114	-139.104	-4.000	0.1311
34	1	tracking	-849.991601	68.807284	-257.601772	-164.104	-0.670	0.0923
34	2	tracking	-849.422535	68.751906	-258.196524	170.896	-8.670	0.0896
34	3	tracking	-848.951149	68.710040	-258.797665	153.407	-16.670	0.0998
34	4	tracking	-848.533079	68.685017	-259.402840	178.407	-24.670	0.0815
34	5	tracking	-848.135704	68.677907	-259.999512	-156.593	-32.670	0.0733
34	6	tracking	-847.761383	68.687936	-260.584443	-159.186	-40.670	0.0695
34	7	tracking	-847.390151	68.712344	-261.142272	-134.186	-46.375	0.0691
34	8	tracking	-847.034052	68.747852	-261.683844	-150.375	-42.740	0.0672
34	9	tracking	-846.691437	68.790551	-262.210929	-150.375	-34.740	0.0671
34	10	tracking	-846.360385	68.836374	-262.725899	-150.375	-26.740	0.0614
34	11	tracking	-846.038924	68.880283	-263.231329	-150.375	-18.740	0.0613
34	12	tracking	-845.711981	68.925618	-263.710438	-125.375	-26.740	0.0609
34	13	tracking	-845.375779	68.972813	-264.145543	-100.375	-34.740	0.0559
34	14	tracking	-845.036398	69.019217	-264.522830	-75.375	-42.740	0.0507
34	15	tracking	-844.705837	69.059505	-264.835665	-50.375	-50.740	0.0504
34	16	tracking	-844.453018	69.120488	-265.125996	-51.747	-42.740	0.0500
34	17	tracking	-844.168744	69.122079	-265.311434	-26.747	-34.740	0.0515
34	18	tracking	-843.901805	69.113678	-265.449573	-26.747	-26.740	0.0520
34	19	tracking	-843.651369	69.094298	-265.547667	-26.747	-25.689	0.0399
34	20	tracking	-843.427396	69.064524	-265.607733	-1.747	-17.689	0.0419
34	21	tracking	-843.238110	69.023876	-265.637344	23.253	-9.689	0.0736
34	22	tracking	-843.083839	68.972580	-265.645238	37.878	-7.940	0.0473
34	23	tracking	-842.959193	68.911228	-265.635803	37.878	-7.940	0.0380
34	24	tracking	-842.864355	68.839156	-265.619087	62.878	-15.940	0.0330
34	25	tracking	-842.794423	68.752491	-265.598263	67.848	-23.940	0.0339
34	26	tracking	-842.744866	68.645058	-265.574516	67.848	-31.940	0.0306
34	27	tracking	-842.711967	68.509131	-265.548775	67.848	-39.940	0.0306
34	28	tracking	-842.689995	68.337066	-265.517927	42.848	-47.168	0.0289
34	29	tracking	-842.674095	68.130865	-265.479020	17.848	-47.168	0.0291
34	30	tracking	-842.658221	67.893140	-265.430754	-7.152	-47.168	0.0244
34	31	tracking	-842.635752	67.626755	-265.374504	-32.152	-47.168	0.0235
34	32	tracking	-842.614023	67.323167	-265.310768	-7.152	-55.168	0.0252
34	33	tracking	-842.599218	66.983871	-265.239833	17.848	-55.963	0.0207
34	34	landing	-842.592442	66.623320	-265.156706	17.848	-47.963	0.0182
34	35	landing	-842.593323	66.243891	-265.061151	17.848	-47.963	0.0165
34	36	landing	-842.601529	65.847923	-264.952966	17.848	-47.963	0.0158
35	0	tracking	-850.645964	68.867102	-257.032114	-139.104	-4.000	0.1693
35	1	tracking	-849.991601	68.807284	-257.601772	-164.104	-0.670	0.1049
35	2	tracking	-849.422535	68.751906	-258.196524	170.896	-8.670	0.0896
35	3	tracking	-848.951149	68.710040	-258.797665	153.407	-16.670	0.0830
35	4	tracking	-848.533079	68.685017	-259.402840	178.407	-24.670	0.0772
35	5	tracking	-848.135704	68.677907	-259.999512	-156.593	-32.670	0.0869
35	6	tracking	-847.761383	68.687936	-260.584443	-159.186	-40.670	0.0746
35	7	tracking	-847.390151	68.712344	-261.142272	-134.186	-46.375	0.0693
35	8	tracking	-847.034052	68.747852	-261.683844	-150.375	-42.740	0.0662
35	9	tracking	-846.691437	68.790551	-262.210929	-150.375	-34.740	0.0829
35	10	tracking	-846.360385	68.836374	-262.725899	-150.375	-26.740	0.0632
35	11	tracking	-846.038924	68.880283	-263.231329	-150.375	-18.740	0.0624
35	12	tracking	-845.711981	68.925618	-263.710438	-125.375	-26.740	0.0558
35	13	tracking	-845.375779	68.972813	-264.145543	-100.375	-34.740	0.0524
35	14	tracking	-845.036398	69.019217	-264.522830	-75.375	-42.740	0.0534
35	15	tracking	-844.705837	69.059505	-264.835665	-50.375	-50.740	0.0535
35	16	tracking	-844.353018	69.120488	-265.125996	-51.747	-42.740	0.0445
35	17	tracking	-844.068744	69.122079	-265.311434	-26.747	-34.740	0.0366
35	18	tracking	-843.801805	69.113678	-265.449573	-26.747	-26.740	0.0367
35	19	tracking	-843.551369	69.094298	-265.547667	-26.747	-25.689	0.0357
35	20	tracking	-843.327396	69.064524	-265.607733	-1.747	-17.689	0.0306
35	21	tracking	-843.138110	69.023876	-265.637344	23.253	-9.689	0.0340
35	22	tracking	-842.983839	68.972580	-265.645238	37.878	-7.940	0.0277
35	23	tracking	-842.859193	68.911228	-265.635803	37.878	-7.940	0.0291
35	24	tracking	-842.764355	68.839156	-265.619087	62.878	-15.940	0.0258
35	25	tracking	-842.694423	68.752491	-265.598263	67.848	-23.940	0.0556
35	26	tracking	-842.644866	68.645058	-265.574516	67.848	-31.940	0.0506
35	27	tracking	-842.611967	68.509131	-265.548775	67.848	-39.940	0.0293
35	28	tracking	-842.589995	68.337066	-265.517927	42.848	-47.168	0.0235
35	29	tracking	-842.574095	68.130865	-265.479020	17.848	-47.168	0.0181
35	30	tracking	-842.558221	67.893140	-265.430754	-7.152	-47.168	0.0169
35	31	tracking	-842.535752	67.626755	-265.374504	-32.152	-47.168	0.0385
35	32	tracking	-842.514023	67.323167	-265.310768	-7.152	-55.168	0.0181
35	33	tracking	-842.499218	66.983871	-265.239833	17.848	-55.963	0.0136
35	34	landing	-842.492442	66.623320	-265.156706	17.848	-47.963	0.0118
35	35	landing	-842.493323	66.243891	-265.061151	17.848	-47.963	0.0111
35	36	landing	-842.501529	65.847923	-264.952966	17.848	-47.963	0.0136
36	0	tracking	-850.645964	68.867102	-257.032114	-139.104	-4.000	0.2968
36	1	tracking	-849.991601	68.807284	-257.601772	-164.104	-0.670	0.1345
36	2	tracking	-849.422535	68.751906	-258.196524	170.896	-8.670	0.0974
36	3	tracking	-848.951149	68.710040	-258.797665	153.407	-16.670	0.0859
36	4	tracking	-848.533079	68.685017	-259.402840	178.407	-24.670	0.0782
36	5	tracking	-848.135704	68.677907	-259.999512	-156.593	-32.670	0.0725
36	6	tracking	-847.761383	68.687936	-260.584443	-159.186	-40.670	0.0694
36	7	tracking	-847.390151	68.712344	-261.142272	-134.186	-46.375	0.0685
36	8	tracking	-847.034052	68.747852	-261.683844	-150.375	-42.740	0.0701
36	9	tracking	-846.691437	68.790551	-262.210929	-150.375	-34.740	0.0670
36	10	tracking	-846.360385	68.836374	-262.725899	-150.375	-26.740	0.0631
36	11	tracking	-846.038924	68.880283	-263.231329	-150.375	-18.740	0.0741
36	12	tracking	-845.711981	68.925618	-263.710438	-125.375	-26.740	0.0763
36	13	tracking	-845.375779	68.972813	-264.145543	-100.375	-34.740	0.0577
36	14	tracking	-845.036398	69.019217	-264.522830	-75.375	-42.740	0.0538
36	15	tracking	-844.705837	69.059505	-264.835665	-50.375	-50.740	0.0577
36	16	tracking	-844.453018	69.020488	-265.025996	-51.747	-42.740	0.0494
36	17	tracking	-844.168744	69.022079	-265.211434	-26.747	-34.740	0.0464
36	18	tracking	-843.901805	69.013678	-265.349573	-26.747	-26.740	0.0440
36	19	tracking	-843.651369	68.994298	-265.447667	-26.747	-25.689	0.0403
36	20	tracking	-843.427396	68.964524	-265.507733	-1.747	-17.689	0.0415
36	21	tracking	-843.238110	68.923876	-265.537344	23.253	-9.689	0.0375
36	22	tracking	-843.083839	68.872580	-265.545238	37.878	-7.940	0.0370
36	23	tracking	-842.959193	68.811228	-265.535803	37.878	-7.940	0.0374
36	24	tracking	-842.864355	68.739156	-265.519087	62.878	-15.940	0.0341
36	25	tracking	-842.794423	68.652491	-265.498263	67.848	-23.940	0.0375
36	26	tracking	-842.744866	68.545058	-265.474516	67.848	-31.940	0.0324
36	27	tracking	-842.711967	68.409131	-265.448775	67.848	-39.940	0.0326
36	28	tracking	-842.689995	68.237066	-265.417927	42.848	-47.168	0.0290
36	29	tracking	-842.674095	68.030865	-265.379020	17.848	-47.168	0.0312
36	30	tracking	-842.658221	67.793140	-265.330754	-7.152	-47.168	0.0261
36	31	tracking	-842.635752	67.526755	-265.274504	-32.152	-47.168	0.0260
36	32	tracking	-842.614023	67.223167	-265.210768	-7.152	-55.168	0.0321
36	33	tracking	-842.599218	66.883871	-265.139833	17.848	-55.963	0.0231
36	34	landing	-842.592442	66.523320	-265.056706	17.848	-47.963	0.0195
36	35	landing	-842.593323	66.143891	-264.961151	17.848	-47.963	0.0187
36	36	landing	-842.601529	65.747923	-264.852966	17.848	-47.963	0.0164
37	0	tracking	-850.645964	68.867102	-257.032114	-139.104	-4.000	0.1330
37	1	tracking	-849.991601	68.807284	-257.601772	-164.104	-0.670	0.1081
37	2	tracking	-849.422535	68.751906	-258.196524	170.896	-8.670	0.0883
37	3	tracking	-848.951149	68.710040	-258.797665	153.407	-16.670	0.0821
37	4	tracking	-848.533079	68.685017	-259.402840	178.407	-24.670	0.0769
37	5	tracking	-848.135704	68.677907	-259.999512	-156.593	-32.670	0.0734
37	6	tracking	-847.761383	68.687936	-260.584443	-159.186	-40.670	0.0921
37	7	tracking	-847.390151	68.712344	-261.142272	-134.186	-46.375	0.0704
37	8	tracking	-847.034052	68.747852	-261.683844	-150.375	-42.740	0.0687
37	9	tracking	-846.691437	68.790551	-262.210929	-150.375	-34.740	0.0668
37	10	tracking	-846.360385	68.836374	-262.725899	-150.375	-26.740	0.0647
37	11	tracking	-846.038924	68.880283	-263.231329	-150.375	-18.740	0.0620
37	12	tracking	-845.711981	68.925618	-263.710438	-125.375	-26.740	0.0592
37	13	tracking	-845.375779	68.972813	-264.145543	-100.375	-34.740	0.0551
37	14	tracking	-845.036398	69.019217	-264.522830	-75.375	-42.740	0.0550
37	15	tracking	-844.705837	69.059505	-264.835665	-50.375	-50.740	0.0535
37	16	tracking	-844.353018	69.020488	-265.025996	-51.747	-42.740	0.0433
37	17	tracking	-844.068744	69.022079	-265.211434	-26.747	-34.740	0.0404
37	18	tracking	-843.801805	69.013678	-265.349573	-26.747	-26.740	0.0374
37	19	tracking	-843.551369	68.994298	-265.447667	-26.747	-25.689	0.0302
37	20	tracking	-843.327396	68.964524	-265.507733	-1.747	-17.689	0.0323
37	21	tracking	-843.138110	68.923876	-265.537344	23.253	-9.689	0.0278
37	22	tracking	-842.983839	68.872580	-265.545238	37.878	-7.940	0.0311
37	23	tracking	-842.859193	68.811228	-265.535803	37.878	-7.940	0.0303
37	24	tracking	-842.764355	68.739156	-265.519087	62.878	-15.940	0.0292
37	25	tracking	-842.694423	68.652491	-265.498263	67.848	-23.940	0.0250
37	26	tracking	-842.644866	68.545058	-265.474516	67.848	-31.940	0.0232
37	27	tracking	-842.611967	68.409131	-265.448775	67.848	-39.940	0.0274
37	28	tracking	-842.589995	68.237066	-265.417927	42.848	-47.168	0.0217
37	29	tracking	-842.574095	68.030865	-265.379020	17.848	-47.168	0.0201
37	30	tracking	-842.558221	67.793140	-265.330754	-7.152	-47.168	0.0185
37	31	tracking	-842.535752	67.526755	-265.274504	-32.152	-47.168	0.0180
37	32	tracking	-842.514023	67.223167	-265.210768	-7.152	-55.168	0.0156
37	33	tracking	-842.499218	66.883871	-265.139833	17.848	-55.963	0.0179
37	34	landing	-842.492442	66.523320	-265.056706	17.848	-47.963	0.0128
37	35	landing	-842.493323	66.143891	-264.961151	17.848	-47.963	0.0125
37	36	landing	-842.501529	65.747923	-264.852966	17.848	-47.963	0.0111
38	0	tracking	-850.645964	68.867102	-257.032114	-139.104	-4.000	0.1382
38	1	tracking	-849.991601	68.807284	-257.601772	-164.104	-0.670	0.0994
38	2	tracking	-849.422535	68.751906	-258.196524	170.896	-8.670	0.2297
38	3	tracking	-848.951149	68.710040	-258.797665	153.407	-16.670	0.2066
38	4	tracking	-848.533079	68.685017	-259.402840	178.407	-24.670	0.1857
38	5	tracking	-848.135704	68.677907	-259.999512	-156.593	-32.670	0.1778
38	6	tracking	-847.761383	68.687936	-260.584443	-159.186	-40.670	0.1724
38	7	tracking	-847.390151	68.712344	-261.142272	-134.186	-46.375	0.1716
38	8	tracking	-847.034052	68.747852	-261.683844	-150.375	-42.740	0.1452
38	9	tracking	-846.691437	68.790551	-262.210929	-150.375	-34.740	0.1419
38	10	tracking	-846.360385	68.836374	-262.725899	-150.375	-26.740	0.1357
38	11	tracking	-846.038924	68.880283	-263.231329	-150.375	-18.740	0.1657
38	12	tracking	-845.711981	68.925618	-263.710438	-125.375	-26.740	0.0737
38	13	tracking	-845.375779	68.972813	-264.145543	-100.375	-34.740	0.0656
38	14	tracking	-845.036398	69.019217	-264.522830	-75.375	-42.740	0.0561
38	15	tracking	-844.705837	69.059505	-264.835665	-50.375	-50.740	0.0563
38	16	tracking	-844.453018	69.120488	-265.025996	-51.747	-42.740	0.0542
38	17	tracking	-844.168744	69.122079	-265.211434	-26.747	-34.740	0.0485
38	18	tracking	-843.901805	69.113678	-265.349573	-26.747	-26.740	0.0432
38	19	tracking	-843.651369	69.094298	-265.447667	-26.747	-25.689	0.0445
38	20	tracking	-843.427396	69.064524	-265.507733	-1.747	-17.689	0.0436
38	21	tracking	-843.238110	69.023876	-265.537344	23.253	-9.689	0.0392
38	22	tracking	-843.083839	68.972580	-265.545238	37.878	-7.940	0.0387
38	23	tracking	-842.959193	68.911228	-265.535803	37.878	-7.940	0.0351
38	24	tracking	-842.864355	68.839156	-265.519087	62.878	-15.940	0.0372
38	25	tracking	-842.794423	68.752491	-265.498263	67.848	-23.940	0.0326
38	26	tracking	-842.744866	68.645058	-265.474516	67.848	-31.940	0.0360
38	27	tracking	-842.711967	68.509131	-265.448775	67.848	-39.940	0.0317
38	28	tracking	-842.689995	68.337066	-265.417927	42.848	-47.168	0.0405
38	29	tracking	-842.674095	68.130865	-265.379020	17.848	-47.168	0.0353
38	30	tracking	-842.658221	67.893140	-265.330754	-7.152	-47.168	0.0312
38	31	tracking	-842.635752	67.626755	-265.274504	-32.152	-47.168	0.0254
38	32	tracking	-842.614023	67.323167	-265.210768	-7.152	-55.168	0.0275
38	33	tracking	-842.599218	66.983871	-265.139833	17.848	-55.963	0.0221
38	34	landing	-842.592442	66.623320	-265.056706	17.848	-47.963	0.0199
38	35	landing	-842.593323	66.243891	-264.961151	17.848	-47.963	0.0179
38	36	landing	-842.601529	65.847923	-264.852966	17.848	-47.963	0.0176
39	0	tracking	-850.645964	68.867102	-257.032114	-139.104	-4.000	0.1573
39	1	tracking	-849.991601	68.807284	-257.601772	-164.104	-0.670	0.0989
39	2	tracking	-849.422535	68.751906	-258.196524	170.896	-8.670	0.0987
39	3	tracking	-848.951149	68.710040	-258.797665	153.407	-16.670	0.0907
39	4	tracking	-848.533079	68.685017	-259.402840	178.407	-24.670	0.0853
39	5	tracking	-848.135704	68.677907	-259.999512	-156.593	-32.670	0.0787
39	6	tracking	-847.761383	68.687936	-260.584443	-159.186	-40.670	0.0763
39	7	tracking	-847.390151	68.712344	-261.142272	-134.186	-46.375	0.0767
39	8	tracking	-847.034052	68.747852	-261.683844	-150.375	-42.740	0.0713
39	9	tracking	-846.691437	68.790551	-262.210929	-150.375	-34.740	0.0716
39	10	tracking	-846.360385	68.836374	-262.725899	-150.375	-26.740	0.1268
39	11	tracking	-846.038924	68.880283	-263.231329	-150.375	-18.740	0.0792
39	12	tracking	-845.711981	68.925618	-263.710438	-125.375	-26.740	0.0681
39	13	tracking	-845.375779	68.972813	-264.145543	-100.375	-34.740	0.0623
39	14	tracking	-845.036398	69.019217	-264.522830	-75.375	-42.740	0.0587
39	15	tracking	-844.705837	69.059505	-264.835665	-50.375	-50.740	0.0581
39	16	tracking	-844.353018	69.120488	-265.025996	-51.747	-42.740	0.0441
39	17	tracking	-844.068744	69.122079	-265.211434	-26.747	-34.740	0.0412
39	18	tracking	-843.801805	69.113678	-265.349573	-26.747	-26.740	0.0392
39	19	tracking	-843.551369	69.094298	-265.447667	-26.747	-25.689	0.0358
39	20	tracking	-843.327396	69.064524	-265.507733	-1.747	-17.689	0.0354
39	21	tracking	-843.138110	69.023876	-265.537344	23.253	-9.689	0.0306
39	22	tracking	-842.983839	68.972580	-265.545238	37.878	-7.940	0.0311
39	23	tracking	-842.859193	68.911228	-265.535803	37.878	-7.940	0.0268
39	24	tracking	-842.764355	68.839156	-265.519087	62.878	-15.940	0.0297
39	25	tracking	-842.694423	68.752491	-265.498263	67.848	-23.940	0.0297
39	26	tracking	-842.644866	68.645058	-265.474516	67.848	-31.940	0.0252
39	27	tracking	-842.611967	68.509131	-265.448775	67.848	-39.940	0.0364
39	28	tracking	-842.589995	68.337066	-265.417927	42.848	-47.168	0.0229
39	29	tracking	-842.574095	68.130865	-265.379020	17.848	-47.168	0.0221
39	30	tracking	-842.558221	67.893140	-265.330754	-7.152	-47.168	0.0225
39	31	tracking	-842.535752	67.626755	-265.274504	-32.152	-47.168	0.0174
39	32	tracking	-842.514023	67.323167	-265.210768	-7.152	-55.168	0.0161
39	33	tracking	-842.499218	66.983871	-265.139833	17.848	-55.963	0.0147
39	34	landing	-842.492442	66.623320	-265.056706	17.848	-47.963	0.0169
39	35	landing	-842.493323	66.243891	-264.961151	17.848	-47.963	0.0124
39	36	landing	-842.501529	65.847923	-264.852966	17.848	-47.963	0.0125
40	0	tracking	-850.645964	68.867102	-257.032114	-139.104	-4.000	0.1558
40	1	tracking	-849.991601	68.807284	-257.601772	-164.104	-0.670	0.1096
40	2	tracking	-849.422535	68.751906	-258.196524	170.896	-8.670	0.1778
40	3	tracking	-848.951149	68.710040	-258.797665	153.407	-16.670	0.1507
40	4	tracking	-848.533079	68.685017	-259.402840	178.407	-24.670	0.0906
40	5	tracking	-848.135704	68.677907	-259.999512	-156.593	-32.670	0.0854
40	6	tracking	-847.761383	68.687936	-260.584443	-159.186	-40.670	0.0789
40	7	tracking	-847.390151	68.712344	-261.142272	-134.186	-46.375	0.0769
40	8	tracking	-847.034052	68.747852	-261.683844	-150.375	-42.740	0.0822
40	9	tracking	-846.691437	68.790551	-262.210929	-150.375	-34.740	0.0763
40	10	tracking	-846.360385	68.836374	-262.725899	-150.375	-26.740	0.0733
40	11	tracking	-846.038924	68.880283	-263.231329	-150.375	-18.740	0.0698
40	12	tracking	-845.711981	68.925618	-263.710438	-125.375	-26.740	0.0726
40	13	tracking	-845.375779	68.972813	-264.145543	-100.375	-34.740	0.0625
40	14	tracking	-845.036398	69.019217	-264.522830	-75.375	-42.740	0.0582
40	15	tracking	-844.705837	69.059505	-264.835665	-50.375	-50.740	0.0581
40	16	tracking	-844.415620	69.023036	-265.124610	-51.747	-42.740	0.0537
40	17	tracking	-844.097061	69.029038	-265.306901	-26.747	-34.740	0.0458
40	18	tracking	-843.798684	69.026175	-265.440471	-26.747	-26.740	0.0438
40	19	tracking	-843.519426	69.013213	-265.532885	-26.747	-25.689	0.0530
40	20	tracking	-843.269721	68.990118	-265.586191	-1.747	-17.689	0.0488
40	21	tracking	-843.058141	68.955876	-265.608305	23.253	-9.689	0.0398
40	22	tracking	-842.884882	68.910607	-265.608391	37.878	-7.940	0.0415
40	23	tracking	-842.744080	68.854907	-265.591021	37.878	-7.940	0.0371
40	24	tracking	-842.635773	68.788444	-265.566761	62.878	-15.940	0.0377
40	25	tracking	-842.554603	68.707564	-265.538903	67.848	-23.940	0.0452
40	26	tracking	-842.495643	68.606245	-265.508642	67.848	-31.940	0.0369
40	27	tracking	-842.454868	68.476869	-265.476893	67.848	-39.940	0.0324
40	28	tracking	-842.426185	68.311839	-265.440359	42.848	-47.168	0.0344
40	29	tracking	-842.404408	68.113002	-265.396068	17.848	-47.168	0.0302
40	30	tracking	-842.383269	67.882833	-265.342776	-7.152	-47.168	0.0342
40	31	tracking	-842.356022	67.624112	-265.281908	-32.152	-47.168	0.0277
40	32	tracking	-842.330011	67.328419	-265.213856	-7.152	-55.168	0.0262
40	33	tracking	-842.311440	66.997192	-265.138920	17.848	-55.963	0.0277
40	34	landing	-842.301315	66.644634	-265.052208	17.848	-47.963	0.0222
40	35	landing	-842.299201	66.273050	-264.953494	17.848	-47.963	0.0185
40	36	landing	-842.304713	65.884723	-264.842573	17.848	-47.963	0.0231
41	0	tracking	-850.645964	68.867102	-257.032114	-139.104	-4.000	0.2764
41	1	tracking	-849.991601	68.807284	-257.601772	-164.104	-0.670	0.1077
41	2	tracking	-849.422535	68.751906	-258.196524	170.896	-8.670	0.0952
41	3	tracking	-848.951149	68.710040	-258.797665	153.407	-16.670	0.0953
41	4	tracking	-848.533079	68.685017	-259.402840	178.407	-24.670	0.0840
41	5	tracking	-848.135704	68.677907	-259.999512	-156.593	-32.670	0.0782
41	6	tracking	-847.761383	68.687936	-260.584443	-159.186	-40.670	0.0927
41	7	tracking	-847.390151	68.712344	-261.142272	-134.186	-46.375	0.0860
41	8	tracking	-847.034052	68.747852	-261.683844	-150.375	-42.740	0.0735
41	9	tracking	-846.691437	68.790551	-262.210929	-150.375	-34.740	0.0720
41	10	tracking	-846.360385	68.836374	-262.725899	-150.375	-26.740	0.0817
41	11	tracking	-846.038924	68.880283	-263.231329	-150.375	-18.740	0.0683
41	12	tracking	-845.711981	68.925618	-263.710438	-125.375	-26.740	0.0628
41	13	tracking	-845.375779	68.972813	-264.145543	-100.375	-34.740	0.0593
41	14	tracking	-845.036398	69.019217	-264.522830	-75.375	-42.740	0.0564
41	15	tracking	-844.705837	69.059505	-264.835665	-50.375	-50.740	0.0559
41	16	tracking	-844.315620	69.023036	-265.124610	-51.747	-42.740	0.0497
41	17	tracking	-843.997061	69.029038	-265.306901	-26.747	-34.740	0.0473
41	18	tracking	-843.698684	69.026175	-265.440471	-26.747	-26.740	0.0452
41	19	tracking	-843.419426	69.013213	-265.532885	-26.747	-25.689	0.0408
41	20	tracking	-843.169721	68.990118	-265.586191	-1.747	-17.689	0.0428
41	21	tracking	-842.958141	68.955876	-265.608305	23.253	-9.689	0.0423
41	22	tracking	-842.784882	68.910607	-265.608391	37.878	-7.940	0.0377
41	23	tracking	-842.644080	68.854907	-265.591021	37.878	-7.940	0.0380
41	24	tracking	-842.535773	68.788444	-265.566761	62.878	-15.940	0.0329
41	25	tracking	-842.454603	68.707564	-265.538903	67.848	-23.940	0.0349
41	26	tracking	-842.395643	68.606245	-265.508642	67.848	-31.940	0.0318
41	27	tracking	-842.354868	68.476869	-265.476893	67.848	-39.940	0.0395
41	28	tracking	-842.326185	68.311839	-265.440359	42.848	-47.168	0.0348
41	29	tracking	-842.304408	68.113002	-265.396068	17.848	-47.168	0.0320
41	30	tracking	-842.283269	67.882833	-265.342776	-7.152	-47.168	0.0260
41	31	tracking	-842.256022	67.624112	-265.281908	-32.152	-47.168	0.0286
41	32	tracking	-842.230011	67.328419	-265.213856	-7.152	-55.168	0.0234
41	33	tracking	-842.211440	66.997192	-265.138920	17.848	-55.963	0.0221
41	34	landing	-842.201315	66.644634	-265.052208	17.848	-47.963	0.0237
41	35	landing	-842.199201	66.273050	-264.953494	17.848	-47.963	0.0172
41	36	landing	-842.204713	65.884723	-264.842573	17.848	-47.963	0.0169
42	0	tracking	-850.645964	68.867102	-257.032114	-139.104	-4.000	0.3422
42	1	tracking	-849.991601	68.807284	-257.601772	-164.104	-0.670	0.2072
42	2	tracking	-849.422535	68.751906	-258.196524	170.896	-8.670	0.1960
42	3	tracking	-848.951149	68.710040	-258.797665	153.407	-16.670	0.1810
42	4	tracking	-848.533079	68.685017	-259.402840	178.407	-24.670	0.1653
42	5	tracking	-848.135704	68.677907	-259.999512	-156.593	-32.670	0.1542
42	6	tracking	-847.761383	68.687936	-260.584443	-159.186	-40.670	0.1464
42	7	tracking	-847.390151	68.712344	-261.142272	-134.186	-46.375	0.2002
42	8	tracking	-847.034052	68.747852	-261.683844	-150.375	-42.740	0.0808
42	9	tracking	-846.691437	68.790551	-262.210929	-150.375	-34.740	0.0724
42	10	tracking	-846.360385	68.836374	-262.725899	-150.375	-26.740	0.0758
42	11	tracking	-846.038924	68.880283	-263.231329	-150.375	-18.740	0.0722
42	12	tracking	-845.711981	68.925618	-263.710438	-125.375	-26.740	0.0619
42	13	tracking	-845.375779	68.972813	-264.145543	-100.375	-34.740	0.0586
42	14	tracking	-845.036398	69.019217	-264.522830	-75.375	-42.740	0.0528
42	15	tracking	-844.705837	69.059505	-264.835665	-50.375	-50.740	0.0551
42	16	tracking	-844.415620	69.123036	-265.124610	-51.747	-42.740	0.0554
42	17	tracking	-844.097061	69.129038	-265.306901	-26.747	-34.740	0.0492
42	18	tracking	-843.798684	69.126175	-265.440471	-26.747	-26.740	0.0464
42	19	tracking	-843.519426	69.113213	-265.532885	-26.747	-25.689	0.0413
42	20	tracking	-843.269721	69.090118	-265.586191	-1.747	-17.689	0.0440
42	21	tracking	-843.058141	69.055876	-265.608305	23.253	-9.689	0.0384
42	22	tracking	-842.884882	69.010607	-265.608391	37.878	-7.940	0.0398
42	23	tracking	-842.744080	68.954907	-265.591021	37.878	-7.940	0.0406
42	24	tracking	-842.635773	68.888444	-265.566761	62.878	-15.940	0.0332
42	25	tracking	-842.554603	68.807564	-265.538903	67.848	-23.940	0.0353
42	26	tracking	-842.495643	68.706245	-265.508642	67.848	-31.940	0.0315
42	27	tracking	-842.454868	68.576869	-265.476893	67.848	-39.940	0.0330
42	28	tracking	-842.426185	68.411839	-265.440359	42.848	-47.168	0.0405
42	29	tracking	-842.404408	68.213002	-265.396068	17.848	-47.168	0.0332
42	30	tracking	-842.383269	67.982833	-265.342776	-7.152	-47.168	0.0277
42	31	tracking	-842.356022	67.724112	-265.281908	-32.152	-47.168	0.0254
42	32	tracking	-842.330011	67.428419	-265.213856	-7.152	-55.168	0.0268
42	33	tracking	-842.311440	67.097192	-265.138920	17.848	-55.963	0.0224
42	34	landing	-842.301315	66.744634	-265.052208	17.848	-47.963	0.0196
42	35	landing	-842.299201	66.373050	-264.953494	17.848	-47.963	0.0175
42	36	landing	-842.304713	65.984723	-264.842573	17.848	-47.963	0.0253
43	0	tracking	-850.645964	68.867102	-257.032114	-139.104	-4.000	0.1502
43	1	tracking	-849.991601	68.807284	-257.601772	-164.104	-0.670	0.1012
43	2	tracking	-849.422535	68.751906	-258.196524	170.896	-8.670	0.0914
43	3	tracking	-848.951149	68.710040	-258.797665	153.407	-16.670	0.0858
43	4	tracking	-848.533079	68.685017	-259.402840	178.407	-24.670	0.0816
43	5	tracking	-848.135704	68.677907	-259.999512	-156.593	-32.670	0.0778
43	6	tracking	-847.761383	68.687936	-260.584443	-159.186	-40.670	0.0742
43	7	tracking	-847.390151	68.712344	-261.142272	-134.186	-46.375	0.0734
43	8	tracking	-847.034052	68.747852	-261.683844	-150.375	-42.740	0.0734
43	9	tracking	-846.691437	68.790551	-262.210929	-150.375	-34.740	0.0698
43	10	tracking	-846.360385	68.836374	-262.725899	-150.375	-26.740	0.0664
43	11	tracking	-846.038924	68.880283	-263.231329	-150.375	-18.740	0.0673
43	12	tracking	-845.711981	68.925618	-263.710438	-125.375	-26.740	0.0590
43	13	tracking	-845.375779	68.972813	-264.145543	-100.375	-34.740	0.0567
43	14	tracking	-845.036398	69.019217	-264.522830	-75.375	-42.740	0.0605
43	15	tracking	-844.705837	69.059505	-264.835665	-50.375	-50.740	0.0624
43	16	tracking	-844.315620	69.123036	-265.124610	-51.747	-42.740	0.0647
43	17	tracking	-843.997061	69.129038	-265.306901	-26.747	-34.740	0.0501
43	18	tracking	-843.698684	69.126175	-265.440471	-26.747	-26.740	0.0431
43	19	tracking	-843.419426	69.113213	-265.532885	-26.747	-25.689	0.0444
43	20	tracking	-843.169721	69.090118	-265.586191	-1.747	-17.689	0.0432
43	21	tracking	-842.958141	69.055876	-265.608305	23.253	-9.689	0.0454
43	22	tracking	-842.784882	69.010607	-265.608391	37.878	-7.940	0.0396
43	23	tracking	-842.644080	68.954907	-265.591021	37.878	-7.940	0.0340
43	24	tracking	-842.535773	68.888444	-265.566761	62.878	-15.940	0.0358
43	25	tracking	-842.454603	68.807564	-265.538903	67.848	-23.940	0.0319
43	26	tracking	-842.395643	68.706245	-265.508642	67.848	-31.940	0.0391
43	27	tracking	-842.354868	68.576869	-265.476893	67.848	-39.940	0.0297
43	28	tracking	-842.326185	68.411839	-265.440359	42.848	-47.168	0.0287
43	29	tracking	-842.304408	68.213002	-265.396068	17.848	-47.168	0.0280
43	30	tracking	-842.283269	67.982833	-265.342776	-7.152	-47.168	0.0298
43	31	tracking	-842.256022	67.724112	-265.281908	-32.152	-47.168	0.0246
43	32	tracking	-842.230011	67.428419	-265.213856	-7.152	-55.168	0.0277
43	33	tracking	-842.211440	67.097192	-265.138920	17.848	-55.963	0.0223
43	34	landing	-842.201315	66.744634	-265.052208	17.848	-47.963	0.0208
43	35	landing	-842.199201	66.373050	-264.953494	17.848	-47.963	0.0200
43	36	landing	-842.204713	65.984723	-264.842573	17.848	-47.963	0.0167
44	0	tracking	-850.645964	68.867102	-257.032114	-139.104	-4.000	0.1577
44	1	tracking	-849.991601	68.807284	-257.601772	-164.104	-0.670	0.1199
44	2	tracking	-849.422535	68.751906	-258.196524	170.896	-8.670	0.0893
44	3	tracking	-848.951149	68.710040	-258.797665	153.407	-16.670	0.1118
44	4	tracking	-848.533079	68.685017	-259.402840	178.407	-24.670	0.0895
44	5	tracking	-848.135704	68.677907	-259.999512	-156.593	-32.670	0.0759
44	6	tracking	-847.761383	68.687936	-260.584443	-159.186	-40.670	0.0735
44	7	tracking	-847.390151	68.712344	-261.142272	-134.186	-46.375	0.0757
44	8	tracking	-847.034052	68.747852	-261.683844	-150.375	-42.740	0.0687
44	9	tracking	-846.691437	68.790551	-262.210929	-150.375	-34.740	0.0692
44	10	tracking	-846.360385	68.836374	-262.725899	-150.375	-26.740	0.0639
44	11	tracking	-846.038924	68.880283	-263.231329	-150.375	-18.740	0.1446
44	12	tracking	-845.711981	68.925618	-263.710438	-125.375	-26.740	0.0762
44	13	tracking	-845.375779	68.972813	-264.145543	-100.375	-34.740	0.0683
44	14	tracking	-845.036398	69.019217	-264.522830	-75.375	-42.740	0.0614
44	15	tracking	-844.705837	69.059505	-264.835665	-50.375	-50.740	0.0529
44	16	tracking	-844.415620	69.023036	-265.024610	-51.747	-42.740	0.1592
44	17	tracking	-844.097061	69.029038	-265.206901	-26.747	-34.740	0.1233
44	18	tracking	-843.798684	69.026175	-265.340471	-26.747	-26.740	0.1367
44	19	tracking	-843.519426	69.013213	-265.432885	-26.747	-25.689	0.1221
44	20	tracking	-843.269721	68.990118	-265.486191	-1.747	-17.689	0.1034
44	21	tracking	-843.058141	68.955876	-265.508305	23.253	-9.689	0.0968
44	22	tracking	-842.884882	68.910607	-265.508391	37.878	-7.940	0.0968
44	23	tracking	-842.744080	68.854907	-265.491021	37.878	-7.940	0.0968
44	24	tracking	-842.635773	68.788444	-265.466761	62.878	-15.940	0.0940
44	25	tracking	-842.554603	68.707564	-265.438903	67.848	-23.940	0.0937
44	26	tracking	-842.495643	68.606245	-265.408642	67.848	-31.940	0.1080
44	27	tracking	-842.454868	68.476869	-265.376893	67.848	-39.940	0.1043
44	28	tracking	-842.426185	68.311839	-265.340359	42.848	-47.168	0.0902
44	29	tracking	-842.404408	68.113002	-265.296068	17.848	-47.168	0.0896
44	30	tracking	-842.383269	67.882833	-265.242776	-7.152	-47.168	0.0882
44	31	tracking	-842.356022	67.624112	-265.181908	-32.152	-47.168	0.1659
44	32	tracking	-842.330011	67.328419	-265.113856	-7.152	-55.168	0.0950
44	33	tracking	-842.311440	66.997192	-265.038920	17.848	-55.963	0.0898
44	34	landing	-842.309142	66.644634	-264.956791	42.848	-47.963	0.0214
44	35	landing	-842.322169	66.272571	-264.867363	42.848	-47.963	0.0196
44	36	landing	-842.349784	65.883016	-264.770424	42.848	-47.963	0.0218
45	0	tracking	-850.645964	68.867102	-257.032114	-139.104	-4.000	0.1747
45	1	tracking	-849.991601	68.807284	-257.601772	-164.104	-0.670	0.1058
45	2	tracking	-849.422535	68.751906	-258.196524	170.896	-8.670	0.0908
45	3	tracking	-848.951149	68.710040	-258.797665	153.407	-16.670	0.0842
45	4	tracking	-848.533079	68.685017	-259.402840	178.407	-24.670	0.0814
45	5	tracking	-848.135704	68.677907	-259.999512	-156.593	-32.670	0.0752
45	6	tracking	-847.761383	68.687936	-260.584443	-159.186	-40.670	0.0730
45	7	tracking	-847.390151	68.712344	-261.142272	-134.186	-46.375	0.0727
45	8	tracking	-847.034052	68.747852	-261.683844	-150.375	-42.740	0.0685
45	9	tracking	-846.691437	68.790551	-262.210929	-150.375	-34.740	0.0688
45	10	tracking	-846.360385	68.836374	-262.725899	-150.375	-26.740	0.0783
45	11	tracking	-846.038924	68.880283	-263.231329	-150.375	-18.740	0.0677
45	12	tracking	-845.711981	68.925618	-263.710438	-125.375	-26.740	0.0625
45	13	tracking	-845.375779	68.972813	-264.145543	-100.375	-34.740	0.0591
45	14	tracking	-845.036398	69.019217	-264.522830	-75.375	-42.740	0.0564
45	15	tracking	-844.705837	69.059505	-264.835665	-50.375	-50.740	0.0566
45	16	tracking	-844.315620	69.023036	-265.024610	-51.747	-42.740	0.1496
45	17	tracking	-843.997061	69.029038	-265.206901	-26.747	-34.740	0.1334
45	18	tracking	-843.698684	69.026175	-265.340471	-26.747	-26.740	0.1145
45	19	tracking	-843.419426	69.013213	-265.432885	-26.747	-25.689	0.1270
45	20	tracking	-843.169721	68.990118	-265.486191	-1.747	-17.689	0.1328
45	21	tracking	-842.958141	68.955876	-265.508305	23.253	-9.689	0.1063
45	22	tracking	-842.784882	68.910607	-265.508391	37.878	-7.940	0.0993
45	23	tracking	-842.644080	68.854907	-265.491021	37.878	-7.940	0.1031
45	24	tracking	-842.535773	68.788444	-265.466761	62.878	-15.940	0.7631
45	25	tracking	-842.454603	68.707564	-265.438903	67.848	-23.940	0.1168
45	26	tracking	-842.395643	68.606245	-265.408642	67.848	-31.940	0.1891
45	27	tracking	-842.354868	68.476869	-265.376893	67.848	-39.940	0.1285
45	28	tracking	-842.326185	68.311839	-265.340359	42.848	-47.168	0.0934
45	29	tracking	-842.304408	68.113002	-265.296068	17.848	-47.168	0.0891
45	30	tracking	-842.283269	67.882833	-265.242776	-7.152	-47.168	0.0840
45	31	tracking	-842.256022	67.624112	-265.181908	-32.152	-47.168	0.0842
45	32	tracking	-842.230011	67.328419	-265.113856	-7.152	-55.168	0.0908
45	33	tracking	-842.211440	66.997192	-265.038920	17.848	-55.963	0.0820
45	34	landing	-842.209142	66.644634	-264.956791	42.848	-47.963	0.0184
45	35	landing	-842.222169	66.272571	-264.867363	42.848	-47.963	0.0188
45	36	landing	-842.249784	65.883016	-264.770424	42.848	-47.963	0.0191
46	0	tracking	-850.645964	68.867102	-257.032114	-139.104	-4.000	0.1309
46	1	tracking	-849.991601	68.807284	-257.601772	-164.104	-0.670	0.0903
46	2	tracking	-849.422535	68.751906	-258.196524	170.896	-8.670	0.1047
46	3	tracking	-848.951149	68.710040	-258.797665	153.407	-16.670	0.0836
46	4	tracking	-848.533079	68.685017	-259.402840	178.407	-24.670	0.0781
46	5	tracking	-848.135704	68.677907	-259.999512	-156.593	-32.670	0.0725
46	6	tracking	-847.761383	68.687936	-260.584443	-159.186	-40.670	0.0702
46	7	tracking	-847.390151	68.712344	-261.142272	-134.186	-46.375	0.0702
46	8	tracking	-847.034052	68.747852	-261.683844	-150.375	-42.740	0.0654
46	9	tracking	-846.691437	68.790551	-262.210929	-150.375	-34.740	0.0668
46	10	tracking	-846.360385	68.836374	-262.725899	-150.375	-26.740	0.0740
46	11	tracking	-846.038924	68.880283	-263.231329	-150.375	-18.740	0.0626
46	12	tracking	-845.711981	68.925618	-263.710438	-125.375	-26.740	0.0596
46	13	tracking	-845.375779	68.972813	-264.145543	-100.375	-34.740	0.0568
46	14	tracking	-845.036398	69.019217	-264.522830	-75.375	-42.740	0.0543
46	15	tracking	-844.705837	69.059505	-264.835665	-50.375	-50.740	0.0522
46	16	tracking	-844.415620	69.123036	-265.024610	-51.747	-42.740	0.1245
46	17	tracking	-844.097061	69.129038	-265.206901	-26.747	-34.740	0.1193
46	18	tracking	-843.798684	69.126175	-265.340471	-26.747	-26.740	0.1001
46	19	tracking	-843.519426	69.113213	-265.432885	-26.747	-25.689	0.1015
46	20	tracking	-843.269721	69.090118	-265.486191	-1.747	-17.689	0.1058
46	21	tracking	-843.058141	69.055876	-265.508305	23.253	-9.689	0.0971
46	22	tracking	-842.884882	69.010607	-265.508391	37.878	-7.940	0.0961
46	23	tracking	-842.744080	68.954907	-265.491021	37.878	-7.940	0.0935
46	24	tracking	-842.635773	68.888444	-265.466761	62.878	-15.940	0.0910
46	25	tracking	-842.554603	68.807564	-265.438903	67.848	-23.940	0.0914
46	26	tracking	-842.495643	68.706245	-265.408642	67.848	-31.940	0.0959
46	27	tracking	-842.454868	68.576869	-265.376893	67.848	-39.940	0.0931
46	28	tracking	-842.426185	68.411839	-265.340359	42.848	-47.168	0.0941
46	29	tracking	-842.404408	68.213002	-265.296068	17.848	-47.168	0.1053
46	30	tracking	-842.383269	67.982833	-265.242776	-7.152	-47.168	0.1048
46	31	tracking	-842.356022	67.724112	-265.181908	-32.152	-47.168	0.0883
46	32	tracking	-842.330011	67.428419	-265.113856	-7.152	-55.168	0.2574
46	33	tracking	-842.311440	67.097192	-265.038920	17.848	-55.963	0.1726
46	34	landing	-842.309142	66.744634	-264.956791	42.848	-47.963	0.0369
46	35	landing	-842.322169	66.372571	-264.867363	42.848	-47.963	0.0356
46	36	landing	-842.349784	65.983016	-264.770424	42.848	-47.963	0.0273
47	0	tracking	-850.645964	68.867102	-257.032114	-139.104	-4.000	0.2353
47	1	tracking	-849.991601	68.807284	-257.601772	-164.104	-0.670	0.1797
47	2	tracking	-849.422535	68.751906	-258.196524	170.896	-8.670	0.1705
47	3	tracking	-848.951149	68.710040	-258.797665	153.407	-16.670	0.1631
47	4	tracking	-848.533079	68.685017	-259.402840	178.407	-24.670	0.1985
47	5	tracking	-848.135704	68.677907	-259.999512	-156.593	-32.670	0.0874
47	6	tracking	-847.761383	68.687936	-260.584443	-159.186	-40.670	0.0732
47	7	tracking	-847.390151	68.712344	-261.142272	-134.186	-46.375	0.0693
47	8	tracking	-847.034052	68.747852	-261.683844	-150.375	-42.740	0.0830
47	9	tracking	-846.691437	68.790551	-262.210929	-150.375	-34.740	0.0678
47	10	tracking	-846.360385	68.836374	-262.725899	-150.375	-26.740	0.0619
47	11	tracking	-846.038924	68.880283	-263.231329	-150.375	-18.740	0.0625
47	12	tracking	-845.711981	68.925618	-263.710438	-125.375	-26.740	0.0576
47	13	tracking	-845.375779	68.972813	-264.145543	-100.375	-34.740	0.0558
47	14	tracking	-845.036398	69.019217	-264.522830	-75.375	-42.740	0.0544
47	15	tracking	-844.705837	69.059505	-264.835665	-50.375	-50.740	0.0628
47	16	tracking	-844.315620	69.123036	-265.024610	-51.747	-42.740	0.1163
47	17	tracking	-843.997061	69.129038	-265.206901	-26.747	-34.740	0.1070
47	18	tracking	-843.698684	69.126175	-265.340471	-26.747	-26.740	0.1038
47	19	tracking	-843.419426	69.113213	-265.432885	-26.747	-25.689	0.1190
47	20	tracking	-843.169721	69.090118	-265.486191	-1.747	-17.689	0.0973
47	21	tracking	-842.958141	69.055876	-265.508305	23.253	-9.689	0.1028
47	22	tracking	-842.784882	69.010607	-265.508391	37.878	-7.940	0.1082
47	23	tracking	-842.644080	68.954907	-265.491021	37.878	-7.940	0.0921
47	24	tracking	-842.535773	68.888444	-265.466761	62.878	-15.940	0.0915
47	25	tracking	-842.454603	68.807564	-265.438903	67.848	-23.940	0.1567
47	26	tracking	-842.395643	68.706245	-265.408642	67.848	-31.940	0.1021
47	27	tracking	-842.354868	68.576869	-265.376893	67.848	-39.940	0.0918
47	28	tracking	-842.326185	68.411839	-265.340359	42.848	-47.168	0.0861
47	29	tracking	-842.304408	68.213002	-265.296068	17.848	-47.168	0.0885
47	30	tracking	-842.283269	67.982833	-265.242776	-7.152	-47.168	0.0856
47	31	tracking	-842.256022	67.724112	-265.181908	-32.152	-47.168	0.0847
47	32	tracking	-842.230011	67.428419	-265.113856	-7.152	-55.168	0.0811
47	33	tracking	-842.211440	67.097192	-265.038920	17.848	-55.963	0.0798
47	34	landing	-842.209142	66.744634	-264.956791	42.848	-47.963	0.0208
47	35	landing	-842.222169	66.372571	-264.867363	42.848	-47.963	0.0164
47	36	landing	-842.249784	65.983016	-264.770424	42.848	-47.963	0.0158
48	0	tracking	-850.645964	68.867102	-257.032114	-139.104	-4.000	0.1499
48	1	tracking	-849.991601	68.807284	-257.601772	-164.104	-0.670	0.1770
48	2	tracking	-849.422535	68.751906	-258.196524	170.896	-8.670	0.1875
48	3	tracking	-848.951149	68.710040	-258.797665	153.407	-16.670	0.2011
48	4	tracking	-848.533079	68.685017	-259.402840	178.407	-24.670	0.1779
48	5	tracking	-848.135704	68.677907	-259.999512	-156.593	-32.670	0.1593
48	6	tracking	-847.761383	68.687936	-260.584443	-159.186	-40.670	0.1527
48	7	tracking	-847.390151	68.712344	-261.142272	-134.186	-46.375	0.1424
48	8	tracking	-847.034052	68.747852	-261.683844	-150.375	-42.740	0.0787
48	9	tracking	-846.691437	68.790551	-262.210929	-150.375	-34.740	0.0658
48	10	tracking	-846.360385	68.836374	-262.725899	-150.375	-26.740	0.0608
48	11	tracking	-846.038924	68.880283	-263.231329	-150.375	-18.740	0.0638
48	12	tracking	-845.711981	68.925618	-263.710438	-125.375	-26.740	0.0536
48	13	tracking	-845.375779	68.972813	-264.145543	-100.375	-34.740	0.0522
48	14	tracking	-845.036398	69.019217	-264.522830	-75.375	-42.740	0.0526
48	15	tracking	-844.705837	69.059505	-264.835665	-50.375	-50.740	0.2370
48	16	tracking	-844.454051	69.058242	-265.126810	-51.747	-42.740	0.2072
48	17	tracking	-844.171478	69.094925	-265.314525	-26.747	-34.740	0.1156
48	18	tracking	-843.907039	69.118516	-265.456645	-26.747	-26.740	0.1028
48	19	tracking	-843.659886	69.127923	-265.560379	-26.747	-25.689	0.0930
48	20	tracking	-843.438911	69.123764	-265.627880	-1.747	-17.689	0.0911
48	21	tracking	-843.251391	69.105763	-265.666223	23.253	-9.689	0.0879
48	22	tracking	-843.097466	69.074480	-265.683474	37.878	-7.940	0.0790
48	23	tracking	-842.972079	69.030824	-265.683725	37.878	-7.940	0.0775
48	24	tracking	-842.875315	68.974504	-265.676290	62.878	-15.940	0.0476
48	25	tracking	-842.802638	68.902025	-265.664151	67.848	-23.940	0.0401
48	26	tracking	-842.749847	68.807540	-265.648466	67.848	-31.940	0.0353
48	27	tracking	-842.713446	68.683566	-265.630160	67.848	-39.940	0.0292
48	28	tracking	-842.687967	68.522579	-265.606352	42.848	-47.168	0.0306
48	29	tracking	-842.668736	68.326457	-265.574361	17.848	-47.168	0.0265
48	30	tracking	-842.649990	68.097719	-265.533008	-7.152	-47.168	0.0281
48	31	tracking	-842.625367	67.839239	-265.483565	-32.152	-47.168	0.0236
48	32	tracking	-842.601795	67.542593	-265.426490	-7.152	-55.168	0.0266
48	33	tracking	-842.585168	67.209308	-265.362046	17.848	-55.963	0.0329
48	34	landing	-842.576564	66.853833	-265.285337	17.848	-47.963	0.0210
48	35	landing	-842.575617	66.478576	-265.196124	17.848	-47.963	0.0221
48	36	landing	-842.582001	66.085923	-265.094185	17.848	-47.963	0.0177
48	37	landing	-842.595418	65.678190	-264.979356	17.848	-47.963	0.0156
49	0	tracking	-850.645964	68.867102	-257.032114	-139.104	-4.000	0.1488
49	1	tracking	-849.991601	68.807284	-257.601772	-164.104	-0.670	0.0943
49	2	tracking	-849.422535	68.751906	-258.196524	170.896	-8.670	0.0950
49	3	tracking	-848.951149	68.710040	-258.797665	153.407	-16.670	0.0864
49	4	tracking	-848.533079	68.685017	-259.402840	178.407	-24.670	0.0746
49	5	tracking	-848.135704	68.677907	-259.999512	-156.593	-32.670	0.0749
49	6	tracking	-847.761383	68.687936	-260.584443	-159.186	-40.670	0.0701
49	7	tracking	-847.390151	68.712344	-261.142272	-134.186	-46.375	0.0674
49	8	tracking	-847.034052	68.747852	-261.683844	-150.375	-42.740	0.0661
49	9	tracking	-846.691437	68.790551	-262.210929	-150.375	-34.740	0.0656
49	10	tracking	-846.360385	68.836374	-262.725899	-150.375	-26.740	0.0619
49	11	tracking	-846.038924	68.880283	-263.231329	-150.375	-18.740	0.0595
49	12	tracking	-845.711981	68.925618	-263.710438	-125.375	-26.740	0.0569
49	13	tracking	-845.375779	68.972813	-264.145543	-100.375	-34.740	0.0515
49	14	tracking	-845.036398	69.019217	-264.522830	-75.375	-42.740	0.0504
49	15	tracking	-844.705837	69.059505	-264.835665	-50.375	-50.740	0.0519
49	16	tracking	-844.354051	69.058242	-265.126810	-51.747	-42.740	0.0460
49	17	tracking	-844.071478	69.094925	-265.314525	-26.747	-34.740	0.0401
49	18	tracking	-843.807039	69.118516	-265.456645	-26.747	-26.740	0.0364
49	19	tracking	-843.559886	69.127923	-265.560379	-26.747	-25.689	0.0422
49	20	tracking	-843.338911	69.123764	-265.627880	-1.747	-17.689	0.0395
49	21	tracking	-843.151391	69.105763	-265.666223	23.253	-9.689	0.0343
49	22	tracking	-842.997466	69.074480	-265.683474	37.878	-7.940	0.0289
49	23	tracking	-842.872079	69.030824	-265.683725	37.878	-7.940	0.0285
49	24	tracking	-842.775315	68.974504	-265.676290	62.878	-15.940	0.0270
49	25	tracking	-842.702638	68.902025	-265.664151	67.848	-23.940	0.0275
49	26	tracking	-842.649847	68.807540	-265.648466	67.848	-31.940	0.0235
49	27	tracking	-842.613446	68.683566	-265.630160	67.848	-39.940	0.0241
49	28	tracking	-842.587967	68.522579	-265.606352	42.848	-47.168	0.0230
49	29	tracking	-842.568736	68.326457	-265.574361	17.848	-47.168	0.0192
49	30	tracking	-842.549990	68.097719	-265.533008	-7.152	-47.168	0.0222
49	31	tracking	-842.525367	67.839239	-265.483565	-32.152	-47.168	0.0181
49	32	tracking	-842.501795	67.542593	-265.426490	-7.152	-55.168	0.0170
49	33	tracking	-842.485168	67.209308	-265.362046	17.848	-55.963	0.0184
49	34	landing	-842.476564	66.853833	-265.285337	17.848	-47.963	0.0142
49	35	landing	-842.475617	66.478576	-265.196124	17.848	-47.963	0.0133
49	36	landing	-842.482001	66.085923	-265.094185	17.848	-47.963	0.0127
49	37	landing	-842.495418	65.678190	-264.979356	17.848	-47.963	0.0113
50	0	tracking	-850.645964	68.867102	-257.032114	-139.104	-4.000	0.3286
50	1	tracking	-849.991601	68.807284	-257.601772	-164.104	-0.670	0.1960
50	2	tracking	-849.422535	68.751906	-258.196524	170.896	-8.670	0.1695
50	3	tracking	-848.951149	68.710040	-258.797665	153.407	-16.670	0.1029
50	4	tracking	-848.533079	68.685017	-259.402840	178.407	-24.670	0.0859
50	5	tracking	-848.135704	68.677907	-259.999512	-156.593	-32.670	0.0742
50	6	tracking	-847.761383	68.687936	-260.584443	-159.186	-40.670	0.0695
50	7	tracking	-847.390151	68.712344	-261.142272	-134.186	-46.375	0.0787
50	8	tracking	-847.034052	68.747852	-261.683844	-150.375	-42.740	0.0820
50	9	tracking	-846.691437	68.790551	-262.210929	-150.375	-34.740	0.0753
50	10	tracking	-846.360385	68.836374	-262.725899	-150.375	-26.740	0.0683
50	11	tracking	-846.038924	68.880283	-263.231329	-150.375	-18.740	0.0741
50	12	tracking	-845.711981	68.925618	-263.710438	-125.375	-26.740	0.0596
50	13	tracking	-845.375779	68.972813	-264.145543	-100.375	-34.740	0.0581
50	14	tracking	-845.036398	69.019217	-264.522830	-75.375	-42.740	0.0661
50	15	tracking	-844.705837	69.059505	-264.835665	-50.375	-50.740	0.0507
50	16	tracking	-844.454051	69.158242	-265.126810	-51.747	-42.740	0.0536
50	17	tracking	-844.171478	69.194925	-265.314525	-26.747	-34.740	0.0484
50	18	tracking	-843.907039	69.218516	-265.456645	-26.747	-26.740	0.0468
50	19	tracking	-843.659886	69.227923	-265.560379	-26.747	-25.689	0.0449
50	20	tracking	-843.438911	69.223764	-265.627880	-1.747	-17.689	0.0445
50	21	tracking	-843.251391	69.205763	-265.666223	23.253	-9.689	0.0434
50	22	tracking	-843.097466	69.174480	-265.683474	37.878	-7.940	0.0396
50	23	tracking	-842.972079	69.130824	-265.683725	37.878	-7.940	0.0401
50	24	tracking	-842.875315	69.074504	-265.676290	62.878	-15.940	0.0374
50	25	tracking	-842.802638	69.002025	-265.664151	67.848	-23.940	0.0343
50	26	tracking	-842.749847	68.907540	-265.648466	67.848	-31.940	0.0350
50	27	tracking	-842.713446	68.783566	-265.630160	67.848	-39.940	0.0300
50	28	tracking	-842.687967	68.622579	-265.606352	42.848	-47.168	0.0328
50	29	tracking	-842.668736	68.426457	-265.574361	17.848	-47.168	0.0342
50	30	tracking	-842.649990	68.197719	-265.533008	-7.152	-47.168	0.0325
50	31	tracking	-842.625367	67.939239	-265.483565	-32.152	-47.168	0.0282
50	32	tracking	-842.601795	67.642593	-265.426490	-7.152	-55.168	0.0240
50	33	tracking	-842.585168	67.309308	-265.362046	17.848	-55.963	0.0256
50	34	landing	-842.576564	66.953833	-265.285337	17.848	-47.963	0.0301
50	35	landing	-842.575617	66.578576	-265.196124	17.848	-47.963	0.0185
50	36	landing	-842.582001	66.185923	-265.094185	17.848	-47.963	0.0211
50	37	landing	-842.595418	65.778190	-264.979356	17.848	-47.963	0.0172
51	0	tracking	-850.645964	68.867102	-257.032114	-139.104	-4.000	0.1313
51	1	tracking	-849.991601	68.807284	-257.601772	-164.104	-0.670	0.0921
51	2	tracking	-849.422535	68.751906	-258.196524	170.896	-8.670	0.0868
51	3	tracking	-848.951149	68.710040	-258.797665	153.407	-16.670	0.0822
51	4	tracking	-848.533079	68.685017	-259.402840	178.407	-24.670	0.0760
51	5	tracking	-848.135704	68.677907	-259.999512	-156.593	-32.670	0.0820
51	6	tracking	-847.761383	68.687936	-260.584443	-159.186	-40.670	0.0690
51	7	tracking	-847.390151	68.712344	-261.142272	-134.186	-46.375	0.0681
51	8	tracking	-847.034052	68.747852	-261.683844	-150.375	-42.740	0.0700
51	9	tracking	-846.691437	68.790551	-262.210929	-150.375	-34.740	0.0638
51	10	tracking	-846.360385	68.836374	-262.725899	-150.375	-26.740	0.0584
51	11	tracking	-846.038924	68.880283	-263.231329	-150.375	-18.740	0.0695
51	12	tracking	-845.711981	68.925618	-263.710438	-125.375	-26.740	0.0594
51	13	tracking	-845.375779	68.972813	-264.145543	-100.375	-34.740	0.0560
51	14	tracking	-845.036398	69.019217	-264.522830	-75.375	-42.740	0.0518
51	15	tracking	-844.705837	69.059505	-264.835665	-50.375	-50.740	0.0513
51	16	tracking	-844.354051	69.158242	-265.126810	-51.747	-42.740	0.0437
51	17	tracking	-844.071478	69.194925	-265.314525	-26.747	-34.740	0.0367
51	18	tracking	-843.807039	69.218516	-265.456645	-26.747	-26.740	0.0369
51	19	tracking	-843.559886	69.227923	-265.560379	-26.747	-25.689	0.0353
51	20	tracking	-843.338911	69.223764	-265.627880	-1.747	-17.689	0.0399
51	21	tracking	-843.151391	69.205763	-265.666223	23.253	-9.689	0.0341
51	22	tracking	-842.997466	69.174480	-265.683474	37.878	-7.940	0.0286
51	23	tracking	-842.872079	69.130824	-265.683725	37.878	-7.940	0.0296
51	24	tracking	-842.775315	69.074504	-265.676290	62.878	-15.940	0.0260
51	25	tracking	-842.702638	69.002025	-265.664151	67.848	-23.940	0.0241
51	26	tracking	-842.649847	68.907540	-265.648466	67.848	-31.940	0.0245
51	27	tracking	-842.613446	68.783566	-265.630160	67.848	-39.940	0.0200
51	28	tracking	-842.587967	68.622579	-265.606352	42.848	-47.168	0.0223
51	29	tracking	-842.568736	68.426457	-265.574361	17.848	-47.168	0.0189
51	30	tracking	-842.549990	68.197719	-265.533008	-7.152	-47.168	0.0167
51	31	tracking	-842.525367	67.939239	-265.483565	-32.152	-47.168	0.0152
51	32	tracking	-842.501795	67.642593	-265.426490	-7.152	-55.168	0.0199
51	33	tracking	-842.485168	67.309308	-265.362046	17.848	-55.963	0.0142
51	34	landing	-842.476564	66.953833	-265.285337	17.848	-47.963	0.0129
51	35	landing	-842.475617	66.578576	-265.196124	17.848	-47.963	0.0111
51	36	landing	-842.482001	66.185923	-265.094185	17.848	-47.963	0.0137
51	37	landing	-842.495418	65.778190	-264.979356	17.848	-47.963	0.0104
52	0	tracking	-850.645964	68.867102	-257.032114	-139.104	-4.000	0.1245
52	1	tracking	-849.991601	68.807284	-257.601772	-164.104	-0.670	0.1046
52	2	tracking	-849.422535	68.751906	-258.196524	170.896	-8.670	0.0975
52	3	tracking	-848.951149	68.710040	-258.797665	153.407	-16.670	0.0819
52	4	tracking	-848.533079	68.685017	-259.402840	178.407	-24.670	0.0749
52	5	tracking	-848.135704	68.677907	-259.999512	-156.593	-32.670	0.0725
52	6	tracking	-847.761383	68.687936	-260.584443	-159.186	-40.670	0.0713
52	7	tracking	-847.390151	68.712344	-261.142272	-134.186	-46.375	0.0718
52	8	tracking	-847.034052	68.747852	-261.683844	-150.375	-42.740	0.0673
52	9	tracking	-846.691437	68.790551	-262.210929	-150.375	-34.740	0.0671
52	10	tracking	-846.360385	68.836374	-262.725899	-150.375	-26.740	0.0622
52	11	tracking	-846.038924	68.880283	-263.231329	-150.375	-18.740	0.0622
52	12	tracking	-845.711981	68.925618	-263.710438	-125.375	-26.740	0.1131
52	13	tracking	-845.375779	68.972813	-264.145543	-100.375	-34.740	0.0617
52	14	tracking	-845.036398	69.019217	-264.522830	-75.375	-42.740	0.0547
52	15	tracking	-844.705837	69.059505	-264.835665	-50.375	-50.740	0.0513
52	16	tracking	-844.454051	69.058242	-265.026810	-51.747	-42.740	0.0524
52	17	tracking	-844.171478	69.094925	-265.214525	-26.747	-34.740	0.0457
52	18	tracking	-843.907039	69.118516	-265.356645	-26.747	-26.740	0.0566
52	19	tracking	-843.659886	69.127923	-265.460379	-26.747	-25.689	0.0478
52	20	tracking	-843.438911	69.123764	-265.527880	-1.747	-17.689	0.0417
52	21	tracking	-843.251391	69.105763	-265.566223	23.253	-9.689	0.0392
52	22	tracking	-843.097466	69.074480	-265.583474	37.878	-7.940	0.0398
52	23	tracking	-842.972079	69.030824	-265.583725	37.878	-7.940	0.0346
52	24	tracking	-842.875315	68.974504	-265.576290	62.878	-15.940	0.0363
52	25	tracking	-842.802638	68.902025	-265.564151	67.848	-23.940	0.0360
52	26	tracking	-842.749847	68.807540	-265.548466	67.848	-31.940	0.0300
52	27	tracking	-842.713446	68.683566	-265.530160	67.848	-39.940	0.0331
52	28	tracking	-842.687967	68.522579	-265.506352	42.848	-47.168	0.0848
52	29	tracking	-842.668736	68.326457	-265.474361	17.848	-47.168	0.0500
52	30	tracking	-842.649990	68.097719	-265.433008	-7.152	-47.168	0.0269
52	31	tracking	-842.625367	67.839239	-265.383565	-32.152	-47.168	0.0252
52	32	tracking	-842.601795	67.542593	-265.326490	-7.152	-55.168	0.0434
52	33	tracking	-842.585168	67.209308	-265.262046	17.848	-55.963	0.0216
52	34	landing	-842.576564	66.853833	-265.185337	17.848	-47.963	0.0257
52	35	landing	-842.575617	66.478576	-265.096124	17.848	-47.963	0.0183
52	36	landing	-842.582001	66.085923	-264.994185	17.848	-47.963	0.0180
52	37	landing	-842.595418	65.678190	-264.879356	17.848	-47.963	0.0177
53	0	tracking	-850.645964	68.867102	-257.032114	-139.104	-4.000	0.1435
53	1	tracking	-849.991601	68.807284	-257.601772	-164.104	-0.670	0.1097
53	2	tracking	-849.422535	68.751906	-258.196524	170.896	-8.670	0.0874
53	3	tracking	-848.951149	68.710040	-258.797665	153.407	-16.670	0.0827
53	4	tracking	-848.533079	68.685017	-259.402840	178.407	-24.670	0.0768
53	5	tracking	-848.135704	68.677907	-259.999512	-156.593	-32.670	0.0795
53	6	tracking	-847.761383	68.687936	-260.584443	-159.186	-40.670	0.0681
53	7	tracking	-847.390151	68.712344	-261.142272	-134.186	-46.375	0.0664
53	8	tracking	-847.034052	68.747852	-261.683844	-150.375	-42.740	0.0652
53	9	tracking	-846.691437	68.790551	-262.210929	-150.375	-34.740	0.0642
53	10	tracking	-846.360385	68.836374	-262.725899	-150.375	-26.740	0.0809
53	11	tracking	-846.038924	68.880283	-263.231329	-150.375	-18.740	0.0618
53	12	tracking	-845.711981	68.925618	-263.710438	-125.375	-26.740	0.0576
53	13	tracking	-845.375779	68.972813	-264.145543	-100.375	-34.740	0.0551
53	14	tracking	-845.036398	69.019217	-264.522830	-75.375	-42.740	0.0528
53	15	tracking	-844.705837	69.059505	-264.835665	-50.375	-50.740	0.0480
53	16	tracking	-844.354051	69.058242	-265.026810	-51.747	-42.740	0.0420
53	17	tracking	-844.071478	69.094925	-265.214525	-26.747	-34.740	0.0399
53	18	tracking	-843.807039	69.118516	-265.356645	-26.747	-26.740	0.0377
53	19	tracking	-843.559886	69.127923	-265.460379	-26.747	-25.689	0.0415
53	20	tracking	-843.338911	69.123764	-265.527880	-1.747	-17.689	0.0394
53	21	tracking	-843.151391	69.105763	-265.566223	23.253	-9.689	0.0307
53	22	tracking	-842.997466	69.074480	-265.583474	37.878	-7.940	0.0369
53	23	tracking	-842.872079	69.030824	-265.583725	37.878	-7.940	0.0262
53	24	tracking	-842.775315	68.974504	-265.576290	62.878	-15.940	0.0244
53	25	tracking	-842.702638	68.902025	-265.564151	67.848	-23.940	0.0288
53	26	tracking	-842.649847	68.807540	-265.548466	67.848	-31.940	0.0305
53	27	tracking	-842.613446	68.683566	-265.530160	67.848	-39.940	0.0250
53	28	tracking	-842.587967	68.522579	-265.506352	42.848	-47.168	0.0204
53	29	tracking	-842.568736	68.326457	-265.474361	17.848	-47.168	0.0184
53	30	tracking	-842.549990	68.097719	-265.433008	-7.152	-47.168	0.1171
53	31	tracking	-842.525367	67.839239	-265.383565	-32.152	-47.168	0.0408
53	32	tracking	-842.501795	67.542593	-265.326490	-7.152	-55.168	0.0200
53	33	tracking	-842.485168	67.209308	-265.262046	17.848	-55.963	0.0249
53	34	landing	-842.476564	66.853833	-265.185337	17.848	-47.963	0.0340
53	35	landing	-842.475617	66.478576	-265.096124	17.848	-47.963	0.0180
53	36	landing	-842.482001	66.085923	-264.994185	17.848	-47.963	0.0136
53	37	landing	-842.495418	65.678190	-264.879356	17.848	-47.963	0.0119
54	0	tracking	-850.645964	68.867102	-257.032114	-139.104	-4.000	0.1839
54	1	tracking	-849.991601	68.807284	-257.601772	-164.104	-0.670	0.0990
54	2	tracking	-849.422535	68.751906	-258.196524	170.896	-8.670	0.0869
54	3	tracking	-848.951149	68.710040	-258.797665	153.407	-16.670	0.1493
54	4	tracking	-848.533079	68.685017	-259.402840	178.407	-24.670	0.0809
54	5	tracking	-848.135704	68.677907	-259.999512	-156.593	-32.670	0.0766
54	6	tracking	-847.761383	68.687936	-260.584443	-159.186	-40.670	0.0712
54	7	tracking	-847.390151	68.712344	-261.142272	-134.186	-46.375	0.0733
54	8	tracking	-847.034052	68.747852	-261.683844	-150.375	-42.740	0.0908
54	9	tracking	-846.691437	68.790551	-262.210929	-150.375	-34.740	0.0699
54	10	tracking	-846.360385	68.836374	-262.725899	-150.375	-26.740	0.1388
54	11	tracking	-846.038924	68.880283	-263.231329	-150.375	-18.740	0.1784
54	12	tracking	-845.711981	68.925618	-263.710438	-125.375	-26.740	0.0811
54	13	tracking	-845.375779	68.972813	-264.145543	-100.375	-34.740	0.0595
54	14	tracking	-845.036398	69.019217	-264.522830	-75.375	-42.740	0.0550
54	15	tracking	-844.705837	69.059505	-264.835665	-50.375	-50.740	0.0504
54	16	tracking	-844.454051	69.158242	-265.026810	-51.747	-42.740	0.0531
54	17	tracking	-844.171478	69.194925	-265.214525	-26.747	-34.740	0.0497
54	18	tracking	-843.907039	69.218516	-265.356645	-26.747	-26.740	0.0464
54	19	tracking	-843.659886	69.227923	-265.460379	-26.747	-25.689	0.0514
54	20	tracking	-843.438911	69.223764	-265.527880	-1.747	-17.689	0.0428
54	21	tracking	-843.251391	69.205763	-265.566223	23.253	-9.689	0.0443
54	22	tracking	-843.097466	69.174480	-265.583474	37.878	-7.940	0.0372
54	23	tracking	-842.972079	69.130824	-265.583725	37.878	-7.940	0.0407
54	24	tracking	-842.875315	69.074504	-265.576290	62.878	-15.940	0.0349
54	25	tracking	-842.802638	69.002025	-265.564151	67.848	-23.940	0.0353
54	26	tracking	-842.749847	68.907540	-265.548466	67.848	-31.940	0.0321
54	27	tracking	-842.713446	68.783566	-265.530160	67.848	-39.940	0.0332
54	28	tracking	-842.687967	68.622579	-265.506352	42.848	-47.168	0.0298
54	29	tracking	-842.668736	68.426457	-265.474361	17.848	-47.168	0.0308
54	30	tracking	-842.649990	68.197719	-265.433008	-7.152	-47.168	0.0270
54	31	tracking	-842.625367	67.939239	-265.383565	-32.152	-47.168	0.0293
54	32	tracking	-842.601795	67.642593	-265.326490	-7.152	-55.168	0.0243
54	33	tracking	-842.585168	67.309308	-265.262046	17.848	-55.963	0.0259
54	34	landing	-842.576564	66.953833	-265.185337	17.848	-47.963	0.0212
54	35	landing	-842.575617	66.578576	-265.096124	17.848	-47.963	0.0188
54	36	landing	-842.582001	66.185923	-264.994185	17.848	-47.963	0.0172
54	37	landing	-842.595418	65.778190	-264.879356	17.848	-47.963	0.0190
55	0	tracking	-850.645964	68.867102	-257.032114	-139.104	-4.000	0.1442
55	1	tracking	-849.991601	68.807284	-257.601772	-164.104	-0.670	0.0955
55	2	tracking	-849.422535	68.751906	-258.196524	170.896	-8.670	0.1023
55	3	tracking	-848.951149	68.710040	-258.797665	153.407	-16.670	0.0853
55	4	tracking	-848.533079	68.685017	-259.402840	178.407	-24.670	0.0815
55	5	tracking	-848.135704	68.677907	-259.999512	-156.593	-32.670	0.0761
55	6	tracking	-847.761383	68.687936	-260.584443	-159.186	-40.670	0.0731
55	7	tracking	-847.390151	68.712344	-261.142272	-134.186	-46.375	0.0702
55	8	tracking	-847.034052	68.747852	-261.683844	-150.375	-42.740	0.1053
55	9	tracking	-846.691437	68.790551	-262.210929	-150.375	-34.740	0.0696
55	10	tracking	-846.360385	68.836374	-262.725899	-150.375	-26.740	0.0667
55	11	tracking	-846.038924	68.880283	-263.231329	-150.375	-18.740	0.0646
55	12	tracking	-845.711981	68.925618	-263.710438	-125.375	-26.740	0.0602
55	13	tracking	-845.375779	68.972813	-264.145543	-100.375	-34.740	0.0576
55	14	tracking	-845.036398	69.019217	-264.522830	-75.375	-42.740	0.0761
55	15	tracking	-844.705837	69.059505	-264.835665	-50.375	-50.740	0.0620
55	16	tracking	-844.354051	69.158242	-265.026810	-51.747	-42.740	0.0420
55	17	tracking	-844.071478	69.194925	-265.214525	-26.747	-34.740	0.0413
55	18	tracking	-843.807039	69.218516	-265.356645	-26.747	-26.740	0.0378
55	19	tracking	-843.559886	69.227923	-265.460379	-26.747	-25.689	0.0333
55	20	tracking	-843.338911	69.223764	-265.527880	-1.747	-17.689	0.0346
55	21	tracking	-843.151391	69.205763	-265.566223	23.253	-9.689	0.0322
55	22	tracking	-842.997466	69.174480	-265.583474	37.878	-7.940	0.0322
55	23	tracking	-842.872079	69.130824	-265.583725	37.878	-7.940	0.0278
55	24	tracking	-842.775315	69.074504	-265.576290	62.878	-15.940	0.0297
55	25	tracking	-842.702638	69.002025	-265.564151	67.848	-23.940	0.0296
55	26	tracking	-842.649847	68.907540	-265.548466	67.848	-31.940	0.0218
55	27	tracking	-842.613446	68.783566	-265.530160	67.848	-39.940	0.0263
55	28	tracking	-842.587967	68.622579	-265.506352	42.848	-47.168	0.0197
55	29	tracking	-842.568736	68.426457	-265.474361	17.848	-47.168	0.0182
55	30	tracking	-842.549990	68.197719	-265.433008	-7.152	-47.168	0.0213
55	31	tracking	-842.525367	67.939239	-265.383565	-32.152	-47.168	0.0161
55	32	tracking	-842.501795	67.642593	-265.326490	-7.152	-55.168	0.0157
55	33	tracking	-842.485168	67.309308	-265.262046	17.848	-55.963	0.0143
55	34	landing	-842.476564	66.953833	-265.185337	17.848	-47.963	0.0132
55	35	landing	-842.475617	66.578576	-265.096124	17.848	-47.963	0.0127
55	36	landing	-842.482001	66.185923	-264.994185	17.848	-47.963	0.0115
55	37	landing	-842.495418	65.778190	-264.879356	17.848	-47.963	0.0105
56	0	tracking	-850.645964	68.867102	-257.032114	-139.104	-4.000	0.1292
56	1	tracking	-849.991601	68.807284	-257.601772	-164.104	-0.670	0.0887
56	2	tracking	-849.422535	68.751906	-258.196524	170.896	-8.670	0.0866
56	3	tracking	-848.951149	68.710040	-258.797665	153.407	-16.670	0.0815
56	4	tracking	-848.533079	68.685017	-259.402840	178.407	-24.670	0.0815
56	5	tracking	-848.135704	68.677907	-259.999512	-156.593	-32.670	0.0842
56	6	tracking	-847.761383	68.687936	-260.584443	-159.186	-40.670	0.0710
56	7	tracking	-847.390151	68.712344	-261.142272	-134.186	-46.375	0.0696
56	8	tracking	-847.034052	68.747852	-261.683844	-150.375	-42.740	0.0684
56	9	tracking	-846.691437	68.790551	-262.210929	-150.375	-34.740	0.0783
56	10	tracking	-846.360385	68.836374	-262.725899	-150.375	-26.740	0.0649
56	11	tracking	-846.038924	68.880283	-263.231329	-150.375	-18.740	0.0618
56	12	tracking	-845.711981	68.925618	-263.710438	-125.375	-26.740	0.0589
56	13	tracking	-845.375779	68.972813	-264.145543	-100.375	-34.740	0.0577
56	14	tracking	-845.036398	69.019217	-264.522830	-75.375	-42.740	0.0558
56	15	tracking	-844.705837	69.059505	-264.835665	-50.375	-50.740	0.0508
56	16	tracking	-844.416652	69.060790	-265.125424	-51.747	-42.740	0.0555
56	17	tracking	-844.099728	69.102047	-265.309861	-26.747	-34.740	0.0511
56	18	tracking	-843.803658	69.131671	-265.447027	-26.747	-26.740	0.0525
56	19	tracking	-843.527536	69.147928	-265.544791	-26.747	-25.689	0.0447
56	20	tracking	-843.280701	69.150822	-265.605332	-1.747	-17.689	0.0455
56	21	tracking	-843.070745	69.139548	-265.636063	23.253	-9.689	0.0456
56	22	tracking	-842.897671	69.114571	-265.645450	37.878	-7.940	0.0569
56	23	tracking	-842.755948	69.076808	-265.637762	37.878	-7.940	0.0552
56	24	tracking	-842.645510	69.026300	-265.622800	62.878	-15.940	0.1020
56	25	tracking	-842.561377	68.959773	-265.603660	67.848	-23.940	0.0395
56	26	tracking	-842.498960	68.871538	-265.581500	67.848	-31.940	0.0364
56	27	tracking	-842.454465	68.754227	-265.557227	67.848	-39.940	0.0310
56	28	tracking	-842.422082	68.600383	-265.527773	42.848	-47.168	0.0336
56	29	tracking	-842.396807	68.411756	-265.490414	17.848	-47.168	0.0276
56	30	tracking	-842.372643	68.190740	-265.444023	-7.152	-47.168	0.0299
56	31	tracking	-842.343095	67.940111	-265.389933	-32.152	-47.168	0.0255
56	32	tracking	-842.315108	67.651569	-265.328502	-7.152	-55.168	0.0240
56	33	tracking	-842.294600	67.326575	-265.260010	17.848	-55.963	0.0246
56	34	landing	-842.282547	66.979320	-265.179670	17.848	-47.963	0.0212
56	35	landing	-842.278515	66.612135	-265.087254	17.848	-47.963	0.0184
56	36	landing	-842.282126	66.227345	-264.982543	17.848	-47.963	0.0194
56	37	landing	-842.293033	65.827218	-264.865359	17.848	-47.963	0.0200
57	0	tracking	-850.645964	68.867102	-257.032114	-139.104	-4.000	0.1316
57	1	tracking	-849.991601	68.807284	-257.601772	-164.104	-0.670	0.0973
57	2	tracking	-849.422535	68.751906	-258.196524	170.896	-8.670	0.0890
57	3	tracking	-848.951149	68.710040	-258.797665	153.407	-16.670	0.0842
57	4	tracking	-848.533079	68.685017	-259.402840	178.407	-24.670	0.0804
57	5	tracking	-848.135704	68.677907	-259.999512	-156.593	-32.670	0.0768
57	6	tracking	-847.761383	68.687936	-260.584443	-159.186	-40.670	0.0843
57	7	tracking	-847.390151	68.712344	-261.142272	-134.186	-46.375	0.0709
57	8	tracking	-847.034052	68.747852	-261.683844	-150.375	-42.740	0.0977
57	9	tracking	-846.691437	68.790551	-262.210929	-150.375	-34.740	0.0693
57	10	tracking	-846.360385	68.836374	-262.725899	-150.375	-26.740	0.0613
57	11	tracking	-846.038924	68.880283	-263.231329	-150.375	-18.740	0.0606
57	12	tracking	-845.711981	68.925618	-263.710438	-125.375	-26.740	0.0581
57	13	tracking	-845.375779	68.972813	-264.145543	-100.375	-34.740	0.0568
57	14	tracking	-845.036398	69.019217	-264.522830	-75.375	-42.740	0.0552
57	15	tracking	-844.705837	69.059505	-264.835665	-50.375	-50.740	0.0534
57	16	tracking	-844.316652	69.060790	-265.125424	-51.747	-42.740	0.0569
57	17	tracking	-843.999728	69.102047	-265.309861	-26.747	-34.740	0.0521
57	18	tracking	-843.703658	69.131671	-265.447027	-26.747	-26.740	0.0461
57	19	tracking	-843.427536	69.147928	-265.544791	-26.747	-25.689	0.0477
57	20	tracking	-843.180701	69.150822	-265.605332	-1.747	-17.689	0.0448
57	21	tracking	-842.970745	69.139548	-265.636063	23.253	-9.689	0.0776
57	22	tracking	-842.797671	69.114571	-265.645450	37.878	-7.940	0.0414
57	23	tracking	-842.655948	69.076808	-265.637762	37.878	-7.940	0.0404
57	24	tracking	-842.545510	69.026300	-265.622800	62.878	-15.940	0.0343
57	25	tracking	-842.461377	68.959773	-265.603660	67.848	-23.940	0.0364
57	26	tracking	-842.398960	68.871538	-265.581500	67.848	-31.940	0.0313
57	27	tracking	-842.354465	68.754227	-265.557227	67.848	-39.940	0.0338
57	28	tracking	-842.322082	68.600383	-265.527773	42.848	-47.168	0.0291
57	29	tracking	-842.296807	68.411756	-265.490414	17.848	-47.168	0.0332
57	30	tracking	-842.272643	68.190740	-265.444023	-7.152	-47.168	0.0323
57	31	tracking	-842.243095	67.940111	-265.389933	-32.152	-47.168	0.0329
57	32	tracking	-842.215108	67.651569	-265.328502	-7.152	-55.168	0.0237
57	33	tracking	-842.194600	67.326575	-265.260010	17.848	-55.963	0.0260
57	34	landing	-842.182547	66.979320	-265.179670	17.848	-47.963	0.0289
57	35	landing	-842.178515	66.612135	-265.087254	17.848	-47.963	0.0212
57	36	landing	-842.182126	66.227345	-264.982543	17.848	-47.963	0.0194
57	37	landing	-842.193033	65.827218	-264.865359	17.848	-47.963	0.0227
58	0	tracking	-850.645964	68.867102	-257.032114	-139.104	-4.000	0.1462
58	1	tracking	-849.991601	68.807284	-257.601772	-164.104	-0.670	0.0991
58	2	tracking	-849.422535	68.751906	-258.196524	170.896	-8.670	0.0897
58	3	tracking	-848.951149	68.710040	-258.797665	153.407	-16.670	0.0818
58	4	tracking	-848.533079	68.685017	-259.402840	178.407	-24.670	0.0777
58	5	tracking	-848.135704	68.677907	-259.999512	-156.593	-32.670	0.0744
58	6	tracking	-847.761383	68.687936	-260.584443	-159.186	-40.670	0.0744
58	7	tracking	-847.390151	68.712344	-261.142272	-134.186	-46.375	0.0705
58	8	tracking	-847.034052	68.747852	-261.683844	-150.375	-42.740	0.0670
58	9	tracking	-846.691437	68.790551	-262.210929	-150.375	-34.740	0.0694
58	10	tracking	-846.360385	68.836374	-262.725899	-150.375	-26.740	0.0646
58	11	tracking	-846.038924	68.880283	-263.231329	-150.375	-18.740	0.0737
58	12	tracking	-845.711981	68.925618	-263.710438	-125.375	-26.740	0.0656
58	13	tracking	-845.375779	68.972813	-264.145543	-100.375	-34.740	0.0579
58	14	tracking	-845.036398	69.019217	-264.522830	-75.375	-42.740	0.0756
58	15	tracking	-844.705837	69.059505	-264.835665	-50.375	-50.740	0.0534
58	16	tracking	-844.416652	69.160790	-265.125424	-51.747	-42.740	0.0501
58	17	tracking	-844.099728	69.202047	-265.309861	-26.747	-34.740	0.0481
58	18	tracking	-843.803658	69.231671	-265.447027	-26.747	-26.740	0.0469
58	19	tracking	-843.527536	69.247928	-265.544791	-26.747	-25.689	0.0446
58	20	tracking	-843.280701	69.250822	-265.605332	-1.747	-17.689	0.0402
58	21	tracking	-843.070745	69.239548	-265.636063	23.253	-9.689	0.0422
58	22	tracking	-842.897671	69.214571	-265.645450	37.878	-7.940	0.0412
58	23	tracking	-842.755948	69.176808	-265.637762	37.878	-7.940	0.0366
58	24	tracking	-842.645510	69.126300	-265.622800	62.878	-15.940	0.0394
58	25	tracking	-842.561377	69.059773	-265.603660	67.848	-23.940	0.0363
58	26	tracking	-842.498960	68.971538	-265.581500	67.848	-31.940	0.0357
58	27	tracking	-842.454465	68.854227	-265.557227	67.848	-39.940	0.0314
58	28	tracking	-842.422082	68.700383	-265.527773	42.848	-47.168	0.0377
58	29	tracking	-842.396807	68.511756	-265.490414	17.848	-47.168	0.0361
58	30	tracking	-842.372643	68.290740	-265.444023	-7.152	-47.168	0.0361
58	31	tracking	-842.343095	68.040111	-265.389933	-32.152	-47.168	0.0326
58	32	tracking	-842.315108	67.751569	-265.328502	-7.152	-55.168	0.0331
58	33	tracking	-842.294600	67.426575	-265.260010	17.848	-55.963	0.0230
58	34	landing	-842.282547	67.079320	-265.179670	17.848	-47.963	0.0234
58	35	landing	-842.278515	66.712135	-265.087254	17.848	-47.963	0.0231
58	36	landing	-842.282126	66.327345	-264.982543	17.848	-47.963	0.0177
58	37	landing	-842.293033	65.927218	-264.865359	17.848	-47.963	0.0174
59	0	tracking	-850.645964	68.867102	-257.032114	-139.104	-4.000	0.5439
59	1	tracking	-849.991601	68.807284	-257.601772	-164.104	-0.670	0.1222
59	2	tracking	-849.422535	68.751906	-258.196524	170.896	-8.670	0.1048
59	3	tracking	-848.951149	68.710040	-258.797665	153.407	-16.670	0.0865
59	4	tracking	-848.533079	68.685017	-259.402840	178.407	-24.670	0.0788
59	5	tracking	-848.135704	68.677907	-259.999512	-156.593	-32.670	0.1107
59	6	tracking	-847.761383	68.687936	-260.584443	-159.186	-40.670	0.0769
59	7	tracking	-847.390151	68.712344	-261.142272	-134.186	-46.375	0.2877
59	8	tracking	-847.034052	68.747852	-261.683844	-150.375	-42.740	0.1955
59	9	tracking	-846.691437	68.790551	-262.210929	-150.375	-34.740	0.1439
59	10	tracking	-846.360385	68.836374	-262.725899	-150.375	-26.740	0.1267
59	11	tracking	-846.038924	68.880283	-263.231329	-150.375	-18.740	0.1269
59	12	tracking	-845.711981	68.925618	-263.710438	-125.375	-26.740	0.1153
59	13	tracking	-845.375779	68.972813	-264.145543	-100.375	-34.740	0.1107
59	14	tracking	-845.036398	69.019217	-264.522830	-75.375	-42.740	0.1033
59	15	tracking	-844.705837	69.059505	-264.835665	-50.375	-50.740	0.1258
59	16	corrected	-844.316815	69.160494	-265.125552	-51.747	-43.740	0.1995
59	17	tracking	-844.000133	69.201233	-265.310296	-26.747	-35.740	0.0625
59	18	tracking	-843.704371	69.230224	-265.447921	-26.747	-27.740	0.0489
59	19	tracking	-843.428549	69.245826	-265.546142	-26.747	-26.439	0.0445
59	20	tracking	-843.181984	69.248168	-265.607151	-1.747	-18.439	0.0406
59	21	tracking	-842.972241	69.236566	-265.638358	23.253	-10.439	0.0421
59	22	tracking	-842.799330	69.211387	-265.648206	37.878	-8.440	0.0404
59	23	tracking	-842.657730	69.173484	-265.640958	37.878	-8.357	0.0390
59	24	tracking	-842.547372	69.122759	-265.626402	62.878	-16.273	0.0387
59	25	tracking	-842.463293	69.055886	-265.607632	67.848	-24.190	0.0329
59	26	tracking	-842.400914	68.967185	-265.585804	67.848	-32.107	0.0353
59	27	tracking	-842.356452	68.849343	-265.561829	67.848	-40.023	0.0299
59	28	tracking	-842.324104	68.694988	-265.532633	42.848	-47.168	0.0325
59	29	tracking	-842.298862	68.505864	-265.495498	17.848	-47.168	0.0274
59	30	tracking	-842.274727	68.284365	-265.449300	-7.152	-47.168	0.0292
59	31	tracking	-842.245202	68.033268	-265.395377	-32.152	-47.168	0.0292
59	32	tracking	-842.217234	67.744266	-265.334093	-7.152	-55.168	0.0274
59	33	tracking	-842.196745	67.418820	-265.265729	17.848	-55.963	0.0219
59	34	landing	-842.184711	67.071131	-265.185495	17.848	-47.963	0.0329
59	35	landing	-842.180699	66.703529	-265.093163	17.848	-47.963	0.0260
59	36	landing	-842.184331	66.318341	-264.988517	17.848	-47.963	0.0166
59	37	landing	-842.195261	65.917834	-264.871382	17.848	-47.963	0.0175
60	0	tracking	-850.645964	68.867102	-257.032114	-139.104	-4.000	0.1390
60	1	tracking	-849.991601	68.807284	-257.601772	-164.104	-0.670	0.0940
60	2	tracking	-849.422535	68.751906	-258.196524	170.896	-8.670	0.1010
60	3	tracking	-848.951149	68.710040	-258.797665	153.407	-16.670	0.0886
60	4	tracking	-848.533079	68.685017	-259.402840	178.407	-24.670	0.1003
60	5	tracking	-848.135704	68.677907	-259.999512	-156.593	-32.670	0.0758
60	6	tracking	-847.761383	68.687936	-260.584443	-159.186	-40.670	0.0782
60	7	tracking	-847.390151	68.712344	-261.142272	-134.186	-46.375	0.0799
60	8	tracking	-847.034052	68.747852	-261.683844	-150.375	-42.740	0.0807
60	9	tracking	-846.691437	68.790551	-262.210929	-150.375	-34.740	0.1698
60	10	tracking	-846.360385	68.836374	-262.725899	-150.375	-26.740	0.1762
60	11	tracking	-846.038924	68.880283	-263.231329	-150.375	-18.740	0.1567
60	12	tracking	-845.711981	68.925618	-263.710438	-125.375	-26.740	0.1381
60	13	tracking	-845.375779	68.972813	-264.145543	-100.375	-34.740	0.1256
60	14	tracking	-845.036398	69.019217	-264.522830	-75.375	-42.740	0.1231
60	15	tracking	-844.705837	69.059505	-264.835665	-50.375	-50.740	0.1521
60	16	tracking	-844.416652	69.060790	-265.025424	-51.747	-42.740	0.2483
60	17	tracking	-844.099728	69.102047	-265.209861	-26.747	-34.740	0.1415
60	18	tracking	-843.803658	69.131671	-265.347027	-26.747	-26.740	0.1358
60	19	tracking	-843.527536	69.147928	-265.444791	-26.747	-25.689	0.1184
60	20	tracking	-843.280701	69.150822	-265.505332	-1.747	-17.689	0.1178
60	21	tracking	-843.070745	69.139548	-265.536063	23.253	-9.689	0.1132
60	22	tracking	-842.897671	69.114571	-265.545450	37.878	-7.940	0.1105
60	23	tracking	-842.755948	69.076808	-265.537762	37.878	-7.940	0.1052
60	24	tracking	-842.645510	69.026300	-265.522800	62.878	-15.940	0.1075
60	25	tracking	-842.561377	68.959773	-265.503660	67.848	-23.940	0.0990
60	26	tracking	-842.498960	68.871538	-265.481500	67.848	-31.940	0.1075
60	27	tracking	-842.454465	68.754227	-265.457227	67.848	-39.940	0.1329
60	28	tracking	-842.422082	68.600383	-265.427773	42.848	-47.168	0.1238
60	29	tracking	-842.396807	68.411756	-265.390414	17.848	-47.168	0.1109
60	30	tracking	-842.372643	68.190740	-265.344023	-7.152	-47.168	0.0976
60	31	tracking	-842.343095	67.940111	-265.289933	-32.152	-47.168	0.1013
60	32	tracking	-842.315108	67.651569	-265.228502	-7.152	-55.168	0.1114
60	33	tracking	-842.294600	67.326575	-265.160010	17.848	-55.963	0.1018
60	34	landing	-842.290126	66.979320	-265.084108	42.848	-47.963	0.0386
60	35	landing	-842.300768	66.611650	-265.000710	42.848	-47.963	0.0181
60	36	landing	-842.325828	66.225621	-264.909607	42.848	-47.963	0.0165
60	37	landing	-842.364747	65.823375	-264.810548	42.848	-47.963	0.0166
61	0	tracking	-850.645964	68.867102	-257.032114	-139.104	-4.000	0.1719
61	1	tracking	-849.991601	68.807284	-257.601772	-164.104	-0.670	0.1000
61	2	tracking	-849.422535	68.751906	-258.196524	170.896	-8.670	0.0988
61	3	tracking	-848.951149	68.710040	-258.797665	153.407	-16.670	0.0901
61	4	tracking	-848.533079	68.685017	-259.402840	178.407	-24.670	0.0895
61	5	tracking	-848.135704	68.677907	-259.999512	-156.593	-32.670	0.0867
61	6	tracking	-847.761383	68.687936	-260.584443	-159.186	-40.670	0.0891
61	7	tracking	-847.390151	68.712344	-261.142272	-134.186	-46.375	0.0906
61	8	tracking	-847.034052	68.747852	-261.683844	-150.375	-42.740	0.0724
61	9	tracking	-846.691437	68.790551	-262.210929	-150.375	-34.740	0.0742
61	10	tracking	-846.360385	68.836374	-262.725899	-150.375	-26.740	0.0664
61	11	tracking	-846.038924	68.880283	-263.231329	-150.375	-18.740	0.0662
61	12	tracking	-845.711981	68.925618	-263.710438	-125.375	-26.740	0.0649
61	13	tracking	-845.375779	68.972813	-264.145543	-100.375	-34.740	0.0599
61	14	tracking	-845.036398	69.019217	-264.522830	-75.375	-42.740	0.0578
61	15	tracking	-844.705837	69.059505	-264.835665	-50.375	-50.740	0.0554
61	16	tracking	-844.316652	69.060790	-265.025424	-51.747	-42.740	0.1399
61	17	tracking	-843.999728	69.102047	-265.209861	-26.747	-34.740	0.1313
61	18	tracking	-843.703658	69.131671	-265.347027	-26.747	-26.740	0.1178
61	19	tracking	-843.427536	69.147928	-265.444791	-26.747	-25.689	0.3353
61	20	tracking	-843.180701	69.150822	-265.505332	-1.747	-17.689	0.5561
61	21	tracking	-842.970745	69.139548	-265.536063	23.253	-9.689	0.2632
61	22	tracking	-842.797671	69.114571	-265.545450	37.878	-7.940	0.1281
61	23	tracking	-842.655948	69.076808	-265.537762	37.878	-7.940	0.1201
61	24	tracking	-842.545510	69.026300	-265.522800	62.878	-15.940	0.1204
61	25	tracking	-842.461377	68.959773	-265.503660	67.848	-23.940	0.1196
61	26	tracking	-842.398960	68.871538	-265.481500	67.848	-31.940	0.1068
61	27	tracking	-842.354465	68.754227	-265.457227	67.848	-39.940	0.1028
61	28	tracking	-842.322082	68.600383	-265.427773	42.848	-47.168	0.1042
61	29	tracking	-842.296807	68.411756	-265.390414	17.848	-47.168	0.1021
61	30	tracking	-842.272643	68.190740	-265.344023	-7.152	-47.168	0.0991
61	31	tracking	-842.243095	67.940111	-265.289933	-32.152	-47.168	0.1989
61	32	tracking	-842.215108	67.651569	-265.228502	-7.152	-55.168	0.1182
61	33	tracking	-842.194600	67.326575	-265.160010	17.848	-55.963	0.0969
61	34	landing	-842.190126	66.979320	-265.084108	42.848	-47.963	0.0233
61	35	landing	-842.200768	66.611650	-265.000710	42.848	-47.963	0.0224
61	36	landing	-842.225828	66.225621	-264.909607	42.848	-47.963	0.0218
61	37	landing	-842.264747	65.823375	-264.810548	42.848	-47.963	0.0173
62	0	tracking	-850.645964	68.867102	-257.032114	-139.104	-4.000	0.1518
62	1	tracking	-849.991601	68.807284	-257.601772	-164.104	-0.670	0.1024
62	2	tracking	-849.422535	68.751906	-258.196524	170.896	-8.670	0.0927
62	3	tracking	-848.951149	68.710040	-258.797665	153.407	-16.670	0.0897
62	4	tracking	-848.533079	68.685017	-259.402840	178.407	-24.670	0.0866
62	5	tracking	-848.135704	68.677907	-259.999512	-156.593	-32.670	0.0772
62	6	tracking	-847.761383	68.687936	-260.584443	-159.186	-40.670	0.0750
62	7	tracking	-847.390151	68.712344	-261.142272	-134.186	-46.375	0.0755
62	8	tracking	-847.034052	68.747852	-261.683844	-150.375	-42.740	0.0708
62	9	tracking	-846.691437	68.790551	-262.210929	-150.375	-34.740	0.0718
62	10	tracking	-846.360385	68.836374	-262.725899	-150.375	-26.740	0.0740
62	11	tracking	-846.038924	68.880283	-263.231329	-150.375	-18.740	0.0731
62	12	tracking	-845.711981	68.925618	-263.710438	-125.375	-26.740	0.0646
62	13	tracking	-845.375779	68.972813	-264.145543	-100.375	-34.740	0.0608
62	14	tracking	-845.036398	69.019217	-264.522830	-75.375	-42.740	0.0584
62	15	tracking	-844.705837	69.059505	-264.835665	-50.375	-50.740	0.0536
62	16	corrected	-844.416815	69.160494	-265.025552	-51.747	-43.740	0.1183
62	17	tracking	-844.100133	69.201233	-265.210296	-26.747	-35.740	0.0909
62	18	tracking	-843.804371	69.230224	-265.347921	-26.747	-27.740	0.0814
62	19	tracking	-843.528549	69.245826	-265.446142	-26.747	-26.439	0.0772
62	20	tracking	-843.281984	69.248168	-265.507151	-1.747	-18.439	0.0765
62	21	tracking	-843.072241	69.236566	-265.538358	23.253	-10.439	0.0748
62	22	tracking	-842.899330	69.211387	-265.548206	37.878	-8.440	0.0753
62	23	tracking	-842.757730	69.173484	-265.540958	37.878	-8.357	0.0732
62	24	tracking	-842.647372	69.122759	-265.526402	62.878	-16.273	0.0709
62	25	tracking	-842.563293	69.055886	-265.507632	67.848	-24.190	0.0700
62	26	tracking	-842.500914	68.967185	-265.485804	67.848	-32.107	0.1916
62	27	tracking	-842.456452	68.849343	-265.461829	67.848	-40.023	0.1020
62	28	tracking	-842.424104	68.694988	-265.432633	42.848	-47.168	0.1013
62	29	tracking	-842.398862	68.505864	-265.395498	17.848	-47.168	0.1058
62	30	tracking	-842.374727	68.284365	-265.349300	-7.152	-47.168	0.0914
62	31	tracking	-842.345202	68.033268	-265.295377	-32.152	-47.168	0.0871
62	32	tracking	-842.317234	67.744266	-265.234093	-7.152	-55.168	0.0935
62	33	tracking	-842.296745	67.418820	-265.165729	17.848	-55.963	0.1137
62	34	landing	-842.288592	67.071131	-265.087210	29.848	-47.963	0.0256
62	35	landing	-842.292147	66.703325	-264.998396	29.848	-47.963	0.0198
62	36	landing	-842.306891	66.317616	-264.899087	29.848	-47.963	0.0175
62	37	landing	-842.332378	65.916221	-264.789081	29.848	-47.963	0.0217
63	0	tracking	-850.645964	68.867102	-257.032114	-139.104	-4.000	0.2455
63	1	tracking	-849.991601	68.807284	-257.601772	-164.104	-0.670	0.1167
63	2	tracking	-849.422535	68.751906	-258.196524	170.896	-8.670	0.1017
63	3	tracking	-848.951149	68.710040	-258.797665	153.407	-16.670	0.0947
63	4	tracking	-848.533079	68.685017	-259.402840	178.407	-24.670	0.0833
63	5	tracking	-848.135704	68.677907	-259.999512	-156.593	-32.670	0.0810
63	6	tracking	-847.761383	68.687936	-260.584443	-159.186	-40.670	0.0954
63	7	tracking	-847.390151	68.712344	-261.142272	-134.186	-46.375	0.0781
63	8	tracking	-847.034052	68.747852	-261.683844	-150.375	-42.740	0.0714
63	9	tracking	-846.691437	68.790551	-262.210929	-150.375	-34.740	0.0719
63	10	tracking	-846.360385	68.836374	-262.725899	-150.375	-26.740	0.0665
63	11	tracking	-846.038924	68.880283	-263.231329	-150.375	-18.740	0.0663
63	12	tracking	-845.711981	68.925618	-263.710438	-125.375	-26.740	0.0626
63	13	tracking	-845.375779	68.972813	-264.145543	-100.375	-34.740	0.0597
63	14	tracking	-845.036398	69.019217	-264.522830	-75.375	-42.740	0.0568
63	15	tracking	-844.705837	69.059505	-264.835665	-50.375	-50.740	0.0560
63	16	corrected	-844.317720	69.160185	-265.024765	-49.747	-44.740	0.6886
63	17	tracking	-844.002907	69.200286	-265.208629	-24.914	-36.740	0.0842
63	18	tracking	-843.709758	69.228379	-265.345420	-25.080	-28.740	0.0798
63	19	tracking	-843.437015	69.242919	-265.442816	-25.247	-27.189	0.0800
63	20	tracking	-843.193812	69.244201	-265.503369	-0.414	-19.189	0.0833
63	21	tracking	-842.987403	69.231722	-265.534669	24.420	-11.189	0.0755
63	22	tracking	-842.817592	69.205787	-265.545072	38.878	-8.940	0.0767
63	23	tracking	-842.678820	69.167189	-265.538706	38.711	-8.773	0.0821
63	24	tracking	-842.570873	69.115654	-265.525222	63.545	-16.607	0.0768
63	25	tracking	-842.488825	69.047775	-265.507597	68.348	-24.440	0.0859
63	26	tracking	-842.428159	68.957865	-265.486914	68.181	-32.273	0.0731
63	27	tracking	-842.385141	68.838659	-265.464030	68.015	-40.107	0.0712
63	28	tracking	-842.354051	68.682864	-265.435881	43.015	-47.168	0.0704
63	29	tracking	-842.329945	68.492244	-265.399746	18.015	-47.168	0.0691
63	30	tracking	-842.306865	68.269212	-265.354479	-6.985	-47.168	0.0802
63	31	tracking	-842.278334	68.016561	-265.301391	-31.985	-47.168	0.0710
63	32	tracking	-842.251257	67.725961	-265.240888	-7.152	-55.168	0.0639
63	33	tracking	-842.231552	67.398887	-265.173250	17.848	-55.963	0.0598
63	34	landing	-842.224097	67.049587	-265.095379	29.848	-47.963	0.0235
63	35	landing	-842.228280	66.680208	-265.007131	29.848	-47.963	0.0200
63	36	landing	-842.243596	66.292976	-264.908305	29.848	-47.963	0.0183
63	37	landing	-842.269608	65.890119	-264.798703	29.848	-47.963	0.0202
