-1	0	tracking	-850.645964	68.867102	-257.032114	-139.104	-4.000	11.5892
-1	1	tracking	-849.991601	68.807284	-257.601772	-164.104	-0.670	0.6784
-1	2	tracking	-849.422535	68.751906	-258.196524	170.896	-8.670	0.5624
-1	3	tracking	-848.951149	68.710040	-258.797665	153.407	-16.670	0.4950
-1	4	tracking	-848.533079	68.685017	-259.402840	178.407	-24.670	0.6056
-1	5	tracking	-848.135704	68.677907	-259.999512	-156.593	-32.670	0.3968
-1	6	tracking	-847.761383	68.687936	-260.584443	-159.186	-40.670	0.2882
-1	7	tracking	-847.390151	68.712344	-261.142272	-134.186	-46.375	0.2606
-1	8	tracking	-847.034052	68.747852	-261.683844	-150.375	-42.740	0.2538
-1	9	tracking	-846.691437	68.790551	-262.210929	-150.375	-34.740	0.3311
-1	10	tracking	-846.360385	68.836374	-262.725899	-150.375	-26.740	0.3188
-1	11	tracking	-846.038924	68.880283	-263.231329	-150.375	-18.740	0.4717
-1	12	tracking	-845.711981	68.925618	-263.710438	-125.375	-26.740	0.2732
-1	13	tracking	-845.375779	68.972813	-264.145543	-100.375	-34.740	0.3273
-1	14	tracking	-845.036398	69.019217	-264.522830	-75.375	-42.740	0.3164
-1	15	tracking	-844.705837	69.059505	-264.835665	-50.375	-50.740	0.2096
-1	16	tracking	-844.384292	69.091438	-265.093102	-51.747	-42.740	0.2393
-1	17	tracking	-844.083004	69.113982	-265.293128	-26.747	-34.740	0.2116
-1	18	tracking	-843.800745	69.125732	-265.443948	-26.747	-26.740	0.1717
-1	19	tracking	-843.536584	69.125555	-265.553190	-26.747	-25.689	0.1755
-1	20	tracking	-843.300384	69.113535	-265.623253	-1.747	-17.689	0.1668
-1	21	tracking	-843.100129	69.088903	-265.661946	23.253	-9.689	0.1750
-1	22	tracking	-842.935939	69.051976	-265.678117	37.878	-7.940	0.1442
-1	23	tracking	-842.802291	69.003506	-265.676269	37.878	-7.940	0.1445
-1	24	tracking	-842.699176	68.943190	-265.666444	62.878	-15.940	0.1312
-1	25	tracking	-842.621629	68.867454	-265.651857	67.848	-23.940	0.1322
-1	26	tracking	-842.565079	68.770355	-265.633754	67.848	-31.940	0.1274
-1	27	tracking	-842.525759	68.644315	-265.613118	67.848	-39.940	0.1811
-1	28	tracking	-842.497919	68.481735	-265.586975	42.848	-47.168	0.1376
-1	29	tracking	-842.476678	68.284429	-265.552612	17.848	-47.168	0.1349
-1	30	tracking	-842.456107	68.054867	-265.508875	-7.152	-47.168	0.1380
-1	31	tracking	-842.429727	67.795885	-265.457098	-32.152	-47.168	0.1753
-1	32	tracking	-842.404562	67.499061	-265.397731	-7.152	-55.168	0.1475
-1	33	tracking	-842.386576	67.165890	-265.331058	17.848	-55.963	0.1172
-1	34	landing	-842.376815	66.810754	-265.252196	17.848	-47.963	0.0842
-1	35	landing	-842.374883	66.436026	-265.160919	17.848	-47.963	0.0750
-1	36	landing	-842.380430	66.044063	-265.057020	17.848	-47.963	0.0645
-1	37	landing	-842.393135	65.637154	-264.940337	17.848	-47.963	0.0609
0	0	tracking	-850.645964	68.867102	-257.032114	-139.104	-4.000	0.3155
0	1	tracking	-849.991601	68.807284	-257.601772	-164.104	-0.670	0.2584
0	2	tracking	-849.422535	68.751906	-258.196524	170.896	-8.670	0.2453
0	3	tracking	-848.951149	68.710040	-258.797665	153.407	-16.670	0.2396
0	4	tracking	-848.533079	68.685017	-259.402840	178.407	-24.670	0.5609
0	5	tracking	-848.135704	68.677907	-259.999512	-156.593	-32.670	0.2777
0	6	tracking	-847.761383	68.687936	-260.584443	-159.186	-40.670	0.4407
0	7	tracking	-847.390151	68.712344	-261.142272	-134.186	-46.375	0.4046
0	8	tracking	-847.101170	68.679832	-261.752899	-150.375	-42.740	0.2297
0	9	tracking	-846.772999	68.706563	-262.298382	-150.375	-34.740	0.1809
0	10	tracking	-846.454302	68.737608	-262.830652	-150.375	-26.740	0.1757
0	11	tracking	-846.143493	68.767366	-263.352119	-150.375	-18.740	0.2636
0	12	tracking	-845.825358	68.799474	-263.846002	-125.375	-26.740	0.2422
0	13	tracking	-845.495990	68.834728	-264.294458	-100.375	-34.740	0.1516
0	14	tracking	-845.161670	68.870618	-264.683371	-75.375	-42.740	0.1463
0	15	tracking	-844.835033	68.901538	-265.006080	-50.375	-50.740	0.1428
0	16	tracking	-844.516392	68.925131	-265.271849	-51.747	-42.740	0.1308
0	17	tracking	-844.217359	68.940269	-265.478637	-26.747	-34.740	0.1277
0	18	tracking	-843.936801	68.945449	-265.634871	-26.747	-26.740	0.1239
0	19	tracking	-843.673899	68.939416	-265.748430	-26.747	-25.689	0.1327
0	20	tracking	-843.438806	68.922198	-265.821820	-1.747	-17.689	0.1335
0	21	tracking	-843.239711	68.892964	-265.863071	23.253	-9.689	0.1107
0	22	tracking	-843.076765	68.851959	-265.881252	37.878	-7.940	0.1089
0	23	tracking	-842.944385	68.799868	-265.880988	37.878	-7.940	0.1011
0	24	tracking	-842.842564	68.736286	-265.872492	62.878	-15.940	0.1009
0	25	tracking	-842.766284	68.657546	-265.859043	67.848	-23.940	0.1031
0	26	tracking	-842.710934	68.557618	-265.841923	67.848	-31.940	0.0993
0	27	tracking	-842.672720	68.428853	-265.822149	67.848	-39.940	0.0886
0	28	tracking	-842.645872	68.263599	-265.796767	42.848	-47.168	0.0982
0	29	tracking	-842.625522	68.063679	-265.763061	17.848	-47.168	0.0942
0	30	tracking	-842.605740	67.831580	-265.719879	-7.152	-47.168	0.0820
0	31	tracking	-842.580040	67.570149	-265.668558	-32.152	-47.168	0.0845
0	32	tracking	-842.555478	67.270930	-265.609577	-7.152	-55.168	0.0765
0	33	tracking	-842.538038	66.935425	-265.543223	17.848	-55.963	0.1038
0	34	landing	-842.528781	66.578061	-265.464587	17.848	-47.963	0.0535
0	35	landing	-842.527320	66.201223	-265.373447	17.848	-47.963	0.0449
0	36	landing	-842.533309	65.807269	-265.269599	17.848	-47.963	0.0413
1	0	tracking	-850.645964	68.867102	-257.032114	-139.104	-4.000	0.3003
1	1	tracking	-849.991601	68.807284	-257.601772	-164.104	-0.670	0.2605
1	2	tracking	-849.422535	68.751906	-258.196524	170.896	-8.670	3.1825
1	3	tracking	-848.951149	68.710040	-258.797665	153.407	-16.670	0.2348
1	4	tracking	-848.533079	68.685017	-259.402840	178.407	-24.670	0.2229
1	5	tracking	-848.135704	68.677907	-259.999512	-156.593	-32.670	0.2283
1	6	tracking	-847.761383	68.687936	-260.584443	-159.186	-40.670	0.2413
1	7	tracking	-847.390151	68.712344	-261.142272	-134.186	-46.375	0.2043
1	8	tracking	-847.001170	68.679832	-261.752899	-150.375	-42.740	0.1997
1	9	tracking	-846.672999	68.706563	-262.298382	-150.375	-34.740	0.2251
1	10	tracking	-846.354302	68.737608	-262.830652	-150.375	-26.740	0.1727
1	11	tracking	-846.043493	68.767366	-263.352119	-150.375	-18.740	0.1769
1	12	tracking	-845.725358	68.799474	-263.846002	-125.375	-26.740	0.1736
1	13	tracking	-845.395990	68.834728	-264.294458	-100.375	-34.740	0.1611
1	14	tracking	-845.061670	68.870618	-264.683371	-75.375	-42.740	0.1454
1	15	tracking	-844.735033	68.901538	-265.006080	-50.375	-50.740	0.1398
1	16	tracking	-844.416392	68.925131	-265.271849	-51.747	-42.740	0.1633
1	17	tracking	-844.117359	68.940269	-265.478637	-26.747	-34.740	0.1360
1	18	tracking	-843.836801	68.945449	-265.634871	-26.747	-26.740	0.1424
1	19	tracking	-843.573899	68.939416	-265.748430	-26.747	-25.689	0.1291
1	20	tracking	-843.338806	68.922198	-265.821820	-1.747	-17.689	0.1263
1	21	tracking	-843.139711	68.892964	-265.863071	23.253	-9.689	0.1188
1	22	tracking	-842.976765	68.851959	-265.881252	37.878	-7.940	0.2102
1	23	tracking	-842.844385	68.799868	-265.880988	37.878	-7.940	0.1247
1	24	tracking	-842.742564	68.736286	-265.872492	62.878	-15.940	0.1119
1	25	tracking	-842.666284	68.657546	-265.859043	67.848	-23.940	0.1002
1	26	tracking	-842.610934	68.557618	-265.841923	67.848	-31.940	0.1016
1	27	tracking	-842.572720	68.428853	-265.822149	67.848	-39.940	0.0988
1	28	tracking	-842.545872	68.263599	-265.796767	42.848	-47.168	0.0927
1	29	tracking	-842.525522	68.063679	-265.763061	17.848	-47.168	0.0939
1	30	tracking	-842.505740	67.831580	-265.719879	-7.152	-47.168	0.0910
1	31	tracking	-842.480040	67.570149	-265.668558	-32.152	-47.168	0.0958
1	32	tracking	-842.455478	67.270930	-265.609577	-7.152	-55.168	0.0801
1	33	tracking	-842.438038	66.935425	-265.543223	17.848	-55.963	0.0724
1	34	landing	-842.428781	66.578061	-265.464587	17.848	-47.963	0.1118
1	35	landing	-842.427320	66.201223	-265.373447	17.848	-47.963	0.0694
1	36	landing	-842.433309	65.807269	-265.269599	17.848	-47.963	0.0582
2	0	tracking	-850.645964	68.867102	-257.032114	-139.104	-4.000	0.3252
2	1	tracking	-849.991601	68.807284	-257.601772	-164.104	-0.670	0.2341
2	2	tracking	-849.422535	68.751906	-258.196524	170.896	-8.670	0.2254
2	3	tracking	-848.951149	68.710040	-258.797665	153.407	-16.670	0.2062
2	4	tracking	-848.533079	68.685017	-259.402840	178.407	-24.670	0.2224
2	5	tracking	-848.135704	68.677907	-259.999512	-156.593	-32.670	0.1945
2	6	tracking	-847.761383	68.687936	-260.584443	-159.186	-40.670	0.2271
2	7	tracking	-847.390151	68.712344	-261.142272	-134.186	-46.375	0.1956
2	8	tracking	-847.101170	68.779832	-261.752899	-150.375	-42.740	0.1570
2	9	tracking	-846.772999	68.806563	-262.298382	-150.375	-34.740	0.1512
2	10	tracking	-846.454302	68.837608	-262.830652	-150.375	-26.740	0.2185
2	11	tracking	-846.143493	68.867366	-263.352119	-150.375	-18.740	0.2102
2	12	tracking	-845.825358	68.899474	-263.846002	-125.375	-26.740	0.1597
2	13	tracking	-845.495990	68.934728	-264.294458	-100.375	-34.740	0.1771
2	14	tracking	-845.161670	68.970618	-264.683371	-75.375	-42.740	0.1326
2	15	tracking	-844.835033	69.001538	-265.006080	-50.375	-50.740	0.1409
2	16	tracking	-844.516392	69.025131	-265.271849	-51.747	-42.740	0.1241
2	17	tracking	-844.217359	69.040269	-265.478637	-26.747	-34.740	0.1417
2	18	tracking	-843.936801	69.045449	-265.634871	-26.747	-26.740	0.1139
2	19	tracking	-843.673899	69.039416	-265.748430	-26.747	-25.689	0.1279
2	20	tracking	-843.438806	69.022198	-265.821820	-1.747	-17.689	0.1055
2	21	tracking	-843.239711	68.992964	-265.863071	23.253	-9.689	0.0957
2	22	tracking	-843.076765	68.951959	-265.881252	37.878	-7.940	0.0931
2	23	tracking	-842.944385	68.899868	-265.880988	37.878	-7.940	0.0985
2	24	tracking	-842.842564	68.836286	-265.872492	62.878	-15.940	0.0944
2	25	tracking	-842.766284	68.757546	-265.859043	67.848	-23.940	0.0963
2	26	tracking	-842.710934	68.657618	-265.841923	67.848	-31.940	0.0842
2	27	tracking	-842.672720	68.528853	-265.822149	67.848	-39.940	0.0840
2	28	tracking	-842.645872	68.363599	-265.796767	42.848	-47.168	0.0828
2	29	tracking	-842.625522	68.163679	-265.763061	17.848	-47.168	0.0714
2	30	tracking	-842.605740	67.931580	-265.719879	-7.152	-47.168	0.0704
2	31	tracking	-842.580040	67.670149	-265.668558	-32.152	-47.168	0.0625
2	32	tracking	-842.555478	67.370930	-265.609577	-7.152	-55.168	0.0580
2	33	tracking	-842.538038	67.035425	-265.543223	17.848	-55.963	0.0521
2	34	landing	-842.528781	66.678061	-265.464587	17.848	-47.963	0.0332
2	35	landing	-842.527320	66.301223	-265.373447	17.848	-47.963	0.0311
2	36	landing	-842.533309	65.907269	-265.269599	17.848	-47.963	0.0283
3	0	tracking	-850.645964	68.867102	-257.032114	-139.104	-4.000	0.2779
3	1	tracking	-849.991601	68.807284	-257.601772	-164.104	-0.670	0.2221
3	2	tracking	-849.422535	68.751906	-258.196524	170.896	-8.670	0.2098
3	3	tracking	-848.951149	68.710040	-258.797665	153.407	-16.670	0.1976
3	4	tracking	-848.533079	68.685017	-259.402840	178.407	-24.670	0.1875
3	5	tracking	-848.135704	68.677907	-259.999512	-156.593	-32.670	0.1808
3	6	tracking	-847.761383	68.687936	-260.584443	-159.186	-40.670	0.1771
3	7	tracking	-847.390151	68.712344	-261.142272	-134.186	-46.375	0.1728
3	8	tracking	-847.001170	68.779832	-261.752899	-150.375	-42.740	0.1730
3	9	tracking	-846.672999	68.806563	-262.298382	-150.375	-34.740	0.1603
3	10	tracking	-846.354302	68.837608	-262.830652	-150.375	-26.740	0.1492
3	11	tracking	-846.043493	68.867366	-263.352119	-150.375	-18.740	0.1410
3	12	tracking	-845.725358	68.899474	-263.846002	-125.375	-26.740	0.1400
3	13	tracking	-845.395990	68.934728	-264.294458	-100.375	-34.740	0.1301
3	14	tracking	-845.061670	68.970618	-264.683371	-75.375	-42.740	0.1288
3	15	tracking	-844.735033	69.001538	-265.006080	-50.375	-50.740	0.1224
3	16	tracking	-844.416392	69.025131	-265.271849	-51.747	-42.740	0.1216
3	17	tracking	-844.117359	69.040269	-265.478637	-26.747	-34.740	0.1155
3	18	tracking	-843.836801	69.045449	-265.634871	-26.747	-26.740	0.1199
3	19	tracking	-843.573899	69.039416	-265.748430	-26.747	-25.689	0.1147
3	20	tracking	-843.338806	69.022198	-265.821820	-1.747	-17.689	0.1044
3	21	tracking	-843.139711	68.992964	-265.863071	23.253	-9.689	0.1168
3	22	tracking	-842.976765	68.951959	-265.881252	37.878	-7.940	0.0974
3	23	tracking	-842.844385	68.899868	-265.880988	37.878	-7.940	0.0933
3	24	tracking	-842.742564	68.836286	-265.872492	62.878	-15.940	0.0900
3	25	tracking	-842.666284	68.757546	-265.859043	67.848	-23.940	0.0850
3	26	tracking	-842.610934	68.657618	-265.841923	67.848	-31.940	0.0952
3	27	tracking	-842.572720	68.528853	-265.822149	67.848	-39.940	0.0819
3	28	tracking	-842.545872	68.363599	-265.796767	42.848	-47.168	0.0783
3	29	tracking	-842.525522	68.163679	-265.763061	17.848	-47.168	0.0739
3	30	tracking	-842.505740	67.931580	-265.719879	-7.152	-47.168	0.0790
3	31	tracking	-842.480040	67.670149	-265.668558	-32.152	-47.168	0.0740
3	32	tracking	-842.455478	67.370930	-265.609577	-7.152	-55.168	0.0645
3	33	tracking	-842.438038	67.035425	-265.543223	17.848	-55.963	0.0624
3	34	landing	-842.428781	66.678061	-265.464587	17.848	-47.963	0.0460
3	35	landing	-842.427320	66.301223	-265.373447	17.848	-47.963	0.0449
3	36	landing	-842.433309	65.907269	-265.269599	17.848	-47.963	0.0470
4	0	tracking	-850.645964	68.867102	-257.032114	-139.104	-4.000	0.2743
4	1	tracking	-849.991601	68.807284	-257.601772	-164.104	-0.670	0.2174
4	2	tracking	-849.422535	68.751906	-258.196524	170.896	-8.670	0.2081
4	3	tracking	-848.951149	68.710040	-258.797665	153.407	-16.670	0.1986
4	4	tracking	-848.533079	68.685017	-259.402840	178.407	-24.670	0.1933
4	5	tracking	-848.135704	68.677907	-259.999512	-156.593	-32.670	0.3282
4	6	tracking	-847.761383	68.687936	-260.584443	-159.186	-40.670	0.2029
4	7	tracking	-847.390151	68.712344	-261.142272	-134.186	-46.375	0.1798
4	8	tracking	-847.101170	68.679832	-261.652899	-150.375	-42.740	0.1542
4	9	tracking	-846.772999	68.706563	-262.198382	-150.375	-34.740	0.1679
4	10	tracking	-846.454302	68.737608	-262.730652	-150.375	-26.740	0.2654
4	11	tracking	-846.143493	68.767366	-263.252119	-150.375	-18.740	0.1435
4	12	tracking	-845.825358	68.799474	-263.746002	-125.375	-26.740	0.1344
4	13	tracking	-845.495990	68.834728	-264.194458	-100.375	-34.740	0.1302
4	14	tracking	-845.161670	68.870618	-264.583371	-75.375	-42.740	0.1669
4	15	tracking	-844.835033	68.901538	-264.906080	-50.375	-50.740	0.1185
4	16	tracking	-844.516392	68.925131	-265.171849	-51.747	-42.740	0.1130
4	17	tracking	-844.217359	68.940269	-265.378637	-26.747	-34.740	0.1079
4	18	tracking	-843.936801	68.945449	-265.534871	-26.747	-26.740	0.1070
4	19	tracking	-843.673899	68.939416	-265.648430	-26.747	-25.689	0.0978
4	20	tracking	-843.438806	68.922198	-265.721820	-1.747	-17.689	0.0961
4	21	tracking	-843.239711	68.892964	-265.763071	23.253	-9.689	0.1058
4	22	tracking	-843.076765	68.851959	-265.781252	37.878	-7.940	0.0903
4	23	tracking	-842.944385	68.799868	-265.780988	37.878	-7.940	0.0791
4	24	tracking	-842.842564	68.736286	-265.772492	62.878	-15.940	0.0862
4	25	tracking	-842.766284	68.657546	-265.759043	67.848	-23.940	0.0748
4	26	tracking	-842.710934	68.557618	-265.741923	67.848	-31.940	0.0701
4	27	tracking	-842.672720	68.428853	-265.722149	67.848	-39.940	0.0682
4	28	tracking	-842.645872	68.263599	-265.696767	42.848	-47.168	0.0628
4	29	tracking	-842.625522	68.063679	-265.663061	17.848	-47.168	0.0715
4	30	tracking	-842.605740	67.831580	-265.619879	-7.152	-47.168	0.0594
4	31	tracking	-842.580040	67.570149	-265.568558	-32.152	-47.168	0.0560
4	32	tracking	-842.555478	67.270930	-265.509577	-7.152	-55.168	0.0788
4	33	tracking	-842.538038	66.935425	-265.443223	17.848	-55.963	0.0464
4	34	landing	-842.528781	66.578061	-265.364587	17.848	-47.963	0.0337
4	35	landing	-842.527320	66.201223	-265.273447	17.848	-47.963	0.0287
4	36	landing	-842.533309	65.807269	-265.169599	17.848	-47.963	0.0260
5	0	tracking	-850.645964	68.867102	-257.032114	-139.104	-4.000	0.2580
5	1	tracking	-849.991601	68.807284	-257.601772	-164.104	-0.670	0.2086
5	2	tracking	-849.422535	68.751906	-258.196524	170.896	-8.670	0.2780
5	3	tracking	-848.951149	68.710040	-258.797665	153.407	-16.670	0.2093
5	4	tracking	-848.533079	68.685017	-259.402840	178.407	-24.670	0.2012
5	5	tracking	-848.135704	68.677907	-259.999512	-156.593	-32.670	0.1710
5	6	tracking	-847.761383	68.687936	-260.584443	-159.186	-40.670	0.1684
5	7	tracking	-847.390151	68.712344	-261.142272	-134.186	-46.375	0.1589
5	8	tracking	-847.001170	68.679832	-261.652899	-150.375	-42.740	0.1465
5	9	tracking	-846.672999	68.706563	-262.198382	-150.375	-34.740	0.1453
5	10	tracking	-846.354302	68.737608	-262.730652	-150.375	-26.740	0.1388
5	11	tracking	-846.043493	68.767366	-263.252119	-150.375	-18.740	0.1585
5	12	tracking	-845.725358	68.799474	-263.746002	-125.375	-26.740	0.1277
5	13	tracking	-845.395990	68.834728	-264.194458	-100.375	-34.740	0.1266
5	14	tracking	-845.061670	68.870618	-264.583371	-75.375	-42.740	0.1204
5	15	tracking	-844.735033	68.901538	-264.906080	-50.375	-50.740	0.1201
5	16	tracking	-844.416392	68.925131	-265.171849	-51.747	-42.740	0.1222
5	17	tracking	-844.117359	68.940269	-265.378637	-26.747	-34.740	0.1289
5	18	tracking	-843.836801	68.945449	-265.534871	-26.747	-26.740	0.1125
5	19	tracking	-843.573899	68.939416	-265.648430	-26.747	-25.689	0.1327
5	20	tracking	-843.338806	68.922198	-265.721820	-1.747	-17.689	0.1225
5	21	tracking	-843.139711	68.892964	-265.763071	23.253	-9.689	0.1103
5	22	tracking	-842.976765	68.851959	-265.781252	37.878	-7.940	0.0965
5	23	tracking	-842.844385	68.799868	-265.780988	37.878	-7.940	0.0978
5	24	tracking	-842.742564	68.736286	-265.772492	62.878	-15.940	0.0901
5	25	tracking	-842.666284	68.657546	-265.759043	67.848	-23.940	0.0931
5	26	tracking	-842.610934	68.557618	-265.741923	67.848	-31.940	0.0784
5	27	tracking	-842.572720	68.428853	-265.722149	67.848	-39.940	0.0762
5	28	tracking	-842.545872	68.263599	-265.696767	42.848	-47.168	0.0706
5	29	tracking	-842.525522	68.063679	-265.663061	17.848	-47.168	0.0673
5	30	tracking	-842.505740	67.831580	-265.619879	-7.152	-47.168	0.0686
5	31	tracking	-842.480040	67.570149	-265.568558	-32.152	-47.168	0.0643
5	32	tracking	-842.455478	67.270930	-265.509577	-7.152	-55.168	0.0647
5	33	tracking	-842.438038	66.935425	-265.443223	17.848	-55.963	0.0656
5	34	landing	-842.428781	66.578061	-265.364587	17.848	-47.963	0.0508
5	35	landing	-842.427320	66.201223	-265.273447	17.848	-47.963	0.0481
5	36	landing	-842.433309	65.807269	-265.169599	17.848	-47.963	0.0454
6	0	tracking	-850.645964	68.867102	-257.032114	-139.104	-4.000	0.3027
6	1	tracking	-849.991601	68.807284	-257.601772	-164.104	-0.670	0.2519
6	2	tracking	-849.422535	68.751906	-258.196524	170.896	-8.670	0.2307
6	3	tracking	-848.951149	68.710040	-258.797665	153.407	-16.670	0.2211
6	4	tracking	-848.533079	68.685017	-259.402840	178.407	-24.670	0.2020
6	5	tracking	-848.135704	68.677907	-259.999512	-156.593	-32.670	0.2031
6	6	tracking	-847.761383	68.687936	-260.584443	-159.186	-40.670	0.1925
6	7	tracking	-847.390151	68.712344	-261.142272	-134.186	-46.375	0.1798
6	8	tracking	-847.101170	68.779832	-261.652899	-150.375	-42.740	2.4271
6	9	tracking	-846.772999	68.806563	-262.198382	-150.375	-34.740	0.3243
6	10	tracking	-846.454302	68.837608	-262.730652	-150.375	-26.740	0.2276
6	11	tracking	-846.143493	68.867366	-263.252119	-150.375	-18.740	0.1664
6	12	tracking	-845.825358	68.899474	-263.746002	-125.375	-26.740	0.1399
6	13	tracking	-845.495990	68.934728	-264.194458	-100.375	-34.740	0.1556
6	14	tracking	-845.161670	68.970618	-264.583371	-75.375	-42.740	0.1312
6	15	tracking	-844.835033	69.001538	-264.906080	-50.375	-50.740	0.5519
6	16	tracking	-844.516392	69.025131	-265.171849	-51.747	-42.740	0.2096
6	17	tracking	-844.217359	69.040269	-265.378637	-26.747	-34.740	0.2210
6	18	tracking	-843.936801	69.045449	-265.534871	-26.747	-26.740	0.2110
6	19	tracking	-843.673899	69.039416	-265.648430	-26.747	-25.689	0.1753
6	20	tracking	-843.438806	69.022198	-265.721820	-1.747	-17.689	0.1593
6	21	tracking	-843.239711	68.992964	-265.763071	23.253	-9.689	0.1467
6	22	tracking	-843.076765	68.951959	-265.781252	37.878	-7.940	0.1596
6	23	tracking	-842.944385	68.899868	-265.780988	37.878	-7.940	0.1553
6	24	tracking	-842.842564	68.836286	-265.772492	62.878	-15.940	0.1380
6	25	tracking	-842.766284	68.757546	-265.759043	67.848	-23.940	0.1187
6	26	tracking	-842.710934	68.657618	-265.741923	67.848	-31.940	0.1213
6	27	tracking	-842.672720	68.528853	-265.722149	67.848	-39.940	0.1033
6	28	tracking	-842.645872	68.363599	-265.696767	42.848	-47.168	0.0986
6	29	tracking	-842.625522	68.163679	-265.663061	17.848	-47.168	0.0910
6	30	tracking	-842.605740	67.931580	-265.619879	-7.152	-47.168	0.0847
6	31	tracking	-842.580040	67.670149	-265.568558	-32.152	-47.168	0.0786
6	32	tracking	-842.555478	67.370930	-265.509577	-7.152	-55.168	0.0696
6	33	tracking	-842.538038	67.035425	-265.443223	17.848	-55.963	0.0673
6	34	landing	-842.528781	66.678061	-265.364587	17.848	-47.963	0.0475
6	35	landing	-842.527320	66.301223	-265.273447	17.848	-47.963	0.0437
6	36	landing	-842.533309	65.907269	-265.169599	17.848	-47.963	0.0375
7	0	tracking	-850.645964	68.867102	-257.032114	-139.104	-4.000	0.5068
7	1	tracking	-849.991601	68.807284	-257.601772	-164.104	-0.670	0.3769
7	2	tracking	-849.422535	68.751906	-258.196524	170.896	-8.670	0.3522
7	3	tracking	-848.951149	68.710040	-258.797665	153.407	-16.670	0.3220
7	4	tracking	-848.533079	68.685017	-259.402840	178.407	-24.670	0.4303
7	5	tracking	-848.135704	68.677907	-259.999512	-156.593	-32.670	0.3212
7	6	tracking	-847.761383	68.687936	-260.584443	-159.186	-40.670	0.2972
7	7	tracking	-847.390151	68.712344	-261.142272	-134.186	-46.375	0.2815
7	8	tracking	-847.001170	68.779832	-261.652899	-150.375	-42.740	0.2663
7	9	tracking	-846.672999	68.806563	-262.198382	-150.375	-34.740	0.2366
7	10	tracking	-846.354302	68.837608	-262.730652	-150.375	-26.740	0.2306
7	11	tracking	-846.043493	68.867366	-263.252119	-150.375	-18.740	0.2170
7	12	tracking	-845.725358	68.899474	-263.746002	-125.375	-26.740	0.2267
7	13	tracking	-845.395990	68.934728	-264.194458	-100.375	-34.740	0.2041
7	14	tracking	-845.061670	68.970618	-264.583371	-75.375	-42.740	0.1999
7	15	tracking	-844.735033	69.001538	-264.906080	-50.375	-50.740	0.1838
7	16	tracking	-844.416392	69.025131	-265.171849	-51.747	-42.740	0.1777
7	17	tracking	-844.117359	69.040269	-265.378637	-26.747	-34.740	0.1924
7	18	tracking	-843.836801	69.045449	-265.534871	-26.747	-26.740	0.1644
7	19	tracking	-843.573899	69.039416	-265.648430	-26.747	-25.689	0.1594
7	20	tracking	-843.338806	69.022198	-265.721820	-1.747	-17.689	0.1495
7	21	tracking	-843.139711	68.992964	-265.763071	23.253	-9.689	0.1437
7	22	tracking	-842.976765	68.951959	-265.781252	37.878	-7.940	0.1440
7	23	tracking	-842.844385	68.899868	-265.780988	37.878	-7.940	0.1540
7	24	tracking	-842.742564	68.836286	-265.772492	62.878	-15.940	0.1340
7	25	tracking	-842.666284	68.757546	-265.759043	67.848	-23.940	0.1388
7	26	tracking	-842.610934	68.657618	-265.741923	67.848	-31.940	0.1368
7	27	tracking	-842.572720	68.528853	-265.722149	67.848	-39.940	0.1144
7	28	tracking	-842.545872	68.363599	-265.696767	42.848	-47.168	0.1426
7	29	tracking	-842.525522	68.163679	-265.663061	17.848	-47.168	0.1027
7	30	tracking	-842.505740	67.931580	-265.619879	-7.152	-47.168	0.1017
7	31	tracking	-842.480040	67.670149	-265.568558	-32.152	-47.168	0.0973
7	32	tracking	-842.455478	67.370930	-265.509577	-7.152	-55.168	0.0845
7	33	tracking	-842.438038	67.035425	-265.443223	17.848	-55.963	0.0781
7	34	landing	-842.428781	66.678061	-265.364587	17.848	-47.963	0.0959
7	35	landing	-842.427320	66.301223	-265.273447	17.848	-47.963	0.0624
7	36	landing	-842.433309	65.907269	-265.169599	17.848	-47.963	0.0554
8	0	tracking	-850.645964	68.867102	-257.032114	-139.104	-4.000	0.3981
8	1	tracking	-849.991601	68.807284	-257.601772	-164.104	-0.670	0.4036
8	2	tracking	-849.422535	68.751906	-258.196524	170.896	-8.670	0.3286
8	3	tracking	-848.951149	68.710040	-258.797665	153.407	-16.670	0.3312
8	4	tracking	-848.533079	68.685017	-259.402840	178.407	-24.670	0.3049
8	5	tracking	-848.135704	68.677907	-259.999512	-156.593	-32.670	0.2951
8	6	tracking	-847.761383	68.687936	-260.584443	-159.186	-40.670	0.2925
8	7	tracking	-847.390151	68.712344	-261.142272	-134.186	-46.375	0.2813
8	8	tracking	-847.064730	68.681672	-261.754304	-150.375	-42.740	0.2622
8	9	tracking	-846.703340	68.711568	-262.302362	-150.375	-34.740	0.2532
8	10	tracking	-846.354339	68.746589	-262.838166	-150.375	-26.740	0.4094
8	11	tracking	-846.015706	68.781012	-263.364232	-150.375	-18.740	0.2363
8	12	tracking	-845.671661	68.818553	-263.863006	-125.375	-26.740	0.4425
8	13	tracking	-845.318102	68.860090	-264.316022	-100.375	-34.740	0.5161
8	14	tracking	-844.961199	68.903358	-264.708730	-75.375	-42.740	0.4624
8	15	tracking	-844.613663	68.942948	-265.034178	-50.375	-50.740	0.2571
8	16	tracking	-844.275734	68.976023	-265.301859	-51.747	-42.740	0.1976
8	17	tracking	-843.959198	69.000982	-265.509725	-26.747	-34.740	0.1907
8	18	tracking	-843.662795	69.015874	-265.666421	-26.747	-26.740	0.1885
8	19	tracking	-843.385559	69.019353	-265.779964	-26.747	-25.689	0.1742
8	20	tracking	-843.137682	69.011115	-265.852945	-1.747	-17.689	0.1673
8	21	tracking	-842.927335	68.990082	-265.893510	23.253	-9.689	0.1578
8	22	tracking	-842.754553	68.956515	-265.910837	37.878	-7.940	0.1571
8	23	tracking	-842.613570	68.911165	-265.909606	37.878	-7.940	0.1543
8	24	tracking	-842.504272	68.853876	-265.900151	62.878	-15.940	0.1402
8	25	tracking	-842.421487	68.781170	-265.885783	67.848	-23.940	0.1341
8	26	tracking	-842.360469	68.687166	-265.867792	67.848	-31.940	0.1295
8	27	tracking	-842.317317	68.564323	-265.847197	67.848	-39.940	0.1206
8	28	tracking	-842.286143	68.405044	-265.821006	42.848	-47.168	0.1160
8	29	tracking	-842.261945	68.211056	-265.786553	17.848	-47.168	0.1086
8	30	tracking	-842.238741	67.984752	-265.742749	-7.152	-47.168	0.1054
8	31	tracking	-842.210039	67.728929	-265.690948	-32.152	-47.168	0.0936
8	32	tracking	-842.182806	67.435214	-265.631575	-7.152	-55.168	0.0907
8	33	tracking	-842.162969	67.105083	-265.564924	17.848	-55.963	0.0833
8	34	landing	-842.151533	66.752836	-265.486163	17.848	-47.963	0.0731
8	35	landing	-842.148076	66.380826	-265.395079	17.848	-47.963	0.0654
8	36	landing	-842.152227	65.991392	-265.291463	17.848	-47.963	0.0593
9	0	tracking	-850.645964	68.867102	-257.032114	-139.104	-4.000	0.4044
9	1	tracking	-849.991601	68.807284	-257.601772	-164.104	-0.670	0.3676
9	2	tracking	-849.422535	68.751906	-258.196524	170.896	-8.670	0.3619
9	3	tracking	-848.951149	68.710040	-258.797665	153.407	-16.670	0.3254
9	4	tracking	-848.533079	68.685017	-259.402840	178.407	-24.670	0.3448
9	5	tracking	-848.135704	68.677907	-259.999512	-156.593	-32.670	0.3088
9	6	tracking	-847.761383	68.687936	-260.584443	-159.186	-40.670	0.2868
9	7	tracking	-847.390151	68.712344	-261.142272	-134.186	-46.375	0.3155
9	8	tracking	-846.964730	68.681672	-261.754304	-150.375	-42.740	0.2615
9	9	tracking	-846.603340	68.711568	-262.302362	-150.375	-34.740	0.2564
9	10	tracking	-846.254339	68.746589	-262.838166	-150.375	-26.740	0.2600
9	11	tracking	-845.915706	68.781012	-263.364232	-150.375	-18.740	0.2390
9	12	tracking	-845.571661	68.818553	-263.863006	-125.375	-26.740	0.2297
9	13	tracking	-845.218102	68.860090	-264.316022	-100.375	-34.740	0.2215
9	14	tracking	-844.861199	68.903358	-264.708730	-75.375	-42.740	0.2033
9	15	tracking	-844.513663	68.942948	-265.034178	-50.375	-50.740	0.1891
9	16	tracking	-844.175734	68.976023	-265.301859	-51.747	-42.740	0.1808
9	17	tracking	-843.859198	69.000982	-265.509725	-26.747	-34.740	0.1769
9	18	tracking	-843.562795	69.015874	-265.666421	-26.747	-26.740	0.1677
9	19	tracking	-843.285559	69.019353	-265.779964	-26.747	-25.689	0.1628
9	20	tracking	-843.037682	69.011115	-265.852945	-1.747	-17.689	0.2283
9	21	tracking	-842.827335	68.990082	-265.893510	23.253	-9.689	0.1606
9	22	tracking	-842.654553	68.956515	-265.910837	37.878	-7.940	0.1620
9	23	tracking	-842.513570	68.911165	-265.909606	37.878	-7.940	0.1406
9	24	tracking	-842.404272	68.853876	-265.900151	62.878	-15.940	0.2054
9	25	tracking	-842.321487	68.781170	-265.885783	67.848	-23.940	0.1358
9	26	tracking	-842.260469	68.687166	-265.867792	67.848	-31.940	0.1298
9	27	tracking	-842.217317	68.564323	-265.847197	67.848	-39.940	0.1267
9	28	tracking	-842.186143	68.405044	-265.821006	42.848	-47.168	0.1533
9	29	tracking	-842.161945	68.211056	-265.786553	17.848	-47.168	0.2924
9	30	tracking	-842.138741	67.984752	-265.742749	-7.152	-47.168	0.1210
9	31	tracking	-842.110039	67.728929	-265.690948	-32.152	-47.168	0.1023
9	32	tracking	-842.082806	67.435214	-265.631575	-7.152	-55.168	0.0914
9	33	tracking	-842.062969	67.105083	-265.564924	17.848	-55.963	0.0826
9	34	landing	-842.051533	66.752836	-265.486163	17.848	-47.963	0.0744
9	35	landing	-842.048076	66.380826	-265.395079	17.848	-47.963	0.0665
9	36	landing	-842.052227	65.991392	-265.291463	17.848	-47.963	0.0557
10	0	tracking	-850.645964	68.867102	-257.032114	-139.104	-4.000	0.3891
10	1	tracking	-849.991601	68.807284	-257.601772	-164.104	-0.670	0.4128
10	2	tracking	-849.422535	68.751906	-258.196524	170.896	-8.670	0.3478
10	3	tracking	-848.951149	68.710040	-258.797665	153.407	-16.670	0.6350
10	4	tracking	-848.533079	68.685017	-259.402840	178.407	-24.670	0.3614
10	5	tracking	-848.135704	68.677907	-259.999512	-156.593	-32.670	0.3563
10	6	tracking	-847.761383	68.687936	-260.584443	-159.186	-40.670	0.3892
10	7	tracking	-847.390151	68.712344	-261.142272	-134.186	-46.375	0.3655
10	8	tracking	-847.064730	68.781672	-261.754304	-150.375	-42.740	0.4153
10	9	tracking	-846.703340	68.811568	-262.302362	-150.375	-34.740	0.2857
10	10	tracking	-846.354339	68.846589	-262.838166	-150.375	-26.740	0.3117
10	11	tracking	-846.015706	68.881012	-263.364232	-150.375	-18.740	0.2655
10	12	tracking	-845.671661	68.918553	-263.863006	-125.375	-26.740	0.3419
10	13	tracking	-845.318102	68.960090	-264.316022	-100.375	-34.740	0.3925
10	14	tracking	-844.961199	69.003358	-264.708730	-75.375	-42.740	0.2302
10	15	tracking	-844.613663	69.042948	-265.034178	-50.375	-50.740	0.2119
10	16	tracking	-844.275734	69.076023	-265.301859	-51.747	-42.740	0.2058
10	17	tracking	-843.959198	69.100982	-265.509725	-26.747	-34.740	0.1901
10	18	tracking	-843.662795	69.115874	-265.666421	-26.747	-26.740	0.1796
10	19	tracking	-843.385559	69.119353	-265.779964	-26.747	-25.689	0.1787
10	20	tracking	-843.137682	69.111115	-265.852945	-1.747	-17.689	0.2144
10	21	tracking	-842.927335	69.090082	-265.893510	23.253	-9.689	0.1846
10	22	tracking	-842.754553	69.056515	-265.910837	37.878	-7.940	0.1536
10	23	tracking	-842.613570	69.011165	-265.909606	37.878	-7.940	0.1531
10	24	tracking	-842.504272	68.953876	-265.900151	62.878	-15.940	0.1505
10	25	tracking	-842.421487	68.881170	-265.885783	67.848	-23.940	0.1428
10	26	tracking	-842.360469	68.787166	-265.867792	67.848	-31.940	0.1855
10	27	tracking	-842.317317	68.664323	-265.847197	67.848	-39.940	0.1354
10	28	tracking	-842.286143	68.505044	-265.821006	42.848	-47.168	0.1299
10	29	tracking	-842.261945	68.311056	-265.786553	17.848	-47.168	0.1204
10	30	tracking	-842.238741	68.084752	-265.742749	-7.152	-47.168	0.1135
10	31	tracking	-842.210039	67.828929	-265.690948	-32.152	-47.168	0.1046
10	32	tracking	-842.182806	67.535214	-265.631575	-7.152	-55.168	0.0925
10	33	tracking	-842.162969	67.205083	-265.564924	17.848	-55.963	0.0898
10	34	landing	-842.151533	66.852836	-265.486163	17.848	-47.963	0.0896
10	35	landing	-842.148076	66.480826	-265.395079	17.848	-47.963	0.0694
10	36	landing	-842.152227	66.091392	-265.291463	17.848	-47.963	0.0642
10	37	landing	-842.163649	65.686817	-265.175154	17.848	-47.963	0.0523
11	0	tracking	-850.645964	68.867102	-257.032114	-139.104	-4.000	0.4113
11	1	tracking	-849.991601	68.807284	-257.601772	-164.104	-0.670	0.3761
11	2	tracking	-849.422535	68.751906	-258.196524	170.896	-8.670	0.4602
11	3	tracking	-848.951149	68.710040	-258.797665	153.407	-16.670	0.3367
11	4	tracking	-848.533079	68.685017	-259.402840	178.407	-24.670	0.3221
11	5	tracking	-848.135704	68.677907	-259.999512	-156.593	-32.670	0.3109
11	6	tracking	-847.761383	68.687936	-260.584443	-159.186	-40.670	0.2123
11	7	tracking	-847.390151	68.712344	-261.142272	-134.186	-46.375	0.1326
11	8	tracking	-846.964730	68.781672	-261.754304	-150.375	-42.740	0.1403
11	9	tracking	-846.603340	68.811568	-262.302362	-150.375	-34.740	0.1200
11	10	tracking	-846.254339	68.846589	-262.838166	-150.375	-26.740	0.0991
11	11	tracking	-845.915706	68.881012	-263.364232	-150.375	-18.740	0.0948
11	12	tracking	-845.571661	68.918553	-263.863006	-125.375	-26.740	0.0916
11	13	tracking	-845.218102	68.960090	-264.316022	-100.375	-34.740	0.0884
11	14	tracking	-844.861199	69.003358	-264.708730	-75.375	-42.740	0.0871
11	15	tracking	-844.513663	69.042948	-265.034178	-50.375	-50.740	0.0801
11	16	tracking	-844.175734	69.076023	-265.301859	-51.747	-42.740	0.0781
11	17	tracking	-843.859198	69.100982	-265.509725	-26.747	-34.740	0.0763
11	18	tracking	-843.562795	69.115874	-265.666421	-26.747	-26.740	0.0742
11	19	tracking	-843.285559	69.119353	-265.779964	-26.747	-25.689	0.0729
11	20	tracking	-843.037682	69.111115	-265.852945	-1.747	-17.689	0.0676
11	21	tracking	-842.827335	69.090082	-265.893510	23.253	-9.689	0.0726
11	22	tracking	-842.654553	69.056515	-265.910837	37.878	-7.940	0.0654
11	23	tracking	-842.513570	69.011165	-265.909606	37.878	-7.940	0.0750
11	24	tracking	-842.404272	68.953876	-265.900151	62.878	-15.940	0.0756
11	25	tracking	-842.321487	68.881170	-265.885783	67.848	-23.940	0.0575
11	26	tracking	-842.260469	68.787166	-265.867792	67.848	-31.940	0.0586
11	27	tracking	-842.217317	68.664323	-265.847197	67.848	-39.940	0.0892
11	28	tracking	-842.186143	68.505044	-265.821006	42.848	-47.168	0.0535
11	29	tracking	-842.161945	68.311056	-265.786553	17.848	-47.168	0.0502
11	30	tracking	-842.138741	68.084752	-265.742749	-7.152	-47.168	0.0572
11	31	tracking	-842.110039	67.828929	-265.690948	-32.152	-47.168	0.0515
11	32	tracking	-842.082806	67.535214	-265.631575	-7.152	-55.168	0.0444
11	33	tracking	-842.062969	67.205083	-265.564924	17.848	-55.963	0.0413
11	34	landing	-842.051533	66.852836	-265.486163	17.848	-47.963	0.0395
11	35	landing	-842.048076	66.480826	-265.395079	17.848	-47.963	0.0355
11	36	landing	-842.052227	66.091392	-265.291463	17.848	-47.963	0.0329
11	37	landing	-842.063649	65.686817	-265.175154	17.848	-47.963	0.0293
12	0	tracking	-850.645964	68.867102	-257.032114	-139.104	-4.000	0.2152
12	1	tracking	-849.991601	68.807284	-257.601772	-164.104	-0.670	0.1451
12	2	tracking	-849.422535	68.751906	-258.196524	170.896	-8.670	0.1960
12	3	tracking	-848.951149	68.710040	-258.797665	153.407	-16.670	0.1241
12	4	tracking	-848.533079	68.685017	-259.402840	178.407	-24.670	0.1164
12	5	tracking	-848.135704	68.677907	-259.999512	-156.593	-32.670	0.1165
12	6	tracking	-847.761383	68.687936	-260.584443	-159.186	-40.670	0.1156
12	7	tracking	-847.390151	68.712344	-261.142272	-134.186	-46.375	0.1060
12	8	tracking	-847.064730	68.681672	-261.654304	-150.375	-42.740	0.1153
12	9	tracking	-846.703340	68.711568	-262.202362	-150.375	-34.740	0.1117
12	10	tracking	-846.354339	68.746589	-262.738166	-150.375	-26.740	0.1706
12	11	tracking	-846.015706	68.781012	-263.264232	-150.375	-18.740	0.0933
12	12	tracking	-845.671661	68.818553	-263.763006	-125.375	-26.740	0.0895
12	13	tracking	-845.318102	68.860090	-264.216022	-100.375	-34.740	0.0864
12	14	tracking	-844.961199	68.903358	-264.608730	-75.375	-42.740	0.0845
12	15	tracking	-844.613663	68.942948	-264.934178	-50.375	-50.740	0.0772
12	16	tracking	-844.275734	68.976023	-265.201859	-51.747	-42.740	0.0717
12	17	tracking	-843.959198	69.000982	-265.409725	-26.747	-34.740	0.0704
12	18	tracking	-843.662795	69.015874	-265.566421	-26.747	-26.740	0.0654
12	19	tracking	-843.385559	69.019353	-265.679964	-26.747	-25.689	0.0664
12	20	tracking	-843.137682	69.011115	-265.752945	-1.747	-17.689	0.0640
12	21	tracking	-842.927335	68.990082	-265.793510	23.253	-9.689	0.0588
12	22	tracking	-842.754553	68.956515	-265.810837	37.878	-7.940	0.0582
12	23	tracking	-842.613570	68.911165	-265.809606	37.878	-7.940	0.0563
12	24	tracking	-842.504272	68.853876	-265.800151	62.878	-15.940	0.0503
12	25	tracking	-842.421487	68.781170	-265.785783	67.848	-23.940	0.0535
12	26	tracking	-842.360469	68.687166	-265.767792	67.848	-31.940	0.0520
12	27	tracking	-842.317317	68.564323	-265.747197	67.848	-39.940	0.0575
12	28	tracking	-842.286143	68.405044	-265.721006	42.848	-47.168	0.0450
12	29	tracking	-842.261945	68.211056	-265.686553	17.848	-47.168	0.0500
12	30	tracking	-842.238741	67.984752	-265.642749	-7.152	-47.168	0.0439
12	31	tracking	-842.210039	67.728929	-265.590948	-32.152	-47.168	0.0463
12	32	tracking	-842.182806	67.435214	-265.531575	-7.152	-55.168	0.0559
12	33	tracking	-842.162969	67.105083	-265.464924	17.848	-55.963	0.0415
12	34	landing	-842.151533	66.752836	-265.386163	17.848	-47.963	0.0410
12	35	landing	-842.148076	66.380826	-265.295079	17.848	-47.963	0.0309
12	36	landing	-842.152227	65.991392	-265.191463	17.848	-47.963	0.0309
13	0	tracking	-850.645964	68.867102	-257.032114	-139.104	-4.000	0.3937
13	1	tracking	-849.991601	68.807284	-257.601772	-164.104	-0.670	0.1598
13	2	tracking	-849.422535	68.751906	-258.196524	170.896	-8.670	0.1296
13	3	tracking	-848.951149	68.710040	-258.797665	153.407	-16.670	0.1414
13	4	tracking	-848.533079	68.685017	-259.402840	178.407	-24.670	0.1199
13	5	tracking	-848.135704	68.677907	-259.999512	-156.593	-32.670	0.1059
13	6	tracking	-847.761383	68.687936	-260.584443	-159.186	-40.670	0.1012
13	7	tracking	-847.390151	68.712344	-261.142272	-134.186	-46.375	0.0984
13	8	tracking	-846.964730	68.681672	-261.654304	-150.375	-42.740	0.0978
13	9	tracking	-846.603340	68.711568	-262.202362	-150.375	-34.740	0.0920
13	10	tracking	-846.254339	68.746589	-262.738166	-150.375	-26.740	0.0860
13	11	tracking	-845.915706	68.781012	-263.264232	-150.375	-18.740	0.0995
13	12	tracking	-845.571661	68.818553	-263.763006	-125.375	-26.740	0.1010
13	13	tracking	-845.218102	68.860090	-264.216022	-100.375	-34.740	0.0814
13	14	tracking	-844.861199	68.903358	-264.608730	-75.375	-42.740	0.0733
13	15	tracking	-844.513663	68.942948	-264.934178	-50.375	-50.740	0.0712
13	16	tracking	-844.175734	68.976023	-265.201859	-51.747	-42.740	0.0680
13	17	tracking	-843.859198	69.000982	-265.409725	-26.747	-34.740	0.0633
13	18	tracking	-843.562795	69.015874	-265.566421	-26.747	-26.740	0.0654
13	19	tracking	-843.285559	69.019353	-265.679964	-26.747	-25.689	0.0667
13	20	tracking	-843.037682	69.011115	-265.752945	-1.747	-17.689	0.0564
13	21	tracking	-842.827335	68.990082	-265.793510	23.253	-9.689	0.0567
13	22	tracking	-842.654553	68.956515	-265.810837	37.878	-7.940	0.0555
13	23	tracking	-842.513570	68.911165	-265.809606	37.878	-7.940	0.0501
13	24	tracking	-842.404272	68.853876	-265.800151	62.878	-15.940	0.0521
13	25	tracking	-842.321487	68.781170	-265.785783	67.848	-23.940	0.0484
13	26	tracking	-842.260469	68.687166	-265.767792	67.848	-31.940	0.0496
13	27	tracking	-842.217317	68.564323	-265.747197	67.848	-39.940	0.0448
13	28	tracking	-842.186143	68.405044	-265.721006	42.848	-47.168	0.0452
13	29	tracking	-842.161945	68.211056	-265.686553	17.848	-47.168	0.0418
13	30	tracking	-842.138741	67.984752	-265.642749	-7.152	-47.168	0.0472
13	31	tracking	-842.110039	67.728929	-265.590948	-32.152	-47.168	0.1021
13	32	tracking	-842.082806	67.435214	-265.531575	-7.152	-55.168	0.0550
13	33	tracking	-842.062969	67.105083	-265.464924	17.848	-55.963	0.0347
13	34	landing	-842.051533	66.752836	-265.386163	17.848	-47.963	0.0478
13	35	landing	-842.048076	66.380826	-265.295079	17.848	-47.963	0.0336
13	36	landing	-842.052227	65.991392	-265.191463	17.848	-47.963	0.0288
14	0	tracking	-850.645964	68.867102	-257.032114	-139.104	-4.000	0.2025
14	1	tracking	-849.991601	68.807284	-257.601772	-164.104	-0.670	0.1851
14	2	tracking	-849.422535	68.751906	-258.196524	170.896	-8.670	0.1243
14	3	tracking	-848.951149	68.710040	-258.797665	153.407	-16.670	0.1242
14	4	tracking	-848.533079	68.685017	-259.402840	178.407	-24.670	0.1111
14	5	tracking	-848.135704	68.677907	-259.999512	-156.593	-32.670	0.1033
14	6	tracking	-847.761383	68.687936	-260.584443	-159.186	-40.670	0.0996
14	7	tracking	-847.390151	68.712344	-261.142272	-134.186	-46.375	0.0972
14	8	tracking	-847.064730	68.781672	-261.654304	-150.375	-42.740	0.1034
14	9	tracking	-846.703340	68.811568	-262.202362	-150.375	-34.740	0.0965
14	10	tracking	-846.354339	68.846589	-262.738166	-150.375	-26.740	0.0940
14	11	tracking	-846.015706	68.881012	-263.264232	-150.375	-18.740	0.0932
14	12	tracking	-845.671661	68.918553	-263.763006	-125.375	-26.740	0.0854
14	13	tracking	-845.318102	68.960090	-264.216022	-100.375	-34.740	0.0815
14	14	tracking	-844.961199	69.003358	-264.608730	-75.375	-42.740	0.0780
14	15	tracking	-844.613663	69.042948	-264.934178	-50.375	-50.740	0.1894
14	16	tracking	-844.275734	69.076023	-265.201859	-51.747	-42.740	0.0848
14	17	tracking	-843.959198	69.100982	-265.409725	-26.747	-34.740	0.0762
14	18	tracking	-843.662795	69.115874	-265.566421	-26.747	-26.740	0.0732
14	19	tracking	-843.385559	69.119353	-265.679964	-26.747	-25.689	0.0657
14	20	tracking	-843.137682	69.111115	-265.752945	-1.747	-17.689	0.0585
14	21	tracking	-842.927335	69.090082	-265.793510	23.253	-9.689	0.0567
14	22	tracking	-842.754553	69.056515	-265.810837	37.878	-7.940	0.0671
14	23	tracking	-842.613570	69.011165	-265.809606	37.878	-7.940	0.0559
14	24	tracking	-842.504272	68.953876	-265.800151	62.878	-15.940	0.0493
14	25	tracking	-842.421487	68.881170	-265.785783	67.848	-23.940	0.0518
14	26	tracking	-842.360469	68.787166	-265.767792	67.848	-31.940	0.0457
14	27	tracking	-842.317317	68.664323	-265.747197	67.848	-39.940	0.0472
14	28	tracking	-842.286143	68.505044	-265.721006	42.848	-47.168	0.0427
14	29	tracking	-842.261945	68.311056	-265.686553	17.848	-47.168	0.0439
14	30	tracking	-842.238741	68.084752	-265.642749	-7.152	-47.168	0.0405
14	31	tracking	-842.210039	67.828929	-265.590948	-32.152	-47.168	0.0408
14	32	tracking	-842.182806	67.535214	-265.531575	-7.152	-55.168	0.0364
14	33	tracking	-842.162969	67.205083	-265.464924	17.848	-55.963	0.0363
14	34	landing	-842.151533	66.852836	-265.386163	17.848	-47.963	0.0329
14	35	landing	-842.148076	66.480826	-265.295079	17.848	-47.963	0.0298
14	36	landing	-842.152227	66.091392	-265.191463	17.848	-47.963	0.0318
14	37	landing	-842.163649	65.686817	-265.075154	17.848	-47.963	0.0251
15	0	tracking	-850.645964	68.867102	-257.032114	-139.104	-4.000	0.1764
15	1	tracking	-849.991601	68.807284	-257.601772	-164.104	-0.670	0.1317
15	2	tracking	-849.422535	68.751906	-258.196524	170.896	-8.670	0.1271
15	3	tracking	-848.951149	68.710040	-258.797665	153.407	-16.670	0.1107
15	4	tracking	-848.533079	68.685017	-259.402840	178.407	-24.670	0.1102
15	5	tracking	-848.135704	68.677907	-259.999512	-156.593	-32.670	0.1006
15	6	tracking	-847.761383	68.687936	-260.584443	-159.186	-40.670	0.0997
15	7	tracking	-847.390151	68.712344	-261.142272	-134.186	-46.375	0.1146
15	8	tracking	-846.964730	68.781672	-261.654304	-150.375	-42.740	0.1027
15	9	tracking	-846.603340	68.811568	-262.202362	-150.375	-34.740	0.0991
15	10	tracking	-846.254339	68.846589	-262.738166	-150.375	-26.740	0.0924
15	11	tracking	-845.915706	68.881012	-263.264232	-150.375	-18.740	0.0917
15	12	tracking	-845.571661	68.918553	-263.763006	-125.375	-26.740	0.0936
15	13	tracking	-845.218102	68.960090	-264.216022	-100.375	-34.740	0.0873
15	14	tracking	-844.861199	69.003358	-264.608730	-75.375	-42.740	0.0811
15	15	tracking	-844.513663	69.042948	-264.934178	-50.375	-50.740	0.0834
15	16	tracking	-844.175734	69.076023	-265.201859	-51.747	-42.740	0.1224
15	17	tracking	-843.859198	69.100982	-265.409725	-26.747	-34.740	0.0791
15	18	tracking	-843.562795	69.115874	-265.566421	-26.747	-26.740	0.0734
15	19	tracking	-843.285559	69.119353	-265.679964	-26.747	-25.689	0.0682
15	20	tracking	-843.037682	69.111115	-265.752945	-1.747	-17.689	0.1592
15	21	tracking	-842.827335	69.090082	-265.793510	23.253	-9.689	0.1401
15	22	tracking	-842.654553	69.056515	-265.810837	37.878	-7.940	0.0730
15	23	tracking	-842.513570	69.011165	-265.809606	37.878	-7.940	0.0530
15	24	tracking	-842.404272	68.953876	-265.800151	62.878	-15.940	0.0589
15	25	tracking	-842.321487	68.881170	-265.785783	67.848	-23.940	0.0512
15	26	tracking	-842.260469	68.787166	-265.767792	67.848	-31.940	0.0465
15	27	tracking	-842.217317	68.664323	-265.747197	67.848	-39.940	0.0498
15	28	tracking	-842.186143	68.505044	-265.721006	42.848	-47.168	0.0436
15	29	tracking	-842.161945	68.311056	-265.686553	17.848	-47.168	0.0444
15	30	tracking	-842.138741	68.084752	-265.642749	-7.152	-47.168	0.0423
15	31	tracking	-842.110039	67.828929	-265.590948	-32.152	-47.168	0.0411
15	32	tracking	-842.082806	67.535214	-265.531575	-7.152	-55.168	0.0365
15	33	tracking	-842.062969	67.205083	-265.464924	17.848	-55.963	0.0372
15	34	landing	-842.051533	66.852836	-265.386163	17.848	-47.963	0.0406
15	35	landing	-842.048076	66.480826	-265.295079	17.848	-47.963	0.0302
15	36	landing	-842.052227	66.091392	-265.191463	17.848	-47.963	0.0328
15	37	landing	-842.063649	65.686817	-265.075154	17.848	-47.963	0.0256
16	0	tracking	-850.645964	68.867102	-257.032114	-139.104	-4.000	0.1709
16	1	tracking	-849.991601	68.807284	-257.601772	-164.104	-0.670	0.1295
16	2	tracking	-849.422535	68.751906	-258.196524	170.896	-8.670	0.1297
16	3	tracking	-848.951149	68.710040	-258.797665	153.407	-16.670	0.1275
16	4	tracking	-848.533079	68.685017	-259.402840	178.407	-24.670	0.1098
16	5	tracking	-848.135704	68.677907	-259.999512	-156.593	-32.670	0.1068
16	6	tracking	-847.761383	68.687936	-260.584443	-159.186	-40.670	0.0997
16	7	tracking	-847.390151	68.712344	-261.142272	-134.186	-46.375	0.1011
16	8	tracking	-847.102120	68.716918	-261.751227	-150.375	-42.740	0.0990
16	9	tracking	-846.775525	68.778399	-262.293940	-150.375	-34.740	0.0969
16	10	tracking	-846.458552	68.842898	-262.823177	-150.375	-26.740	0.1099
16	11	tracking	-846.149432	68.905298	-263.341676	-150.375	-18.740	0.0899
16	12	tracking	-845.833170	68.969017	-263.832652	-125.375	-26.740	0.0830
16	13	tracking	-845.506175	69.034514	-264.278389	-100.375	-34.740	0.2468
16	14	tracking	-845.174806	69.099082	-264.665097	-75.375	-42.740	0.0910
16	15	tracking	-844.851547	69.156969	-264.986463	-50.375	-50.740	0.0743
16	16	tracking	-844.536744	69.205820	-265.251687	-51.747	-42.740	0.0671
16	17	tracking	-844.241677	69.244425	-265.459076	-26.747	-34.740	0.0657
16	18	tracking	-843.965306	69.271110	-265.617139	-26.747	-26.740	0.0783
16	19	tracking	-843.706938	69.284290	-265.733922	-26.747	-25.689	0.0721
16	20	tracking	-843.475940	69.284084	-265.811989	-1.747	-17.689	0.0649
16	21	tracking	-843.279821	69.269850	-265.858969	23.253	-9.689	0.0564
16	22	tracking	-843.118627	69.242074	-265.883413	37.878	-7.940	0.0590
16	23	tracking	-842.987046	69.201659	-265.889711	37.878	-7.940	0.0569
16	24	tracking	-842.885028	69.148441	-265.887525	62.878	-15.940	0.0538
16	25	tracking	-842.807848	69.079001	-265.879993	67.848	-23.940	0.0539
16	26	tracking	-842.751150	68.987537	-265.868369	67.848	-31.940	0.0477
16	27	tracking	-842.711319	68.866575	-265.853661	67.848	-39.940	0.0643
16	28	tracking	-842.682786	68.708562	-265.833057	42.848	-47.168	0.0442
16	29	tracking	-842.660802	68.515248	-265.804015	17.848	-47.168	0.0464
16	30	tracking	-842.639626	68.289053	-265.765470	-7.152	-47.168	0.0658
16	31	tracking	-842.612949	68.032817	-265.718705	-32.152	-47.168	0.0546
16	32	tracking	-842.587567	67.738157	-265.664179	-7.152	-55.168	0.0414
16	33	tracking	-842.569276	67.406589	-265.602163	17.848	-55.963	0.0387
16	34	landing	-842.559127	67.052544	-265.527815	17.848	-47.963	0.0347
16	35	landing	-842.556737	66.678426	-265.440908	17.848	-47.963	0.0407
16	36	landing	-842.561772	66.286626	-265.341226	17.848	-47.963	0.0316
16	37	landing	-842.573924	65.879476	-265.228599	17.848	-47.963	0.0280
17	0	tracking	-850.645964	68.867102	-257.032114	-139.104	-4.000	0.1836
17	1	tracking	-849.991601	68.807284	-257.601772	-164.104	-0.670	0.1489
17	2	tracking	-849.422535	68.751906	-258.196524	170.896	-8.670	0.1250
17	3	tracking	-848.951149	68.710040	-258.797665	153.407	-16.670	0.1184
17	4	tracking	-848.533079	68.685017	-259.402840	178.407	-24.670	0.8355
17	5	tracking	-848.135704	68.677907	-259.999512	-156.593	-32.670	0.1050
17	6	tracking	-847.761383	68.687936	-260.584443	-159.186	-40.670	0.0914
17	7	tracking	-847.390151	68.712344	-261.142272	-134.186	-46.375	0.0866
17	8	tracking	-847.002120	68.716918	-261.751227	-150.375	-42.740	0.0770
17	9	tracking	-846.675525	68.778399	-262.293940	-150.375	-34.740	0.0727
17	10	tracking	-846.358552	68.842898	-262.823177	-150.375	-26.740	0.0676
17	11	tracking	-846.049432	68.905298	-263.341676	-150.375	-18.740	0.0637
17	12	tracking	-845.733170	68.969017	-263.832652	-125.375	-26.740	0.0604
17	13	tracking	-845.406175	69.034514	-264.278389	-100.375	-34.740	0.0595
17	14	tracking	-845.074806	69.099082	-264.665097	-75.375	-42.740	0.0562
17	15	tracking	-844.751547	69.156969	-264.986463	-50.375	-50.740	0.0504
17	16	tracking	-844.436744	69.205820	-265.251687	-51.747	-42.740	0.0485
17	17	tracking	-844.141677	69.244425	-265.459076	-26.747	-34.740	0.0759
17	18	tracking	-843.865306	69.271110	-265.617139	-26.747	-26.740	0.0730
17	19	tracking	-843.606938	69.284290	-265.733922	-26.747	-25.689	0.0518
17	20	tracking	-843.375940	69.284084	-265.811989	-1.747	-17.689	0.0407
17	21	tracking	-843.179821	69.269850	-265.858969	23.253	-9.689	0.0384
17	22	tracking	-843.018627	69.242074	-265.883413	37.878	-7.940	0.0375
17	23	tracking	-842.887046	69.201659	-265.889711	37.878	-7.940	0.0399
17	24	tracking	-842.785028	69.148441	-265.887525	62.878	-15.940	0.0355
17	25	tracking	-842.707848	69.079001	-265.879993	67.848	-23.940	0.0318
17	26	tracking	-842.651150	68.987537	-265.868369	67.848	-31.940	0.0306
17	27	tracking	-842.611319	68.866575	-265.853661	67.848	-39.940	0.0292
17	28	tracking	-842.582786	68.708562	-265.833057	42.848	-47.168	0.0272
17	29	tracking	-842.560802	68.515248	-265.804015	17.848	-47.168	0.0248
17	30	tracking	-842.539626	68.289053	-265.765470	-7.152	-47.168	0.0270
17	31	tracking	-842.512949	68.032817	-265.718705	-32.152	-47.168	0.0211
17	32	tracking	-842.487567	67.738157	-265.664179	-7.152	-55.168	0.0206
17	33	tracking	-842.469276	67.406589	-265.602163	17.848	-55.963	0.0189
17	34	landing	-842.459127	67.052544	-265.527815	17.848	-47.963	0.0179
17	35	landing	-842.456737	66.678426	-265.440908	17.848	-47.963	0.0159
17	36	landing	-842.461772	66.286626	-265.341226	17.848	-47.963	0.0147
17	37	landing	-842.473924	65.879476	-265.228599	17.848	-47.963	0.0145
18	0	tracking	-850.645964	68.867102	-257.032114	-139.104	-4.000	0.1498
18	1	tracking	-849.991601	68.807284	-257.601772	-164.104	-0.670	0.1121
18	2	tracking	-849.422535	68.751906	-258.196524	170.896	-8.670	0.1049
18	3	tracking	-848.951149	68.710040	-258.797665	153.407	-16.670	0.0984
18	4	tracking	-848.533079	68.685017	-259.402840	178.407	-24.670	0.0915
18	5	tracking	-848.135704	68.677907	-259.999512	-156.593	-32.670	0.0967
18	6	tracking	-847.761383	68.687936	-260.584443	-159.186	-40.670	0.0851
18	7	tracking	-847.390151	68.712344	-261.142272	-134.186	-46.375	0.0817
18	8	tracking	-847.102120	68.816918	-261.751227	-150.375	-42.740	0.0982
18	9	tracking	-846.775525	68.878399	-262.293940	-150.375	-34.740	0.0841
18	10	tracking	-846.458552	68.942898	-262.823177	-150.375	-26.740	0.0771
18	11	tracking	-846.149432	69.005298	-263.341676	-150.375	-18.740	0.0740
18	12	tracking	-845.833170	69.069017	-263.832652	-125.375	-26.740	0.0708
18	13	tracking	-845.506175	69.134514	-264.278389	-100.375	-34.740	0.0663
18	14	tracking	-845.174806	69.199082	-264.665097	-75.375	-42.740	0.0616
18	15	tracking	-844.851547	69.256969	-264.986463	-50.375	-50.740	0.0648
18	16	tracking	-844.536744	69.305820	-265.251687	-51.747	-42.740	0.0594
18	17	tracking	-844.241677	69.344425	-265.459076	-26.747	-34.740	0.0555
18	18	tracking	-843.965306	69.371110	-265.617139	-26.747	-26.740	0.0626
18	19	tracking	-843.706938	69.384290	-265.733922	-26.747	-25.689	0.0529
18	20	tracking	-843.475940	69.384084	-265.811989	-1.747	-17.689	0.0529
18	21	tracking	-843.279821	69.369850	-265.858969	23.253	-9.689	0.0495
18	22	tracking	-843.118627	69.342074	-265.883413	37.878	-7.940	0.0469
18	23	tracking	-842.987046	69.301659	-265.889711	37.878	-7.940	0.0459
18	24	tracking	-842.885028	69.248441	-265.887525	62.878	-15.940	0.0463
18	25	tracking	-842.807848	69.179001	-265.879993	67.848	-23.940	0.0431
18	26	tracking	-842.751150	69.087537	-265.868369	67.848	-31.940	0.0432
18	27	tracking	-842.711319	68.966575	-265.853661	67.848	-39.940	0.0401
18	28	tracking	-842.682786	68.808562	-265.833057	42.848	-47.168	0.0388
18	29	tracking	-842.660802	68.615248	-265.804015	17.848	-47.168	0.0367
18	30	tracking	-842.639626	68.389053	-265.765470	-7.152	-47.168	0.0382
18	31	tracking	-842.612949	68.132817	-265.718705	-32.152	-47.168	0.0361
18	32	tracking	-842.587567	67.838157	-265.664179	-7.152	-55.168	0.0327
18	33	tracking	-842.569276	67.506589	-265.602163	17.848	-55.963	0.0329
18	34	tracking	-842.557717	67.140455	-265.532196	17.848	-55.963	0.0302
18	35	landing	-842.554127	66.754637	-265.449016	17.848	-47.963	0.0267
18	36	landing	-842.558153	66.351542	-265.352464	17.848	-47.963	0.0238
18	37	landing	-842.569475	65.933523	-265.242416	17.848	-47.963	0.0735
19	0	tracking	-850.645964	68.867102	-257.032114	-139.104	-4.000	0.1694
19	1	tracking	-849.991601	68.807284	-257.601772	-164.104	-0.670	0.1210
19	2	tracking	-849.422535	68.751906	-258.196524	170.896	-8.670	0.1118
19	3	tracking	-848.951149	68.710040	-258.797665	153.407	-16.670	0.1154
19	4	tracking	-848.533079	68.685017	-259.402840	178.407	-24.670	0.1028
19	5	tracking	-848.135704	68.677907	-259.999512	-156.593	-32.670	0.0917
19	6	tracking	-847.761383	68.687936	-260.584443	-159.186	-40.670	0.0865
19	7	tracking	-847.390151	68.712344	-261.142272	-134.186	-46.375	0.0852
19	8	tracking	-847.002120	68.816918	-261.751227	-150.375	-42.740	0.0779
19	9	tracking	-846.675525	68.878399	-262.293940	-150.375	-34.740	0.0726
19	10	tracking	-846.358552	68.942898	-262.823177	-150.375	-26.740	0.1452
19	11	tracking	-846.049432	69.005298	-263.341676	-150.375	-18.740	0.0809
19	12	tracking	-845.733170	69.069017	-263.832652	-125.375	-26.740	0.0646
19	13	tracking	-845.406175	69.134514	-264.278389	-100.375	-34.740	0.0580
19	14	tracking	-845.074806	69.199082	-264.665097	-75.375	-42.740	0.0543
19	15	tracking	-844.751547	69.256969	-264.986463	-50.375	-50.740	0.0616
19	16	tracking	-844.436744	69.305820	-265.251687	-51.747	-42.740	0.0503
19	17	tracking	-844.141677	69.344425	-265.459076	-26.747	-34.740	0.0449
19	18	tracking	-843.865306	69.371110	-265.617139	-26.747	-26.740	0.0433
19	19	tracking	-843.606938	69.384290	-265.733922	-26.747	-25.689	0.0430
19	20	tracking	-843.375940	69.384084	-265.811989	-1.747	-17.689	0.0411
19	21	tracking	-843.179821	69.369850	-265.858969	23.253	-9.689	0.0375
19	22	tracking	-843.018627	69.342074	-265.883413	37.878	-7.940	0.0375
19	23	tracking	-842.887046	69.301659	-265.889711	37.878	-7.940	0.0352
19	24	tracking	-842.785028	69.248441	-265.887525	62.878	-15.940	0.0339
19	25	tracking	-842.707848	69.179001	-265.879993	67.848	-23.940	0.0360
19	26	tracking	-842.651150	69.087537	-265.868369	67.848	-31.940	0.0309
19	27	tracking	-842.611319	68.966575	-265.853661	67.848	-39.940	0.0286
19	28	tracking	-842.582786	68.808562	-265.833057	42.848	-47.168	0.0260
19	29	tracking	-842.560802	68.615248	-265.804015	17.848	-47.168	0.0251
19	30	tracking	-842.539626	68.389053	-265.765470	-7.152	-47.168	0.0234
19	31	tracking	-842.512949	68.132817	-265.718705	-32.152	-47.168	0.0224
19	32	tracking	-842.487567	67.838157	-265.664179	-7.152	-55.168	0.0204
19	33	tracking	-842.469276	67.506589	-265.602163	17.848	-55.963	0.0196
19	34	tracking	-842.457717	67.140455	-265.532196	17.848	-55.963	0.0191
19	35	landing	-842.454127	66.754637	-265.449016	17.848	-47.963	0.0160
19	36	landing	-842.458153	66.351542	-265.352464	17.848	-47.963	0.0155
19	37	landing	-842.469475	65.933523	-265.242416	17.848	-47.963	0.0146
20	0	tracking	-850.645964	68.867102	-257.032114	-139.104	-4.000	0.1467
20	1	tracking	-849.991601	68.807284	-257.601772	-164.104	-0.670	0.1117
20	2	tracking	-849.422535	68.751906	-258.196524	170.896	-8.670	0.1244
20	3	tracking	-848.951149	68.710040	-258.797665	153.407	-16.670	0.0997
20	4	tracking	-848.533079	68.685017	-259.402840	178.407	-24.670	0.0956
20	5	tracking	-848.135704	68.677907	-259.999512	-156.593	-32.670	0.0872
20	6	tracking	-847.761383	68.687936	-260.584443	-159.186	-40.670	0.0834
20	7	tracking	-847.390151	68.712344	-261.142272	-134.186	-46.375	0.0841
20	8	tracking	-847.102120	68.716918	-261.651227	-150.375	-42.740	0.0857
20	9	tracking	-846.775525	68.778399	-262.193940	-150.375	-34.740	0.0796
20	10	tracking	-846.458552	68.842898	-262.723177	-150.375	-26.740	0.0757
20	11	tracking	-846.149432	68.905298	-263.241676	-150.375	-18.740	0.0740
20	12	tracking	-845.833170	68.969017	-263.732652	-125.375	-26.740	0.0698
20	13	tracking	-845.506175	69.034514	-264.178389	-100.375	-34.740	0.0663
20	14	tracking	-845.174806	69.099082	-264.565097	-75.375	-42.740	0.0625
20	15	tracking	-844.851547	69.156969	-264.886463	-50.375	-50.740	0.0629
20	16	tracking	-844.536744	69.205820	-265.151687	-51.747	-42.740	0.0575
20	17	tracking	-844.241677	69.244425	-265.359076	-26.747	-34.740	0.0547
20	18	tracking	-843.965306	69.271110	-265.517139	-26.747	-26.740	0.0538
20	19	tracking	-843.706938	69.284290	-265.633922	-26.747	-25.689	0.0536
20	20	tracking	-843.475940	69.284084	-265.711989	-1.747	-17.689	0.0524
20	21	tracking	-843.279821	69.269850	-265.758969	23.253	-9.689	0.0490
20	22	tracking	-843.118627	69.242074	-265.783413	37.878	-7.940	0.0508
20	23	tracking	-842.987046	69.201659	-265.789711	37.878	-7.940	0.0486
20	24	tracking	-842.885028	69.148441	-265.787525	62.878	-15.940	0.0597
20	25	tracking	-842.807848	69.079001	-265.779993	67.848	-23.940	0.0440
20	26	tracking	-842.751150	68.987537	-265.768369	67.848	-31.940	0.0729
20	27	tracking	-842.711319	68.866575	-265.753661	67.848	-39.940	0.0514
20	28	tracking	-842.682786	68.708562	-265.733057	42.848	-47.168	0.0393
20	29	tracking	-842.660802	68.515248	-265.704015	17.848	-47.168	0.0363
20	30	tracking	-842.639626	68.289053	-265.665470	-7.152	-47.168	0.0350
20	31	tracking	-842.612949	68.032817	-265.618705	-32.152	-47.168	0.0332
20	32	tracking	-842.587567	67.738157	-265.564179	-7.152	-55.168	0.0317
20	33	tracking	-842.569276	67.406589	-265.502163	17.848	-55.963	0.0300
20	34	landing	-842.559127	67.052544	-265.427815	17.848	-47.963	0.0270
20	35	landing	-842.556737	66.678426	-265.340908	17.848	-47.963	0.0248
20	36	landing	-842.561772	66.286626	-265.241226	17.848	-47.963	0.0244
20	37	landing	-842.573924	65.879476	-265.128599	17.848	-47.963	0.0272
21	0	tracking	-850.645964	68.867102	-257.032114	-139.104	-4.000	0.1678
21	1	tracking	-849.991601	68.807284	-257.601772	-164.104	-0.670	0.1139
21	2	tracking	-849.422535	68.751906	-258.196524	170.896	-8.670	0.1143
21	3	tracking	-848.951149	68.710040	-258.797665	153.407	-16.670	0.1027
21	4	tracking	-848.533079	68.685017	-259.402840	178.407	-24.670	0.0942
21	5	tracking	-848.135704	68.677907	-259.999512	-156.593	-32.670	0.2053
21	6	tracking	-847.761383	68.687936	-260.584443	-159.186	-40.670	0.0934
21	7	tracking	-847.390151	68.712344	-261.142272	-134.186	-46.375	0.0891
21	8	tracking	-847.002120	68.716918	-261.651227	-150.375	-42.740	0.0761
21	9	tracking	-846.675525	68.778399	-262.193940	-150.375	-34.740	0.0710
21	10	tracking	-846.358552	68.842898	-262.723177	-150.375	-26.740	0.0670
21	11	tracking	-846.049432	68.905298	-263.241676	-150.375	-18.740	0.0643
21	12	tracking	-845.733170	68.969017	-263.732652	-125.375	-26.740	0.0616
21	13	tracking	-845.406175	69.034514	-264.178389	-100.375	-34.740	0.0595
21	14	tracking	-845.074806	69.099082	-264.565097	-75.375	-42.740	0.0572
21	15	tracking	-844.751547	69.156969	-264.886463	-50.375	-50.740	0.0523
21	16	tracking	-844.436744	69.205820	-265.151687	-51.747	-42.740	0.0496
21	17	tracking	-844.141677	69.244425	-265.359076	-26.747	-34.740	0.0466
21	18	tracking	-843.865306	69.271110	-265.517139	-26.747	-26.740	0.0451
21	19	tracking	-843.606938	69.284290	-265.633922	-26.747	-25.689	0.0465
21	20	tracking	-843.375940	69.284084	-265.711989	-1.747	-17.689	0.0412
21	21	tracking	-843.179821	69.269850	-265.758969	23.253	-9.689	0.0383
21	22	tracking	-843.018627	69.242074	-265.783413	37.878	-7.940	0.0359
21	23	tracking	-842.887046	69.201659	-265.789711	37.878	-7.940	0.0382
21	24	tracking	-842.785028	69.148441	-265.787525	62.878	-15.940	0.0336
21	25	tracking	-842.707848	69.079001	-265.779993	67.848	-23.940	0.0319
21	26	tracking	-842.651150	68.987537	-265.768369	67.848	-31.940	0.0299
21	27	tracking	-842.611319	68.866575	-265.753661	67.848	-39.940	0.0269
21	28	tracking	-842.582786	68.708562	-265.733057	42.848	-47.168	0.0253
21	29	tracking	-842.560802	68.515248	-265.704015	17.848	-47.168	0.0240
21	30	tracking	-842.539626	68.289053	-265.665470	-7.152	-47.168	0.0229
21	31	tracking	-842.512949	68.032817	-265.618705	-32.152	-47.168	0.0215
21	32	tracking	-842.487567	67.738157	-265.564179	-7.152	-55.168	0.0210
21	33	tracking	-842.469276	67.406589	-265.502163	17.848	-55.963	0.0489
21	34	landing	-842.459127	67.052544	-265.427815	17.848	-47.963	0.0235
21	35	landing	-842.456737	66.678426	-265.340908	17.848	-47.963	0.0166
21	36	landing	-842.461772	66.286626	-265.241226	17.848	-47.963	0.0162
21	37	landing	-842.473924	65.879476	-265.128599	17.848	-47.963	0.0150
22	0	tracking	-850.645964	68.867102	-257.032114	-139.104	-4.000	0.1569
22	1	tracking	-849.991601	68.807284	-257.601772	-164.104	-0.670	0.1268
22	2	tracking	-849.422535	68.751906	-258.196524	170.896	-8.670	0.1060
22	3	tracking	-848.951149	68.710040	-258.797665	153.407	-16.670	0.0996
22	4	tracking	-848.533079	68.685017	-259.402840	178.407	-24.670	0.0987
22	5	tracking	-848.135704	68.677907	-259.999512	-156.593	-32.670	0.0928
22	6	tracking	-847.761383	68.687936	-260.584443	-159.186	-40.670	0.0930
22	7	tracking	-847.390151	68.712344	-261.142272	-134.186	-46.375	0.0873
22	8	tracking	-847.102120	68.816918	-261.651227	-150.375	-42.740	0.0907
22	9	tracking	-846.775525	68.878399	-262.193940	-150.375	-34.740	0.0833
22	10	tracking	-846.458552	68.942898	-262.723177	-150.375	-26.740	0.0858
22	11	tracking	-846.149432	69.005298	-263.241676	-150.375	-18.740	0.0778
22	12	tracking	-845.833170	69.069017	-263.732652	-125.375	-26.740	0.0741
22	13	tracking	-845.506175	69.134514	-264.178389	-100.375	-34.740	0.0694
22	14	tracking	-845.174806	69.199082	-264.565097	-75.375	-42.740	0.0640
22	15	tracking	-844.851547	69.256969	-264.886463	-50.375	-50.740	0.0616
22	16	tracking	-844.536744	69.305820	-265.151687	-51.747	-42.740	0.0583
22	17	tracking	-844.241677	69.344425	-265.359076	-26.747	-34.740	0.0574
22	18	tracking	-843.965306	69.371110	-265.517139	-26.747	-26.740	0.0584
22	19	tracking	-843.706938	69.384290	-265.633922	-26.747	-25.689	0.0553
22	20	tracking	-843.475940	69.384084	-265.711989	-1.747	-17.689	0.0550
22	21	tracking	-843.279821	69.369850	-265.758969	23.253	-9.689	0.0520
22	22	tracking	-843.118627	69.342074	-265.783413	37.878	-7.940	0.0852
22	23	tracking	-842.987046	69.301659	-265.789711	37.878	-7.940	0.0718
22	24	tracking	-842.885028	69.248441	-265.787525	62.878	-15.940	0.3863
22	25	tracking	-842.807848	69.179001	-265.779993	67.848	-23.940	0.1306
22	26	tracking	-842.751150	69.087537	-265.768369	67.848	-31.940	0.2056
22	27	tracking	-842.711319	68.966575	-265.753661	67.848	-39.940	0.0947
22	28	tracking	-842.682786	68.808562	-265.733057	42.848	-47.168	0.0778
22	29	tracking	-842.660802	68.615248	-265.704015	17.848	-47.168	0.1050
22	30	tracking	-842.639626	68.389053	-265.665470	-7.152	-47.168	0.0560
22	31	tracking	-842.612949	68.132817	-265.618705	-32.152	-47.168	0.0381
22	32	tracking	-842.587567	67.838157	-265.564179	-7.152	-55.168	0.0500
22	33	tracking	-842.569276	67.506589	-265.502163	17.848	-55.963	0.0393
22	34	tracking	-842.557717	67.140455	-265.432196	17.848	-55.963	0.0296
22	35	landing	-842.554127	66.754637	-265.349016	17.848	-47.963	0.0266
22	36	landing	-842.558153	66.351542	-265.252464	17.848	-47.963	0.0262
22	37	landing	-842.569475	65.933523	-265.142416	17.848	-47.963	0.0242
23	0	tracking	-850.645964	68.867102	-257.032114	-139.104	-4.000	0.1834
23	1	tracking	-849.991601	68.807284	-257.601772	-164.104	-0.670	0.1164
23	2	tracking	-849.422535	68.751906	-258.196524	170.896	-8.670	0.1102
23	3	tracking	-848.951149	68.710040	-258.797665	153.407	-16.670	0.1565
23	4	tracking	-848.533079	68.685017	-259.402840	178.407	-24.670	0.3071
23	5	tracking	-848.135704	68.677907	-259.999512	-156.593	-32.670	0.1060
23	6	tracking	-847.761383	68.687936	-260.584443	-159.186	-40.670	0.0728
23	7	tracking	-847.390151	68.712344	-261.142272	-134.186	-46.375	0.0688
23	8	tracking	-847.002120	68.816918	-261.651227	-150.375	-42.740	0.0696
23	9	tracking	-846.675525	68.878399	-262.193940	-150.375	-34.740	0.0779
23	10	tracking	-846.358552	68.942898	-262.723177	-150.375	-26.740	0.0577
23	11	tracking	-846.049432	69.005298	-263.241676	-150.375	-18.740	0.0666
23	12	tracking	-845.733170	69.069017	-263.732652	-125.375	-26.740	0.0583
23	13	tracking	-845.406175	69.134514	-264.178389	-100.375	-34.740	0.0533
23	14	tracking	-845.074806	69.199082	-264.565097	-75.375	-42.740	0.0506
23	15	tracking	-844.751547	69.256969	-264.886463	-50.375	-50.740	0.0442
23	16	tracking	-844.436744	69.305820	-265.151687	-51.747	-42.740	0.0463
23	17	tracking	-844.141677	69.344425	-265.359076	-26.747	-34.740	0.0442
23	18	tracking	-843.865306	69.371110	-265.517139	-26.747	-26.740	0.0561
23	19	tracking	-843.606938	69.384290	-265.633922	-26.747	-25.689	0.0547
23	20	tracking	-843.375940	69.384084	-265.711989	-1.747	-17.689	0.0428
23	21	tracking	-843.179821	69.369850	-265.758969	23.253	-9.689	0.0428
23	22	tracking	-843.018627	69.342074	-265.783413	37.878	-7.940	0.0320
23	23	tracking	-842.887046	69.301659	-265.789711	37.878	-7.940	0.0314
23	24	tracking	-842.785028	69.248441	-265.787525	62.878	-15.940	0.0289
23	25	tracking	-842.707848	69.179001	-265.779993	67.848	-23.940	0.0313
23	26	tracking	-842.651150	69.087537	-265.768369	67.848	-31.940	0.0267
23	27	tracking	-842.611319	68.966575	-265.753661	67.848	-39.940	0.0270
23	28	tracking	-842.582786	68.808562	-265.733057	42.848	-47.168	0.0224
23	29	tracking	-842.560802	68.615248	-265.704015	17.848	-47.168	0.0224
23	30	tracking	-842.539626	68.389053	-265.665470	-7.152	-47.168	0.0221
23	31	tracking	-842.512949	68.132817	-265.618705	-32.152	-47.168	0.0178
23	32	tracking	-842.487567	67.838157	-265.564179	-7.152	-55.168	0.0165
23	33	tracking	-842.469276	67.506589	-265.502163	17.848	-55.963	0.0191
23	34	tracking	-842.457717	67.140455	-265.432196	17.848	-55.963	0.0153
23	35	landing	-842.454127	66.754637	-265.349016	17.848	-47.963	0.0131
23	36	landing	-842.458153	66.351542	-265.252464	17.848	-47.963	0.0121
23	37	landing	-842.469475	65.933523	-265.142416	17.848	-47.963	0.0108
24	0	tracking	-850.645964	68.867102	-257.032114	-139.104	-4.000	0.1362
24	1	tracking	-849.991601	68.807284	-257.601772	-164.104	-0.670	0.0946
24	2	tracking	-849.422535	68.751906	-258.196524	170.896	-8.670	0.0855
24	3	tracking	-848.951149	68.710040	-258.797665	153.407	-16.670	0.0814
24	4	tracking	-848.533079	68.685017	-259.402840	178.407	-24.670	0.0756
24	5	tracking	-848.135704	68.677907	-259.999512	-156.593	-32.670	0.0722
24	6	tracking	-847.761383	68.687936	-260.584443	-159.186	-40.670	0.0694
24	7	tracking	-847.390151	68.712344	-261.142272	-134.186	-46.375	0.0693
24	8	tracking	-847.065680	68.718758	-261.752633	-150.375	-42.740	0.0761
24	9	tracking	-846.705811	68.783526	-262.298017	-150.375	-34.740	0.0700
24	10	tracking	-846.358370	68.852374	-262.831077	-150.375	-26.740	0.0653
24	11	tracking	-846.021263	68.919819	-263.354460	-150.375	-18.740	0.0756
24	12	tracking	-845.678787	68.989548	-263.850694	-125.375	-26.740	0.0645
24	13	tracking	-845.326971	69.062289	-264.301384	-100.375	-34.740	0.0587
24	14	tracking	-844.972115	69.135565	-264.692148	-75.375	-42.740	0.0579
24	15	tracking	-844.626907	69.203793	-265.016282	-50.375	-50.740	0.0571
24	16	tracking	-844.291508	69.264285	-265.283151	-51.747	-42.740	0.0525
24	17	tracking	-843.977488	69.315512	-265.490813	-26.747	-34.740	0.0500
24	18	tracking	-843.683640	69.355459	-265.647948	-26.747	-26.740	0.0484
24	19	tracking	-843.409291	69.382077	-265.763093	-26.747	-25.689	0.0485
24	20	tracking	-843.164046	69.394475	-265.839465	-1.747	-17.689	0.0439
24	21	tracking	-842.955282	69.391668	-265.884825	23.253	-9.689	0.0442
24	22	tracking	-842.782899	69.374199	-265.907725	37.878	-7.940	0.0433
24	23	tracking	-842.641422	69.343083	-265.912552	37.878	-7.940	0.1055
24	24	tracking	-842.530685	69.298473	-265.909005	62.878	-15.940	0.0441
24	25	tracking	-842.445829	69.237210	-265.900223	67.848	-23.940	0.0384
24	26	tracking	-842.382382	69.153697	-265.887448	67.848	-31.940	0.0378
24	27	tracking	-842.336635	69.040621	-265.871675	67.848	-39.940	0.0336
24	28	tracking	-842.302902	68.890524	-265.850044	42.848	-47.168	0.0328
24	29	tracking	-842.276296	68.705059	-265.820058	17.848	-47.168	0.0302
24	30	tracking	-842.251007	68.486536	-265.780729	-7.152	-47.168	0.0291
24	31	tracking	-842.220726	68.237727	-265.733361	-32.152	-47.168	0.0269
24	32	tracking	-842.192140	67.950353	-265.678347	-7.152	-55.168	0.0265
24	33	tracking	-842.170971	67.625896	-265.615967	17.848	-55.963	0.0249
24	34	tracking	-842.156812	67.266637	-265.545784	17.848	-55.963	0.0231
24	35	landing	-842.150837	66.887318	-265.462627	17.848	-47.963	0.0205
24	36	landing	-842.152661	66.490318	-265.366334	17.848	-47.963	0.0197
24	37	landing	-842.161938	66.077974	-265.256772	17.848	-47.963	0.0327
24	38	landing	-842.178348	65.652537	-265.133861	17.848	-47.963	0.0170
25	0	tracking	-850.645964	68.867102	-257.032114	-139.104	-4.000	0.1344
25	1	tracking	-849.991601	68.807284	-257.601772	-164.104	-0.670	0.0931
25	2	tracking	-849.422535	68.751906	-258.196524	170.896	-8.670	0.0937
25	3	tracking	-848.951149	68.710040	-258.797665	153.407	-16.670	0.0846
25	4	tracking	-848.533079	68.685017	-259.402840	178.407	-24.670	0.0781
25	5	tracking	-848.135704	68.677907	-259.999512	-156.593	-32.670	0.0737
25	6	tracking	-847.761383	68.687936	-260.584443	-159.186	-40.670	0.0715
25	7	tracking	-847.390151	68.712344	-261.142272	-134.186	-46.375	0.0717
25	8	tracking	-846.965680	68.718758	-261.752633	-150.375	-42.740	0.0791
25	9	tracking	-846.605811	68.783526	-262.298017	-150.375	-34.740	0.0699
25	10	tracking	-846.258370	68.852374	-262.831077	-150.375	-26.740	0.0656
25	11	tracking	-845.921263	68.919819	-263.354460	-150.375	-18.740	0.0658
25	12	tracking	-845.578787	68.989548	-263.850694	-125.375	-26.740	0.0617
25	13	tracking	-845.226971	69.062289	-264.301384	-100.375	-34.740	0.0599
25	14	tracking	-844.872115	69.135565	-264.692148	-75.375	-42.740	0.0589
25	15	tracking	-844.526907	69.203793	-265.016282	-50.375	-50.740	0.0526
25	16	tracking	-844.191508	69.264285	-265.283151	-51.747	-42.740	0.0541
25	17	tracking	-843.877488	69.315512	-265.490813	-26.747	-34.740	0.0491
25	18	tracking	-843.583640	69.355459	-265.647948	-26.747	-26.740	0.0512
25	19	tracking	-843.309291	69.382077	-265.763093	-26.747	-25.689	0.0462
25	20	tracking	-843.064046	69.394475	-265.839465	-1.747	-17.689	0.0520
25	21	tracking	-842.855282	69.391668	-265.884825	23.253	-9.689	0.0431
25	22	tracking	-842.682899	69.374199	-265.907725	37.878	-7.940	0.0412
25	23	tracking	-842.541422	69.343083	-265.912552	37.878	-7.940	0.0413
25	24	tracking	-842.430685	69.298473	-265.909005	62.878	-15.940	0.0378
25	25	tracking	-842.345829	69.237210	-265.900223	67.848	-23.940	0.0374
25	26	tracking	-842.282382	69.153697	-265.887448	67.848	-31.940	0.0349
25	27	tracking	-842.236635	69.040621	-265.871675	67.848	-39.940	0.0351
25	28	tracking	-842.202902	68.890524	-265.850044	42.848	-47.168	0.0337
25	29	tracking	-842.176296	68.705059	-265.820058	17.848	-47.168	0.0306
25	30	tracking	-842.151007	68.486536	-265.780729	-7.152	-47.168	0.0292
25	31	tracking	-842.120726	68.237727	-265.733361	-32.152	-47.168	0.0273
25	32	tracking	-842.092140	67.950353	-265.678347	-7.152	-55.168	0.0306
25	33	tracking	-842.070971	67.625896	-265.615967	17.848	-55.963	0.0242
25	34	tracking	-842.056812	67.266637	-265.545784	17.848	-55.963	0.0228
25	35	landing	-842.050837	66.887318	-265.462627	17.848	-47.963	0.0204
25	36	landing	-842.052661	66.490318	-265.366334	17.848	-47.963	0.0187
25	37	landing	-842.061938	66.077974	-265.256772	17.848	-47.963	0.0190
25	38	landing	-842.078348	65.652537	-265.133861	17.848	-47.963	0.0168
26	0	tracking	-850.645964	68.867102	-257.032114	-139.104	-4.000	0.2427
26	1	tracking	-849.991601	68.807284	-257.601772	-164.104	-0.670	0.1438
26	2	tracking	-849.422535	68.751906	-258.196524	170.896	-8.670	0.0910
26	3	tracking	-848.951149	68.710040	-258.797665	153.407	-16.670	0.0816
26	4	tracking	-848.533079	68.685017	-259.402840	178.407	-24.670	0.0831
26	5	tracking	-848.135704	68.677907	-259.999512	-156.593	-32.670	0.0739
26	6	tracking	-847.761383	68.687936	-260.584443	-159.186	-40.670	0.0718
26	7	tracking	-847.390151	68.712344	-261.142272	-134.186	-46.375	0.0694
26	8	tracking	-847.065680	68.818758	-261.752633	-150.375	-42.740	0.0777
26	9	tracking	-846.705811	68.883526	-262.298017	-150.375	-34.740	0.0691
26	10	tracking	-846.358370	68.952374	-262.831077	-150.375	-26.740	0.0649
26	11	tracking	-846.021263	69.019819	-263.354460	-150.375	-18.740	0.0644
26	12	tracking	-845.678787	69.089548	-263.850694	-125.375	-26.740	0.0607
26	13	tracking	-845.326971	69.162289	-264.301384	-100.375	-34.740	0.0711
26	14	tracking	-844.972115	69.235565	-264.692148	-75.375	-42.740	0.0550
26	15	tracking	-844.626907	69.303793	-265.016282	-50.375	-50.740	0.0525
26	16	tracking	-844.291508	69.364285	-265.283151	-51.747	-42.740	0.0501
26	17	tracking	-843.977488	69.415512	-265.490813	-26.747	-34.740	0.0518
26	18	tracking	-843.683640	69.455459	-265.647948	-26.747	-26.740	0.0475
26	19	tracking	-843.409291	69.482077	-265.763093	-26.747	-25.689	0.0465
26	20	tracking	-843.164046	69.494475	-265.839465	-1.747	-17.689	0.0442
26	21	tracking	-842.955282	69.491668	-265.884825	23.253	-9.689	0.0451
26	22	tracking	-842.782899	69.474199	-265.907725	37.878	-7.940	0.0440
26	23	tracking	-842.641422	69.443083	-265.912552	37.878	-7.940	0.0504
26	24	tracking	-842.530685	69.398473	-265.909005	62.878	-15.940	0.0425
26	25	tracking	-842.445829	69.337210	-265.900223	67.848	-23.940	0.0379
26	26	tracking	-842.382382	69.253697	-265.887448	67.848	-31.940	0.0373
26	27	tracking	-842.336635	69.140621	-265.871675	67.848	-39.940	0.0413
26	28	tracking	-842.302902	68.990524	-265.850044	42.848	-47.168	0.0318
26	29	tracking	-842.276296	68.805059	-265.820058	17.848	-47.168	0.0300
26	30	tracking	-842.251007	68.586536	-265.780729	-7.152	-47.168	0.0303
26	31	tracking	-842.220726	68.337727	-265.733361	-32.152	-47.168	0.0267
26	32	tracking	-842.192140	68.050353	-265.678347	-7.152	-55.168	0.0265
26	33	tracking	-842.170971	67.725896	-265.615967	17.848	-55.963	0.0278
26	34	tracking	-842.156812	67.366637	-265.545784	17.848	-55.963	0.0218
26	35	landing	-842.150837	66.987318	-265.462627	17.848	-47.963	0.0205
26	36	landing	-842.152661	66.590318	-265.366334	17.848	-47.963	0.0186
26	37	landing	-842.161938	66.177974	-265.256772	17.848	-47.963	0.0183
26	38	landing	-842.178348	65.752537	-265.133861	17.848	-47.963	0.0172
27	0	tracking	-850.645964	68.867102	-257.032114	-139.104	-4.000	0.1519
27	1	tracking	-849.991601	68.807284	-257.601772	-164.104	-0.670	0.1014
27	2	tracking	-849.422535	68.751906	-258.196524	170.896	-8.670	0.0988
27	3	tracking	-848.951149	68.710040	-258.797665	153.407	-16.670	0.1100
27	4	tracking	-848.533079	68.685017	-259.402840	178.407	-24.670	0.0775
27	5	tracking	-848.135704	68.677907	-259.999512	-156.593	-32.670	0.0724
27	6	tracking	-847.761383	68.687936	-260.584443	-159.186	-40.670	0.0729
27	7	tracking	-847.390151	68.712344	-261.142272	-134.186	-46.375	0.0702
27	8	tracking	-846.965680	68.818758	-261.752633	-150.375	-42.740	0.0752
27	9	tracking	-846.605811	68.883526	-262.298017	-150.375	-34.740	0.0687
27	10	tracking	-846.258370	68.952374	-262.831077	-150.375	-26.740	0.0633
27	11	tracking	-845.921263	69.019819	-263.354460	-150.375	-18.740	0.0781
27	12	tracking	-845.578787	69.089548	-263.850694	-125.375	-26.740	0.0650
27	13	tracking	-845.226971	69.162289	-264.301384	-100.375	-34.740	0.0594
27	14	tracking	-844.872115	69.235565	-264.692148	-75.375	-42.740	0.0538
27	15	tracking	-844.526907	69.303793	-265.016282	-50.375	-50.740	0.0499
27	16	tracking	-844.191508	69.364285	-265.283151	-51.747	-42.740	0.0488
27	17	tracking	-843.877488	69.415512	-265.490813	-26.747	-34.740	0.0472
27	18	tracking	-843.583640	69.455459	-265.647948	-26.747	-26.740	0.0461
27	19	tracking	-843.309291	69.482077	-265.763093	-26.747	-25.689	0.0456
27	20	tracking	-843.064046	69.494475	-265.839465	-1.747	-17.689	0.0444
27	21	tracking	-842.855282	69.491668	-265.884825	23.253	-9.689	0.0412
27	22	tracking	-842.682899	69.474199	-265.907725	37.878	-7.940	0.0405
27	23	tracking	-842.541422	69.443083	-265.912552	37.878	-7.940	0.0377
27	24	tracking	-842.430685	69.398473	-265.909005	62.878	-15.940	0.0374
27	25	tracking	-842.345829	69.337210	-265.900223	67.848	-23.940	0.0372
27	26	tracking	-842.282382	69.253697	-265.887448	67.848	-31.940	0.0330
27	27	tracking	-842.236635	69.140621	-265.871675	67.848	-39.940	0.0325
27	28	tracking	-842.202902	68.990524	-265.850044	42.848	-47.168	0.0303
27	29	tracking	-842.176296	68.805059	-265.820058	17.848	-47.168	0.0283
27	30	tracking	-842.151007	68.586536	-265.780729	-7.152	-47.168	0.0329
27	31	tracking	-842.120726	68.337727	-265.733361	-32.152	-47.168	0.0264
27	32	tracking	-842.092140	68.050353	-265.678347	-7.152	-55.168	0.0260
27	33	tracking	-842.070971	67.725896	-265.615967	17.848	-55.963	0.0238
27	34	tracking	-842.056812	67.366637	-265.545784	17.848	-55.963	0.0208
27	35	landing	-842.050837	66.987318	-265.462627	17.848	-47.963	0.0192
27	36	landing	-842.052661	66.590318	-265.366334	17.848	-47.963	0.0177
27	37	landing	-842.061938	66.177974	-265.256772	17.848	-47.963	0.0171
27	38	landing	-842.078348	65.752537	-265.133861	17.848	-47.963	0.0160
28	0	tracking	-850.645964	68.867102	-257.032114	-139.104	-4.000	0.1285
28	1	tracking	-849.991601	68.807284	-257.601772	-164.104	-0.670	0.0891
28	2	tracking	-849.422535	68.751906	-258.196524	170.896	-8.670	0.0837
28	3	tracking	-848.951149	68.710040	-258.797665	153.407	-16.670	0.1063
28	4	tracking	-848.533079	68.685017	-259.402840	178.407	-24.670	0.0746
28	5	tracking	-848.135704	68.677907	-259.999512	-156.593	-32.670	0.0710
28	6	tracking	-847.761383	68.687936	-260.584443	-159.186	-40.670	0.0888
28	7	tracking	-847.390151	68.712344	-261.142272	-134.186	-46.375	0.0751
28	8	tracking	-847.065680	68.718758	-261.652633	-150.375	-42.740	0.0871
28	9	tracking	-846.705811	68.783526	-262.198017	-150.375	-34.740	0.0666
28	10	tracking	-846.358370	68.852374	-262.731077	-150.375	-26.740	0.0622
28	11	tracking	-846.021263	68.919819	-263.254460	-150.375	-18.740	0.0777
28	12	tracking	-845.678787	68.989548	-263.750694	-125.375	-26.740	0.0594
28	13	tracking	-845.326971	69.062289	-264.201384	-100.375	-34.740	0.0556
28	14	tracking	-844.972115	69.135565	-264.592148	-75.375	-42.740	0.0540
28	15	tracking	-844.626907	69.203793	-264.916282	-50.375	-50.740	0.0499
28	16	tracking	-844.291508	69.264285	-265.183151	-51.747	-42.740	0.0478
28	17	tracking	-843.977488	69.315512	-265.390813	-26.747	-34.740	0.0454
28	18	tracking	-843.683640	69.355459	-265.547948	-26.747	-26.740	0.0578
28	19	tracking	-843.409291	69.382077	-265.663093	-26.747	-25.689	0.0437
28	20	tracking	-843.164046	69.394475	-265.739465	-1.747	-17.689	0.0421
28	21	tracking	-842.955282	69.391668	-265.784825	23.253	-9.689	0.0523
28	22	tracking	-842.782899	69.374199	-265.807725	37.878	-7.940	0.0558
28	23	tracking	-842.641422	69.343083	-265.812552	37.878	-7.940	0.0598
28	24	tracking	-842.530685	69.298473	-265.809005	62.878	-15.940	0.1057
28	25	tracking	-842.445829	69.237210	-265.800223	67.848	-23.940	0.0824
28	26	tracking	-842.382382	69.153697	-265.787448	67.848	-31.940	0.0756
28	27	tracking	-842.336635	69.040621	-265.771675	67.848	-39.940	0.0919
28	28	tracking	-842.302902	68.890524	-265.750044	42.848	-47.168	0.0714
28	29	tracking	-842.276296	68.705059	-265.720058	17.848	-47.168	0.0795
28	30	tracking	-842.251007	68.486536	-265.680729	-7.152	-47.168	0.0878
28	31	tracking	-842.220726	68.237727	-265.633361	-32.152	-47.168	0.0744
28	32	tracking	-842.192140	67.950353	-265.578347	-7.152	-55.168	0.0565
28	33	tracking	-842.170971	67.625896	-265.515967	17.848	-55.963	0.0490
28	34	tracking	-842.156812	67.266637	-265.445784	17.848	-55.963	0.0746
28	35	landing	-842.150837	66.887318	-265.362627	17.848	-47.963	0.0610
28	36	landing	-842.152661	66.490318	-265.266334	17.848	-47.963	0.0671
28	37	landing	-842.161938	66.077974	-265.156772	17.848	-47.963	0.0413
28	38	landing	-842.178348	65.652537	-265.033861	17.848	-47.963	0.0197
29	0	tracking	-850.645964	68.867102	-257.032114	-139.104	-4.000	0.1825
29	1	tracking	-849.991601	68.807284	-257.601772	-164.104	-0.670	0.1121
29	2	tracking	-849.422535	68.751906	-258.196524	170.896	-8.670	0.0928
29	3	tracking	-848.951149	68.710040	-258.797665	153.407	-16.670	0.0839
29	4	tracking	-848.533079	68.685017	-259.402840	178.407	-24.670	0.0924
29	5	tracking	-848.135704	68.677907	-259.999512	-156.593	-32.670	0.0742
29	6	tracking	-847.761383	68.687936	-260.584443	-159.186	-40.670	0.0709
29	7	tracking	-847.390151	68.712344	-261.142272	-134.186	-46.375	0.0911
29	8	tracking	-846.965680	68.718758	-261.652633	-150.375	-42.740	0.0764
29	9	tracking	-846.605811	68.783526	-262.198017	-150.375	-34.740	0.0701
29	10	tracking	-846.258370	68.852374	-262.731077	-150.375	-26.740	0.0725
29	11	tracking	-845.921263	68.919819	-263.254460	-150.375	-18.740	0.0766
29	12	tracking	-845.578787	68.989548	-263.750694	-125.375	-26.740	0.0651
29	13	tracking	-845.226971	69.062289	-264.201384	-100.375	-34.740	0.0613
29	14	tracking	-844.872115	69.135565	-264.592148	-75.375	-42.740	0.0550
29	15	tracking	-844.526907	69.203793	-264.916282	-50.375	-50.740	0.0588
29	16	tracking	-844.191508	69.264285	-265.183151	-51.747	-42.740	0.0513
29	17	tracking	-843.877488	69.315512	-265.390813	-26.747	-34.740	0.0507
29	18	tracking	-843.583640	69.355459	-265.547948	-26.747	-26.740	0.0574
29	19	tracking	-843.309291	69.382077	-265.663093	-26.747	-25.689	0.0448
29	20	tracking	-843.064046	69.394475	-265.739465	-1.747	-17.689	0.0465
29	21	tracking	-842.855282	69.391668	-265.784825	23.253	-9.689	0.0439
29	22	tracking	-842.682899	69.374199	-265.807725	37.878	-7.940	0.0426
29	23	tracking	-842.541422	69.343083	-265.812552	37.878	-7.940	0.0384
29	24	tracking	-842.430685	69.298473	-265.809005	62.878	-15.940	0.0405
29	25	tracking	-842.345829	69.237210	-265.800223	67.848	-23.940	0.0360
29	26	tracking	-842.282382	69.153697	-265.787448	67.848	-31.940	0.0366
29	27	tracking	-842.236635	69.040621	-265.771675	67.848	-39.940	0.0365
29	28	tracking	-842.202902	68.890524	-265.750044	42.848	-47.168	0.0307
29	29	tracking	-842.176296	68.705059	-265.720058	17.848	-47.168	0.0322
29	30	tracking	-842.151007	68.486536	-265.680729	-7.152	-47.168	0.0284
29	31	tracking	-842.120726	68.237727	-265.633361	-32.152	-47.168	0.0264
29	32	tracking	-842.092140	67.950353	-265.578347	-7.152	-55.168	0.0265
29	33	tracking	-842.070971	67.625896	-265.515967	17.848	-55.963	0.0248
29	34	tracking	-842.056812	67.266637	-265.445784	17.848	-55.963	0.0820
29	35	landing	-842.050837	66.887318	-265.362627	17.848	-47.963	0.0498
29	36	landing	-842.052661	66.490318	-265.266334	17.848	-47.963	0.0320
29	37	landing	-842.061938	66.077974	-265.156772	17.848	-47.963	0.0340
29	38	landing	-842.078348	65.652537	-265.033861	17.848	-47.963	0.0160
30	0	tracking	-850.645964	68.867102	-257.032114	-139.104	-4.000	0.1383
30	1	tracking	-849.991601	68.807284	-257.601772	-164.104	-0.670	0.1013
30	2	tracking	-849.422535	68.751906	-258.196524	170.896	-8.670	0.0875
30	3	tracking	-848.951149	68.710040	-258.797665	153.407	-16.670	0.0845
30	4	tracking	-848.533079	68.685017	-259.402840	178.407	-24.670	0.0856
30	5	tracking	-848.135704	68.677907	-259.999512	-156.593	-32.670	0.0746
30	6	tracking	-847.761383	68.687936	-260.584443	-159.186	-40.670	0.0780
30	7	tracking	-847.390151	68.712344	-261.142272	-134.186	-46.375	0.0772
30	8	tracking	-847.065680	68.818758	-261.652633	-150.375	-42.740	0.0791
30	9	tracking	-846.705811	68.883526	-262.198017	-150.375	-34.740	0.0717
30	10	tracking	-846.358370	68.952374	-262.731077	-150.375	-26.740	0.0676
30	11	tracking	-846.021263	69.019819	-263.254460	-150.375	-18.740	0.0673
30	12	tracking	-845.678787	69.089548	-263.750694	-125.375	-26.740	0.0652
30	13	tracking	-845.326971	69.162289	-264.201384	-100.375	-34.740	0.0728
30	14	tracking	-844.972115	69.235565	-264.592148	-75.375	-42.740	0.0583
30	15	tracking	-844.626907	69.303793	-264.916282	-50.375	-50.740	0.0554
30	16	tracking	-844.291508	69.364285	-265.183151	-51.747	-42.740	0.0543
30	17	tracking	-843.977488	69.415512	-265.390813	-26.747	-34.740	0.0523
30	18	tracking	-843.683640	69.455459	-265.547948	-26.747	-26.740	0.0546
30	19	tracking	-843.409291	69.482077	-265.663093	-26.747	-25.689	0.0483
30	20	tracking	-843.164046	69.494475	-265.739465	-1.747	-17.689	0.0514
30	21	tracking	-842.955282	69.491668	-265.784825	23.253	-9.689	0.0501
30	22	tracking	-842.782899	69.474199	-265.807725	37.878	-7.940	0.0663
30	23	tracking	-842.641422	69.443083	-265.812552	37.878	-7.940	0.0405
30	24	tracking	-842.530685	69.398473	-265.809005	62.878	-15.940	0.0423
30	25	tracking	-842.445829	69.337210	-265.800223	67.848	-23.940	0.0355
30	26	tracking	-842.382382	69.253697	-265.787448	67.848	-31.940	0.0379
30	27	tracking	-842.336635	69.140621	-265.771675	67.848	-39.940	0.0366
30	28	tracking	-842.302902	68.990524	-265.750044	42.848	-47.168	0.0316
30	29	tracking	-842.276296	68.805059	-265.720058	17.848	-47.168	0.0410
30	30	tracking	-842.251007	68.586536	-265.680729	-7.152	-47.168	0.0284
30	31	tracking	-842.220726	68.337727	-265.633361	-32.152	-47.168	0.0291
30	32	tracking	-842.192140	68.050353	-265.578347	-7.152	-55.168	0.0263
30	33	tracking	-842.170971	67.725896	-265.515967	17.848	-55.963	0.0250
30	34	tracking	-842.156812	67.366637	-265.445784	17.848	-55.963	0.0253
30	35	landing	-842.150837	66.987318	-265.362627	17.848	-47.963	0.0211
30	36	landing	-842.152661	66.590318	-265.266334	17.848	-47.963	0.0181
30	37	landing	-842.161938	66.177974	-265.156772	17.848	-47.963	0.0198
30	38	landing	-842.178348	65.752537	-265.033861	17.848	-47.963	0.0162
31	0	tracking	-850.645964	68.867102	-257.032114	-139.104	-4.000	0.3123
31	1	tracking	-849.991601	68.807284	-257.601772	-164.104	-0.670	0.1025
31	2	tracking	-849.422535	68.751906	-258.196524	170.896	-8.670	0.0898
31	3	tracking	-848.951149	68.710040	-258.797665	153.407	-16.670	0.0896
31	4	tracking	-848.533079	68.685017	-259.402840	178.407	-24.670	0.0790
31	5	tracking	-848.135704	68.677907	-259.999512	-156.593	-32.670	0.0908
31	6	tracking	-847.761383	68.687936	-260.584443	-159.186	-40.670	0.0703
31	7	tracking	-847.390151	68.712344	-261.142272	-134.186	-46.375	0.0848
31	8	tracking	-846.965680	68.818758	-261.652633	-150.375	-42.740	0.0900
31	9	tracking	-846.605811	68.883526	-262.198017	-150.375	-34.740	0.0715
31	10	tracking	-846.258370	68.952374	-262.731077	-150.375	-26.740	0.0656
31	11	tracking	-845.921263	69.019819	-263.254460	-150.375	-18.740	0.0812
31	12	tracking	-845.578787	69.089548	-263.750694	-125.375	-26.740	0.0629
31	13	tracking	-845.226971	69.162289	-264.201384	-100.375	-34.740	0.0567
31	14	tracking	-844.872115	69.235565	-264.592148	-75.375	-42.740	0.0562
31	15	tracking	-844.526907	69.303793	-264.916282	-50.375	-50.740	0.0604
31	16	tracking	-844.191508	69.364285	-265.183151	-51.747	-42.740	0.0544
31	17	tracking	-843.877488	69.415512	-265.390813	-26.747	-34.740	0.0501
31	18	tracking	-843.583640	69.455459	-265.547948	-26.747	-26.740	0.0477
31	19	tracking	-843.309291	69.482077	-265.663093	-26.747	-25.689	0.0442
31	20	tracking	-843.064046	69.494475	-265.739465	-1.747	-17.689	0.0456
31	21	tracking	-842.855282	69.491668	-265.784825	23.253	-9.689	0.0437
31	22	tracking	-842.682899	69.474199	-265.807725	37.878	-7.940	0.0398
31	23	tracking	-842.541422	69.443083	-265.812552	37.878	-7.940	0.0422
31	24	tracking	-842.430685	69.398473	-265.809005	62.878	-15.940	0.0395
31	25	tracking	-842.345829	69.337210	-265.800223	67.848	-23.940	0.0359
31	26	tracking	-842.282382	69.253697	-265.787448	67.848	-31.940	0.0370
31	27	tracking	-842.236635	69.140621	-265.771675	67.848	-39.940	0.0345
31	28	tracking	-842.202902	68.990524	-265.750044	42.848	-47.168	0.0381
31	29	tracking	-842.176296	68.805059	-265.720058	17.848	-47.168	0.0327
31	30	tracking	-842.151007	68.586536	-265.680729	-7.152	-47.168	0.0282
31	31	tracking	-842.120726	68.337727	-265.633361	-32.152	-47.168	0.0267
31	32	tracking	-842.092140	68.050353	-265.578347	-7.152	-55.168	0.0295
31	33	tracking	-842.070971	67.725896	-265.515967	17.848	-55.963	0.0244
31	34	tracking	-842.056812	67.366637	-265.445784	17.848	-55.963	0.0264
31	35	landing	-842.050837	66.987318	-265.362627	17.848	-47.963	0.0202
31	36	landing	-842.052661	66.590318	-265.266334	17.848	-47.963	0.0199
31	37	landing	-842.061938	66.177974	-265.156772	17.848	-47.963	0.0201
31	38	landing	-842.078348	65.752537	-265.033861	17.848	-47.963	0.0165
32	0	tracking	-850.645964	68.867102	-257.032114	-139.104	-4.000	0.1433
32	1	tracking	-849.991601	68.807284	-257.601772	-164.104	-0.670	0.0978
32	2	tracking	-849.422535	68.751906	-258.196524	170.896	-8.670	0.0939
32	3	tracking	-848.951149	68.710040	-258.797665	153.407	-16.670	0.0807
32	4	tracking	-848.533079	68.685017	-259.402840	178.407	-24.670	0.0763
32	5	tracking	-848.135704	68.677907	-259.999512	-156.593	-32.670	0.0713
32	6	tracking	-847.761383	68.687936	-260.584443	-159.186	-40.670	0.0688
32	7	tracking	-847.390151	68.712344	-261.142272	-134.186	-46.375	0.0678
32	8	tracking	-847.102421	68.676951	-261.715058	-150.375	-42.740	0.0670
32	9	tracking	-846.776554	68.698707	-262.224734	-150.375	-34.740	0.0588
32	10	tracking	-846.461032	68.723481	-262.723126	-150.375	-26.740	0.0533
32	11	tracking	-846.154318	68.745986	-263.212185	-150.375	-18.740	0.0886
32	12	tracking	-845.841425	68.769874	-263.676059	-125.375	-26.740	0.0568
32	13	tracking	-845.518405	68.795618	-264.097469	-100.375	-34.740	0.0477
32	14	tracking	-845.191140	68.820524	-264.462650	-75.375	-42.740	0.0448
32	15	tracking	-844.871723	68.838928	-264.764989	-50.375	-50.740	0.0449
32	16	tracking	-844.560181	68.849268	-265.013131	-51.747	-42.740	0.0426
32	17	tracking	-844.267703	68.851106	-265.204672	-26.747	-34.740	0.0380
32	18	tracking	-843.993082	68.843505	-265.347510	-26.747	-26.740	0.0517
32	19	tracking	-843.735489	68.825333	-265.449171	-26.747	-25.689	0.0400
32	20	tracking	-843.505121	68.796939	-265.511812	-1.747	-17.689	0.0396
32	21	tracking	-843.310341	68.757658	-265.543241	23.253	-9.689	0.0408
32	22	tracking	-843.151431	68.707667	-265.552425	37.878	-7.940	0.0406
32	23	tracking	-843.022853	68.647551	-265.543880	37.878	-7.940	0.0374
32	24	tracking	-842.924728	68.576711	-265.527848	62.878	-15.940	0.0296
32	25	tracking	-842.852027	68.491312	-265.507567	67.848	-23.940	0.0314
32	26	tracking	-842.800115	68.385197	-265.484259	67.848	-31.940	0.0279
32	27	tracking	-842.765190	68.250642	-265.458880	67.848	-39.940	0.0300
32	28	tracking	-842.741444	68.079989	-265.428320	42.848	-47.168	0.0263
32	29	tracking	-842.723964	67.875184	-265.389668	17.848	-47.168	0.0275
32	30	tracking	-842.706686	67.638799	-265.341658	-7.152	-47.168	0.0228
32	31	tracking	-842.682987	67.373688	-265.285669	-32.152	-47.168	0.0975
32	32	tracking	-842.660165	67.071329	-265.222187	-7.152	-55.168	0.0340
32	33	tracking	-842.644378	66.733214	-265.151503	17.848	-55.963	0.0210
32	34	landing	-842.636712	66.373764	-265.068647	17.848	-47.963	0.0167
32	35	landing	-842.636782	65.995347	-264.973389	17.848	-47.963	0.0192
33	0	tracking	-850.645964	68.867102	-257.032114	-139.104	-4.000	0.1326
33	1	tracking	-849.991601	68.807284	-257.601772	-164.104	-0.670	0.0981
33	2	tracking	-849.422535	68.751906	-258.196524	170.896	-8.670	0.0881
33	3	tracking	-848.951149	68.710040	-258.797665	153.407	-16.670	0.0801
33	4	tracking	-848.533079	68.685017	-259.402840	178.407	-24.670	0.0762
33	5	tracking	-848.135704	68.677907	-259.999512	-156.593	-32.670	0.0712
33	6	tracking	-847.761383	68.687936	-260.584443	-159.186	-40.670	0.0677
33	7	tracking	-847.390151	68.712344	-261.142272	-134.186	-46.375	0.0795
33	8	tracking	-847.002421	68.676951	-261.715058	-150.375	-42.740	0.0604
33	9	tracking	-846.676554	68.698707	-262.224734	-150.375	-34.740	0.0545
33	10	tracking	-846.361032	68.723481	-262.723126	-150.375	-26.740	0.0494
33	11	tracking	-846.054318	68.745986	-263.212185	-150.375	-18.740	0.0446
33	12	tracking	-845.741425	68.769874	-263.676059	-125.375	-26.740	0.0449
33	13	tracking	-845.418405	68.795618	-264.097469	-100.375	-34.740	0.0417
33	14	tracking	-845.091140	68.820524	-264.462650	-75.375	-42.740	0.0433
33	15	tracking	-844.771723	68.838928	-264.764989	-50.375	-50.740	0.0367
33	16	tracking	-844.460181	68.849268	-265.013131	-51.747	-42.740	0.0387
33	17	tracking	-844.167703	68.851106	-265.204672	-26.747	-34.740	0.0509
33	18	tracking	-843.893082	68.843505	-265.347510	-26.747	-26.740	0.0490
33	19	tracking	-843.635489	68.825333	-265.449171	-26.747	-25.689	0.0311
33	20	tracking	-843.405121	68.796939	-265.511812	-1.747	-17.689	0.0340
33	21	tracking	-843.210341	68.757658	-265.543241	23.253	-9.689	0.0274
33	22	tracking	-843.051431	68.707667	-265.552425	37.878	-7.940	0.0263
33	23	tracking	-842.922853	68.647551	-265.543880	37.878	-7.940	0.0256
33	24	tracking	-842.824728	68.576711	-265.527848	62.878	-15.940	0.0274
33	25	tracking	-842.752027	68.491312	-265.507567	67.848	-23.940	0.0224
33	26	tracking	-842.700115	68.385197	-265.484259	67.848	-31.940	0.0243
33	27	tracking	-842.665190	68.250642	-265.458880	67.848	-39.940	0.0220
33	28	tracking	-842.641444	68.079989	-265.428320	42.848	-47.168	0.0218
33	29	tracking	-842.623964	67.875184	-265.389668	17.848	-47.168	0.0217
33	30	tracking	-842.606686	67.638799	-265.341658	-7.152	-47.168	0.0175
33	31	tracking	-842.582987	67.373688	-265.285669	-32.152	-47.168	0.0158
33	32	tracking	-842.560165	67.071329	-265.222187	-7.152	-55.168	0.0255
33	33	tracking	-842.544378	66.733214	-265.151503	17.848	-55.963	0.0128
33	34	landing	-842.536712	66.373764	-265.068647	17.848	-47.963	0.0107
33	35	landing	-842.536782	65.995347	-264.973389	17.848	-47.963	0.0100
34	0	tracking	-850.645964	68.867102	-257.032114	-139.104	-4.000	0.1302
34	1	tracking	-849.991601	68.807284	-257.601772	-164.104	-0.670	0.0967
34	2	tracking	-849.422535	68.751906	-258.196524	170.896	-8.670	0.0846
34	3	tracking	-848.951149	68.710040	-258.797665	153.407	-16.670	0.0788
34	4	tracking	-848.533079	68.685017	-259.402840	178.407	-24.670	0.0798
34	5	tracking	-848.135704	68.677907	-259.999512	-156.593	-32.670	0.0686
34	6	tracking	-847.761383	68.687936	-260.584443	-159.186	-40.670	0.0673
34	7	tracking	-847.390151	68.712344	-261.142272	-134.186	-46.375	0.0644
34	8	tracking	-847.102421	68.776951	-261.715058	-150.375	-42.740	0.0738
34	9	tracking	-846.776554	68.798707	-262.224734	-150.375	-34.740	0.0574
34	10	tracking	-846.461032	68.823481	-262.723126	-150.375	-26.740	0.0560
34	11	tracking	-846.154318	68.845986	-263.212185	-150.375	-18.740	0.0495
34	12	tracking	-845.841425	68.869874	-263.676059	-125.375	-26.740	0.0501
34	13	tracking	-845.518405	68.895618	-264.097469	-100.375	-34.740	0.0470
34	14	tracking	-845.191140	68.920524	-264.462650	-75.375	-42.740	0.0442
34	15	tracking	-844.871723	68.938928	-264.764989	-50.375	-50.740	0.0439
34	16	tracking	-844.560181	68.949268	-265.013131	-51.747	-42.740	0.0400
34	17	tracking	-844.267703	68.951106	-265.204672	-26.747	-34.740	0.0463
34	18	tracking	-843.993082	68.943505	-265.347510	-26.747	-26.740	0.0456
34	19	tracking	-843.735489	68.925333	-265.449171	-26.747	-25.689	0.0355
34	20	tracking	-843.505121	68.896939	-265.511812	-1.747	-17.689	0.0378
34	21	tracking	-843.310341	68.857658	-265.543241	23.253	-9.689	0.0332
34	22	tracking	-843.151431	68.807667	-265.552425	37.878	-7.940	0.0359
34	23	tracking	-843.022853	68.747551	-265.543880	37.878	-7.940	0.0337
34	24	tracking	-842.924728	68.676711	-265.527848	62.878	-15.940	0.0293
34	25	tracking	-842.852027	68.591312	-265.507567	67.848	-23.940	0.0317
34	26	tracking	-842.800115	68.485197	-265.484259	67.848	-31.940	0.0281
34	27	tracking	-842.765190	68.350642	-265.458880	67.848	-39.940	0.0296
34	28	tracking	-842.741444	68.179989	-265.428320	42.848	-47.168	0.0283
34	29	tracking	-842.723964	67.975184	-265.389668	17.848	-47.168	0.0294
34	30	tracking	-842.706686	67.738799	-265.341658	-7.152	-47.168	0.0244
34	31	tracking	-842.682987	67.473688	-265.285669	-32.152	-47.168	0.0252
34	32	tracking	-842.660165	67.171329	-265.222187	-7.152	-55.168	0.0304
34	33	tracking	-842.644378	66.833214	-265.151503	17.848	-55.963	0.0240
34	34	landing	-842.636712	66.473764	-265.068647	17.848	-47.963	0.0237
34	35	landing	-842.636782	66.095347	-264.973389	17.848	-47.963	0.0173
34	36	landing	-842.644246	65.700299	-264.865528	17.848	-47.963	0.0146
35	0	tracking	-850.645964	68.867102	-257.032114	-139.104	-4.000	0.1165
35	1	tracking	-849.991601	68.807284	-257.601772	-164.104	-0.670	0.0840
35	2	tracking	-849.422535	68.751906	-258.196524	170.896	-8.670	0.0813
35	3	tracking	-848.951149	68.710040	-258.797665	153.407	-16.670	0.0769
35	4	tracking	-848.533079	68.685017	-259.402840	178.407	-24.670	0.1098
35	5	tracking	-848.135704	68.677907	-259.999512	-156.593	-32.670	0.0863
35	6	tracking	-847.761383	68.687936	-260.584443	-159.186	-40.670	0.0726
35	7	tracking	-847.390151	68.712344	-261.142272	-134.186	-46.375	0.0692
35	8	tracking	-847.002421	68.776951	-261.715058	-150.375	-42.740	0.2339
35	9	tracking	-846.676554	68.798707	-262.224734	-150.375	-34.740	0.1282
35	10	tracking	-846.361032	68.823481	-262.723126	-150.375	-26.740	0.1181
35	11	tracking	-846.054318	68.845986	-263.212185	-150.375	-18.740	0.1179
35	12	tracking	-845.741425	68.869874	-263.676059	-125.375	-26.740	0.1245
35	13	tracking	-845.418405	68.895618	-264.097469	-100.375	-34.740	0.0498
35	14	tracking	-845.091140	68.920524	-264.462650	-75.375	-42.740	0.0395
35	15	tracking	-844.771723	68.938928	-264.764989	-50.375	-50.740	0.0408
35	16	tracking	-844.460181	68.949268	-265.013131	-51.747	-42.740	0.0395
35	17	tracking	-844.167703	68.951106	-265.204672	-26.747	-34.740	0.0361
35	18	tracking	-843.893082	68.943505	-265.347510	-26.747	-26.740	0.0371
35	19	tracking	-843.635489	68.925333	-265.449171	-26.747	-25.689	0.0323
35	20	tracking	-843.405121	68.896939	-265.511812	-1.747	-17.689	0.0325
35	21	tracking	-843.210341	68.857658	-265.543241	23.253	-9.689	0.0375
35	22	tracking	-843.051431	68.807667	-265.552425	37.878	-7.940	0.0303
35	23	tracking	-842.922853	68.747551	-265.543880	37.878	-7.940	0.0311
35	24	tracking	-842.824728	68.676711	-265.527848	62.878	-15.940	0.0264
35	25	tracking	-842.752027	68.591312	-265.507567	67.848	-23.940	0.0288
35	26	tracking	-842.700115	68.485197	-265.484259	67.848	-31.940	0.0245
35	27	tracking	-842.665190	68.350642	-265.458880	67.848	-39.940	0.0300
35	28	tracking	-842.641444	68.179989	-265.428320	42.848	-47.168	0.0272
35	29	tracking	-842.623964	67.975184	-265.389668	17.848	-47.168	0.0271
35	30	tracking	-842.606686	67.738799	-265.341658	-7.152	-47.168	0.0235
35	31	tracking	-842.582987	67.473688	-265.285669	-32.152	-47.168	0.0193
35	32	tracking	-842.560165	67.171329	-265.222187	-7.152	-55.168	0.0183
35	33	tracking	-842.544378	66.833214	-265.151503	17.848	-55.963	0.0171
35	34	landing	-842.536712	66.473764	-265.068647	17.848	-47.963	0.0157
35	35	landing	-842.536782	66.095347	-264.973389	17.848	-47.963	0.0234
35	36	landing	-842.544246	65.700299	-264.865528	17.848	-47.963	0.0155
36	0	tracking	-850.645964	68.867102	-257.032114	-139.104	-4.000	0.1231
36	1	tracking	-849.991601	68.807284	-257.601772	-164.104	-0.670	0.0854
36	2	tracking	-849.422535	68.751906	-258.196524	170.896	-8.670	0.0830
36	3	tracking	-848.951149	68.710040	-258.797665	153.407	-16.670	0.0775
36	4	tracking	-848.533079	68.685017	-259.402840	178.407	-24.670	0.0727
36	5	tracking	-848.135704	68.677907	-259.999512	-156.593	-32.670	0.0685
36	6	tracking	-847.761383	68.687936	-260.584443	-159.186	-40.670	0.0661
36	7	tracking	-847.390151	68.712344	-261.142272	-134.186	-46.375	0.0647
36	8	tracking	-847.102421	68.676951	-261.615058	-150.375	-42.740	0.0797
36	9	tracking	-846.776554	68.698707	-262.124734	-150.375	-34.740	0.0591
36	10	tracking	-846.461032	68.723481	-262.623126	-150.375	-26.740	0.0546
36	11	tracking	-846.154318	68.745986	-263.112185	-150.375	-18.740	0.0573
36	12	tracking	-845.841425	68.769874	-263.576059	-125.375	-26.740	0.0590
36	13	tracking	-845.518405	68.795618	-263.997469	-100.375	-34.740	0.0460
36	14	tracking	-845.191140	68.820524	-264.362650	-75.375	-42.740	0.0465
36	15	tracking	-844.871723	68.838928	-264.664989	-50.375	-50.740	0.0450
36	16	tracking	-844.560181	68.849268	-264.913131	-51.747	-42.740	0.0439
36	17	tracking	-844.267703	68.851106	-265.104672	-26.747	-34.740	0.0401
36	18	tracking	-843.993082	68.843505	-265.247510	-26.747	-26.740	0.0378
36	19	tracking	-843.735489	68.825333	-265.349171	-26.747	-25.689	0.0390
36	20	tracking	-843.505121	68.796939	-265.411812	-1.747	-17.689	0.0368
36	21	tracking	-843.310341	68.757658	-265.443241	23.253	-9.689	0.0377
36	22	tracking	-843.151431	68.707667	-265.452425	37.878	-7.940	0.0356
36	23	tracking	-843.022853	68.647551	-265.443880	37.878	-7.940	0.0319
36	24	tracking	-842.924728	68.576711	-265.427848	62.878	-15.940	0.0335
36	25	tracking	-842.852027	68.491312	-265.407567	67.848	-23.940	0.0286
36	26	tracking	-842.800115	68.385197	-265.384259	67.848	-31.940	0.0301
36	27	tracking	-842.765190	68.250642	-265.358880	67.848	-39.940	0.0348
36	28	tracking	-842.741444	68.079989	-265.328320	42.848	-47.168	0.0296
36	29	tracking	-842.723964	67.875184	-265.289668	17.848	-47.168	0.0233
36	30	tracking	-842.706686	67.638799	-265.241658	-7.152	-47.168	0.0259
36	31	tracking	-842.682987	67.373688	-265.185669	-32.152	-47.168	0.0209
36	32	tracking	-842.660165	67.071329	-265.122187	-7.152	-55.168	0.0212
36	33	tracking	-842.644378	66.733214	-265.051503	17.848	-55.963	0.0210
36	34	landing	-842.636712	66.373764	-264.968647	17.848	-47.963	0.0157
36	35	landing	-842.636782	65.995347	-264.873389	17.848	-47.963	0.0153
37	0	tracking	-850.645964	68.867102	-257.032114	-139.104	-4.000	0.1236
37	1	tracking	-849.991601	68.807284	-257.601772	-164.104	-0.670	0.0919
37	2	tracking	-849.422535	68.751906	-258.196524	170.896	-8.670	0.0902
37	3	tracking	-848.951149	68.710040	-258.797665	153.407	-16.670	0.0762
37	4	tracking	-848.533079	68.685017	-259.402840	178.407	-24.670	0.0722
37	5	tracking	-848.135704	68.677907	-259.999512	-156.593	-32.670	0.2277
37	6	tracking	-847.761383	68.687936	-260.584443	-159.186	-40.670	0.0847
37	7	tracking	-847.390151	68.712344	-261.142272	-134.186	-46.375	0.0797
37	8	tracking	-847.002421	68.676951	-261.615058	-150.375	-42.740	0.0606
37	9	tracking	-846.676554	68.698707	-262.124734	-150.375	-34.740	0.0548
37	10	tracking	-846.361032	68.723481	-262.623126	-150.375	-26.740	0.0482
37	11	tracking	-846.054318	68.745986	-263.112185	-150.375	-18.740	0.0508
37	12	tracking	-845.741425	68.769874	-263.576059	-125.375	-26.740	0.0462
37	13	tracking	-845.418405	68.795618	-263.997469	-100.375	-34.740	0.0443
37	14	tracking	-845.091140	68.820524	-264.362650	-75.375	-42.740	0.0493
37	15	tracking	-844.771723	68.838928	-264.664989	-50.375	-50.740	0.0670
37	16	tracking	-844.460181	68.849268	-264.913131	-51.747	-42.740	0.0636
37	17	tracking	-844.167703	68.851106	-265.104672	-26.747	-34.740	0.0494
37	18	tracking	-843.893082	68.843505	-265.247510	-26.747	-26.740	0.0552
37	19	tracking	-843.635489	68.825333	-265.349171	-26.747	-25.689	0.0627
37	20	tracking	-843.405121	68.796939	-265.411812	-1.747	-17.689	0.0394
37	21	tracking	-843.210341	68.757658	-265.443241	23.253	-9.689	0.0424
37	22	tracking	-843.051431	68.707667	-265.452425	37.878	-7.940	0.0298
37	23	tracking	-842.922853	68.647551	-265.443880	37.878	-7.940	0.0313
37	24	tracking	-842.824728	68.576711	-265.427848	62.878	-15.940	0.0265
37	25	tracking	-842.752027	68.491312	-265.407567	67.848	-23.940	0.0280
37	26	tracking	-842.700115	68.385197	-265.384259	67.848	-31.940	0.0249
37	27	tracking	-842.665190	68.250642	-265.358880	67.848	-39.940	0.0284
37	28	tracking	-842.641444	68.079989	-265.328320	42.848	-47.168	0.0288
37	29	tracking	-842.623964	67.875184	-265.289668	17.848	-47.168	0.0295
37	30	tracking	-842.606686	67.638799	-265.241658	-7.152	-47.168	0.0183
37	31	tracking	-842.582987	67.373688	-265.185669	-32.152	-47.168	0.0159
37	32	tracking	-842.560165	67.071329	-265.122187	-7.152	-55.168	0.0167
37	33	tracking	-842.544378	66.733214	-265.051503	17.848	-55.963	0.0140
37	34	landing	-842.536712	66.373764	-264.968647	17.848	-47.963	0.0107
37	35	landing	-842.536782	65.995347	-264.873389	17.848	-47.963	0.0101
38	0	tracking	-850.645964	68.867102	-257.032114	-139.104	-4.000	0.1509
38	1	tracking	-849.991601	68.807284	-257.601772	-164.104	-0.670	0.0880
38	2	tracking	-849.422535	68.751906	-258.196524	170.896	-8.670	0.0843
38	3	tracking	-848.951149	68.710040	-258.797665	153.407	-16.670	0.0773
38	4	tracking	-848.533079	68.685017	-259.402840	178.407	-24.670	0.0728
38	5	tracking	-848.135704	68.677907	-259.999512	-156.593	-32.670	0.0762
38	6	tracking	-847.761383	68.687936	-260.584443	-159.186	-40.670	0.0665
38	7	tracking	-847.390151	68.712344	-261.142272	-134.186	-46.375	0.0657
38	8	tracking	-847.102421	68.776951	-261.615058	-150.375	-42.740	1.4361
38	9	tracking	-846.776554	68.798707	-262.124734	-150.375	-34.740	0.1649
38	10	tracking	-846.461032	68.823481	-262.623126	-150.375	-26.740	0.1321
38	11	tracking	-846.154318	68.845986	-263.112185	-150.375	-18.740	0.1249
38	12	tracking	-845.841425	68.869874	-263.576059	-125.375	-26.740	0.1195
38	13	tracking	-845.518405	68.895618	-263.997469	-100.375	-34.740	0.1088
38	14	tracking	-845.191140	68.920524	-264.362650	-75.375	-42.740	0.1177
38	15	tracking	-844.871723	68.938928	-264.664989	-50.375	-50.740	0.1245
38	16	tracking	-844.560181	68.949268	-264.913131	-51.747	-42.740	0.1033
38	17	tracking	-844.267703	68.951106	-265.104672	-26.747	-34.740	0.1539
38	18	tracking	-843.993082	68.943505	-265.247510	-26.747	-26.740	0.1324
38	19	tracking	-843.735489	68.925333	-265.349171	-26.747	-25.689	0.1116
38	20	tracking	-843.505121	68.896939	-265.411812	-1.747	-17.689	0.0982
38	21	tracking	-843.310341	68.857658	-265.443241	23.253	-9.689	0.1027
38	22	tracking	-843.151431	68.807667	-265.452425	37.878	-7.940	0.1138
38	23	tracking	-843.022853	68.747551	-265.443880	37.878	-7.940	0.1030
38	24	tracking	-842.924728	68.676711	-265.427848	62.878	-15.940	0.0951
38	25	tracking	-842.852027	68.591312	-265.407567	67.848	-23.940	0.0968
38	26	tracking	-842.800115	68.485197	-265.384259	67.848	-31.940	0.0911
38	27	tracking	-842.765190	68.350642	-265.358880	67.848	-39.940	0.0886
38	28	tracking	-842.741444	68.179989	-265.328320	42.848	-47.168	0.1019
38	29	tracking	-842.723964	67.975184	-265.289668	17.848	-47.168	0.0930
38	30	tracking	-842.706686	67.738799	-265.241658	-7.152	-47.168	0.1460
38	31	tracking	-842.682987	67.473688	-265.185669	-32.152	-47.168	0.1456
38	32	tracking	-842.660165	67.171329	-265.122187	-7.152	-55.168	0.0901
38	33	tracking	-842.644378	66.833214	-265.051503	17.848	-55.963	0.0837
38	34	landing	-842.644512	66.473764	-264.973214	42.848	-47.963	0.0180
38	35	landing	-842.659702	66.094889	-264.887212	42.848	-47.963	0.0169
38	36	landing	-842.689280	65.698673	-264.793288	42.848	-47.963	0.0149
39	0	tracking	-850.645964	68.867102	-257.032114	-139.104	-4.000	0.1430
39	1	tracking	-849.991601	68.807284	-257.601772	-164.104	-0.670	0.1175
39	2	tracking	-849.422535	68.751906	-258.196524	170.896	-8.670	0.1018
39	3	tracking	-848.951149	68.710040	-258.797665	153.407	-16.670	0.0811
39	4	tracking	-848.533079	68.685017	-259.402840	178.407	-24.670	0.0738
39	5	tracking	-848.135704	68.677907	-259.999512	-156.593	-32.670	0.0679
39	6	tracking	-847.761383	68.687936	-260.584443	-159.186	-40.670	0.0791
39	7	tracking	-847.390151	68.712344	-261.142272	-134.186	-46.375	0.0680
39	8	tracking	-847.002421	68.776951	-261.615058	-150.375	-42.740	0.0943
39	9	tracking	-846.676554	68.798707	-262.124734	-150.375	-34.740	0.0816
39	10	tracking	-846.361032	68.823481	-262.623126	-150.375	-26.740	0.0959
39	11	tracking	-846.054318	68.845986	-263.112185	-150.375	-18.740	0.0760
39	12	tracking	-845.741425	68.869874	-263.576059	-125.375	-26.740	0.0723
39	13	tracking	-845.418405	68.895618	-263.997469	-100.375	-34.740	0.0686
39	14	tracking	-845.091140	68.920524	-264.362650	-75.375	-42.740	0.0680
39	15	tracking	-844.771723	68.938928	-264.664989	-50.375	-50.740	0.0671
39	16	tracking	-844.460181	68.949268	-264.913131	-51.747	-42.740	0.0642
39	17	tracking	-844.167703	68.951106	-265.104672	-26.747	-34.740	0.0644
39	18	tracking	-843.893082	68.943505	-265.247510	-26.747	-26.740	0.0607
39	19	tracking	-843.635489	68.925333	-265.349171	-26.747	-25.689	0.0809
39	20	tracking	-843.405121	68.896939	-265.411812	-1.747	-17.689	0.0620
39	21	tracking	-843.210341	68.857658	-265.443241	23.253	-9.689	0.0660
39	22	tracking	-843.051431	68.807667	-265.452425	37.878	-7.940	0.0697
39	23	tracking	-842.922853	68.747551	-265.443880	37.878	-7.940	0.0611
39	24	tracking	-842.824728	68.676711	-265.427848	62.878	-15.940	0.0633
39	25	tracking	-842.752027	68.591312	-265.407567	67.848	-23.940	0.0612
39	26	tracking	-842.700115	68.485197	-265.384259	67.848	-31.940	0.0516
39	27	tracking	-842.665190	68.350642	-265.358880	67.848	-39.940	0.0591
39	28	tracking	-842.641444	68.179989	-265.328320	42.848	-47.168	0.0473
39	29	tracking	-842.623964	67.975184	-265.289668	17.848	-47.168	0.0457
39	30	tracking	-842.606686	67.738799	-265.241658	-7.152	-47.168	0.0437
39	31	tracking	-842.582987	67.473688	-265.185669	-32.152	-47.168	0.0441
39	32	tracking	-842.560165	67.171329	-265.122187	-7.152	-55.168	0.0385
39	33	tracking	-842.544378	66.833214	-265.051503	17.848	-55.963	0.0417
39	34	landing	-842.540704	66.473764	-264.970412	29.848	-47.963	0.0162
39	35	landing	-842.548564	66.095157	-264.878758	29.848	-47.963	0.0172
39	36	landing	-842.567472	65.699628	-264.776349	29.848	-47.963	0.0143
40	0	tracking	-850.645964	68.867102	-257.032114	-139.104	-4.000	0.1327
40	1	tracking	-849.991601	68.807284	-257.601772	-164.104	-0.670	0.0960
40	2	tracking	-849.422535	68.751906	-258.196524	170.896	-8.670	0.0897
40	3	tracking	-848.951149	68.710040	-258.797665	153.407	-16.670	0.0823
40	4	tracking	-848.533079	68.685017	-259.402840	178.407	-24.670	0.0838
40	5	tracking	-848.135704	68.677907	-259.999512	-156.593	-32.670	0.0787
40	6	tracking	-847.761383	68.687936	-260.584443	-159.186	-40.670	0.0707
40	7	tracking	-847.390151	68.712344	-261.142272	-134.186	-46.375	0.0774
40	8	tracking	-847.065941	68.678885	-261.716535	-150.375	-42.740	0.0652
40	9	tracking	-846.706783	68.703962	-262.228913	-150.375	-34.740	0.0610
40	10	tracking	-846.360863	68.732902	-262.731005	-150.375	-26.740	0.0593
40	11	tracking	-846.026261	68.760166	-263.224772	-150.375	-18.740	0.0558
40	12	tracking	-845.687499	68.789427	-263.693567	-125.375	-26.740	0.0535
40	13	tracking	-845.340288	68.821430	-264.119570	-100.375	-34.740	0.0500
40	14	tracking	-844.990413	68.853723	-264.488569	-75.375	-42.740	0.0456
40	15	tracking	-844.650057	68.880836	-264.793651	-50.375	-50.740	0.0472
40	16	tracking	-844.319173	68.900721	-265.043697	-51.747	-42.740	0.0454
40	17	tracking	-844.009137	68.912457	-265.236291	-26.747	-34.740	0.0433
40	18	tracking	-843.718613	68.914650	-265.379557	-26.747	-26.740	0.0408
40	19	tracking	-843.446630	68.906079	-265.481159	-26.747	-25.689	0.0406
40	20	tracking	-843.203428	68.886751	-265.543341	-1.747	-17.689	0.0415
40	21	tracking	-842.997354	68.855750	-265.574033	23.253	-9.689	0.0381
40	22	tracking	-842.828575	68.813270	-265.582310	37.878	-7.940	0.0380
40	23	tracking	-842.691368	68.759963	-265.572748	37.878	-7.940	0.0340
40	24	tracking	-842.585744	68.695477	-265.555712	62.878	-15.940	0.0392
40	25	tracking	-842.506515	68.616170	-265.534473	67.848	-23.940	0.0375
40	26	tracking	-842.448911	68.516029	-265.510262	67.848	-31.940	0.0358
40	27	tracking	-842.409018	68.387435	-265.484035	67.848	-39.940	0.0283
40	28	tracking	-842.380905	68.222774	-265.452656	42.848	-47.168	0.0316
40	29	tracking	-842.359535	68.023885	-265.413272	17.848	-47.168	0.0264
40	30	tracking	-842.338800	67.793249	-265.364678	-7.152	-47.168	0.0280
40	31	tracking	-842.312076	67.533678	-265.308258	-32.152	-47.168	0.0228
40	32	tracking	-842.286566	67.236739	-265.244439	-7.152	-55.168	0.0222
40	33	tracking	-842.268363	66.903901	-265.173515	17.848	-55.963	0.0244
40	34	landing	-842.258498	66.549465	-265.090590	17.848	-47.963	0.0187
40	35	landing	-842.256554	66.175770	-264.995441	17.848	-47.963	0.0169
40	36	landing	-842.262164	65.785134	-264.887863	17.848	-47.963	0.0198
41	0	tracking	-850.645964	68.867102	-257.032114	-139.104	-4.000	0.1814
41	1	tracking	-849.991601	68.807284	-257.601772	-164.104	-0.670	0.1118
41	2	tracking	-849.422535	68.751906	-258.196524	170.896	-8.670	0.1011
41	3	tracking	-848.951149	68.710040	-258.797665	153.407	-16.670	0.0987
41	4	tracking	-848.533079	68.685017	-259.402840	178.407	-24.670	0.0873
41	5	tracking	-848.135704	68.677907	-259.999512	-156.593	-32.670	0.0832
41	6	tracking	-847.761383	68.687936	-260.584443	-159.186	-40.670	0.0814
41	7	tracking	-847.390151	68.712344	-261.142272	-134.186	-46.375	0.0787
41	8	tracking	-846.965941	68.678885	-261.716535	-150.375	-42.740	0.0746
41	9	tracking	-846.606783	68.703962	-262.228913	-150.375	-34.740	0.0801
41	10	tracking	-846.260863	68.732902	-262.731005	-150.375	-26.740	0.0759
41	11	tracking	-845.926261	68.760166	-263.224772	-150.375	-18.740	0.0646
41	12	tracking	-845.587499	68.789427	-263.693567	-125.375	-26.740	0.0985
41	13	tracking	-845.240288	68.821430	-264.119570	-100.375	-34.740	0.0668
41	14	tracking	-844.890413	68.853723	-264.488569	-75.375	-42.740	0.2619
41	15	tracking	-844.550057	68.880836	-264.793651	-50.375	-50.740	0.0688
41	16	tracking	-844.219173	68.900721	-265.043697	-51.747	-42.740	0.0561
41	17	tracking	-843.909137	68.912457	-265.236291	-26.747	-34.740	0.0452
41	18	tracking	-843.618613	68.914650	-265.379557	-26.747	-26.740	0.0430
41	19	tracking	-843.346630	68.906079	-265.481159	-26.747	-25.689	0.0413
41	20	tracking	-843.103428	68.886751	-265.543341	-1.747	-17.689	0.0367
41	21	tracking	-842.897354	68.855750	-265.574033	23.253	-9.689	0.0406
41	22	tracking	-842.728575	68.813270	-265.582310	37.878	-7.940	0.0364
41	23	tracking	-842.591368	68.759963	-265.572748	37.878	-7.940	0.0350
41	24	tracking	-842.485744	68.695477	-265.555712	62.878	-15.940	0.0312
41	25	tracking	-842.406515	68.616170	-265.534473	67.848	-23.940	0.0302
41	26	tracking	-842.348911	68.516029	-265.510262	67.848	-31.940	0.0437
41	27	tracking	-842.309018	68.387435	-265.484035	67.848	-39.940	0.0284
41	28	tracking	-842.280905	68.222774	-265.452656	42.848	-47.168	0.0273
41	29	tracking	-842.259535	68.023885	-265.413272	17.848	-47.168	0.0300
41	30	tracking	-842.238800	67.793249	-265.364678	-7.152	-47.168	0.0237
41	31	tracking	-842.212076	67.533678	-265.308258	-32.152	-47.168	0.0258
41	32	tracking	-842.186566	67.236739	-265.244439	-7.152	-55.168	0.0215
41	33	tracking	-842.168363	66.903901	-265.173515	17.848	-55.963	0.0215
41	34	landing	-842.158498	66.549465	-265.090590	17.848	-47.963	0.0215
41	35	landing	-842.156554	66.175770	-264.995441	17.848	-47.963	0.0167
41	36	landing	-842.162164	65.785134	-264.887863	17.848	-47.963	0.0159
42	0	tracking	-850.645964	68.867102	-257.032114	-139.104	-4.000	0.1690
42	1	tracking	-849.991601	68.807284	-257.601772	-164.104	-0.670	0.0943
42	2	tracking	-849.422535	68.751906	-258.196524	170.896	-8.670	0.0877
42	3	tracking	-848.951149	68.710040	-258.797665	153.407	-16.670	0.1224
42	4	tracking	-848.533079	68.685017	-259.402840	178.407	-24.670	0.0842
42	5	tracking	-848.135704	68.677907	-259.999512	-156.593	-32.670	0.0764
42	6	tracking	-847.761383	68.687936	-260.584443	-159.186	-40.670	0.0720
42	7	tracking	-847.390151	68.712344	-261.142272	-134.186	-46.375	0.0705
42	8	tracking	-847.065941	68.778885	-261.716535	-150.375	-42.740	0.0646
42	9	tracking	-846.706783	68.803962	-262.228913	-150.375	-34.740	0.0640
42	10	tracking	-846.360863	68.832902	-262.731005	-150.375	-26.740	0.0578
42	11	tracking	-846.026261	68.860166	-263.224772	-150.375	-18.740	0.0555
42	12	tracking	-845.687499	68.889427	-263.693567	-125.375	-26.740	0.0500
42	13	tracking	-845.340288	68.921430	-264.119570	-100.375	-34.740	0.0510
42	14	tracking	-844.990413	68.953723	-264.488569	-75.375	-42.740	0.0482
42	15	tracking	-844.650057	68.980836	-264.793651	-50.375	-50.740	0.0504
42	16	tracking	-844.319173	69.000721	-265.043697	-51.747	-42.740	0.0534
42	17	tracking	-844.009137	69.012457	-265.236291	-26.747	-34.740	0.0436
42	18	tracking	-843.718613	69.014650	-265.379557	-26.747	-26.740	0.0419
42	19	tracking	-843.446630	69.006079	-265.481159	-26.747	-25.689	0.0380
42	20	tracking	-843.203428	68.986751	-265.543341	-1.747	-17.689	0.0403
42	21	tracking	-842.997354	68.955750	-265.574033	23.253	-9.689	0.0380
42	22	tracking	-842.828575	68.913270	-265.582310	37.878	-7.940	0.0342
42	23	tracking	-842.691368	68.859963	-265.572748	37.878	-7.940	0.0352
42	24	tracking	-842.585744	68.795477	-265.555712	62.878	-15.940	0.0315
42	25	tracking	-842.506515	68.716170	-265.534473	67.848	-23.940	0.0341
42	26	tracking	-842.448911	68.616029	-265.510262	67.848	-31.940	0.0286
42	27	tracking	-842.409018	68.487435	-265.484035	67.848	-39.940	0.0318
42	28	tracking	-842.380905	68.322774	-265.452656	42.848	-47.168	0.0258
42	29	tracking	-842.359535	68.123885	-265.413272	17.848	-47.168	0.0286
42	30	tracking	-842.338800	67.893249	-265.364678	-7.152	-47.168	0.0250
42	31	tracking	-842.312076	67.633678	-265.308258	-32.152	-47.168	0.0261
42	32	tracking	-842.286566	67.336739	-265.244439	-7.152	-55.168	0.0225
42	33	tracking	-842.268363	67.003901	-265.173515	17.848	-55.963	0.0347
42	34	landing	-842.258498	66.649465	-265.090590	17.848	-47.963	0.0241
42	35	landing	-842.256554	66.275770	-264.995441	17.848	-47.963	0.0169
42	36	landing	-842.262164	65.885134	-264.887863	17.848	-47.963	0.0154
43	0	tracking	-850.645964	68.867102	-257.032114	-139.104	-4.000	0.1323
43	1	tracking	-849.991601	68.807284	-257.601772	-164.104	-0.670	0.0941
43	2	tracking	-849.422535	68.751906	-258.196524	170.896	-8.670	0.0877
43	3	tracking	-848.951149	68.710040	-258.797665	153.407	-16.670	0.0814
43	4	tracking	-848.533079	68.685017	-259.402840	178.407	-24.670	0.0974
43	5	tracking	-848.135704	68.677907	-259.999512	-156.593	-32.670	0.0803
43	6	tracking	-847.761383	68.687936	-260.584443	-159.186	-40.670	0.0747
43	7	tracking	-847.390151	68.712344	-261.142272	-134.186	-46.375	0.0743
43	8	tracking	-846.965941	68.778885	-261.716535	-150.375	-42.740	0.0677
43	9	tracking	-846.606783	68.803962	-262.228913	-150.375	-34.740	0.0648
43	10	tracking	-846.260863	68.832902	-262.731005	-150.375	-26.740	0.0609
43	11	tracking	-845.926261	68.860166	-263.224772	-150.375	-18.740	0.0543
43	12	tracking	-845.587499	68.889427	-263.693567	-125.375	-26.740	0.0537
43	13	tracking	-845.240288	68.921430	-264.119570	-100.375	-34.740	0.0554
43	14	tracking	-844.890413	68.953723	-264.488569	-75.375	-42.740	0.0512
43	15	tracking	-844.550057	68.980836	-264.793651	-50.375	-50.740	0.0590
43	16	tracking	-844.219173	69.000721	-265.043697	-51.747	-42.740	0.0438
43	17	tracking	-843.909137	69.012457	-265.236291	-26.747	-34.740	0.0451
43	18	tracking	-843.618613	69.014650	-265.379557	-26.747	-26.740	0.0449
43	19	tracking	-843.346630	69.006079	-265.481159	-26.747	-25.689	0.0411
43	20	tracking	-843.103428	68.986751	-265.543341	-1.747	-17.689	0.0417
43	21	tracking	-842.897354	68.955750	-265.574033	23.253	-9.689	0.0404
43	22	tracking	-842.728575	68.913270	-265.582310	37.878	-7.940	0.0348
43	23	tracking	-842.591368	68.859963	-265.572748	37.878	-7.940	0.0551
43	24	tracking	-842.485744	68.795477	-265.555712	62.878	-15.940	0.0379
43	25	tracking	-842.406515	68.716170	-265.534473	67.848	-23.940	0.0354
43	26	tracking	-842.348911	68.616029	-265.510262	67.848	-31.940	0.0297
43	27	tracking	-842.309018	68.487435	-265.484035	67.848	-39.940	0.0307
43	28	tracking	-842.280905	68.322774	-265.452656	42.848	-47.168	0.0267
43	29	tracking	-842.259535	68.123885	-265.413272	17.848	-47.168	0.0288
43	30	tracking	-842.238800	67.893249	-265.364678	-7.152	-47.168	0.0267
43	31	tracking	-842.212076	67.633678	-265.308258	-32.152	-47.168	0.0221
43	32	tracking	-842.186566	67.336739	-265.244439	-7.152	-55.168	0.0211
43	33	tracking	-842.168363	67.003901	-265.173515	17.848	-55.963	0.0234
43	34	landing	-842.158498	66.649465	-265.090590	17.848	-47.963	0.0245
43	35	landing	-842.156554	66.275770	-264.995441	17.848	-47.963	0.0194
43	36	landing	-842.162164	65.885134	-264.887863	17.848	-47.963	0.0180
44	0	tracking	-850.645964	68.867102	-257.032114	-139.104	-4.000	0.1256
44	1	tracking	-849.991601	68.807284	-257.601772	-164.104	-0.670	0.0884
44	2	tracking	-849.422535	68.751906	-258.196524	170.896	-8.670	0.0825
44	3	tracking	-848.951149	68.710040	-258.797665	153.407	-16.670	0.0790
44	4	tracking	-848.533079	68.685017	-259.402840	178.407	-24.670	0.0724
44	5	tracking	-848.135704	68.677907	-259.999512	-156.593	-32.670	0.0709
44	6	tracking	-847.761383	68.687936	-260.584443	-159.186	-40.670	0.0702
44	7	tracking	-847.390151	68.712344	-261.142272	-134.186	-46.375	0.0663
44	8	tracking	-847.065941	68.678885	-261.616535	-150.375	-42.740	0.1374
44	9	tracking	-846.706783	68.703962	-262.128913	-150.375	-34.740	0.1171
44	10	tracking	-846.360863	68.732902	-262.631005	-150.375	-26.740	0.0913
44	11	tracking	-846.026261	68.760166	-263.124772	-150.375	-18.740	0.0838
44	12	tracking	-845.687499	68.789427	-263.593567	-125.375	-26.740	0.0816
44	13	tracking	-845.340288	68.821430	-264.019570	-100.375	-34.740	0.0833
44	14	tracking	-844.990413	68.853723	-264.388569	-75.375	-42.740	0.0766
44	15	tracking	-844.650057	68.880836	-264.693651	-50.375	-50.740	0.0753
44	16	tracking	-844.319173	68.900721	-264.943697	-51.747	-42.740	0.0730
44	17	tracking	-844.009137	68.912457	-265.136291	-26.747	-34.740	0.0709
44	18	tracking	-843.718613	68.914650	-265.279557	-26.747	-26.740	0.0713
44	19	tracking	-843.446630	68.906079	-265.381159	-26.747	-25.689	0.0685
44	20	tracking	-843.203428	68.886751	-265.443341	-1.747	-17.689	0.0667
44	21	tracking	-842.997354	68.855750	-265.474033	23.253	-9.689	0.0674
44	22	tracking	-842.828575	68.813270	-265.482310	37.878	-7.940	0.0768
44	23	tracking	-842.691368	68.759963	-265.472748	37.878	-7.940	0.0643
44	24	tracking	-842.585744	68.695477	-265.455712	62.878	-15.940	0.0730
44	25	tracking	-842.506515	68.616170	-265.434473	67.848	-23.940	0.0626
44	26	tracking	-842.448911	68.516029	-265.410262	67.848	-31.940	0.0604
44	27	tracking	-842.409018	68.387435	-265.384035	67.848	-39.940	0.0601
44	28	tracking	-842.380905	68.222774	-265.352656	42.848	-47.168	0.0675
44	29	tracking	-842.359535	68.023885	-265.313272	17.848	-47.168	0.0583
44	30	tracking	-842.338800	67.793249	-265.264678	-7.152	-47.168	0.0557
44	31	tracking	-842.312076	67.533678	-265.208258	-32.152	-47.168	0.0518
44	32	tracking	-842.286566	67.236739	-265.144439	-7.152	-55.168	0.0499
44	33	tracking	-842.268363	66.903901	-265.073515	17.848	-55.963	0.0515
44	34	landing	-842.262461	66.549465	-264.992342	29.848	-47.963	0.0210
44	35	landing	-842.268244	66.175573	-264.900776	29.848	-47.963	0.0205
44	36	landing	-842.285198	65.784433	-264.798623	29.848	-47.963	0.0147
45	0	tracking	-850.645964	68.867102	-257.032114	-139.104	-4.000	0.1265
45	1	tracking	-849.991601	68.807284	-257.601772	-164.104	-0.670	0.0935
45	2	tracking	-849.422535	68.751906	-258.196524	170.896	-8.670	0.0868
45	3	tracking	-848.951149	68.710040	-258.797665	153.407	-16.670	0.0941
45	4	tracking	-848.533079	68.685017	-259.402840	178.407	-24.670	0.0857
45	5	tracking	-848.135704	68.677907	-259.999512	-156.593	-32.670	0.0752
45	6	tracking	-847.761383	68.687936	-260.584443	-159.186	-40.670	0.0692
45	7	tracking	-847.390151	68.712344	-261.142272	-134.186	-46.375	0.0712
45	8	tracking	-846.965941	68.678885	-261.616535	-150.375	-42.740	0.1131
45	9	tracking	-846.606783	68.703962	-262.128913	-150.375	-34.740	0.1271
45	10	tracking	-846.260863	68.732902	-262.631005	-150.375	-26.740	0.1291
45	11	tracking	-845.926261	68.760166	-263.124772	-150.375	-18.740	0.1169
45	12	tracking	-845.587499	68.789427	-263.593567	-125.375	-26.740	0.0821
45	13	tracking	-845.240288	68.821430	-264.019570	-100.375	-34.740	0.0832
45	14	tracking	-844.890413	68.853723	-264.388569	-75.375	-42.740	0.0787
45	15	tracking	-844.550057	68.880836	-264.693651	-50.375	-50.740	0.0751
45	16	tracking	-844.219173	68.900721	-264.943697	-51.747	-42.740	0.0830
45	17	tracking	-843.909137	68.912457	-265.136291	-26.747	-34.740	0.0785
45	18	tracking	-843.618613	68.914650	-265.279557	-26.747	-26.740	0.0718
45	19	tracking	-843.346630	68.906079	-265.381159	-26.747	-25.689	0.0694
45	20	tracking	-843.103428	68.886751	-265.443341	-1.747	-17.689	0.0675
45	21	tracking	-842.897354	68.855750	-265.474033	23.253	-9.689	0.0660
45	22	tracking	-842.728575	68.813270	-265.482310	37.878	-7.940	0.0791
45	23	tracking	-842.591368	68.759963	-265.472748	37.878	-7.940	0.0763
45	24	tracking	-842.485744	68.695477	-265.455712	62.878	-15.940	0.0732
45	25	tracking	-842.406515	68.616170	-265.434473	67.848	-23.940	0.0679
45	26	tracking	-842.348911	68.516029	-265.410262	67.848	-31.940	0.0668
45	27	tracking	-842.309018	68.387435	-265.384035	67.848	-39.940	0.0644
45	28	tracking	-842.280905	68.222774	-265.352656	42.848	-47.168	0.0633
45	29	tracking	-842.259535	68.023885	-265.313272	17.848	-47.168	0.0637
45	30	tracking	-842.238800	67.793249	-265.264678	-7.152	-47.168	0.0615
45	31	tracking	-842.212076	67.533678	-265.208258	-32.152	-47.168	0.0655
45	32	tracking	-842.186566	67.236739	-265.144439	-7.152	-55.168	0.0586
45	33	tracking	-842.168363	66.903901	-265.073515	17.848	-55.963	0.0656
45	34	landing	-842.162461	66.549465	-264.992342	29.848	-47.963	0.0235
45	35	landing	-842.168244	66.175573	-264.900776	29.848	-47.963	0.0232
45	36	landing	-842.185198	65.784433	-264.798623	29.848	-47.963	0.0164
46	0	tracking	-850.645964	68.867102	-257.032114	-139.104	-4.000	0.1366
46	1	tracking	-849.991601	68.807284	-257.601772	-164.104	-0.670	0.0982
46	2	tracking	-849.422535	68.751906	-258.196524	170.896	-8.670	0.0890
46	3	tracking	-848.951149	68.710040	-258.797665	153.407	-16.670	0.0839
46	4	tracking	-848.533079	68.685017	-259.402840	178.407	-24.670	0.0767
46	5	tracking	-848.135704	68.677907	-259.999512	-156.593	-32.670	0.0731
46	6	tracking	-847.761383	68.687936	-260.584443	-159.186	-40.670	0.0698
46	7	tracking	-847.390151	68.712344	-261.142272	-134.186	-46.375	0.0695
46	8	tracking	-847.065941	68.778885	-261.616535	-150.375	-42.740	0.1442
46	9	tracking	-846.706783	68.803962	-262.128913	-150.375	-34.740	0.0956
46	10	tracking	-846.360863	68.832902	-262.631005	-150.375	-26.740	0.0909
46	11	tracking	-846.026261	68.860166	-263.124772	-150.375	-18.740	0.0938
46	12	tracking	-845.687499	68.889427	-263.593567	-125.375	-26.740	0.0934
46	13	tracking	-845.340288	68.921430	-264.019570	-100.375	-34.740	0.0810
46	14	tracking	-844.990413	68.953723	-264.388569	-75.375	-42.740	0.0789
46	15	tracking	-844.650057	68.980836	-264.693651	-50.375	-50.740	0.0842
46	16	tracking	-844.319173	69.000721	-264.943697	-51.747	-42.740	0.0771
46	17	tracking	-844.009137	69.012457	-265.136291	-26.747	-34.740	0.0832
46	18	tracking	-843.718613	69.014650	-265.279557	-26.747	-26.740	0.0735
46	19	tracking	-843.446630	69.006079	-265.381159	-26.747	-25.689	0.0714
46	20	tracking	-843.203428	68.986751	-265.443341	-1.747	-17.689	0.0691
46	21	tracking	-842.997354	68.955750	-265.474033	23.253	-9.689	0.0685
46	22	tracking	-842.828575	68.913270	-265.482310	37.878	-7.940	0.0665
46	23	tracking	-842.691368	68.859963	-265.472748	37.878	-7.940	0.0676
46	24	tracking	-842.585744	68.795477	-265.455712	62.878	-15.940	0.0635
46	25	tracking	-842.506515	68.716170	-265.434473	67.848	-23.940	0.0638
46	26	tracking	-842.448911	68.616029	-265.410262	67.848	-31.940	0.0720
46	27	tracking	-842.409018	68.487435	-265.384035	67.848	-39.940	0.0675
46	28	tracking	-842.380905	68.322774	-265.352656	42.848	-47.168	0.0614
46	29	tracking	-842.359535	68.123885	-265.313272	17.848	-47.168	0.0583
46	30	tracking	-842.338800	67.893249	-265.264678	-7.152	-47.168	0.3310
46	31	tracking	-842.312076	67.633678	-265.208258	-32.152	-47.168	0.1684
46	32	tracking	-842.286566	67.336739	-265.144439	-7.152	-55.168	0.1336
46	33	tracking	-842.268363	67.003901	-265.073515	17.848	-55.963	0.0977
46	34	landing	-842.262461	66.649465	-264.992342	29.848	-47.963	0.0961
46	35	landing	-842.268244	66.275573	-264.900776	29.848	-47.963	0.0375
46	36	landing	-842.285198	65.884433	-264.798623	29.848	-47.963	0.0349
47	0	tracking	-850.645964	68.867102	-257.032114	-139.104	-4.000	0.1614
47	1	tracking	-849.991601	68.807284	-257.601772	-164.104	-0.670	0.0948
47	2	tracking	-849.422535	68.751906	-258.196524	170.896	-8.670	0.0910
47	3	tracking	-848.951149	68.710040	-258.797665	153.407	-16.670	0.0815
47	4	tracking	-848.533079	68.685017	-259.402840	178.407	-24.670	0.1649
47	5	tracking	-848.135704	68.677907	-259.999512	-156.593	-32.670	0.0926
47	6	tracking	-847.761383	68.687936	-260.584443	-159.186	-40.670	0.0718
47	7	tracking	-847.390151	68.712344	-261.142272	-134.186	-46.375	0.0937
47	8	tracking	-846.965941	68.778885	-261.616535	-150.375	-42.740	0.1168
47	9	tracking	-846.606783	68.803962	-262.128913	-150.375	-34.740	0.0968
47	10	tracking	-846.260863	68.832902	-262.631005	-150.375	-26.740	0.0905
47	11	tracking	-845.926261	68.860166	-263.124772	-150.375	-18.740	0.0909
47	12	tracking	-845.587499	68.889427	-263.593567	-125.375	-26.740	0.0894
47	13	tracking	-845.240288	68.921430	-264.019570	-100.375	-34.740	0.0830
47	14	tracking	-844.890413	68.953723	-264.388569	-75.375	-42.740	0.0805
47	15	tracking	-844.550057	68.980836	-264.693651	-50.375	-50.740	0.0907
47	16	tracking	-844.219173	69.000721	-264.943697	-51.747	-42.740	0.0749
47	17	tracking	-843.909137	69.012457	-265.136291	-26.747	-34.740	0.0739
47	18	tracking	-843.618613	69.014650	-265.279557	-26.747	-26.740	0.0863
47	19	tracking	-843.346630	69.006079	-265.381159	-26.747	-25.689	0.0725
47	20	tracking	-843.103428	68.986751	-265.443341	-1.747	-17.689	0.0790
47	21	tracking	-842.897354	68.955750	-265.474033	23.253	-9.689	0.0723
47	22	tracking	-842.728575	68.913270	-265.482310	37.878	-7.940	0.0671
47	23	tracking	-842.591368	68.859963	-265.472748	37.878	-7.940	0.0651
47	24	tracking	-842.485744	68.795477	-265.455712	62.878	-15.940	0.0636
47	25	tracking	-842.406515	68.716170	-265.434473	67.848	-23.940	0.0644
47	26	tracking	-842.348911	68.616029	-265.410262	67.848	-31.940	0.0633
47	27	tracking	-842.309018	68.487435	-265.384035	67.848	-39.940	0.0726
47	28	tracking	-842.280905	68.322774	-265.352656	42.848	-47.168	0.0614
47	29	tracking	-842.259535	68.123885	-265.313272	17.848	-47.168	0.0602
47	30	tracking	-842.238800	67.893249	-265.264678	-7.152	-47.168	0.0566
47	31	tracking	-842.212076	67.633678	-265.208258	-32.152	-47.168	0.0531
47	32	tracking	-842.186566	67.336739	-265.144439	-7.152	-55.168	0.0944
47	33	tracking	-842.168363	67.003901	-265.073515	17.848	-55.963	0.0540
47	34	landing	-842.162461	66.649465	-264.992342	29.848	-47.963	0.0291
47	35	landing	-842.168244	66.275573	-264.900776	29.848	-47.963	0.0230
47	36	landing	-842.185198	65.884433	-264.798623	29.848	-47.963	0.0153
48	0	tracking	-850.645964	68.867102	-257.032114	-139.104	-4.000	0.1278
48	1	tracking	-849.991601	68.807284	-257.601772	-164.104	-0.670	0.0917
48	2	tracking	-849.422535	68.751906	-258.196524	170.896	-8.670	0.0989
48	3	tracking	-848.951149	68.710040	-258.797665	153.407	-16.670	0.0819
48	4	tracking	-848.533079	68.685017	-259.402840	178.407	-24.670	0.0760
48	5	tracking	-848.135704	68.677907	-259.999512	-156.593	-32.670	0.0719
48	6	tracking	-847.761383	68.687936	-260.584443	-159.186	-40.670	0.0690
48	7	tracking	-847.390151	68.712344	-261.142272	-134.186	-46.375	0.0923
48	8	tracking	-847.103371	68.714036	-261.713386	-150.375	-42.740	0.1161
48	9	tracking	-846.779166	68.770353	-262.220142	-150.375	-34.740	0.1074
48	10	tracking	-846.465627	68.827994	-262.715047	-150.375	-26.740	0.1087
48	11	tracking	-846.160908	68.882424	-263.200595	-150.375	-18.740	0.1040
48	12	tracking	-845.850626	68.936615	-263.660751	-125.375	-26.740	0.1019
48	13	tracking	-845.531206	68.990701	-264.078615	-100.375	-34.740	0.0957
48	14	tracking	-845.208529	69.041799	-264.440997	-75.375	-42.740	0.1178
48	15	tracking	-844.894203	69.084342	-264.741672	-50.375	-50.740	0.1052
48	16	tracking	-844.588392	69.116652	-264.989274	-51.747	-42.740	0.0893
48	17	tracking	-844.301785	69.138223	-265.181851	-26.747	-34.740	0.0918
48	18	tracking	-844.033188	69.148173	-265.327185	-26.747	-26.740	0.0860
48	19	tracking	-843.781690	69.145579	-265.432514	-26.747	-25.689	0.0890
48	20	tracking	-843.556802	69.130904	-265.500057	-1.747	-17.689	0.0820
48	21	tracking	-843.366292	69.103677	-265.537281	23.253	-9.689	0.0789
48	22	tracking	-843.210356	69.064287	-265.552697	37.878	-7.940	0.0747
48	23	tracking	-843.083716	69.013496	-265.550620	37.878	-7.940	0.0746
48	24	tracking	-842.986459	68.950875	-265.540790	62.878	-15.940	0.0713
48	25	tracking	-842.913834	68.872772	-265.526319	67.848	-23.940	0.0687
48	26	tracking	-842.861449	68.773197	-265.508409	67.848	-31.940	0.1281
48	27	tracking	-842.825678	68.644551	-265.488011	67.848	-39.940	0.0711
48	28	tracking	-842.800913	68.479238	-265.462175	42.848	-47.168	0.0766
48	29	tracking	-842.782393	68.279156	-265.428143	17.848	-47.168	0.0658
48	30	tracking	-842.764246	68.046847	-265.384708	-7.152	-47.168	0.0648
48	31	tracking	-842.740015	67.785183	-265.333182	-32.152	-47.168	0.0611
48	32	tracking	-842.716766	67.485694	-265.274043	-7.152	-55.168	0.0595
48	33	tracking	-842.700489	67.149897	-265.207563	17.848	-55.963	0.0603
48	34	landing	-842.696190	66.792245	-265.130549	29.848	-47.963	0.0236
48	35	landing	-842.703311	66.414946	-265.042844	29.848	-47.963	0.0199
48	36	landing	-842.721390	66.020268	-264.944250	29.848	-47.963	0.0181
48	37	landing	-842.750020	65.610463	-264.834580	29.848	-47.963	0.0181
49	0	tracking	-850.645964	68.867102	-257.032114	-139.104	-4.000	0.1341
49	1	tracking	-849.991601	68.807284	-257.601772	-164.104	-0.670	0.0914
49	2	tracking	-849.422535	68.751906	-258.196524	170.896	-8.670	0.0873
49	3	tracking	-848.951149	68.710040	-258.797665	153.407	-16.670	0.0832
49	4	tracking	-848.533079	68.685017	-259.402840	178.407	-24.670	0.0771
49	5	tracking	-848.135704	68.677907	-259.999512	-156.593	-32.670	0.0750
49	6	tracking	-847.761383	68.687936	-260.584443	-159.186	-40.670	0.0813
49	7	tracking	-847.390151	68.712344	-261.142272	-134.186	-46.375	0.0767
49	8	tracking	-847.003371	68.714036	-261.713386	-150.375	-42.740	0.0775
49	9	tracking	-846.679166	68.770353	-262.220142	-150.375	-34.740	0.0701
49	10	tracking	-846.365627	68.827994	-262.715047	-150.375	-26.740	0.0628
49	11	tracking	-846.060908	68.882424	-263.200595	-150.375	-18.740	0.0660
49	12	tracking	-845.750626	68.936615	-263.660751	-125.375	-26.740	0.0573
49	13	tracking	-845.431206	68.990701	-264.078615	-100.375	-34.740	0.0554
49	14	tracking	-845.108529	69.041799	-264.440997	-75.375	-42.740	0.0535
49	15	tracking	-844.794203	69.084342	-264.741672	-50.375	-50.740	0.0486
49	16	tracking	-844.488392	69.116652	-264.989274	-51.747	-42.740	0.0480
49	17	tracking	-844.201785	69.138223	-265.181851	-26.747	-34.740	0.0461
49	18	tracking	-843.933188	69.148173	-265.327185	-26.747	-26.740	0.0444
49	19	tracking	-843.681690	69.145579	-265.432514	-26.747	-25.689	0.0417
49	20	tracking	-843.456802	69.130904	-265.500057	-1.747	-17.689	0.0410
49	21	tracking	-843.266292	69.103677	-265.537281	23.253	-9.689	0.0399
49	22	tracking	-843.110356	69.064287	-265.552697	37.878	-7.940	0.0378
49	23	tracking	-842.983716	69.013496	-265.550620	37.878	-7.940	0.0380
49	24	tracking	-842.886459	68.950875	-265.540790	62.878	-15.940	0.0326
49	25	tracking	-842.813834	68.872772	-265.526319	67.848	-23.940	0.0350
49	26	tracking	-842.761449	68.773197	-265.508409	67.848	-31.940	0.0305
49	27	tracking	-842.725678	68.644551	-265.488011	67.848	-39.940	0.0323
49	28	tracking	-842.700913	68.479238	-265.462175	42.848	-47.168	0.0286
49	29	tracking	-842.682393	68.279156	-265.428143	17.848	-47.168	0.0367
49	30	tracking	-842.664246	68.046847	-265.384708	-7.152	-47.168	0.0485
49	31	tracking	-842.640015	67.785183	-265.333182	-32.152	-47.168	0.0287
49	32	tracking	-842.616766	67.485694	-265.274043	-7.152	-55.168	0.0240
49	33	tracking	-842.600489	67.149897	-265.207563	17.848	-55.963	0.0256
49	34	landing	-842.592270	66.792245	-265.128816	17.848	-47.963	0.0201
49	35	landing	-842.591736	66.415137	-265.037566	17.848	-47.963	0.0178
49	36	landing	-842.598557	66.020940	-264.933603	17.848	-47.963	0.0202
49	37	landing	-842.612427	65.611953	-264.816769	17.848	-47.963	0.0149
50	0	tracking	-850.645964	68.867102	-257.032114	-139.104	-4.000	0.1367
50	1	tracking	-849.991601	68.807284	-257.601772	-164.104	-0.670	0.0940
50	2	tracking	-849.422535	68.751906	-258.196524	170.896	-8.670	0.0915
50	3	tracking	-848.951149	68.710040	-258.797665	153.407	-16.670	0.0858
50	4	tracking	-848.533079	68.685017	-259.402840	178.407	-24.670	0.0945
50	5	tracking	-848.135704	68.677907	-259.999512	-156.593	-32.670	0.0766
50	6	tracking	-847.761383	68.687936	-260.584443	-159.186	-40.670	0.0738
50	7	tracking	-847.390151	68.712344	-261.142272	-134.186	-46.375	0.0724
50	8	tracking	-847.103371	68.814036	-261.713386	-150.375	-42.740	0.1205
50	9	tracking	-846.779166	68.870353	-262.220142	-150.375	-34.740	0.1411
50	10	tracking	-846.465627	68.927994	-262.715047	-150.375	-26.740	0.1360
50	11	tracking	-846.160908	68.982424	-263.200595	-150.375	-18.740	0.1060
50	12	tracking	-845.850626	69.036615	-263.660751	-125.375	-26.740	0.1046
50	13	tracking	-845.531206	69.090701	-264.078615	-100.375	-34.740	0.0977
50	14	tracking	-845.208529	69.141799	-264.440997	-75.375	-42.740	0.1032
50	15	tracking	-844.894203	69.184342	-264.741672	-50.375	-50.740	0.1040
50	16	tracking	-844.588392	69.216652	-264.989274	-51.747	-42.740	0.0989
50	17	tracking	-844.301785	69.238223	-265.181851	-26.747	-34.740	0.0948
50	18	tracking	-844.033188	69.248173	-265.327185	-26.747	-26.740	0.0859
50	19	tracking	-843.781690	69.245579	-265.432514	-26.747	-25.689	0.1370
50	20	tracking	-843.556802	69.230904	-265.500057	-1.747	-17.689	0.0938
50	21	tracking	-843.366292	69.203677	-265.537281	23.253	-9.689	0.0881
50	22	tracking	-843.210356	69.164287	-265.552697	37.878	-7.940	0.0863
50	23	tracking	-843.083716	69.113496	-265.550620	37.878	-7.940	0.0795
50	24	tracking	-842.986459	69.050875	-265.540790	62.878	-15.940	0.0771
50	25	tracking	-842.913834	68.972772	-265.526319	67.848	-23.940	0.0894
50	26	tracking	-842.861449	68.873197	-265.508409	67.848	-31.940	0.0857
50	27	tracking	-842.825678	68.744551	-265.488011	67.848	-39.940	0.0690
50	28	tracking	-842.800913	68.579238	-265.462175	42.848	-47.168	0.0676
50	29	tracking	-842.782393	68.379156	-265.428143	17.848	-47.168	0.0720
50	30	tracking	-842.764246	68.146847	-265.384708	-7.152	-47.168	0.0675
50	31	tracking	-842.740015	67.885183	-265.333182	-32.152	-47.168	0.0632
50	32	tracking	-842.716766	67.585694	-265.274043	-7.152	-55.168	0.0613
50	33	tracking	-842.700489	67.249897	-265.207563	17.848	-55.963	0.0608
50	34	landing	-842.696190	66.892245	-265.130549	29.848	-47.963	0.0209
50	35	landing	-842.703311	66.514946	-265.042844	29.848	-47.963	0.0226
50	36	landing	-842.721390	66.120268	-264.944250	29.848	-47.963	0.0186
50	37	landing	-842.750020	65.710463	-264.834580	29.848	-47.963	0.0157
51	0	tracking	-850.645964	68.867102	-257.032114	-139.104	-4.000	0.1356
51	1	tracking	-849.991601	68.807284	-257.601772	-164.104	-0.670	0.0893
51	2	tracking	-849.422535	68.751906	-258.196524	170.896	-8.670	0.0924
51	3	tracking	-848.951149	68.710040	-258.797665	153.407	-16.670	0.0870
51	4	tracking	-848.533079	68.685017	-259.402840	178.407	-24.670	0.0777
51	5	tracking	-848.135704	68.677907	-259.999512	-156.593	-32.670	0.0748
51	6	tracking	-847.761383	68.687936	-260.584443	-159.186	-40.670	0.2241
51	7	tracking	-847.390151	68.712344	-261.142272	-134.186	-46.375	0.0750
51	8	tracking	-847.003371	68.814036	-261.713386	-150.375	-42.740	0.0760
51	9	tracking	-846.679166	68.870353	-262.220142	-150.375	-34.740	0.0681
51	10	tracking	-846.365627	68.927994	-262.715047	-150.375	-26.740	0.0637
51	11	tracking	-846.060908	68.982424	-263.200595	-150.375	-18.740	0.0683
51	12	tracking	-845.750626	69.036615	-263.660751	-125.375	-26.740	0.0557
51	13	tracking	-845.431206	69.090701	-264.078615	-100.375	-34.740	0.0555
51	14	tracking	-845.108529	69.141799	-264.440997	-75.375	-42.740	0.0530
51	15	tracking	-844.794203	69.184342	-264.741672	-50.375	-50.740	0.0527
51	16	tracking	-844.488392	69.216652	-264.989274	-51.747	-42.740	0.0500
51	17	tracking	-844.201785	69.238223	-265.181851	-26.747	-34.740	0.0452
51	18	tracking	-843.933188	69.248173	-265.327185	-26.747	-26.740	0.0474
51	19	tracking	-843.681690	69.245579	-265.432514	-26.747	-25.689	0.0500
51	20	tracking	-843.456802	69.230904	-265.500057	-1.747	-17.689	0.0574
51	21	tracking	-843.266292	69.203677	-265.537281	23.253	-9.689	0.0557
51	22	tracking	-843.110356	69.164287	-265.552697	37.878	-7.940	0.0423
51	23	tracking	-842.983716	69.113496	-265.550620	37.878	-7.940	0.0378
51	24	tracking	-842.886459	69.050875	-265.540790	62.878	-15.940	0.0427
51	25	tracking	-842.813834	68.972772	-265.526319	67.848	-23.940	0.0359
51	26	tracking	-842.761449	68.873197	-265.508409	67.848	-31.940	0.0353
51	27	tracking	-842.725678	68.744551	-265.488011	67.848	-39.940	0.0309
51	28	tracking	-842.700913	68.579238	-265.462175	42.848	-47.168	0.0337
51	29	tracking	-842.682393	68.379156	-265.428143	17.848	-47.168	0.0305
51	30	tracking	-842.664246	68.146847	-265.384708	-7.152	-47.168	0.0308
51	31	tracking	-842.640015	67.885183	-265.333182	-32.152	-47.168	0.0299
51	32	tracking	-842.616766	67.585694	-265.274043	-7.152	-55.168	0.0282
51	33	tracking	-842.600489	67.249897	-265.207563	17.848	-55.963	0.0227
51	34	landing	-842.592270	66.892245	-265.128816	17.848	-47.963	0.0227
51	35	landing	-842.591736	66.515137	-265.037566	17.848	-47.963	0.0217
51	36	landing	-842.598557	66.120940	-264.933603	17.848	-47.963	0.0178
51	37	landing	-842.612427	65.711953	-264.816769	17.848	-47.963	0.0163
52	0	tracking	-850.645964	68.867102	-257.032114	-139.104	-4.000	0.1523
52	1	tracking	-849.991601	68.807284	-257.601772	-164.104	-0.670	0.0962
52	2	tracking	-849.422535	68.751906	-258.196524	170.896	-8.670	0.0891
52	3	tracking	-848.951149	68.710040	-258.797665	153.407	-16.670	0.0933
52	4	tracking	-848.533079	68.685017	-259.402840	178.407	-24.670	0.0791
52	5	tracking	-848.135704	68.677907	-259.999512	-156.593	-32.670	0.0877
52	6	tracking	-847.761383	68.687936	-260.584443	-159.186	-40.670	0.0916
52	7	tracking	-847.390151	68.712344	-261.142272	-134.186	-46.375	0.0778
52	8	tracking	-847.103371	68.714036	-261.613386	-150.375	-42.740	0.1857
52	9	tracking	-846.779166	68.770353	-262.120142	-150.375	-34.740	0.0778
52	10	tracking	-846.465627	68.827994	-262.615047	-150.375	-26.740	0.0728
52	11	tracking	-846.160908	68.882424	-263.100595	-150.375	-18.740	0.0710
52	12	tracking	-845.850626	68.936615	-263.560751	-125.375	-26.740	0.0978
52	13	tracking	-845.531206	68.990701	-263.978615	-100.375	-34.740	0.0642
52	14	tracking	-845.208529	69.041799	-264.340997	-75.375	-42.740	0.0610
52	15	tracking	-844.894203	69.084342	-264.641672	-50.375	-50.740	0.0562
52	16	tracking	-844.588392	69.116652	-264.889274	-51.747	-42.740	0.0569
52	17	tracking	-844.301785	69.138223	-265.081851	-26.747	-34.740	0.1172
52	18	tracking	-844.033188	69.148173	-265.227185	-26.747	-26.740	0.0628
52	19	tracking	-843.781690	69.145579	-265.332514	-26.747	-25.689	0.0455
52	20	tracking	-843.556802	69.130904	-265.400057	-1.747	-17.689	0.0482
52	21	tracking	-843.366292	69.103677	-265.437281	23.253	-9.689	0.0465
52	22	tracking	-843.210356	69.064287	-265.452697	37.878	-7.940	0.0419
52	23	tracking	-843.083716	69.013496	-265.450620	37.878	-7.940	0.0532
52	24	tracking	-842.986459	68.950875	-265.440790	62.878	-15.940	0.0486
52	25	tracking	-842.913834	68.872772	-265.426319	67.848	-23.940	0.0361
52	26	tracking	-842.861449	68.773197	-265.408409	67.848	-31.940	0.0376
52	27	tracking	-842.825678	68.644551	-265.388011	67.848	-39.940	0.0358
52	28	tracking	-842.800913	68.479238	-265.362175	42.848	-47.168	0.0337
52	29	tracking	-842.782393	68.279156	-265.328143	17.848	-47.168	0.0290
52	30	tracking	-842.764246	68.046847	-265.284708	-7.152	-47.168	0.0758
52	31	tracking	-842.740015	67.785183	-265.233182	-32.152	-47.168	0.0335
52	32	tracking	-842.716766	67.485694	-265.174043	-7.152	-55.168	0.0247
52	33	tracking	-842.700489	67.149897	-265.107563	17.848	-55.963	0.0280
52	34	tracking	-842.690841	66.780141	-265.033256	17.848	-55.963	0.0205
52	35	landing	-842.689087	66.391307	-264.945794	17.848	-47.963	0.0273
52	36	landing	-842.694880	65.985783	-264.845021	17.848	-47.963	0.0225
53	0	tracking	-850.645964	68.867102	-257.032114	-139.104	-4.000	0.2157
53	1	tracking	-849.991601	68.807284	-257.601772	-164.104	-0.670	0.1142
53	2	tracking	-849.422535	68.751906	-258.196524	170.896	-8.670	0.1240
53	3	tracking	-848.951149	68.710040	-258.797665	153.407	-16.670	0.0999
53	4	tracking	-848.533079	68.685017	-259.402840	178.407	-24.670	0.0858
53	5	tracking	-848.135704	68.677907	-259.999512	-156.593	-32.670	0.0838
53	6	tracking	-847.761383	68.687936	-260.584443	-159.186	-40.670	0.0734
53	7	tracking	-847.390151	68.712344	-261.142272	-134.186	-46.375	0.0718
53	8	tracking	-847.003371	68.714036	-261.613386	-150.375	-42.740	0.1852
53	9	tracking	-846.679166	68.770353	-262.120142	-150.375	-34.740	0.0759
53	10	tracking	-846.365627	68.827994	-262.615047	-150.375	-26.740	0.0700
53	11	tracking	-846.060908	68.882424	-263.100595	-150.375	-18.740	0.0655
53	12	tracking	-845.750626	68.936615	-263.560751	-125.375	-26.740	0.1148
53	13	tracking	-845.431206	68.990701	-263.978615	-100.375	-34.740	0.0604
53	14	tracking	-845.108529	69.041799	-264.340997	-75.375	-42.740	0.0584
53	15	tracking	-844.794203	69.084342	-264.641672	-50.375	-50.740	0.0581
53	16	tracking	-844.488392	69.116652	-264.889274	-51.747	-42.740	0.0514
53	17	tracking	-844.201785	69.138223	-265.081851	-26.747	-34.740	0.0523
53	18	tracking	-843.933188	69.148173	-265.227185	-26.747	-26.740	0.0584
53	19	tracking	-843.681690	69.145579	-265.332514	-26.747	-25.689	0.0445
53	20	tracking	-843.456802	69.130904	-265.400057	-1.747	-17.689	0.0414
53	21	tracking	-843.266292	69.103677	-265.437281	23.253	-9.689	0.0872
53	22	tracking	-843.110356	69.064287	-265.452697	37.878	-7.940	0.0429
53	23	tracking	-842.983716	69.013496	-265.450620	37.878	-7.940	0.0413
53	24	tracking	-842.886459	68.950875	-265.440790	62.878	-15.940	0.0381
53	25	tracking	-842.813834	68.872772	-265.426319	67.848	-23.940	0.0354
53	26	tracking	-842.761449	68.773197	-265.408409	67.848	-31.940	0.0354
53	27	tracking	-842.725678	68.644551	-265.388011	67.848	-39.940	0.0302
53	28	tracking	-842.700913	68.479238	-265.362175	42.848	-47.168	0.0370
53	29	tracking	-842.682393	68.279156	-265.328143	17.848	-47.168	0.0320
53	30	tracking	-842.664246	68.046847	-265.284708	-7.152	-47.168	0.0326
53	31	tracking	-842.640015	67.785183	-265.233182	-32.152	-47.168	0.0248
53	32	tracking	-842.616766	67.485694	-265.174043	-7.152	-55.168	0.0229
53	33	tracking	-842.600489	67.149897	-265.107563	17.848	-55.963	0.0263
53	34	tracking	-842.590841	66.780141	-265.033256	17.848	-55.963	0.0264
53	35	landing	-842.589087	66.391307	-264.945794	17.848	-47.963	0.0181
53	36	landing	-842.594880	65.985783	-264.845021	17.848	-47.963	0.0203
54	0	tracking	-850.645964	68.867102	-257.032114	-139.104	-4.000	0.1341
54	1	tracking	-849.991601	68.807284	-257.601772	-164.104	-0.670	0.1029
54	2	tracking	-849.422535	68.751906	-258.196524	170.896	-8.670	0.1336
54	3	tracking	-848.951149	68.710040	-258.797665	153.407	-16.670	0.1158
54	4	tracking	-848.533079	68.685017	-259.402840	178.407	-24.670	0.0856
54	5	tracking	-848.135704	68.677907	-259.999512	-156.593	-32.670	0.0807
54	6	tracking	-847.761383	68.687936	-260.584443	-159.186	-40.670	0.0786
54	7	tracking	-847.390151	68.712344	-261.142272	-134.186	-46.375	0.0777
54	8	corrected	-847.104849	68.814036	-261.614193	-152.375	-42.740	3.9436
54	9	tracking	-846.783334	68.870345	-262.122408	-152.208	-34.740	0.1254
54	10	tracking	-846.473473	68.927965	-262.619298	-152.042	-26.740	0.1153
54	11	tracking	-846.173219	68.982363	-263.107242	-151.875	-18.740	0.1081
54	12	tracking	-845.867670	69.036506	-263.570522	-126.875	-26.740	0.1084
54	13	tracking	-845.552689	69.090542	-263.992291	-101.875	-34.740	0.1167
54	14	tracking	-845.233689	69.141628	-264.359144	-76.875	-42.740	0.1040
54	15	tracking	-844.922015	69.184251	-264.664472	-51.875	-50.740	0.1265
54	16	tracking	-844.618257	69.216747	-264.916462	-52.414	-42.740	0.1081
54	17	tracking	-844.333115	69.238574	-265.113043	-27.414	-34.740	0.1031
54	18	tracking	-844.065640	69.248815	-265.261959	-27.080	-26.740	0.0985
54	19	tracking	-843.815052	69.246522	-265.370480	-26.914	-25.689	0.2576
54	20	tracking	-843.590900	69.232131	-265.440858	-1.914	-17.689	0.1056
54	21	tracking	-843.400973	69.205158	-265.480590	23.086	-9.689	0.0881
54	22	tracking	-843.245538	69.165991	-265.498263	37.878	-7.940	0.3266
54	23	tracking	-843.119318	69.115393	-265.498233	37.878	-7.940	0.2881
54	24	tracking	-843.022386	69.052928	-265.490251	62.878	-15.940	0.1197
54	25	tracking	-842.950001	68.974941	-265.477448	67.848	-23.940	0.1169
54	26	tracking	-842.897783	68.875435	-265.461041	67.848	-31.940	0.1067
54	27	tracking	-842.862113	68.746802	-265.442004	67.848	-39.940	0.0849
54	28	tracking	-842.837401	68.581433	-265.417419	42.848	-47.168	0.0885
54	29	tracking	-842.818908	68.381212	-265.384566	17.848	-47.168	0.0821
54	30	tracking	-842.800794	68.148678	-265.342250	-7.152	-47.168	0.0872
54	31	tracking	-842.776628	67.886707	-265.291778	-32.152	-47.168	0.0860
54	32	tracking	-842.753443	67.586827	-265.233636	-7.152	-55.168	0.0764
54	33	tracking	-842.737208	67.250559	-265.168098	17.848	-55.963	0.0688
54	34	tracking	-842.727580	66.880261	-265.094678	17.848	-55.963	0.0699
54	35	tracking	-842.724270	66.478335	-265.012899	17.848	-55.963	0.0656
54	36	landing	-842.718319	66.060033	-264.916107	-7.152	-47.963	0.0229
54	37	landing	-842.709796	65.627809	-264.804201	-7.152	-47.963	0.0152
55	0	tracking	-850.645964	68.867102	-257.032114	-139.104	-4.000	0.1365
55	1	tracking	-849.991601	68.807284	-257.601772	-164.104	-0.670	0.0959
55	2	tracking	-849.422535	68.751906	-258.196524	170.896	-8.670	0.0892
55	3	tracking	-848.951149	68.710040	-258.797665	153.407	-16.670	0.0899
55	4	tracking	-848.533079	68.685017	-259.402840	178.407	-24.670	0.0874
55	5	tracking	-848.135704	68.677907	-259.999512	-156.593	-32.670	0.0770
55	6	tracking	-847.761383	68.687936	-260.584443	-159.186	-40.670	0.0720
55	7	tracking	-847.390151	68.712344	-261.142272	-134.186	-46.375	0.0711
55	8	corrected	-847.004106	68.814036	-261.613796	-151.375	-42.740	1.1163
55	9	tracking	-846.681240	68.870349	-262.121293	-151.292	-34.740	0.3385
55	10	tracking	-846.369531	68.927981	-262.617207	-151.208	-26.740	0.1650
55	11	tracking	-846.067035	68.982397	-263.103972	-151.125	-18.740	0.1368
55	12	tracking	-845.759106	69.036566	-263.565710	-126.125	-26.740	0.1282
55	13	tracking	-845.441889	69.090631	-263.985546	-101.125	-34.740	0.1283
55	14	tracking	-845.121031	69.141728	-264.350180	-76.125	-42.740	0.1316
55	15	tracking	-844.808011	69.184318	-264.653192	-51.125	-50.740	0.1273
55	16	tracking	-844.503207	69.216728	-264.902997	-52.080	-42.740	0.1392
55	17	tracking	-844.217316	69.238434	-265.097583	-27.080	-34.740	0.1354
55	18	tracking	-843.949264	69.248537	-265.244714	-26.914	-26.740	0.1273
55	19	tracking	-843.698207	69.246101	-265.351643	-26.830	-25.689	0.1300
55	20	tracking	-843.473675	69.231575	-265.420607	-1.830	-17.689	0.1355
55	21	tracking	-843.283445	69.204481	-265.459089	23.170	-9.689	0.1622
55	22	tracking	-843.127750	69.165208	-265.475636	37.878	-7.940	0.1227
55	23	tracking	-843.001311	69.114519	-265.474585	37.878	-7.940	0.1299
55	24	tracking	-842.904209	69.051980	-265.465681	62.878	-15.940	0.1136
55	25	tracking	-842.831697	68.973940	-265.452046	67.848	-23.940	0.1124
55	26	tracking	-842.779390	68.874403	-265.434889	67.848	-31.940	0.1536
55	27	tracking	-842.743663	68.745768	-265.415173	67.848	-39.940	0.1233
55	28	tracking	-842.718920	68.580430	-265.389964	42.848	-47.168	0.1111
55	29	tracking	-842.700408	68.380283	-265.356523	17.848	-47.168	0.1054
55	30	tracking	-842.682274	68.147865	-265.313650	-7.152	-47.168	0.1026
55	31	tracking	-842.658072	67.886049	-265.262652	-32.152	-47.168	0.0969
55	32	tracking	-842.634852	67.586368	-265.204013	-7.152	-55.168	0.0958
55	33	tracking	-842.618593	67.250338	-265.138006	17.848	-55.963	0.0915
55	34	tracking	-842.608952	66.880313	-265.064143	17.848	-55.963	0.1244
55	35	landing	-842.615532	66.491186	-264.981977	42.848	-47.963	0.0212
55	36	landing	-842.637475	66.084917	-264.891432	42.848	-47.963	0.0197
55	37	landing	-842.674102	65.663603	-264.792347	42.848	-47.963	0.0164
56	0	tracking	-850.645964	68.867102	-257.032114	-139.104	-4.000	0.1527
56	1	tracking	-849.991601	68.807284	-257.601772	-164.104	-0.670	0.1326
56	2	tracking	-849.422535	68.751906	-258.196524	170.896	-8.670	0.0988
56	3	tracking	-848.951149	68.710040	-258.797665	153.407	-16.670	0.0948
56	4	tracking	-848.533079	68.685017	-259.402840	178.407	-24.670	0.0876
56	5	tracking	-848.135704	68.677907	-259.999512	-156.593	-32.670	0.0940
56	6	tracking	-847.761383	68.687936	-260.584443	-159.186	-40.670	0.0794
56	7	tracking	-847.390151	68.712344	-261.142272	-134.186	-46.375	0.0766
56	8	tracking	-847.066891	68.715970	-261.714864	-150.375	-42.740	0.0800
56	9	tracking	-846.709337	68.775736	-262.224422	-150.375	-34.740	0.0717
56	10	tracking	-846.365226	68.837936	-262.723332	-150.375	-26.740	0.0684
56	11	tracking	-846.032394	68.897649	-263.213986	-150.375	-18.740	0.0652
56	12	tracking	-845.695734	68.958126	-263.679635	-125.375	-26.740	0.0605
56	13	tracking	-845.351293	69.019773	-264.102672	-100.375	-34.740	0.0581
56	14	tracking	-845.004907	69.079947	-264.469293	-75.375	-42.740	0.0518
56	15	tracking	-844.668536	69.133054	-264.772983	-50.375	-50.740	0.0528
56	16	tracking	-844.342207	69.176996	-265.022580	-51.747	-42.740	0.0514
56	17	tracking	-844.036897	69.210732	-265.216101	-26.747	-34.740	0.0494
56	18	tracking	-843.751369	69.232692	-265.361748	-26.747	-26.740	0.0449
56	19	tracking	-843.484608	69.241735	-265.467002	-26.747	-25.689	0.0466
56	20	tracking	-843.246113	69.237965	-265.534177	-1.747	-17.689	0.0446
56	21	tracking	-843.043581	69.220662	-265.570832	23.253	-9.689	0.0411
56	22	tracking	-842.877077	69.190245	-265.585555	37.878	-7.940	0.0430
56	23	tracking	-842.741144	69.147567	-265.582705	37.878	-7.940	0.0387
56	24	tracking	-842.635751	69.092482	-265.572111	62.878	-15.940	0.0547
56	25	tracking	-842.555997	69.021563	-265.556911	67.848	-23.940	0.0407
56	26	tracking	-842.497363	68.928996	-265.538309	67.848	-31.940	0.0318
56	27	tracking	-842.456118	68.807309	-265.517257	67.848	-39.940	0.0502
56	28	tracking	-842.426534	68.648972	-265.490774	42.848	-47.168	0.0304
56	29	tracking	-842.403721	68.455771	-265.456167	17.848	-47.168	0.0289
56	30	tracking	-842.381759	68.230143	-265.412307	-7.152	-47.168	0.0311
56	31	tracking	-842.354199	67.974905	-265.360511	-32.152	-47.168	0.0268
56	32	tracking	-842.327991	67.681687	-265.301197	-7.152	-55.168	0.0290
56	33	tracking	-842.309053	67.351978	-265.234643	17.848	-55.963	0.0228
56	34	landing	-842.298404	67.000095	-265.156009	17.848	-47.963	0.0214
56	35	landing	-842.295639	66.628403	-265.065068	17.848	-47.963	0.2287
56	36	landing	-842.300399	66.239252	-264.961603	17.848	-47.963	0.0300
56	37	landing	-842.312358	65.834930	-264.845448	17.848	-47.963	0.0208
57	0	tracking	-850.645964	68.867102	-257.032114	-139.104	-4.000	0.1753
57	1	tracking	-849.991601	68.807284	-257.601772	-164.104	-0.670	0.1139
57	2	tracking	-849.422535	68.751906	-258.196524	170.896	-8.670	0.1063
57	3	tracking	-848.951149	68.710040	-258.797665	153.407	-16.670	0.0925
57	4	tracking	-848.533079	68.685017	-259.402840	178.407	-24.670	0.0861
57	5	tracking	-848.135704	68.677907	-259.999512	-156.593	-32.670	0.0884
57	6	tracking	-847.761383	68.687936	-260.584443	-159.186	-40.670	0.1461
57	7	tracking	-847.390151	68.712344	-261.142272	-134.186	-46.375	0.0867
57	8	tracking	-846.966891	68.715970	-261.714864	-150.375	-42.740	0.0878
57	9	tracking	-846.609337	68.775736	-262.224422	-150.375	-34.740	0.1185
57	10	tracking	-846.265226	68.837936	-262.723332	-150.375	-26.740	0.0766
57	11	tracking	-845.932394	68.897649	-263.213986	-150.375	-18.740	0.0692
57	12	tracking	-845.595734	68.958126	-263.679635	-125.375	-26.740	0.0711
57	13	tracking	-845.251293	69.019773	-264.102672	-100.375	-34.740	0.0731
57	14	tracking	-844.904907	69.079947	-264.469293	-75.375	-42.740	0.0589
57	15	tracking	-844.568536	69.133054	-264.772983	-50.375	-50.740	0.0543
57	16	tracking	-844.242207	69.176996	-265.022580	-51.747	-42.740	0.0525
57	17	tracking	-843.936897	69.210732	-265.216101	-26.747	-34.740	0.0467
57	18	tracking	-843.651369	69.232692	-265.361748	-26.747	-26.740	0.0540
57	19	tracking	-843.384608	69.241735	-265.467002	-26.747	-25.689	0.0485
57	20	tracking	-843.146113	69.237965	-265.534177	-1.747	-17.689	0.0780
57	21	tracking	-842.943581	69.220662	-265.570832	23.253	-9.689	0.0625
57	22	tracking	-842.777077	69.190245	-265.585555	37.878	-7.940	0.0452
57	23	tracking	-842.641144	69.147567	-265.582705	37.878	-7.940	0.0391
57	24	tracking	-842.535751	69.092482	-265.572111	62.878	-15.940	0.0399
57	25	tracking	-842.455997	69.021563	-265.556911	67.848	-23.940	0.0345
57	26	tracking	-842.397363	68.928996	-265.538309	67.848	-31.940	0.0355
57	27	tracking	-842.356118	68.807309	-265.517257	67.848	-39.940	0.0424
57	28	tracking	-842.326534	68.648972	-265.490774	42.848	-47.168	0.0374
57	29	tracking	-842.303721	68.455771	-265.456167	17.848	-47.168	0.0285
57	30	tracking	-842.281759	68.230143	-265.412307	-7.152	-47.168	0.0305
57	31	tracking	-842.254199	67.974905	-265.360511	-32.152	-47.168	0.0270
57	32	tracking	-842.227991	67.681687	-265.301197	-7.152	-55.168	0.0472
57	33	tracking	-842.209053	67.351978	-265.234643	17.848	-55.963	0.0369
57	34	landing	-842.198404	67.000095	-265.156009	17.848	-47.963	0.0345
57	35	landing	-842.195639	66.628403	-265.065068	17.848	-47.963	0.0287
57	36	landing	-842.200399	66.239252	-264.961603	17.848	-47.963	0.0230
57	37	landing	-842.212358	65.834930	-264.845448	17.848	-47.963	0.0166
58	0	tracking	-850.645964	68.867102	-257.032114	-139.104	-4.000	0.1456
58	1	tracking	-849.991601	68.807284	-257.601772	-164.104	-0.670	0.1056
58	2	tracking	-849.422535	68.751906	-258.196524	170.896	-8.670	0.0927
58	3	tracking	-848.951149	68.710040	-258.797665	153.407	-16.670	0.0894
58	4	tracking	-848.533079	68.685017	-259.402840	178.407	-24.670	0.0828
58	5	tracking	-848.135704	68.677907	-259.999512	-156.593	-32.670	0.0805
58	6	tracking	-847.761383	68.687936	-260.584443	-159.186	-40.670	0.0754
58	7	tracking	-847.390151	68.712344	-261.142272	-134.186	-46.375	0.0737
58	8	tracking	-847.066891	68.815970	-261.714864	-150.375	-42.740	0.0838
58	9	tracking	-846.709337	68.875736	-262.224422	-150.375	-34.740	0.0774
58	10	tracking	-846.365226	68.937936	-262.723332	-150.375	-26.740	0.0808
58	11	tracking	-846.032394	68.997649	-263.213986	-150.375	-18.740	0.0857
58	12	tracking	-845.695734	69.058126	-263.679635	-125.375	-26.740	0.0669
58	13	tracking	-845.351293	69.119773	-264.102672	-100.375	-34.740	0.0946
58	14	tracking	-845.004907	69.179947	-264.469293	-75.375	-42.740	0.0616
58	15	tracking	-844.668536	69.233054	-264.772983	-50.375	-50.740	0.0534
58	16	tracking	-844.342207	69.276996	-265.022580	-51.747	-42.740	0.0477
58	17	tracking	-844.036897	69.310732	-265.216101	-26.747	-34.740	0.0474
58	18	tracking	-843.751369	69.332692	-265.361748	-26.747	-26.740	0.0481
58	19	tracking	-843.484608	69.341735	-265.467002	-26.747	-25.689	0.0470
58	20	tracking	-843.246113	69.337965	-265.534177	-1.747	-17.689	0.0420
58	21	tracking	-843.043581	69.320662	-265.570832	23.253	-9.689	0.0509
58	22	tracking	-842.877077	69.290245	-265.585555	37.878	-7.940	0.0455
58	23	tracking	-842.741144	69.247567	-265.582705	37.878	-7.940	0.0396
58	24	tracking	-842.635751	69.192482	-265.572111	62.878	-15.940	0.0616
58	25	tracking	-842.555997	69.121563	-265.556911	67.848	-23.940	0.0385
58	26	tracking	-842.497363	69.028996	-265.538309	67.848	-31.940	0.0386
58	27	tracking	-842.456118	68.907309	-265.517257	67.848	-39.940	0.0329
58	28	tracking	-842.426534	68.748972	-265.490774	42.848	-47.168	0.0352
58	29	tracking	-842.403721	68.555771	-265.456167	17.848	-47.168	0.0322
58	30	tracking	-842.381759	68.330143	-265.412307	-7.152	-47.168	0.0381
58	31	tracking	-842.354199	68.074905	-265.360511	-32.152	-47.168	0.0340
58	32	tracking	-842.327991	67.781687	-265.301197	-7.152	-55.168	0.0352
58	33	tracking	-842.309053	67.451978	-265.234643	17.848	-55.963	0.0266
58	34	tracking	-842.296996	67.088080	-265.160381	17.848	-55.963	0.0265
58	35	landing	-842.293033	66.704757	-265.073163	17.848	-47.963	0.0257
58	36	landing	-842.296785	66.304376	-264.972827	17.848	-47.963	0.0202
58	37	landing	-842.307914	65.889248	-264.859251	17.848	-47.963	0.0182
59	0	tracking	-850.645964	68.867102	-257.032114	-139.104	-4.000	0.3668
59	1	tracking	-849.991601	68.807284	-257.601772	-164.104	-0.670	0.1881
59	2	tracking	-849.422535	68.751906	-258.196524	170.896	-8.670	0.1722
59	3	tracking	-848.951149	68.710040	-258.797665	153.407	-16.670	0.1920
59	4	tracking	-848.533079	68.685017	-259.402840	178.407	-24.670	0.1202
59	5	tracking	-848.135704	68.677907	-259.999512	-156.593	-32.670	0.0887
59	6	tracking	-847.761383	68.687936	-260.584443	-159.186	-40.670	0.1031
59	7	tracking	-847.390151	68.712344	-261.142272	-134.186	-46.375	0.0749
59	8	tracking	-846.966891	68.815970	-261.714864	-150.375	-42.740	0.0749
59	9	tracking	-846.609337	68.875736	-262.224422	-150.375	-34.740	0.0690
59	10	tracking	-846.265226	68.937936	-262.723332	-150.375	-26.740	0.0638
59	11	tracking	-845.932394	68.997649	-263.213986	-150.375	-18.740	0.0638
59	12	tracking	-845.595734	69.058126	-263.679635	-125.375	-26.740	0.0565
59	13	tracking	-845.251293	69.119773	-264.102672	-100.375	-34.740	0.0546
59	14	tracking	-844.904907	69.179947	-264.469293	-75.375	-42.740	0.0547
59	15	tracking	-844.568536	69.233054	-264.772983	-50.375	-50.740	0.0517
59	16	tracking	-844.242207	69.276996	-265.022580	-51.747	-42.740	0.0491
59	17	tracking	-843.936897	69.310732	-265.216101	-26.747	-34.740	0.0445
59	18	tracking	-843.651369	69.332692	-265.361748	-26.747	-26.740	0.1379
59	19	tracking	-843.384608	69.341735	-265.467002	-26.747	-25.689	0.0678
59	20	tracking	-843.146113	69.337965	-265.534177	-1.747	-17.689	0.0515
59	21	tracking	-842.943581	69.320662	-265.570832	23.253	-9.689	0.0437
59	22	tracking	-842.777077	69.290245	-265.585555	37.878	-7.940	0.0437
59	23	tracking	-842.641144	69.247567	-265.582705	37.878	-7.940	0.0362
59	24	tracking	-842.535751	69.192482	-265.572111	62.878	-15.940	0.0373
59	25	tracking	-842.455997	69.121563	-265.556911	67.848	-23.940	0.0330
59	26	tracking	-842.397363	69.028996	-265.538309	67.848	-31.940	0.0684
59	27	tracking	-842.356118	68.907309	-265.517257	67.848	-39.940	0.0486
59	28	tracking	-842.326534	68.748972	-265.490774	42.848	-47.168	0.0413
59	29	tracking	-842.303721	68.555771	-265.456167	17.848	-47.168	0.0346
59	30	tracking	-842.281759	68.330143	-265.412307	-7.152	-47.168	0.0296
59	31	tracking	-842.254199	68.074905	-265.360511	-32.152	-47.168	0.0275
59	32	tracking	-842.227991	67.781687	-265.301197	-7.152	-55.168	0.0272
59	33	tracking	-842.209053	67.451978	-265.234643	17.848	-55.963	0.0413
59	34	tracking	-842.196996	67.088080	-265.160381	17.848	-55.963	0.0247
59	35	landing	-842.193033	66.704757	-265.073163	17.848	-47.963	0.0410
59	36	landing	-842.196785	66.304376	-264.972827	17.848	-47.963	0.0167
59	37	landing	-842.207914	65.889248	-264.859251	17.848	-47.963	0.0160
60	0	tracking	-850.645964	68.867102	-257.032114	-139.104	-4.000	0.1498
60	1	tracking	-849.991601	68.807284	-257.601772	-164.104	-0.670	0.1465
60	2	tracking	-849.422535	68.751906	-258.196524	170.896	-8.670	0.0942
60	3	tracking	-848.951149	68.710040	-258.797665	153.407	-16.670	0.0872
60	4	tracking	-848.533079	68.685017	-259.402840	178.407	-24.670	0.0873
60	5	tracking	-848.135704	68.677907	-259.999512	-156.593	-32.670	0.0979
60	6	tracking	-847.761383	68.687936	-260.584443	-159.186	-40.670	0.0744
60	7	tracking	-847.390151	68.712344	-261.142272	-134.186	-46.375	0.0731
60	8	tracking	-847.066891	68.715970	-261.614864	-150.375	-42.740	0.1466
60	9	tracking	-846.709337	68.775736	-262.124422	-150.375	-34.740	0.1268
60	10	tracking	-846.365226	68.837936	-262.623332	-150.375	-26.740	0.1308
60	11	tracking	-846.032394	68.897649	-263.113986	-150.375	-18.740	0.1241
60	12	tracking	-845.695734	68.958126	-263.579635	-125.375	-26.740	0.1191
60	13	tracking	-845.351293	69.019773	-264.002672	-100.375	-34.740	0.1142
60	14	tracking	-845.004907	69.079947	-264.369293	-75.375	-42.740	0.1127
60	15	tracking	-844.668536	69.133054	-264.672983	-50.375	-50.740	0.1279
60	16	tracking	-844.342207	69.176996	-264.922580	-51.747	-42.740	0.1080
60	17	tracking	-844.036897	69.210732	-265.116101	-26.747	-34.740	0.1183
60	18	tracking	-843.751369	69.232692	-265.261748	-26.747	-26.740	0.1186
60	19	tracking	-843.484608	69.241735	-265.367002	-26.747	-25.689	0.1286
60	20	tracking	-843.246113	69.237965	-265.434177	-1.747	-17.689	0.1110
60	21	tracking	-843.043581	69.220662	-265.470832	23.253	-9.689	0.2841
60	22	tracking	-842.877077	69.190245	-265.485555	37.878	-7.940	0.2493
60	23	tracking	-842.741144	69.147567	-265.482705	37.878	-7.940	0.2133
60	24	tracking	-842.635751	69.092482	-265.472111	62.878	-15.940	0.1949
60	25	tracking	-842.555997	69.021563	-265.456911	67.848	-23.940	0.1874
60	26	tracking	-842.497363	68.928996	-265.438309	67.848	-31.940	0.2089
60	27	tracking	-842.456118	68.807309	-265.417257	67.848	-39.940	0.1900
60	28	tracking	-842.426534	68.648972	-265.390774	42.848	-47.168	0.1811
60	29	tracking	-842.403721	68.455771	-265.356167	17.848	-47.168	0.1752
60	30	tracking	-842.381759	68.230143	-265.312307	-7.152	-47.168	0.1838
60	31	tracking	-842.354199	67.974905	-265.260511	-32.152	-47.168	0.1298
60	32	tracking	-842.327991	67.681687	-265.201197	-7.152	-55.168	0.0939
60	33	tracking	-842.309053	67.351978	-265.134643	17.848	-55.963	0.0886
60	34	landing	-842.305992	67.000095	-265.060452	42.848	-47.963	0.0197
60	35	landing	-842.317930	66.627928	-264.978537	42.848	-47.963	0.0165
60	36	landing	-842.344204	66.237568	-264.888692	42.848	-47.963	0.0144
60	37	landing	-842.384279	65.831186	-264.790674	42.848	-47.963	0.0140
61	0	tracking	-850.645964	68.867102	-257.032114	-139.104	-4.000	0.1438
61	1	tracking	-849.991601	68.807284	-257.601772	-164.104	-0.670	0.1022
61	2	tracking	-849.422535	68.751906	-258.196524	170.896	-8.670	0.0902
61	3	tracking	-848.951149	68.710040	-258.797665	153.407	-16.670	0.0856
61	4	tracking	-848.533079	68.685017	-259.402840	178.407	-24.670	0.0936
61	5	tracking	-848.135704	68.677907	-259.999512	-156.593	-32.670	0.0809
61	6	tracking	-847.761383	68.687936	-260.584443	-159.186	-40.670	0.0736
61	7	tracking	-847.390151	68.712344	-261.142272	-134.186	-46.375	0.0754
61	8	tracking	-846.966891	68.715970	-261.614864	-150.375	-42.740	0.1940
61	9	tracking	-846.609337	68.775736	-262.124422	-150.375	-34.740	0.1460
61	10	tracking	-846.265226	68.837936	-262.623332	-150.375	-26.740	0.1288
61	11	tracking	-845.932394	68.897649	-263.113986	-150.375	-18.740	0.1249
61	12	tracking	-845.595734	68.958126	-263.579635	-125.375	-26.740	0.1314
61	13	tracking	-845.251293	69.019773	-264.002672	-100.375	-34.740	0.1298
61	14	tracking	-844.904907	69.079947	-264.369293	-75.375	-42.740	0.1247
61	15	tracking	-844.568536	69.133054	-264.672983	-50.375	-50.740	0.1634
61	16	tracking	-844.242207	69.176996	-264.922580	-51.747	-42.740	0.1367
61	17	tracking	-843.936897	69.210732	-265.116101	-26.747	-34.740	0.1177
61	18	tracking	-843.651369	69.232692	-265.261748	-26.747	-26.740	0.1120
61	19	tracking	-843.384608	69.241735	-265.367002	-26.747	-25.689	0.1112
61	20	tracking	-843.146113	69.237965	-265.434177	-1.747	-17.689	0.1963
61	21	tracking	-842.943581	69.220662	-265.470832	23.253	-9.689	0.1453
61	22	tracking	-842.777077	69.190245	-265.485555	37.878	-7.940	0.1245
61	23	tracking	-842.641144	69.147567	-265.482705	37.878	-7.940	0.1126
61	24	tracking	-842.535751	69.092482	-265.472111	62.878	-15.940	0.1041
61	25	tracking	-842.455997	69.021563	-265.456911	67.848	-23.940	0.1115
61	26	tracking	-842.397363	68.928996	-265.438309	67.848	-31.940	0.1080
61	27	tracking	-842.356118	68.807309	-265.417257	67.848	-39.940	0.0967
61	28	tracking	-842.326534	68.648972	-265.390774	42.848	-47.168	0.0952
61	29	tracking	-842.303721	68.455771	-265.356167	17.848	-47.168	0.0920
61	30	tracking	-842.281759	68.230143	-265.312307	-7.152	-47.168	0.3142
61	31	tracking	-842.254199	67.974905	-265.260511	-32.152	-47.168	0.1093
61	32	tracking	-842.227991	67.681687	-265.201197	-7.152	-55.168	0.0877
61	33	tracking	-842.209053	67.351978	-265.134643	17.848	-55.963	0.0844
61	34	landing	-842.205992	67.000095	-265.060452	42.848	-47.963	0.0246
61	35	landing	-842.217930	66.627928	-264.978537	42.848	-47.963	0.0276
61	36	landing	-842.244204	66.237568	-264.888692	42.848	-47.963	0.0178
61	37	landing	-842.284279	65.831186	-264.790674	42.848	-47.963	0.0202
62	0	tracking	-850.645964	68.867102	-257.032114	-139.104	-4.000	0.1508
62	1	tracking	-849.991601	68.807284	-257.601772	-164.104	-0.670	0.1012
62	2	tracking	-849.422535	68.751906	-258.196524	170.896	-8.670	0.0956
62	3	tracking	-848.951149	68.710040	-258.797665	153.407	-16.670	0.1070
62	4	tracking	-848.533079	68.685017	-259.402840	178.407	-24.670	0.0806
62	5	tracking	-848.135704	68.677907	-259.999512	-156.593	-32.670	0.0757
62	6	tracking	-847.761383	68.687936	-260.584443	-159.186	-40.670	0.0722
62	7	tracking	-847.390151	68.712344	-261.142272	-134.186	-46.375	0.0704
62	8	tracking	-847.066891	68.815970	-261.614864	-150.375	-42.740	0.1506
62	9	tracking	-846.709337	68.875736	-262.124422	-150.375	-34.740	0.1302
62	10	tracking	-846.365226	68.937936	-262.623332	-150.375	-26.740	0.1340
62	11	tracking	-846.032394	68.997649	-263.113986	-150.375	-18.740	0.1251
62	12	tracking	-845.695734	69.058126	-263.579635	-125.375	-26.740	0.1280
62	13	tracking	-845.351293	69.119773	-264.002672	-100.375	-34.740	0.1156
62	14	tracking	-845.004907	69.179947	-264.369293	-75.375	-42.740	0.1294
62	15	tracking	-844.668536	69.233054	-264.672983	-50.375	-50.740	0.1117
62	16	tracking	-844.342207	69.276996	-264.922580	-51.747	-42.740	0.1068
62	17	tracking	-844.036897	69.310732	-265.116101	-26.747	-34.740	0.1079
62	18	tracking	-843.751369	69.332692	-265.261748	-26.747	-26.740	0.1241
62	19	tracking	-843.484608	69.341735	-265.367002	-26.747	-25.689	0.1561
62	20	tracking	-843.246113	69.337965	-265.434177	-1.747	-17.689	0.1028
62	21	tracking	-843.043581	69.320662	-265.470832	23.253	-9.689	0.0994
62	22	tracking	-842.877077	69.290245	-265.485555	37.878	-7.940	0.1043
62	23	tracking	-842.741144	69.247567	-265.482705	37.878	-7.940	0.1248
62	24	tracking	-842.635751	69.192482	-265.472111	62.878	-15.940	0.1939
62	25	tracking	-842.555997	69.121563	-265.456911	67.848	-23.940	0.1895
62	26	tracking	-842.497363	69.028996	-265.438309	67.848	-31.940	0.1630
62	27	tracking	-842.456118	68.907309	-265.417257	67.848	-39.940	0.1728
62	28	tracking	-842.426534	68.748972	-265.390774	42.848	-47.168	0.1617
62	29	tracking	-842.403721	68.555771	-265.356167	17.848	-47.168	0.1618
62	30	tracking	-842.381759	68.330143	-265.312307	-7.152	-47.168	0.1647
62	31	tracking	-842.354199	68.074905	-265.260511	-32.152	-47.168	0.1558
62	32	tracking	-842.327991	67.781687	-265.201197	-7.152	-55.168	0.1418
62	33	tracking	-842.309053	67.451978	-265.134643	17.848	-55.963	0.1289
62	34	tracking	-842.296996	67.088080	-265.060381	17.848	-55.963	0.1314
62	35	landing	-842.301294	66.704757	-264.978000	42.848	-47.963	0.0337
62	36	landing	-842.321050	66.303927	-264.887428	42.848	-47.963	0.0237
62	37	landing	-842.355556	65.887661	-264.788503	42.848	-47.963	0.0222
63	0	tracking	-850.645964	68.867102	-257.032114	-139.104	-4.000	0.2107
63	1	tracking	-849.991601	68.807284	-257.601772	-164.104	-0.670	0.1585
63	2	tracking	-849.422535	68.751906	-258.196524	170.896	-8.670	0.1569
63	3	tracking	-848.951149	68.710040	-258.797665	153.407	-16.670	0.1396
63	4	tracking	-848.533079	68.685017	-259.402840	178.407	-24.670	0.1272
63	5	tracking	-848.135704	68.677907	-259.999512	-156.593	-32.670	0.1240
63	6	tracking	-847.761383	68.687936	-260.584443	-159.186	-40.670	0.1208
63	7	tracking	-847.390151	68.712344	-261.142272	-134.186	-46.375	0.1186
63	8	tracking	-846.966891	68.815970	-261.614864	-150.375	-42.740	0.2251
63	9	tracking	-846.609337	68.875736	-262.124422	-150.375	-34.740	0.2138
63	10	tracking	-846.265226	68.937936	-262.623332	-150.375	-26.740	0.1789
63	11	tracking	-845.932394	68.997649	-263.113986	-150.375	-18.740	0.2187
63	12	tracking	-845.595734	69.058126	-263.579635	-125.375	-26.740	0.1707
63	13	tracking	-845.251293	69.119773	-264.002672	-100.375	-34.740	0.2017
63	14	tracking	-844.904907	69.179947	-264.369293	-75.375	-42.740	0.1822
63	15	tracking	-844.568536	69.233054	-264.672983	-50.375	-50.740	0.1770
63	16	tracking	-844.242207	69.276996	-264.922580	-51.747	-42.740	0.1746
63	17	tracking	-843.936897	69.310732	-265.116101	-26.747	-34.740	0.1803
63	18	tracking	-843.651369	69.332692	-265.261748	-26.747	-26.740	0.1771
63	19	tracking	-843.384608	69.341735	-265.367002	-26.747	-25.689	0.1671
63	20	tracking	-843.146113	69.337965	-265.434177	-1.747	-17.689	0.1543
63	21	tracking	-842.943581	69.320662	-265.470832	23.253	-9.689	0.1554
63	22	tracking	-842.777077	69.290245	-265.485555	37.878	-7.940	0.1690
63	23	tracking	-842.641144	69.247567	-265.482705	37.878	-7.940	0.1811
63	24	tracking	-842.535751	69.192482	-265.472111	62.878	-15.940	0.1816
63	25	tracking	-842.455997	69.121563	-265.456911	67.848	-23.940	0.1574
63	26	tracking	-842.397363	69.028996	-265.438309	67.848	-31.940	0.1615
63	27	tracking	-842.356118	68.907309	-265.417257	67.848	-39.940	0.1574
63	28	tracking	-842.326534	68.748972	-265.390774	42.848	-47.168	0.1723
63	29	tracking	-842.303721	68.555771	-265.356167	17.848	-47.168	0.1475
63	30	tracking	-842.281759	68.330143	-265.312307	-7.152	-47.168	0.1488
63	31	tracking	-842.254199	68.074905	-265.260511	-32.152	-47.168	0.1577
63	32	tracking	-842.227991	67.781687	-265.201197	-7.152	-55.168	0.1516
63	33	tracking	-842.209053	67.451978	-265.134643	17.848	-55.963	0.1604
63	34	tracking	-842.196996	67.088080	-265.060381	17.848	-55.963	0.1453
63	35	landing	-842.201294	66.704757	-264.978000	42.848	-47.963	0.0336
63	36	landing	-842.221050	66.303927	-264.887428	42.848	-47.963	0.0362
63	37	landing	-842.255556	65.887661	-264.788503	42.848	-47.963	0.0275
