-1	0	tracking	-850.645964	68.867102	-257.032114	-139.104	-4.000	9.8145
-1	1	tracking	-849.991601	68.807284	-257.601772	-164.104	-0.670	1.2931
-1	2	tracking	-849.422535	68.751906	-258.196524	170.896	-8.670	1.2551
-1	3	tracking	-848.951149	68.710040	-258.797665	153.407	-16.670	1.1640
-1	4	tracking	-848.533079	68.685017	-259.402840	178.407	-24.670	0.9989
-1	5	tracking	-848.135704	68.677907	-259.999512	-156.593	-32.670	0.9153
-1	6	tracking	-847.761383	68.687936	-260.584443	-159.186	-40.670	0.8074
-1	7	tracking	-847.390151	68.712344	-261.142272	-134.186	-46.375	0.7848
-1	8	tracking	-847.034052	68.747852	-261.683844	-150.375	-42.740	1.2907
-1	9	tracking	-846.691437	68.790551	-262.210929	-150.375	-34.740	0.8173
-1	10	tracking	-846.360385	68.836374	-262.725899	-150.375	-26.740	0.7082
-1	11	tracking	-846.038924	68.880283	-263.231329	-150.375	-18.740	0.6212
-1	12	tracking	-845.711981	68.925618	-263.710438	-125.375	-26.740	0.5858
-1	13	tracking	-845.375779	68.972813	-264.145543	-100.375	-34.740	0.6184
-1	14	tracking	-845.036398	69.019217	-264.522830	-75.375	-42.740	0.5751
-1	15	tracking	-844.705837	69.059505	-264.835665	-50.375	-50.740	0.7172
-1	16	tracking	-844.384292	69.091438	-265.093102	-51.747	-42.740	0.7688
-1	17	tracking	-844.083004	69.113982	-265.293128	-26.747	-34.740	0.7843
-1	18	tracking	-843.800745	69.125732	-265.443948	-26.747	-26.740	0.2527
-1	19	tracking	-843.536584	69.125555	-265.553190	-26.747	-25.689	0.2118
-1	20	tracking	-843.300384	69.113535	-265.623253	-1.747	-17.689	0.1949
-1	21	tracking	-843.100129	69.088903	-265.661946	23.253	-9.689	0.1867
-1	22	tracking	-842.935939	69.051976	-265.678117	37.878	-7.940	0.2384
-1	23	tracking	-842.802291	69.003506	-265.676269	37.878	-7.940	0.2269
-1	24	tracking	-842.699176	68.943190	-265.666444	62.878	-15.940	0.1742
-1	25	tracking	-842.621629	68.867454	-265.651857	67.848	-23.940	0.1519
-1	26	tracking	-842.565079	68.770355	-265.633754	67.848	-31.940	0.1710
-1	27	tracking	-842.525759	68.644315	-265.613118	67.848	-39.940	0.1405
-1	28	tracking	-842.497919	68.481735	-265.586975	42.848	-47.168	0.1320
-1	29	tracking	-842.476678	68.284429	-265.552612	17.848	-47.168	0.1358
-1	30	tracking	-842.456107	68.054867	-265.508875	-7.152	-47.168	0.1412
-1	31	tracking	-842.429727	67.795885	-265.457098	-32.152	-47.168	0.1346
-1	32	tracking	-842.404562	67.499061	-265.397731	-7.152	-55.168	0.2455
-1	33	tracking	-842.386576	67.165890	-265.331058	17.848	-55.963	0.1192
-1	34	landing	-842.376815	66.810754	-265.252196	17.848	-47.963	0.1190
-1	35	landing	-842.374883	66.436026	-265.160919	17.848	-47.963	0.0925
-1	36	landing	-842.380430	66.044063	-265.057020	17.848	-47.963	0.0969
-1	37	landing	-842.393135	65.637154	-264.940337	17.848	-47.963	0.0833
0	0	tracking	-850.645964	68.867102	-257.032114	-139.104	-4.000	0.4363
0	1	tracking	-849.991601	68.807284	-257.601772	-164.104	-0.670	0.3690
0	2	tracking	-849.422535	68.751906	-258.196524	170.896	-8.670	0.2906
0	3	tracking	-848.951149	68.710040	-258.797665	153.407	-16.670	0.2989
0	4	tracking	-848.533079	68.685017	-259.402840	178.407	-24.670	0.2834
0	5	tracking	-848.135704	68.677907	-259.999512	-156.593	-32.670	0.2654
0	6	tracking	-847.761383	68.687936	-260.584443	-159.186	-40.670	0.2817
0	7	tracking	-847.390151	68.712344	-261.142272	-134.186	-46.375	0.2481
0	8	tracking	-847.034052	68.747852	-261.683844	-150.375	-42.740	0.2485
0	9	tracking	-846.691437	68.790551	-262.210929	-150.375	-34.740	0.2419
0	10	tracking	-846.360385	68.836374	-262.725899	-150.375	-26.740	0.2371
0	11	tracking	-846.038924	68.880283	-263.231329	-150.375	-18.740	0.2272
0	12	tracking	-845.711981	68.925618	-263.710438	-125.375	-26.740	0.2296
0	13	tracking	-845.375779	68.972813	-264.145543	-100.375	-34.740	0.4193
0	14	tracking	-845.036398	69.019217	-264.522830	-75.375	-42.740	0.4277
0	15	tracking	-844.705837	69.059505	-264.835665	-50.375	-50.740	0.2392
0	16	tracking	-844.384292	69.091438	-265.093102	-51.747	-42.740	0.1937
0	17	tracking	-844.083004	69.113982	-265.293128	-26.747	-34.740	0.2058
0	18	tracking	-843.800745	69.125732	-265.443948	-26.747	-26.740	0.1751
0	19	tracking	-843.536584	69.125555	-265.553190	-26.747	-25.689	0.1969
0	20	tracking	-843.300384	69.113535	-265.623253	-1.747	-17.689	0.1647
0	21	tracking	-843.100129	69.088903	-265.661946	23.253	-9.689	0.1675
0	22	tracking	-842.935939	69.051976	-265.678117	37.878	-7.940	0.1475
0	23	tracking	-842.802291	69.003506	-265.676269	37.878	-7.940	0.1344
0	24	tracking	-842.766988	68.874762	-265.734268	62.878	-15.940	0.1372
0	25	tracking	-842.705179	68.781565	-265.735617	67.848	-23.940	0.1378
0	26	tracking	-842.662422	68.667451	-265.731805	67.848	-31.940	0.1396
0	27	tracking	-842.635057	68.524393	-265.724039	67.848	-39.940	0.1201
0	28	tracking	-842.617555	68.344438	-265.709703	42.848	-47.168	0.1125
0	29	tracking	-842.605396	68.129459	-265.686257	17.848	-47.168	0.1313
0	30	tracking	-842.592954	67.882091	-265.652537	-7.152	-47.168	0.1095
0	31	tracking	-842.573907	67.605327	-265.609828	-32.152	-47.168	0.0979
0	32	tracking	-842.555310	67.290475	-265.558814	-7.152	-55.168	0.0951
0	33	tracking	-842.543113	66.939133	-265.499777	17.848	-55.963	0.0825
0	34	landing	-842.538538	66.566171	-265.427633	17.848	-47.963	0.0726
0	35	landing	-842.541286	66.174088	-265.342161	17.848	-47.963	0.0998
0	36	landing	-842.551086	65.765341	-265.243171	17.848	-47.963	0.3543
1	0	tracking	-850.645964	68.867102	-257.032114	-139.104	-4.000	0.6169
1	1	tracking	-849.991601	68.807284	-257.601772	-164.104	-0.670	3.0030
1	2	tracking	-849.422535	68.751906	-258.196524	170.896	-8.670	0.2854
1	3	tracking	-848.951149	68.710040	-258.797665	153.407	-16.670	0.2615
1	4	tracking	-848.533079	68.685017	-259.402840	178.407	-24.670	0.2800
1	5	tracking	-848.135704	68.677907	-259.999512	-156.593	-32.670	0.2760
1	6	tracking	-847.761383	68.687936	-260.584443	-159.186	-40.670	0.3265
1	7	tracking	-847.390151	68.712344	-261.142272	-134.186	-46.375	0.2798
1	8	tracking	-847.034052	68.747852	-261.683844	-150.375	-42.740	0.2479
1	9	tracking	-846.691437	68.790551	-262.210929	-150.375	-34.740	0.2595
1	10	tracking	-846.360385	68.836374	-262.725899	-150.375	-26.740	0.2216
1	11	tracking	-846.038924	68.880283	-263.231329	-150.375	-18.740	0.2302
1	12	tracking	-845.711981	68.925618	-263.710438	-125.375	-26.740	0.2454
1	13	tracking	-845.375779	68.972813	-264.145543	-100.375	-34.740	0.2063
1	14	tracking	-845.036398	69.019217	-264.522830	-75.375	-42.740	0.2061
1	15	tracking	-844.705837	69.059505	-264.835665	-50.375	-50.740	0.1958
1	16	tracking	-844.384292	69.091438	-265.093102	-51.747	-42.740	0.1798
1	17	tracking	-844.083004	69.113982	-265.293128	-26.747	-34.740	0.1708
1	18	tracking	-843.800745	69.125732	-265.443948	-26.747	-26.740	0.1734
1	19	tracking	-843.536584	69.125555	-265.553190	-26.747	-25.689	0.1686
1	20	tracking	-843.300384	69.113535	-265.623253	-1.747	-17.689	0.1489
1	21	tracking	-843.100129	69.088903	-265.661946	23.253	-9.689	0.1492
1	22	tracking	-842.935939	69.051976	-265.678117	37.878	-7.940	0.1474
1	23	tracking	-842.802291	69.003506	-265.676269	37.878	-7.940	0.1288
1	24	tracking	-842.666988	68.874762	-265.734268	62.878	-15.940	0.1047
1	25	tracking	-842.605179	68.781565	-265.735617	67.848	-23.940	0.0982
1	26	tracking	-842.562422	68.667451	-265.731805	67.848	-31.940	0.0966
1	27	tracking	-842.535057	68.524393	-265.724039	67.848	-39.940	0.0905
1	28	tracking	-842.517555	68.344438	-265.709703	42.848	-47.168	0.0859
1	29	tracking	-842.505396	68.129459	-265.686257	17.848	-47.168	0.0900
1	30	tracking	-842.492954	67.882091	-265.652537	-7.152	-47.168	0.0813
1	31	tracking	-842.473907	67.605327	-265.609828	-32.152	-47.168	0.0793
1	32	tracking	-842.455310	67.290475	-265.558814	-7.152	-55.168	0.0747
1	33	tracking	-842.443113	66.939133	-265.499777	17.848	-55.963	0.0739
1	34	landing	-842.438538	66.566171	-265.427633	17.848	-47.963	0.0519
1	35	landing	-842.441286	66.174088	-265.342161	17.848	-47.963	0.0482
1	36	landing	-842.451086	65.765341	-265.243171	17.848	-47.963	0.0432
2	0	tracking	-850.645964	68.867102	-257.032114	-139.104	-4.000	0.3251
2	1	tracking	-849.991601	68.807284	-257.601772	-164.104	-0.670	0.2990
2	2	tracking	-849.422535	68.751906	-258.196524	170.896	-8.670	0.5235
2	3	tracking	-848.951149	68.710040	-258.797665	153.407	-16.670	0.2990
2	4	tracking	-848.533079	68.685017	-259.402840	178.407	-24.670	0.2357
2	5	tracking	-848.135704	68.677907	-259.999512	-156.593	-32.670	0.2322
2	6	tracking	-847.761383	68.687936	-260.584443	-159.186	-40.670	0.2571
2	7	tracking	-847.390151	68.712344	-261.142272	-134.186	-46.375	0.2248
2	8	tracking	-847.034052	68.747852	-261.683844	-150.375	-42.740	0.2160
2	9	tracking	-846.691437	68.790551	-262.210929	-150.375	-34.740	0.2039
2	10	tracking	-846.360385	68.836374	-262.725899	-150.375	-26.740	0.4278
2	11	tracking	-846.038924	68.880283	-263.231329	-150.375	-18.740	0.2403
2	12	tracking	-845.711981	68.925618	-263.710438	-125.375	-26.740	0.2175
2	13	tracking	-845.375779	68.972813	-264.145543	-100.375	-34.740	0.2358
2	14	tracking	-845.036398	69.019217	-264.522830	-75.375	-42.740	0.2365
2	15	tracking	-844.705837	69.059505	-264.835665	-50.375	-50.740	0.1837
2	16	tracking	-844.384292	69.091438	-265.093102	-51.747	-42.740	0.1620
2	17	tracking	-844.083004	69.113982	-265.293128	-26.747	-34.740	0.1770
2	18	tracking	-843.800745	69.125732	-265.443948	-26.747	-26.740	0.1522
2	19	tracking	-843.536584	69.125555	-265.553190	-26.747	-25.689	0.1470
2	20	tracking	-843.300384	69.113535	-265.623253	-1.747	-17.689	0.1307
2	21	tracking	-843.100129	69.088903	-265.661946	23.253	-9.689	0.1262
2	22	tracking	-842.935939	69.051976	-265.678117	37.878	-7.940	0.1937
2	23	tracking	-842.802291	69.003506	-265.676269	37.878	-7.940	0.2275
2	24	tracking	-842.766988	68.974762	-265.734268	62.878	-15.940	0.1845
2	25	tracking	-842.705179	68.881565	-265.735617	67.848	-23.940	0.2301
2	26	tracking	-842.662422	68.767451	-265.731805	67.848	-31.940	0.1169
2	27	tracking	-842.635057	68.624393	-265.724039	67.848	-39.940	0.1640
2	28	tracking	-842.617555	68.444438	-265.709703	42.848	-47.168	0.0974
2	29	tracking	-842.605396	68.229459	-265.686257	17.848	-47.168	0.0868
2	30	tracking	-842.592954	67.982091	-265.652537	-7.152	-47.168	0.0888
2	31	tracking	-842.573907	67.705327	-265.609828	-32.152	-47.168	0.0763
2	32	tracking	-842.555310	67.390475	-265.558814	-7.152	-55.168	0.0985
2	33	tracking	-842.543113	67.039133	-265.499777	17.848	-55.963	0.0681
2	34	landing	-842.538538	66.666171	-265.427633	17.848	-47.963	0.0514
2	35	landing	-842.541286	66.274088	-265.342161	17.848	-47.963	0.0465
2	36	landing	-842.551086	65.865341	-265.243171	17.848	-47.963	0.0465
3	0	tracking	-850.645964	68.867102	-257.032114	-139.104	-4.000	0.2863
3	1	tracking	-849.991601	68.807284	-257.601772	-164.104	-0.670	0.2482
3	2	tracking	-849.422535	68.751906	-258.196524	170.896	-8.670	0.2316
3	3	tracking	-848.951149	68.710040	-258.797665	153.407	-16.670	0.2260
3	4	tracking	-848.533079	68.685017	-259.402840	178.407	-24.670	0.2240
3	5	tracking	-848.135704	68.677907	-259.999512	-156.593	-32.670	0.2167
3	6	tracking	-847.761383	68.687936	-260.584443	-159.186	-40.670	0.2032
3	7	tracking	-847.390151	68.712344	-261.142272	-134.186	-46.375	0.1993
3	8	tracking	-847.034052	68.747852	-261.683844	-150.375	-42.740	0.1928
3	9	tracking	-846.691437	68.790551	-262.210929	-150.375	-34.740	0.1973
3	10	tracking	-846.360385	68.836374	-262.725899	-150.375	-26.740	0.1807
3	11	tracking	-846.038924	68.880283	-263.231329	-150.375	-18.740	0.1719
3	12	tracking	-845.711981	68.925618	-263.710438	-125.375	-26.740	0.1644
3	13	tracking	-845.375779	68.972813	-264.145543	-100.375	-34.740	0.1616
3	14	tracking	-845.036398	69.019217	-264.522830	-75.375	-42.740	0.1738
3	15	tracking	-844.705837	69.059505	-264.835665	-50.375	-50.740	0.1496
3	16	tracking	-844.384292	69.091438	-265.093102	-51.747	-42.740	0.1518
3	17	tracking	-844.083004	69.113982	-265.293128	-26.747	-34.740	0.2699
3	18	tracking	-843.800745	69.125732	-265.443948	-26.747	-26.740	0.3404
3	19	tracking	-843.536584	69.125555	-265.553190	-26.747	-25.689	0.1454
3	20	tracking	-843.300384	69.113535	-265.623253	-1.747	-17.689	0.1502
3	21	tracking	-843.100129	69.088903	-265.661946	23.253	-9.689	0.1237
3	22	tracking	-842.935939	69.051976	-265.678117	37.878	-7.940	0.1199
3	23	tracking	-842.802291	69.003506	-265.676269	37.878	-7.940	0.1118
3	24	tracking	-842.666988	68.974762	-265.734268	62.878	-15.940	0.0866
3	25	tracking	-842.605179	68.881565	-265.735617	67.848	-23.940	0.1526
3	26	tracking	-842.562422	68.767451	-265.731805	67.848	-31.940	0.1068
3	27	tracking	-842.535057	68.624393	-265.724039	67.848	-39.940	0.0824
3	28	tracking	-842.517555	68.444438	-265.709703	42.848	-47.168	0.0803
3	29	tracking	-842.505396	68.229459	-265.686257	17.848	-47.168	0.0746
3	30	tracking	-842.492954	67.982091	-265.652537	-7.152	-47.168	0.0674
3	31	tracking	-842.473907	67.705327	-265.609828	-32.152	-47.168	0.0619
3	32	tracking	-842.455310	67.390475	-265.558814	-7.152	-55.168	0.0596
3	33	tracking	-842.443113	67.039133	-265.499777	17.848	-55.963	0.0591
3	34	landing	-842.438538	66.666171	-265.427633	17.848	-47.963	0.0467
3	35	landing	-842.441286	66.274088	-265.342161	17.848	-47.963	0.0378
3	36	landing	-842.451086	65.865341	-265.243171	17.848	-47.963	0.0327
4	0	tracking	-850.645964	68.867102	-257.032114	-139.104	-4.000	0.2922
4	1	tracking	-849.991601	68.807284	-257.601772	-164.104	-0.670	0.2556
4	2	tracking	-849.422535	68.751906	-258.196524	170.896	-8.670	0.2266
4	3	tracking	-848.951149	68.710040	-258.797665	153.407	-16.670	0.2151
4	4	tracking	-848.533079	68.685017	-259.402840	178.407	-24.670	0.2175
4	5	tracking	-848.135704	68.677907	-259.999512	-156.593	-32.670	0.2233
4	6	tracking	-847.761383	68.687936	-260.584443	-159.186	-40.670	0.2035
4	7	tracking	-847.390151	68.712344	-261.142272	-134.186	-46.375	0.2033
4	8	tracking	-847.034052	68.747852	-261.683844	-150.375	-42.740	0.2019
4	9	tracking	-846.691437	68.790551	-262.210929	-150.375	-34.740	0.1824
4	10	tracking	-846.360385	68.836374	-262.725899	-150.375	-26.740	0.1747
4	11	tracking	-846.038924	68.880283	-263.231329	-150.375	-18.740	0.1662
4	12	tracking	-845.711981	68.925618	-263.710438	-125.375	-26.740	0.1633
4	13	tracking	-845.375779	68.972813	-264.145543	-100.375	-34.740	0.3636
4	14	tracking	-845.036398	69.019217	-264.522830	-75.375	-42.740	0.2982
4	15	tracking	-844.705837	69.059505	-264.835665	-50.375	-50.740	0.2646
4	16	tracking	-844.384292	69.091438	-265.093102	-51.747	-42.740	0.1502
4	17	tracking	-844.083004	69.113982	-265.293128	-26.747	-34.740	0.1381
4	18	tracking	-843.800745	69.125732	-265.443948	-26.747	-26.740	0.1377
4	19	tracking	-843.536584	69.125555	-265.553190	-26.747	-25.689	0.1896
4	20	tracking	-843.300384	69.113535	-265.623253	-1.747	-17.689	0.1597
4	21	tracking	-843.100129	69.088903	-265.661946	23.253	-9.689	0.1346
4	22	tracking	-842.935939	69.051976	-265.678117	37.878	-7.940	0.1143
4	23	tracking	-842.802291	69.003506	-265.676269	37.878	-7.940	0.1177
4	24	tracking	-842.766988	68.874762	-265.634268	62.878	-15.940	0.0978
4	25	tracking	-842.705179	68.781565	-265.635617	67.848	-23.940	0.0989
4	26	tracking	-842.662422	68.667451	-265.631805	67.848	-31.940	0.0854
4	27	tracking	-842.635057	68.524393	-265.624039	67.848	-39.940	0.1003
4	28	tracking	-842.617555	68.344438	-265.609703	42.848	-47.168	0.0949
4	29	tracking	-842.605396	68.129459	-265.586257	17.848	-47.168	0.0758
4	30	tracking	-842.592954	67.882091	-265.552537	-7.152	-47.168	0.0863
4	31	tracking	-842.573907	67.605327	-265.509828	-32.152	-47.168	0.0792
4	32	tracking	-842.555310	67.290475	-265.458814	-7.152	-55.168	0.0679
4	33	tracking	-842.543113	66.939133	-265.399777	17.848	-55.963	0.0714
4	34	landing	-842.538538	66.566171	-265.327633	17.848	-47.963	0.0626
4	35	landing	-842.541286	66.174088	-265.242161	17.848	-47.963	0.0440
4	36	landing	-842.551086	65.765341	-265.143171	17.848	-47.963	0.0429
5	0	tracking	-850.645964	68.867102	-257.032114	-139.104	-4.000	0.2947
5	1	tracking	-849.991601	68.807284	-257.601772	-164.104	-0.670	0.2387
5	2	tracking	-849.422535	68.751906	-258.196524	170.896	-8.670	0.2393
5	3	tracking	-848.951149	68.710040	-258.797665	153.407	-16.670	0.2318
5	4	tracking	-848.533079	68.685017	-259.402840	178.407	-24.670	0.2087
5	5	tracking	-848.135704	68.677907	-259.999512	-156.593	-32.670	0.1964
5	6	tracking	-847.761383	68.687936	-260.584443	-159.186	-40.670	0.2127
5	7	tracking	-847.390151	68.712344	-261.142272	-134.186	-46.375	0.2137
5	8	tracking	-847.034052	68.747852	-261.683844	-150.375	-42.740	0.2180
5	9	tracking	-846.691437	68.790551	-262.210929	-150.375	-34.740	0.2278
5	10	tracking	-846.360385	68.836374	-262.725899	-150.375	-26.740	0.2841
5	11	tracking	-846.038924	68.880283	-263.231329	-150.375	-18.740	0.2169
5	12	tracking	-845.711981	68.925618	-263.710438	-125.375	-26.740	0.1957
5	13	tracking	-845.375779	68.972813	-264.145543	-100.375	-34.740	0.1948
5	14	tracking	-845.036398	69.019217	-264.522830	-75.375	-42.740	0.1848
5	15	tracking	-844.705837	69.059505	-264.835665	-50.375	-50.740	0.2093
5	16	tracking	-844.384292	69.091438	-265.093102	-51.747	-42.740	0.1813
5	17	tracking	-844.083004	69.113982	-265.293128	-26.747	-34.740	0.1567
5	18	tracking	-843.800745	69.125732	-265.443948	-26.747	-26.740	0.1541
5	19	tracking	-843.536584	69.125555	-265.553190	-26.747	-25.689	0.1430
5	20	tracking	-843.300384	69.113535	-265.623253	-1.747	-17.689	0.1456
5	21	tracking	-843.100129	69.088903	-265.661946	23.253	-9.689	0.1266
5	22	tracking	-842.935939	69.051976	-265.678117	37.878	-7.940	0.1275
5	23	tracking	-842.802291	69.003506	-265.676269	37.878	-7.940	0.1141
5	24	tracking	-842.666988	68.874762	-265.634268	62.878	-15.940	0.0900
5	25	tracking	-842.605179	68.781565	-265.635617	67.848	-23.940	0.0856
5	26	tracking	-842.562422	68.667451	-265.631805	67.848	-31.940	0.0782
5	27	tracking	-842.535057	68.524393	-265.624039	67.848	-39.940	0.0709
5	28	tracking	-842.517555	68.344438	-265.609703	42.848	-47.168	0.0674
5	29	tracking	-842.505396	68.129459	-265.586257	17.848	-47.168	0.0642
5	30	tracking	-842.492954	67.882091	-265.552537	-7.152	-47.168	0.0811
5	31	tracking	-842.473907	67.605327	-265.509828	-32.152	-47.168	0.0631
5	32	tracking	-842.455310	67.290475	-265.458814	-7.152	-55.168	0.0631
5	33	tracking	-842.443113	66.939133	-265.399777	17.848	-55.963	0.0629
5	34	landing	-842.438538	66.566171	-265.327633	17.848	-47.963	0.0440
5	35	landing	-842.441286	66.174088	-265.242161	17.848	-47.963	0.0399
5	36	landing	-842.451086	65.765341	-265.143171	17.848	-47.963	0.0341
6	0	tracking	-850.645964	68.867102	-257.032114	-139.104	-4.000	0.3324
6	1	tracking	-849.991601	68.807284	-257.601772	-164.104	-0.670	2.9033
6	2	tracking	-849.422535	68.751906	-258.196524	170.896	-8.670	0.3225
6	3	tracking	-848.951149	68.710040	-258.797665	153.407	-16.670	0.2495
6	4	tracking	-848.533079	68.685017	-259.402840	178.407	-24.670	0.2276
6	5	tracking	-848.135704	68.677907	-259.999512	-156.593	-32.670	0.2179
6	6	tracking	-847.761383	68.687936	-260.584443	-159.186	-40.670	0.2143
6	7	tracking	-847.390151	68.712344	-261.142272	-134.186	-46.375	0.2095
6	8	tracking	-847.034052	68.747852	-261.683844	-150.375	-42.740	0.3192
6	9	tracking	-846.691437	68.790551	-262.210929	-150.375	-34.740	0.2191
6	10	tracking	-846.360385	68.836374	-262.725899	-150.375	-26.740	0.2220
6	11	tracking	-846.038924	68.880283	-263.231329	-150.375	-18.740	0.1821
6	12	tracking	-845.711981	68.925618	-263.710438	-125.375	-26.740	0.1735
6	13	tracking	-845.375779	68.972813	-264.145543	-100.375	-34.740	0.1649
6	14	tracking	-845.036398	69.019217	-264.522830	-75.375	-42.740	0.1762
6	15	tracking	-844.705837	69.059505	-264.835665	-50.375	-50.740	0.1513
6	16	tracking	-844.384292	69.091438	-265.093102	-51.747	-42.740	0.1440
6	17	tracking	-844.083004	69.113982	-265.293128	-26.747	-34.740	0.1623
6	18	tracking	-843.800745	69.125732	-265.443948	-26.747	-26.740	0.1427
6	19	tracking	-843.536584	69.125555	-265.553190	-26.747	-25.689	0.1319
6	20	tracking	-843.300384	69.113535	-265.623253	-1.747	-17.689	0.1352
6	21	tracking	-843.100129	69.088903	-265.661946	23.253	-9.689	0.1154
6	22	tracking	-842.935939	69.051976	-265.678117	37.878	-7.940	0.1141
6	23	tracking	-842.802291	69.003506	-265.676269	37.878	-7.940	0.1056
6	24	tracking	-842.766988	68.974762	-265.634268	62.878	-15.940	0.1231
6	25	tracking	-842.705179	68.881565	-265.635617	67.848	-23.940	0.0929
6	26	tracking	-842.662422	68.767451	-265.631805	67.848	-31.940	0.0884
6	27	tracking	-842.635057	68.624393	-265.624039	67.848	-39.940	0.0801
6	28	tracking	-842.617555	68.444438	-265.609703	42.848	-47.168	0.0813
6	29	tracking	-842.605396	68.229459	-265.586257	17.848	-47.168	0.0723
6	30	tracking	-842.592954	67.982091	-265.552537	-7.152	-47.168	0.0656
6	31	tracking	-842.573907	67.705327	-265.509828	-32.152	-47.168	0.0663
6	32	tracking	-842.555310	67.390475	-265.458814	-7.152	-55.168	0.0557
6	33	tracking	-842.543113	67.039133	-265.399777	17.848	-55.963	0.0560
6	34	landing	-842.538538	66.666171	-265.327633	17.848	-47.963	0.0467
6	35	landing	-842.541286	66.274088	-265.242161	17.848	-47.963	0.0454
6	36	landing	-842.551086	65.865341	-265.143171	17.848	-47.963	0.0421
7	0	tracking	-850.645964	68.867102	-257.032114	-139.104	-4.000	0.3274
7	1	tracking	-849.991601	68.807284	-257.601772	-164.104	-0.670	0.2561
7	2	tracking	-849.422535	68.751906	-258.196524	170.896	-8.670	0.2509
7	3	tracking	-848.951149	68.710040	-258.797665	153.407	-16.670	0.2295
7	4	tracking	-848.533079	68.685017	-259.402840	178.407	-24.670	0.2210
7	5	tracking	-848.135704	68.677907	-259.999512	-156.593	-32.670	0.2141
7	6	tracking	-847.761383	68.687936	-260.584443	-159.186	-40.670	0.2058
7	7	tracking	-847.390151	68.712344	-261.142272	-134.186	-46.375	0.2056
7	8	tracking	-847.034052	68.747852	-261.683844	-150.375	-42.740	0.1995
7	9	tracking	-846.691437	68.790551	-262.210929	-150.375	-34.740	0.1994
7	10	tracking	-846.360385	68.836374	-262.725899	-150.375	-26.740	0.1797
7	11	tracking	-846.038924	68.880283	-263.231329	-150.375	-18.740	0.1670
7	12	tracking	-845.711981	68.925618	-263.710438	-125.375	-26.740	0.1606
7	13	tracking	-845.375779	68.972813	-264.145543	-100.375	-34.740	0.1538
7	14	tracking	-845.036398	69.019217	-264.522830	-75.375	-42.740	0.1488
7	15	tracking	-844.705837	69.059505	-264.835665	-50.375	-50.740	0.1434
7	16	tracking	-844.384292	69.091438	-265.093102	-51.747	-42.740	0.1381
7	17	tracking	-844.083004	69.113982	-265.293128	-26.747	-34.740	0.1333
7	18	tracking	-843.800745	69.125732	-265.443948	-26.747	-26.740	0.1245
7	19	tracking	-843.536584	69.125555	-265.553190	-26.747	-25.689	0.1213
7	20	tracking	-843.300384	69.113535	-265.623253	-1.747	-17.689	0.2104
7	21	tracking	-843.100129	69.088903	-265.661946	23.253	-9.689	0.1506
7	22	tracking	-842.935939	69.051976	-265.678117	37.878	-7.940	0.1148
7	23	tracking	-842.802291	69.003506	-265.676269	37.878	-7.940	0.1043
7	24	tracking	-842.666988	68.974762	-265.634268	62.878	-15.940	0.0857
7	25	tracking	-842.605179	68.881565	-265.635617	67.848	-23.940	0.1233
7	26	tracking	-842.562422	68.767451	-265.631805	67.848	-31.940	0.0921
7	27	tracking	-842.535057	68.624393	-265.624039	67.848	-39.940	0.1787
7	28	tracking	-842.517555	68.444438	-265.609703	42.848	-47.168	0.0733
7	29	tracking	-842.505396	68.229459	-265.586257	17.848	-47.168	0.0591
7	30	tracking	-842.492954	67.982091	-265.552537	-7.152	-47.168	0.0578
7	31	tracking	-842.473907	67.705327	-265.509828	-32.152	-47.168	0.0544
7	32	tracking	-842.455310	67.390475	-265.458814	-7.152	-55.168	0.0509
7	33	tracking	-842.443113	67.039133	-265.399777	17.848	-55.963	0.0559
7	34	landing	-842.438538	66.666171	-265.327633	17.848	-47.963	0.0425
7	35	landing	-842.441286	66.274088	-265.242161	17.848	-47.963	0.0362
7	36	landing	-842.451086	65.865341	-265.143171	17.848	-47.963	0.0321
8	0	tracking	-850.645964	68.867102	-257.032114	-139.104	-4.000	0.3086
8	1	tracking	-849.991601	68.807284	-257.601772	-164.104	-0.670	0.2662
8	2	tracking	-849.422535	68.751906	-258.196524	170.896	-8.670	0.2427
8	3	tracking	-848.951149	68.710040	-258.797665	153.407	-16.670	0.2291
8	4	tracking	-848.533079	68.685017	-259.402840	178.407	-24.670	0.2184
8	5	tracking	-848.135704	68.677907	-259.999512	-156.593	-32.670	0.2334
8	6	tracking	-847.761383	68.687936	-260.584443	-159.186	-40.670	0.2123
8	7	tracking	-847.390151	68.712344	-261.142272	-134.186	-46.375	0.2140
8	8	tracking	-847.034052	68.747852	-261.683844	-150.375	-42.740	0.1909
8	9	tracking	-846.691437	68.790551	-262.210929	-150.375	-34.740	0.1833
8	10	tracking	-846.360385	68.836374	-262.725899	-150.375	-26.740	0.2063
8	11	tracking	-846.038924	68.880283	-263.231329	-150.375	-18.740	0.1703
8	12	tracking	-845.711981	68.925618	-263.710438	-125.375	-26.740	0.1803
8	13	tracking	-845.375779	68.972813	-264.145543	-100.375	-34.740	0.1686
8	14	tracking	-845.036398	69.019217	-264.522830	-75.375	-42.740	0.1532
8	15	tracking	-844.705837	69.059505	-264.835665	-50.375	-50.740	0.1467
8	16	tracking	-844.384292	69.091438	-265.093102	-51.747	-42.740	0.1439
8	17	tracking	-844.083004	69.113982	-265.293128	-26.747	-34.740	0.1332
8	18	tracking	-843.800745	69.125732	-265.443948	-26.747	-26.740	0.2829
8	19	tracking	-843.536584	69.125555	-265.553190	-26.747	-25.689	0.5329
8	20	tracking	-843.300384	69.113535	-265.623253	-1.747	-17.689	0.3546
8	21	tracking	-843.100129	69.088903	-265.661946	23.253	-9.689	0.2058
8	22	tracking	-842.935939	69.051976	-265.678117	37.878	-7.940	0.1829
8	23	tracking	-842.802291	69.003506	-265.676269	37.878	-7.940	0.1768
8	24	tracking	-842.734495	68.876127	-265.732657	62.878	-15.940	0.1440
8	25	tracking	-842.646169	68.785800	-265.731578	67.848	-23.940	0.1293
8	26	tracking	-842.581581	68.676055	-265.724872	67.848	-31.940	0.1295
8	27	tracking	-842.536106	68.538800	-265.713982	67.848	-39.940	0.1227
8	28	tracking	-842.503212	68.365953	-265.696059	42.848	-47.168	0.1091
8	29	tracking	-842.477581	68.158983	-265.668667	17.848	-47.168	0.2217
8	30	tracking	-842.453075	67.920122	-265.630956	-7.152	-47.168	0.2742
8	31	tracking	-842.423116	67.652140	-265.584430	-32.152	-47.168	0.0934
8	32	tracking	-842.394753	67.346498	-265.529674	-7.152	-55.168	0.0842
8	33	tracking	-842.373934	67.004664	-265.467062	17.848	-55.963	0.1341
8	34	landing	-842.361686	66.641132	-265.391701	17.848	-47.963	0.0704
8	35	landing	-842.357572	66.258256	-265.303439	17.848	-47.963	0.0603
8	36	landing	-842.361209	65.858391	-265.202119	17.848	-47.963	0.0535
9	0	tracking	-850.645964	68.867102	-257.032114	-139.104	-4.000	0.4920
9	1	tracking	-849.991601	68.807284	-257.601772	-164.104	-0.670	0.3833
9	2	tracking	-849.422535	68.751906	-258.196524	170.896	-8.670	0.3370
9	3	tracking	-848.951149	68.710040	-258.797665	153.407	-16.670	0.3173
9	4	tracking	-848.533079	68.685017	-259.402840	178.407	-24.670	0.3080
9	5	tracking	-848.135704	68.677907	-259.999512	-156.593	-32.670	0.3200
9	6	tracking	-847.761383	68.687936	-260.584443	-159.186	-40.670	0.4977
9	7	tracking	-847.390151	68.712344	-261.142272	-134.186	-46.375	0.4268
9	8	tracking	-847.034052	68.747852	-261.683844	-150.375	-42.740	0.3023
9	9	tracking	-846.691437	68.790551	-262.210929	-150.375	-34.740	0.2849
9	10	tracking	-846.360385	68.836374	-262.725899	-150.375	-26.740	0.3190
9	11	tracking	-846.038924	68.880283	-263.231329	-150.375	-18.740	0.2767
9	12	tracking	-845.711981	68.925618	-263.710438	-125.375	-26.740	0.2629
9	13	tracking	-845.375779	68.972813	-264.145543	-100.375	-34.740	0.2566
9	14	tracking	-845.036398	69.019217	-264.522830	-75.375	-42.740	0.2470
9	15	tracking	-844.705837	69.059505	-264.835665	-50.375	-50.740	0.2242
9	16	tracking	-844.384292	69.091438	-265.093102	-51.747	-42.740	0.2116
9	17	tracking	-844.083004	69.113982	-265.293128	-26.747	-34.740	0.2019
9	18	tracking	-843.800745	69.125732	-265.443948	-26.747	-26.740	0.2054
9	19	tracking	-843.536584	69.125555	-265.553190	-26.747	-25.689	0.1900
9	20	tracking	-843.300384	69.113535	-265.623253	-1.747	-17.689	0.1779
9	21	tracking	-843.100129	69.088903	-265.661946	23.253	-9.689	0.1685
9	22	tracking	-842.935939	69.051976	-265.678117	37.878	-7.940	0.1613
9	23	tracking	-842.802291	69.003506	-265.676269	37.878	-7.940	0.1669
9	24	tracking	-842.634495	68.876127	-265.732657	62.878	-15.940	0.1437
9	25	tracking	-842.546169	68.785800	-265.731578	67.848	-23.940	0.1331
9	26	tracking	-842.481581	68.676055	-265.724872	67.848	-31.940	0.1226
9	27	tracking	-842.436106	68.538800	-265.713982	67.848	-39.940	0.1174
9	28	tracking	-842.403212	68.365953	-265.696059	42.848	-47.168	0.1207
9	29	tracking	-842.377581	68.158983	-265.668667	17.848	-47.168	0.1172
9	30	tracking	-842.353075	67.920122	-265.630956	-7.152	-47.168	0.1101
9	31	tracking	-842.323116	67.652140	-265.584430	-32.152	-47.168	0.1621
9	32	tracking	-842.294753	67.346498	-265.529674	-7.152	-55.168	0.1038
9	33	tracking	-842.273934	67.004664	-265.467062	17.848	-55.963	0.0799
9	34	landing	-842.261686	66.641132	-265.391701	17.848	-47.963	0.0697
9	35	landing	-842.257572	66.258256	-265.303439	17.848	-47.963	0.0619
9	36	landing	-842.261209	65.858391	-265.202119	17.848	-47.963	0.0592
10	0	tracking	-850.645964	68.867102	-257.032114	-139.104	-4.000	0.4183
10	1	tracking	-849.991601	68.807284	-257.601772	-164.104	-0.670	0.3811
10	2	tracking	-849.422535	68.751906	-258.196524	170.896	-8.670	0.3559
10	3	tracking	-848.951149	68.710040	-258.797665	153.407	-16.670	0.3634
10	4	tracking	-848.533079	68.685017	-259.402840	178.407	-24.670	0.3229
10	5	tracking	-848.135704	68.677907	-259.999512	-156.593	-32.670	0.4694
10	6	tracking	-847.761383	68.687936	-260.584443	-159.186	-40.670	0.3070
10	7	tracking	-847.390151	68.712344	-261.142272	-134.186	-46.375	0.3594
10	8	tracking	-847.034052	68.747852	-261.683844	-150.375	-42.740	0.5558
10	9	tracking	-846.691437	68.790551	-262.210929	-150.375	-34.740	0.2873
10	10	tracking	-846.360385	68.836374	-262.725899	-150.375	-26.740	0.2730
10	11	tracking	-846.038924	68.880283	-263.231329	-150.375	-18.740	0.2490
10	12	tracking	-845.711981	68.925618	-263.710438	-125.375	-26.740	0.2483
10	13	tracking	-845.375779	68.972813	-264.145543	-100.375	-34.740	0.2430
10	14	tracking	-845.036398	69.019217	-264.522830	-75.375	-42.740	0.7503
10	15	tracking	-844.705837	69.059505	-264.835665	-50.375	-50.740	0.2574
10	16	tracking	-844.384292	69.091438	-265.093102	-51.747	-42.740	0.2055
10	17	tracking	-844.083004	69.113982	-265.293128	-26.747	-34.740	0.2049
10	18	tracking	-843.800745	69.125732	-265.443948	-26.747	-26.740	0.2119
10	19	tracking	-843.536584	69.125555	-265.553190	-26.747	-25.689	0.3140
10	20	tracking	-843.300384	69.113535	-265.623253	-1.747	-17.689	0.1727
10	21	tracking	-843.100129	69.088903	-265.661946	23.253	-9.689	0.1637
10	22	tracking	-842.935939	69.051976	-265.678117	37.878	-7.940	0.1557
10	23	tracking	-842.802291	69.003506	-265.676269	37.878	-7.940	0.1641
10	24	tracking	-842.734495	68.976127	-265.732657	62.878	-15.940	0.1722
10	25	tracking	-842.646169	68.885800	-265.731578	67.848	-23.940	0.1326
10	26	tracking	-842.581581	68.776055	-265.724872	67.848	-31.940	0.1208
10	27	tracking	-842.536106	68.638800	-265.713982	67.848	-39.940	0.1131
10	28	tracking	-842.503212	68.465953	-265.696059	42.848	-47.168	0.1082
10	29	tracking	-842.477581	68.258983	-265.668667	17.848	-47.168	0.0970
10	30	tracking	-842.453075	68.020122	-265.630956	-7.152	-47.168	0.1188
10	31	tracking	-842.423116	67.752140	-265.584430	-32.152	-47.168	0.0864
10	32	tracking	-842.394753	67.446498	-265.529674	-7.152	-55.168	0.0920
10	33	tracking	-842.373934	67.104664	-265.467062	17.848	-55.963	0.0745
10	34	landing	-842.361686	66.741132	-265.391701	17.848	-47.963	0.0839
10	35	landing	-842.357572	66.358256	-265.303439	17.848	-47.963	0.0599
10	36	landing	-842.361209	65.958391	-265.202119	17.848	-47.963	0.0599
11	0	tracking	-850.645964	68.867102	-257.032114	-139.104	-4.000	0.4478
11	1	tracking	-849.991601	68.807284	-257.601772	-164.104	-0.670	0.3603
11	2	tracking	-849.422535	68.751906	-258.196524	170.896	-8.670	0.4051
11	3	tracking	-848.951149	68.710040	-258.797665	153.407	-16.670	0.9440
11	4	tracking	-848.533079	68.685017	-259.402840	178.407	-24.670	0.3404
11	5	tracking	-848.135704	68.677907	-259.999512	-156.593	-32.670	0.3049
11	6	tracking	-847.761383	68.687936	-260.584443	-159.186	-40.670	0.3118
11	7	tracking	-847.390151	68.712344	-261.142272	-134.186	-46.375	0.2878
11	8	tracking	-847.034052	68.747852	-261.683844	-150.375	-42.740	0.2746
11	9	tracking	-846.691437	68.790551	-262.210929	-150.375	-34.740	0.2756
11	10	tracking	-846.360385	68.836374	-262.725899	-150.375	-26.740	0.2630
11	11	tracking	-846.038924	68.880283	-263.231329	-150.375	-18.740	0.2428
11	12	tracking	-845.711981	68.925618	-263.710438	-125.375	-26.740	0.2362
11	13	tracking	-845.375779	68.972813	-264.145543	-100.375	-34.740	0.2501
11	14	tracking	-845.036398	69.019217	-264.522830	-75.375	-42.740	0.2250
11	15	tracking	-844.705837	69.059505	-264.835665	-50.375	-50.740	0.2379
11	16	tracking	-844.384292	69.091438	-265.093102	-51.747	-42.740	0.2183
11	17	tracking	-844.083004	69.113982	-265.293128	-26.747	-34.740	0.2045
11	18	tracking	-843.800745	69.125732	-265.443948	-26.747	-26.740	0.1859
11	19	tracking	-843.536584	69.125555	-265.553190	-26.747	-25.689	0.1747
11	20	tracking	-843.300384	69.113535	-265.623253	-1.747	-17.689	0.1814
11	21	tracking	-843.100129	69.088903	-265.661946	23.253	-9.689	0.1896
11	22	tracking	-842.935939	69.051976	-265.678117	37.878	-7.940	0.1679
11	23	tracking	-842.802291	69.003506	-265.676269	37.878	-7.940	0.2450
11	24	tracking	-842.634495	68.976127	-265.732657	62.878	-15.940	0.1924
11	25	tracking	-842.546169	68.885800	-265.731578	67.848	-23.940	0.2300
11	26	tracking	-842.481581	68.776055	-265.724872	67.848	-31.940	0.3066
11	27	tracking	-842.436106	68.638800	-265.713982	67.848	-39.940	0.2866
11	28	tracking	-842.403212	68.465953	-265.696059	42.848	-47.168	0.1696
11	29	tracking	-842.377581	68.258983	-265.668667	17.848	-47.168	0.1061
11	30	tracking	-842.353075	68.020122	-265.630956	-7.152	-47.168	0.0939
11	31	tracking	-842.323116	67.752140	-265.584430	-32.152	-47.168	0.0859
11	32	tracking	-842.294753	67.446498	-265.529674	-7.152	-55.168	0.0852
11	33	tracking	-842.273934	67.104664	-265.467062	17.848	-55.963	0.0727
11	34	landing	-842.261686	66.741132	-265.391701	17.848	-47.963	0.0675
11	35	landing	-842.257572	66.358256	-265.303439	17.848	-47.963	0.0629
11	36	landing	-842.261209	65.958391	-265.202119	17.848	-47.963	0.0508
12	0	tracking	-850.645964	68.867102	-257.032114	-139.104	-4.000	0.4131
12	1	tracking	-849.991601	68.807284	-257.601772	-164.104	-0.670	0.4024
12	2	tracking	-849.422535	68.751906	-258.196524	170.896	-8.670	0.3679
12	3	tracking	-848.951149	68.710040	-258.797665	153.407	-16.670	0.3438
12	4	tracking	-848.533079	68.685017	-259.402840	178.407	-24.670	0.3387
12	5	tracking	-848.135704	68.677907	-259.999512	-156.593	-32.670	0.3359
12	6	tracking	-847.761383	68.687936	-260.584443	-159.186	-40.670	0.4216
12	7	tracking	-847.390151	68.712344	-261.142272	-134.186	-46.375	0.3352
12	8	tracking	-847.034052	68.747852	-261.683844	-150.375	-42.740	0.3053
12	9	tracking	-846.691437	68.790551	-262.210929	-150.375	-34.740	0.2945
12	10	tracking	-846.360385	68.836374	-262.725899	-150.375	-26.740	0.2952
12	11	tracking	-846.038924	68.880283	-263.231329	-150.375	-18.740	0.3175
12	12	tracking	-845.711981	68.925618	-263.710438	-125.375	-26.740	0.3978
12	13	tracking	-845.375779	68.972813	-264.145543	-100.375	-34.740	0.2430
12	14	tracking	-845.036398	69.019217	-264.522830	-75.375	-42.740	0.2237
12	15	tracking	-844.705837	69.059505	-264.835665	-50.375	-50.740	0.2132
12	16	tracking	-844.384292	69.091438	-265.093102	-51.747	-42.740	0.2174
12	17	tracking	-844.083004	69.113982	-265.293128	-26.747	-34.740	0.2058
12	18	tracking	-843.800745	69.125732	-265.443948	-26.747	-26.740	0.2258
12	19	tracking	-843.536584	69.125555	-265.553190	-26.747	-25.689	0.2013
12	20	tracking	-843.300384	69.113535	-265.623253	-1.747	-17.689	0.1748
12	21	tracking	-843.100129	69.088903	-265.661946	23.253	-9.689	0.1567
12	22	tracking	-842.935939	69.051976	-265.678117	37.878	-7.940	0.1533
12	23	tracking	-842.802291	69.003506	-265.676269	37.878	-7.940	0.1460
12	24	tracking	-842.734495	68.876127	-265.632657	62.878	-15.940	0.1252
12	25	tracking	-842.646169	68.785800	-265.631578	67.848	-23.940	0.1191
12	26	tracking	-842.581581	68.676055	-265.624872	67.848	-31.940	0.1109
12	27	tracking	-842.536106	68.538800	-265.613982	67.848	-39.940	0.1071
12	28	tracking	-842.503212	68.365953	-265.596059	42.848	-47.168	0.1008
12	29	tracking	-842.477581	68.158983	-265.568667	17.848	-47.168	0.1090
12	30	tracking	-842.453075	67.920122	-265.530956	-7.152	-47.168	0.0921
12	31	tracking	-842.423116	67.652140	-265.484430	-32.152	-47.168	0.0859
12	32	tracking	-842.394753	67.346498	-265.429674	-7.152	-55.168	0.0809
12	33	tracking	-842.373934	67.004664	-265.367062	17.848	-55.963	0.0760
12	34	landing	-842.361686	66.641132	-265.291701	17.848	-47.963	0.0697
12	35	landing	-842.357572	66.258256	-265.203439	17.848	-47.963	0.0586
12	36	landing	-842.361209	65.858391	-265.102119	17.848	-47.963	0.0518
13	0	tracking	-850.645964	68.867102	-257.032114	-139.104	-4.000	0.4302
13	1	tracking	-849.991601	68.807284	-257.601772	-164.104	-0.670	0.4046
13	2	tracking	-849.422535	68.751906	-258.196524	170.896	-8.670	0.5045
13	3	tracking	-848.951149	68.710040	-258.797665	153.407	-16.670	0.3653
13	4	tracking	-848.533079	68.685017	-259.402840	178.407	-24.670	0.3326
13	5	tracking	-848.135704	68.677907	-259.999512	-156.593	-32.670	0.3066
13	6	tracking	-847.761383	68.687936	-260.584443	-159.186	-40.670	0.3136
13	7	tracking	-847.390151	68.712344	-261.142272	-134.186	-46.375	0.2857
13	8	tracking	-847.034052	68.747852	-261.683844	-150.375	-42.740	0.2957
13	9	tracking	-846.691437	68.790551	-262.210929	-150.375	-34.740	0.2733
13	10	tracking	-846.360385	68.836374	-262.725899	-150.375	-26.740	0.2580
13	11	tracking	-846.038924	68.880283	-263.231329	-150.375	-18.740	0.2484
13	12	tracking	-845.711981	68.925618	-263.710438	-125.375	-26.740	0.2385
13	13	tracking	-845.375779	68.972813	-264.145543	-100.375	-34.740	0.2760
13	14	tracking	-845.036398	69.019217	-264.522830	-75.375	-42.740	0.2457
13	15	tracking	-844.705837	69.059505	-264.835665	-50.375	-50.740	0.4009
13	16	tracking	-844.384292	69.091438	-265.093102	-51.747	-42.740	0.2140
13	17	tracking	-844.083004	69.113982	-265.293128	-26.747	-34.740	0.1929
13	18	tracking	-843.800745	69.125732	-265.443948	-26.747	-26.740	0.1795
13	19	tracking	-843.536584	69.125555	-265.553190	-26.747	-25.689	0.1968
13	20	tracking	-843.300384	69.113535	-265.623253	-1.747	-17.689	0.4456
13	21	tracking	-843.100129	69.088903	-265.661946	23.253	-9.689	0.4667
13	22	tracking	-842.935939	69.051976	-265.678117	37.878	-7.940	0.3513
13	23	tracking	-842.802291	69.003506	-265.676269	37.878	-7.940	0.3307
13	24	tracking	-842.634495	68.876127	-265.632657	62.878	-15.940	0.2922
13	25	tracking	-842.546169	68.785800	-265.631578	67.848	-23.940	0.2893
13	26	tracking	-842.481581	68.676055	-265.624872	67.848	-31.940	0.2132
13	27	tracking	-842.436106	68.538800	-265.613982	67.848	-39.940	0.1225
13	28	tracking	-842.403212	68.365953	-265.596059	42.848	-47.168	0.1139
13	29	tracking	-842.377581	68.158983	-265.568667	17.848	-47.168	0.1027
13	30	tracking	-842.353075	67.920122	-265.530956	-7.152	-47.168	0.0957
13	31	tracking	-842.323116	67.652140	-265.484430	-32.152	-47.168	0.0871
13	32	tracking	-842.294753	67.346498	-265.429674	-7.152	-55.168	0.1034
13	33	tracking	-842.273934	67.004664	-265.367062	17.848	-55.963	0.0806
13	34	landing	-842.261686	66.641132	-265.291701	17.848	-47.963	0.0734
13	35	landing	-842.257572	66.258256	-265.203439	17.848	-47.963	0.0569
13	36	landing	-842.261209	65.858391	-265.102119	17.848	-47.963	0.0558
14	0	tracking	-850.645964	68.867102	-257.032114	-139.104	-4.000	0.4311
14	1	tracking	-849.991601	68.807284	-257.601772	-164.104	-0.670	0.3890
14	2	tracking	-849.422535	68.751906	-258.196524	170.896	-8.670	0.3483
14	3	tracking	-848.951149	68.710040	-258.797665	153.407	-16.670	0.3399
14	4	tracking	-848.533079	68.685017	-259.402840	178.407	-24.670	0.3207
14	5	tracking	-848.135704	68.677907	-259.999512	-156.593	-32.670	0.3208
14	6	tracking	-847.761383	68.687936	-260.584443	-159.186	-40.670	0.4022
14	7	tracking	-847.390151	68.712344	-261.142272	-134.186	-46.375	0.3497
14	8	tracking	-847.034052	68.747852	-261.683844	-150.375	-42.740	0.3128
14	9	tracking	-846.691437	68.790551	-262.210929	-150.375	-34.740	0.2766
14	10	tracking	-846.360385	68.836374	-262.725899	-150.375	-26.740	0.2692
14	11	tracking	-846.038924	68.880283	-263.231329	-150.375	-18.740	0.2478
14	12	tracking	-845.711981	68.925618	-263.710438	-125.375	-26.740	0.2612
14	13	tracking	-845.375779	68.972813	-264.145543	-100.375	-34.740	0.2362
14	14	tracking	-845.036398	69.019217	-264.522830	-75.375	-42.740	0.2304
14	15	tracking	-844.705837	69.059505	-264.835665	-50.375	-50.740	0.2242
14	16	tracking	-844.384292	69.091438	-265.093102	-51.747	-42.740	0.2060
14	17	tracking	-844.083004	69.113982	-265.293128	-26.747	-34.740	0.1940
14	18	tracking	-843.800745	69.125732	-265.443948	-26.747	-26.740	0.2266
14	19	tracking	-843.536584	69.125555	-265.553190	-26.747	-25.689	0.1835
14	20	tracking	-843.300384	69.113535	-265.623253	-1.747	-17.689	0.1650
14	21	tracking	-843.100129	69.088903	-265.661946	23.253	-9.689	0.1614
14	22	tracking	-842.935939	69.051976	-265.678117	37.878	-7.940	0.1532
14	23	tracking	-842.802291	69.003506	-265.676269	37.878	-7.940	0.1416
14	24	tracking	-842.734495	68.976127	-265.632657	62.878	-15.940	0.1494
14	25	tracking	-842.646169	68.885800	-265.631578	67.848	-23.940	0.1263
14	26	tracking	-842.581581	68.776055	-265.624872	67.848	-31.940	0.1175
14	27	tracking	-842.536106	68.638800	-265.613982	67.848	-39.940	0.1035
14	28	tracking	-842.503212	68.465953	-265.596059	42.848	-47.168	0.1059
14	29	tracking	-842.477581	68.258983	-265.568667	17.848	-47.168	0.1102
14	30	tracking	-842.453075	68.020122	-265.530956	-7.152	-47.168	0.1050
14	31	tracking	-842.423116	67.752140	-265.484430	-32.152	-47.168	0.0851
14	32	tracking	-842.394753	67.446498	-265.429674	-7.152	-55.168	0.1390
14	33	tracking	-842.373934	67.104664	-265.367062	17.848	-55.963	0.0791
14	34	landing	-842.361686	66.741132	-265.291701	17.848	-47.963	0.0692
14	35	landing	-842.357572	66.358256	-265.203439	17.848	-47.963	0.0617
14	36	landing	-842.361209	65.958391	-265.102119	17.848	-47.963	0.0556
15	0	tracking	-850.645964	68.867102	-257.032114	-139.104	-4.000	0.4375
15	1	tracking	-849.991601	68.807284	-257.601772	-164.104	-0.670	0.3660
15	2	tracking	-849.422535	68.751906	-258.196524	170.896	-8.670	0.3411
15	3	tracking	-848.951149	68.710040	-258.797665	153.407	-16.670	0.5452
15	4	tracking	-848.533079	68.685017	-259.402840	178.407	-24.670	0.3804
15	5	tracking	-848.135704	68.677907	-259.999512	-156.593	-32.670	0.3273
15	6	tracking	-847.761383	68.687936	-260.584443	-159.186	-40.670	0.3187
15	7	tracking	-847.390151	68.712344	-261.142272	-134.186	-46.375	0.3375
15	8	tracking	-847.034052	68.747852	-261.683844	-150.375	-42.740	0.3656
15	9	tracking	-846.691437	68.790551	-262.210929	-150.375	-34.740	0.3277
15	10	tracking	-846.360385	68.836374	-262.725899	-150.375	-26.740	0.2674
15	11	tracking	-846.038924	68.880283	-263.231329	-150.375	-18.740	0.2551
15	12	tracking	-845.711981	68.925618	-263.710438	-125.375	-26.740	0.2448
15	13	tracking	-845.375779	68.972813	-264.145543	-100.375	-34.740	0.2323
15	14	tracking	-845.036398	69.019217	-264.522830	-75.375	-42.740	0.2353
15	15	tracking	-844.705837	69.059505	-264.835665	-50.375	-50.740	0.2192
15	16	tracking	-844.384292	69.091438	-265.093102	-51.747	-42.740	0.2765
15	17	tracking	-844.083004	69.113982	-265.293128	-26.747	-34.740	0.1526
15	18	tracking	-843.800745	69.125732	-265.443948	-26.747	-26.740	0.1126
15	19	tracking	-843.536584	69.125555	-265.553190	-26.747	-25.689	0.0687
15	20	tracking	-843.300384	69.113535	-265.623253	-1.747	-17.689	0.0581
15	21	tracking	-843.100129	69.088903	-265.661946	23.253	-9.689	0.1068
15	22	tracking	-842.935939	69.051976	-265.678117	37.878	-7.940	0.1464
15	23	tracking	-842.802291	69.003506	-265.676269	37.878	-7.940	0.0650
15	24	tracking	-842.634495	68.976127	-265.632657	62.878	-15.940	0.0598
15	25	tracking	-842.546169	68.885800	-265.631578	67.848	-23.940	0.0490
15	26	tracking	-842.481581	68.776055	-265.624872	67.848	-31.940	0.0433
15	27	tracking	-842.436106	68.638800	-265.613982	67.848	-39.940	0.0466
15	28	tracking	-842.403212	68.465953	-265.596059	42.848	-47.168	0.0762
15	29	tracking	-842.377581	68.258983	-265.568667	17.848	-47.168	0.0409
15	30	tracking	-842.353075	68.020122	-265.530956	-7.152	-47.168	0.0555
15	31	tracking	-842.323116	67.752140	-265.484430	-32.152	-47.168	0.0490
15	32	tracking	-842.294753	67.446498	-265.429674	-7.152	-55.168	0.0400
15	33	tracking	-842.273934	67.104664	-265.367062	17.848	-55.963	0.0523
15	34	landing	-842.261686	66.741132	-265.291701	17.848	-47.963	0.0301
15	35	landing	-842.257572	66.358256	-265.203439	17.848	-47.963	0.0325
15	36	landing	-842.261209	65.958391	-265.102119	17.848	-47.963	0.0283
16	0	tracking	-850.645964	68.867102	-257.032114	-139.104	-4.000	0.1969
16	1	tracking	-849.991601	68.807284	-257.601772	-164.104	-0.670	0.1465
16	2	tracking	-849.422535	68.751906	-258.196524	170.896	-8.670	0.1118
16	3	tracking	-848.951149	68.710040	-258.797665	153.407	-16.670	0.3102
16	4	tracking	-848.533079	68.685017	-259.402840	178.407	-24.670	0.0967
16	5	tracking	-848.135704	68.677907	-259.999512	-156.593	-32.670	0.1105
16	6	tracking	-847.761383	68.687936	-260.584443	-159.186	-40.670	0.0851
16	7	tracking	-847.390151	68.712344	-261.142272	-134.186	-46.375	0.0857
16	8	tracking	-847.034052	68.747852	-261.683844	-150.375	-42.740	0.0871
16	9	tracking	-846.691437	68.790551	-262.210929	-150.375	-34.740	0.0815
16	10	tracking	-846.360385	68.836374	-262.725899	-150.375	-26.740	0.0784
16	11	tracking	-846.038924	68.880283	-263.231329	-150.375	-18.740	0.0939
16	12	tracking	-845.711981	68.925618	-263.710438	-125.375	-26.740	0.0831
16	13	tracking	-845.375779	68.972813	-264.145543	-100.375	-34.740	0.0714
16	14	tracking	-845.036398	69.019217	-264.522830	-75.375	-42.740	0.0690
16	15	tracking	-844.705837	69.059505	-264.835665	-50.375	-50.740	0.0682
16	16	tracking	-844.384292	69.091438	-265.093102	-51.747	-42.740	0.0943
16	17	tracking	-844.083004	69.113982	-265.293128	-26.747	-34.740	0.0741
16	18	tracking	-843.800745	69.125732	-265.443948	-26.747	-26.740	0.0581
16	19	tracking	-843.536584	69.125555	-265.553190	-26.747	-25.689	0.0557
16	20	tracking	-843.300384	69.113535	-265.623253	-1.747	-17.689	0.0513
16	21	tracking	-843.100129	69.088903	-265.661946	23.253	-9.689	0.0540
16	22	tracking	-842.935939	69.051976	-265.678117	37.878	-7.940	0.0490
16	23	tracking	-842.802291	69.003506	-265.676269	37.878	-7.940	0.0464
16	24	tracking	-842.764055	68.910338	-265.735771	62.878	-15.940	0.0386
16	25	tracking	-842.697421	68.849248	-265.739358	67.848	-23.940	0.0330
16	26	tracking	-842.648820	68.764660	-265.738169	67.848	-31.940	0.0311
16	27	tracking	-842.615218	68.649295	-265.733161	67.848	-39.940	0.0328
16	28	tracking	-842.591656	68.495732	-265.721823	42.848	-47.168	0.0296
16	29	tracking	-842.573845	68.305746	-265.701838	17.848	-47.168	0.0302
16	30	tracking	-842.556490	68.081773	-265.672197	-7.152	-47.168	0.0252
16	31	tracking	-842.533641	67.826728	-265.634037	-32.152	-47.168	0.0240
16	32	tracking	-842.511754	67.532233	-265.587860	-7.152	-55.168	0.0255
16	33	tracking	-842.496385	67.199883	-265.533886	17.848	-55.963	0.0217
16	34	landing	-842.488658	66.844309	-265.467262	17.848	-47.963	0.0196
16	35	landing	-842.488268	66.468018	-265.387730	17.848	-47.963	0.0191
16	36	landing	-842.494946	66.073495	-265.295046	17.848	-47.963	0.0216
16	37	landing	-842.508443	65.663153	-265.189028	17.848	-47.963	0.0158
17	0	tracking	-850.645964	68.867102	-257.032114	-139.104	-4.000	0.1521
17	1	tracking	-849.991601	68.807284	-257.601772	-164.104	-0.670	0.8895
17	2	tracking	-849.422535	68.751906	-258.196524	170.896	-8.670	0.2190
17	3	tracking	-848.951149	68.710040	-258.797665	153.407	-16.670	0.2595
17	4	tracking	-848.533079	68.685017	-259.402840	178.407	-24.670	0.1984
17	5	tracking	-848.135704	68.677907	-259.999512	-156.593	-32.670	0.1265
17	6	tracking	-847.761383	68.687936	-260.584443	-159.186	-40.670	0.0836
17	7	tracking	-847.390151	68.712344	-261.142272	-134.186	-46.375	0.0774
17	8	tracking	-847.034052	68.747852	-261.683844	-150.375	-42.740	0.0743
17	9	tracking	-846.691437	68.790551	-262.210929	-150.375	-34.740	0.0755
17	10	tracking	-846.360385	68.836374	-262.725899	-150.375	-26.740	0.0701
17	11	tracking	-846.038924	68.880283	-263.231329	-150.375	-18.740	0.0707
17	12	tracking	-845.711981	68.925618	-263.710438	-125.375	-26.740	0.0707
17	13	tracking	-845.375779	68.972813	-264.145543	-100.375	-34.740	0.0608
17	14	tracking	-845.036398	69.019217	-264.522830	-75.375	-42.740	0.0605
17	15	tracking	-844.705837	69.059505	-264.835665	-50.375	-50.740	0.0583
17	16	tracking	-844.384292	69.091438	-265.093102	-51.747	-42.740	0.0640
17	17	tracking	-844.083004	69.113982	-265.293128	-26.747	-34.740	0.0531
17	18	tracking	-843.800745	69.125732	-265.443948	-26.747	-26.740	0.0518
17	19	tracking	-843.536584	69.125555	-265.553190	-26.747	-25.689	0.0740
17	20	tracking	-843.300384	69.113535	-265.623253	-1.747	-17.689	0.0497
17	21	tracking	-843.100129	69.088903	-265.661946	23.253	-9.689	0.0565
17	22	tracking	-842.935939	69.051976	-265.678117	37.878	-7.940	0.0447
17	23	tracking	-842.802291	69.003506	-265.676269	37.878	-7.940	0.0476
17	24	tracking	-842.664055	68.910338	-265.735771	62.878	-15.940	0.0431
17	25	tracking	-842.597421	68.849248	-265.739358	67.848	-23.940	0.0398
17	26	tracking	-842.548820	68.764660	-265.738169	67.848	-31.940	0.0553
17	27	tracking	-842.515218	68.649295	-265.733161	67.848	-39.940	0.1030
17	28	tracking	-842.491656	68.495732	-265.721823	42.848	-47.168	0.0375
17	29	tracking	-842.473845	68.305746	-265.701838	17.848	-47.168	0.0384
17	30	tracking	-842.456490	68.081773	-265.672197	-7.152	-47.168	0.0360
17	31	tracking	-842.433641	67.826728	-265.634037	-32.152	-47.168	0.0326
17	32	tracking	-842.411754	67.532233	-265.587860	-7.152	-55.168	0.0316
17	33	tracking	-842.396385	67.199883	-265.533886	17.848	-55.963	0.0288
17	34	landing	-842.388658	66.844309	-265.467262	17.848	-47.963	0.0282
17	35	landing	-842.388268	66.468018	-265.387730	17.848	-47.963	0.0276
17	36	landing	-842.394946	66.073495	-265.295046	17.848	-47.963	0.0262
17	37	landing	-842.408443	65.663153	-265.189028	17.848	-47.963	0.0232
18	0	tracking	-850.645964	68.867102	-257.032114	-139.104	-4.000	0.1444
18	1	tracking	-849.991601	68.807284	-257.601772	-164.104	-0.670	0.1160
18	2	tracking	-849.422535	68.751906	-258.196524	170.896	-8.670	0.0915
18	3	tracking	-848.951149	68.710040	-258.797665	153.407	-16.670	0.0928
18	4	tracking	-848.533079	68.685017	-259.402840	178.407	-24.670	0.0818
18	5	tracking	-848.135704	68.677907	-259.999512	-156.593	-32.670	0.0781
18	6	tracking	-847.761383	68.687936	-260.584443	-159.186	-40.670	0.0757
18	7	tracking	-847.390151	68.712344	-261.142272	-134.186	-46.375	0.0752
18	8	tracking	-847.034052	68.747852	-261.683844	-150.375	-42.740	0.0724
18	9	tracking	-846.691437	68.790551	-262.210929	-150.375	-34.740	0.0717
18	10	tracking	-846.360385	68.836374	-262.725899	-150.375	-26.740	0.0673
18	11	tracking	-846.038924	68.880283	-263.231329	-150.375	-18.740	0.0657
18	12	tracking	-845.711981	68.925618	-263.710438	-125.375	-26.740	0.0637
18	13	tracking	-845.375779	68.972813	-264.145543	-100.375	-34.740	0.0607
18	14	tracking	-845.036398	69.019217	-264.522830	-75.375	-42.740	0.0579
18	15	tracking	-844.705837	69.059505	-264.835665	-50.375	-50.740	0.0649
18	16	tracking	-844.384292	69.091438	-265.093102	-51.747	-42.740	0.0556
18	17	tracking	-844.083004	69.113982	-265.293128	-26.747	-34.740	0.0523
18	18	tracking	-843.800745	69.125732	-265.443948	-26.747	-26.740	0.0583
18	19	tracking	-843.536584	69.125555	-265.553190	-26.747	-25.689	0.0482
18	20	tracking	-843.300384	69.113535	-265.623253	-1.747	-17.689	0.1266
18	21	tracking	-843.100129	69.088903	-265.661946	23.253	-9.689	0.1725
18	22	tracking	-842.935939	69.051976	-265.678117	37.878	-7.940	0.1412
18	23	tracking	-842.802291	69.003506	-265.676269	37.878	-7.940	0.0975
18	24	tracking	-842.764055	69.010338	-265.735771	62.878	-15.940	0.0434
18	25	tracking	-842.697421	68.949248	-265.739358	67.848	-23.940	0.0328
18	26	tracking	-842.648820	68.864660	-265.738169	67.848	-31.940	0.0301
18	27	tracking	-842.615218	68.749295	-265.733161	67.848	-39.940	0.0273
18	28	tracking	-842.591656	68.595732	-265.721823	42.848	-47.168	0.0515
18	29	tracking	-842.573845	68.405746	-265.701838	17.848	-47.168	0.0338
18	30	tracking	-842.556490	68.181773	-265.672197	-7.152	-47.168	0.0229
18	31	tracking	-842.533641	67.926728	-265.634037	-32.152	-47.168	0.0231
18	32	tracking	-842.511754	67.632233	-265.587860	-7.152	-55.168	0.0232
18	33	tracking	-842.496385	67.299883	-265.533886	17.848	-55.963	0.0201
18	34	landing	-842.488658	66.944309	-265.467262	17.848	-47.963	0.0183
18	35	landing	-842.488268	66.568018	-265.387730	17.848	-47.963	0.0167
18	36	landing	-842.494946	66.173495	-265.295046	17.848	-47.963	0.0163
18	37	landing	-842.508443	65.763153	-265.189028	17.848	-47.963	0.0178
19	0	tracking	-850.645964	68.867102	-257.032114	-139.104	-4.000	0.1502
19	1	tracking	-849.991601	68.807284	-257.601772	-164.104	-0.670	0.1085
19	2	tracking	-849.422535	68.751906	-258.196524	170.896	-8.670	0.0970
19	3	tracking	-848.951149	68.710040	-258.797665	153.407	-16.670	0.0917
19	4	tracking	-848.533079	68.685017	-259.402840	178.407	-24.670	0.0880
19	5	tracking	-848.135704	68.677907	-259.999512	-156.593	-32.670	0.0800
19	6	tracking	-847.761383	68.687936	-260.584443	-159.186	-40.670	0.1110
19	7	tracking	-847.390151	68.712344	-261.142272	-134.186	-46.375	0.0857
19	8	tracking	-847.034052	68.747852	-261.683844	-150.375	-42.740	0.0773
19	9	tracking	-846.691437	68.790551	-262.210929	-150.375	-34.740	0.0854
19	10	tracking	-846.360385	68.836374	-262.725899	-150.375	-26.740	0.0702
19	11	tracking	-846.038924	68.880283	-263.231329	-150.375	-18.740	0.0754
19	12	tracking	-845.711981	68.925618	-263.710438	-125.375	-26.740	0.0659
19	13	tracking	-845.375779	68.972813	-264.145543	-100.375	-34.740	0.0643
19	14	tracking	-845.036398	69.019217	-264.522830	-75.375	-42.740	0.0790
19	15	tracking	-844.705837	69.059505	-264.835665	-50.375	-50.740	0.0611
19	16	tracking	-844.384292	69.091438	-265.093102	-51.747	-42.740	0.0636
19	17	tracking	-844.083004	69.113982	-265.293128	-26.747	-34.740	0.0543
19	18	tracking	-843.800745	69.125732	-265.443948	-26.747	-26.740	0.0502
19	19	tracking	-843.536584	69.125555	-265.553190	-26.747	-25.689	0.0487
19	20	tracking	-843.300384	69.113535	-265.623253	-1.747	-17.689	0.0483
19	21	tracking	-843.100129	69.088903	-265.661946	23.253	-9.689	0.0466
19	22	tracking	-842.935939	69.051976	-265.678117	37.878	-7.940	0.0456
19	23	tracking	-842.802291	69.003506	-265.676269	37.878	-7.940	0.0428
19	24	tracking	-842.664055	69.010338	-265.735771	62.878	-15.940	0.0519
19	25	tracking	-842.597421	68.949248	-265.739358	67.848	-23.940	0.0393
19	26	tracking	-842.548820	68.864660	-265.738169	67.848	-31.940	0.0368
19	27	tracking	-842.515218	68.749295	-265.733161	67.848	-39.940	0.0342
19	28	tracking	-842.491656	68.595732	-265.721823	42.848	-47.168	0.0363
19	29	tracking	-842.473845	68.405746	-265.701838	17.848	-47.168	0.0323
19	30	tracking	-842.456490	68.181773	-265.672197	-7.152	-47.168	0.0316
19	31	tracking	-842.433641	67.926728	-265.634037	-32.152	-47.168	0.0305
19	32	tracking	-842.411754	67.632233	-265.587860	-7.152	-55.168	0.0315
19	33	tracking	-842.396385	67.299883	-265.533886	17.848	-55.963	0.0288
19	34	landing	-842.388658	66.944309	-265.467262	17.848	-47.963	0.0258
19	35	landing	-842.388268	66.568018	-265.387730	17.848	-47.963	0.0242
19	36	landing	-842.394946	66.173495	-265.295046	17.848	-47.963	0.0238
19	37	landing	-842.408443	65.763153	-265.189028	17.848	-47.963	0.0221
20	0	tracking	-850.645964	68.867102	-257.032114	-139.104	-4.000	0.1376
20	1	tracking	-849.991601	68.807284	-257.601772	-164.104	-0.670	0.0982
20	2	tracking	-849.422535	68.751906	-258.196524	170.896	-8.670	0.1038
20	3	tracking	-848.951149	68.710040	-258.797665	153.407	-16.670	0.0911
20	4	tracking	-848.533079	68.685017	-259.402840	178.407	-24.670	0.0839
20	5	tracking	-848.135704	68.677907	-259.999512	-156.593	-32.670	0.0779
20	6	tracking	-847.761383	68.687936	-260.584443	-159.186	-40.670	0.0745
20	7	tracking	-847.390151	68.712344	-261.142272	-134.186	-46.375	0.0759
20	8	tracking	-847.034052	68.747852	-261.683844	-150.375	-42.740	0.0734
20	9	tracking	-846.691437	68.790551	-262.210929	-150.375	-34.740	0.0696
20	10	tracking	-846.360385	68.836374	-262.725899	-150.375	-26.740	0.0692
20	11	tracking	-846.038924	68.880283	-263.231329	-150.375	-18.740	0.0656
20	12	tracking	-845.711981	68.925618	-263.710438	-125.375	-26.740	0.0625
20	13	tracking	-845.375779	68.972813	-264.145543	-100.375	-34.740	0.0600
20	14	tracking	-845.036398	69.019217	-264.522830	-75.375	-42.740	0.0567
20	15	tracking	-844.705837	69.059505	-264.835665	-50.375	-50.740	0.0555
20	16	tracking	-844.384292	69.091438	-265.093102	-51.747	-42.740	0.0549
20	17	tracking	-844.083004	69.113982	-265.293128	-26.747	-34.740	0.0532
20	18	tracking	-843.800745	69.125732	-265.443948	-26.747	-26.740	0.0517
20	19	tracking	-843.536584	69.125555	-265.553190	-26.747	-25.689	0.0491
20	20	tracking	-843.300384	69.113535	-265.623253	-1.747	-17.689	0.0462
20	21	tracking	-843.100129	69.088903	-265.661946	23.253	-9.689	0.0450
20	22	tracking	-842.935939	69.051976	-265.678117	37.878	-7.940	0.0435
20	23	tracking	-842.802291	69.003506	-265.676269	37.878	-7.940	0.0406
20	24	tracking	-842.764055	68.910338	-265.635771	62.878	-15.940	0.0334
20	25	tracking	-842.697421	68.849248	-265.639358	67.848	-23.940	0.0297
20	26	tracking	-842.648820	68.764660	-265.638169	67.848	-31.940	0.0294
20	27	tracking	-842.615218	68.649295	-265.633161	67.848	-39.940	0.0275
20	28	tracking	-842.591656	68.495732	-265.621823	42.848	-47.168	0.0269
20	29	tracking	-842.573845	68.305746	-265.601838	17.848	-47.168	0.0257
20	30	tracking	-842.556490	68.081773	-265.572197	-7.152	-47.168	0.0242
20	31	tracking	-842.533641	67.826728	-265.534037	-32.152	-47.168	0.0227
20	32	tracking	-842.511754	67.532233	-265.487860	-7.152	-55.168	0.0212
20	33	tracking	-842.496385	67.199883	-265.433886	17.848	-55.963	0.0191
20	34	landing	-842.488658	66.844309	-265.367262	17.848	-47.963	0.0179
20	35	landing	-842.488268	66.468018	-265.287730	17.848	-47.963	0.0176
20	36	landing	-842.494946	66.073495	-265.195046	17.848	-47.963	0.0164
20	37	landing	-842.508443	65.663153	-265.089028	17.848	-47.963	0.0146
21	0	tracking	-850.645964	68.867102	-257.032114	-139.104	-4.000	0.1506
21	1	tracking	-849.991601	68.807284	-257.601772	-164.104	-0.670	0.0945
21	2	tracking	-849.422535	68.751906	-258.196524	170.896	-8.670	0.0887
21	3	tracking	-848.951149	68.710040	-258.797665	153.407	-16.670	0.0869
21	4	tracking	-848.533079	68.685017	-259.402840	178.407	-24.670	0.0801
21	5	tracking	-848.135704	68.677907	-259.999512	-156.593	-32.670	0.0784
21	6	tracking	-847.761383	68.687936	-260.584443	-159.186	-40.670	0.0794
21	7	tracking	-847.390151	68.712344	-261.142272	-134.186	-46.375	0.0731
21	8	tracking	-847.034052	68.747852	-261.683844	-150.375	-42.740	0.0690
21	9	tracking	-846.691437	68.790551	-262.210929	-150.375	-34.740	0.0685
21	10	tracking	-846.360385	68.836374	-262.725899	-150.375	-26.740	0.0663
21	11	tracking	-846.038924	68.880283	-263.231329	-150.375	-18.740	0.0682
21	12	tracking	-845.711981	68.925618	-263.710438	-125.375	-26.740	0.0634
21	13	tracking	-845.375779	68.972813	-264.145543	-100.375	-34.740	0.0597
21	14	tracking	-845.036398	69.019217	-264.522830	-75.375	-42.740	0.0554
21	15	tracking	-844.705837	69.059505	-264.835665	-50.375	-50.740	0.0577
21	16	tracking	-844.384292	69.091438	-265.093102	-51.747	-42.740	0.0619
21	17	tracking	-844.083004	69.113982	-265.293128	-26.747	-34.740	0.0518
21	18	tracking	-843.800745	69.125732	-265.443948	-26.747	-26.740	0.0589
21	19	tracking	-843.536584	69.125555	-265.553190	-26.747	-25.689	0.0493
21	20	tracking	-843.300384	69.113535	-265.623253	-1.747	-17.689	0.0464
21	21	tracking	-843.100129	69.088903	-265.661946	23.253	-9.689	0.0432
21	22	tracking	-842.935939	69.051976	-265.678117	37.878	-7.940	0.0425
21	23	tracking	-842.802291	69.003506	-265.676269	37.878	-7.940	0.0414
21	24	tracking	-842.664055	68.910338	-265.635771	62.878	-15.940	0.0398
21	25	tracking	-842.597421	68.849248	-265.639358	67.848	-23.940	0.0369
21	26	tracking	-842.548820	68.764660	-265.638169	67.848	-31.940	0.0383
21	27	tracking	-842.515218	68.649295	-265.633161	67.848	-39.940	0.0347
21	28	tracking	-842.491656	68.495732	-265.621823	42.848	-47.168	0.0358
21	29	tracking	-842.473845	68.305746	-265.601838	17.848	-47.168	0.0324
21	30	tracking	-842.456490	68.081773	-265.572197	-7.152	-47.168	0.0318
21	31	tracking	-842.433641	67.826728	-265.534037	-32.152	-47.168	0.0311
21	32	tracking	-842.411754	67.532233	-265.487860	-7.152	-55.168	0.0305
21	33	tracking	-842.396385	67.199883	-265.433886	17.848	-55.963	0.0281
21	34	landing	-842.388658	66.844309	-265.367262	17.848	-47.963	0.0274
21	35	landing	-842.388268	66.468018	-265.287730	17.848	-47.963	0.0251
21	36	landing	-842.394946	66.073495	-265.195046	17.848	-47.963	0.0250
21	37	landing	-842.408443	65.663153	-265.089028	17.848	-47.963	0.0218
22	0	tracking	-850.645964	68.867102	-257.032114	-139.104	-4.000	0.1288
22	1	tracking	-849.991601	68.807284	-257.601772	-164.104	-0.670	0.0923
22	2	tracking	-849.422535	68.751906	-258.196524	170.896	-8.670	0.0890
22	3	tracking	-848.951149	68.710040	-258.797665	153.407	-16.670	0.0843
22	4	tracking	-848.533079	68.685017	-259.402840	178.407	-24.670	0.0774
22	5	tracking	-848.135704	68.677907	-259.999512	-156.593	-32.670	0.0745
22	6	tracking	-847.761383	68.687936	-260.584443	-159.186	-40.670	0.0721
22	7	tracking	-847.390151	68.712344	-261.142272	-134.186	-46.375	0.0879
22	8	tracking	-847.034052	68.747852	-261.683844	-150.375	-42.740	0.0715
22	9	tracking	-846.691437	68.790551	-262.210929	-150.375	-34.740	0.0675
22	10	tracking	-846.360385	68.836374	-262.725899	-150.375	-26.740	0.0644
22	11	tracking	-846.038924	68.880283	-263.231329	-150.375	-18.740	0.0634
22	12	tracking	-845.711981	68.925618	-263.710438	-125.375	-26.740	0.0613
22	13	tracking	-845.375779	68.972813	-264.145543	-100.375	-34.740	0.0587
22	14	tracking	-845.036398	69.019217	-264.522830	-75.375	-42.740	0.0576
22	15	tracking	-844.705837	69.059505	-264.835665	-50.375	-50.740	0.0545
22	16	tracking	-844.384292	69.091438	-265.093102	-51.747	-42.740	0.0525
22	17	tracking	-844.083004	69.113982	-265.293128	-26.747	-34.740	0.0504
22	18	tracking	-843.800745	69.125732	-265.443948	-26.747	-26.740	0.0503
22	19	tracking	-843.536584	69.125555	-265.553190	-26.747	-25.689	0.0466
22	20	tracking	-843.300384	69.113535	-265.623253	-1.747	-17.689	0.0438
22	21	tracking	-843.100129	69.088903	-265.661946	23.253	-9.689	0.0427
22	22	tracking	-842.935939	69.051976	-265.678117	37.878	-7.940	0.0436
22	23	tracking	-842.802291	69.003506	-265.676269	37.878	-7.940	0.0401
22	24	tracking	-842.764055	69.010338	-265.635771	62.878	-15.940	0.0304
22	25	tracking	-842.697421	68.949248	-265.639358	67.848	-23.940	0.0280
22	26	tracking	-842.648820	68.864660	-265.638169	67.848	-31.940	0.0397
22	27	tracking	-842.615218	68.749295	-265.633161	67.848	-39.940	0.0259
22	28	tracking	-842.591656	68.595732	-265.621823	42.848	-47.168	0.0237
22	29	tracking	-842.573845	68.405746	-265.601838	17.848	-47.168	0.0220
22	30	tracking	-842.556490	68.181773	-265.572197	-7.152	-47.168	0.0204
22	31	tracking	-842.533641	67.926728	-265.534037	-32.152	-47.168	0.0202
22	32	tracking	-842.511754	67.632233	-265.487860	-7.152	-55.168	0.0183
22	33	tracking	-842.496385	67.299883	-265.433886	17.848	-55.963	0.0168
22	34	landing	-842.488658	66.944309	-265.367262	17.848	-47.963	0.0163
22	35	landing	-842.488268	66.568018	-265.287730	17.848	-47.963	0.0149
22	36	landing	-842.494946	66.173495	-265.195046	17.848	-47.963	0.0143
22	37	landing	-842.508443	65.763153	-265.089028	17.848	-47.963	0.0140
23	0	tracking	-850.645964	68.867102	-257.032114	-139.104	-4.000	0.1237
23	1	tracking	-849.991601	68.807284	-257.601772	-164.104	-0.670	0.0905
23	2	tracking	-849.422535	68.751906	-258.196524	170.896	-8.670	0.1467
23	3	tracking	-848.951149	68.710040	-258.797665	153.407	-16.670	0.1035
23	4	tracking	-848.533079	68.685017	-259.402840	178.407	-24.670	0.0835
23	5	tracking	-848.135704	68.677907	-259.999512	-156.593	-32.670	0.0783
23	6	tracking	-847.761383	68.687936	-260.584443	-159.186	-40.670	0.0957
23	7	tracking	-847.390151	68.712344	-261.142272	-134.186	-46.375	0.0964
23	8	tracking	-847.034052	68.747852	-261.683844	-150.375	-42.740	0.0848
23	9	tracking	-846.691437	68.790551	-262.210929	-150.375	-34.740	0.0900
23	10	tracking	-846.360385	68.836374	-262.725899	-150.375	-26.740	0.0788
23	11	tracking	-846.038924	68.880283	-263.231329	-150.375	-18.740	0.0762
23	12	tracking	-845.711981	68.925618	-263.710438	-125.375	-26.740	0.0848
23	13	tracking	-845.375779	68.972813	-264.145543	-100.375	-34.740	0.0712
23	14	tracking	-845.036398	69.019217	-264.522830	-75.375	-42.740	0.0665
23	15	tracking	-844.705837	69.059505	-264.835665	-50.375	-50.740	0.0648
23	16	tracking	-844.384292	69.091438	-265.093102	-51.747	-42.740	0.0655
23	17	tracking	-844.083004	69.113982	-265.293128	-26.747	-34.740	0.0572
23	18	tracking	-843.800745	69.125732	-265.443948	-26.747	-26.740	0.0620
23	19	tracking	-843.536584	69.125555	-265.553190	-26.747	-25.689	0.0591
23	20	tracking	-843.300384	69.113535	-265.623253	-1.747	-17.689	0.0539
23	21	tracking	-843.100129	69.088903	-265.661946	23.253	-9.689	0.0481
23	22	tracking	-842.935939	69.051976	-265.678117	37.878	-7.940	0.0477
23	23	tracking	-842.802291	69.003506	-265.676269	37.878	-7.940	0.0420
23	24	tracking	-842.664055	69.010338	-265.635771	62.878	-15.940	0.0455
23	25	tracking	-842.597421	68.949248	-265.639358	67.848	-23.940	0.0416
23	26	tracking	-842.548820	68.864660	-265.638169	67.848	-31.940	0.0375
23	27	tracking	-842.515218	68.749295	-265.633161	67.848	-39.940	0.0355
23	28	tracking	-842.491656	68.595732	-265.621823	42.848	-47.168	0.0334
23	29	tracking	-842.473845	68.405746	-265.601838	17.848	-47.168	0.0325
23	30	tracking	-842.456490	68.181773	-265.572197	-7.152	-47.168	0.0309
23	31	tracking	-842.433641	67.926728	-265.534037	-32.152	-47.168	0.0297
23	32	tracking	-842.411754	67.632233	-265.487860	-7.152	-55.168	0.0304
23	33	tracking	-842.396385	67.299883	-265.433886	17.848	-55.963	0.0292
23	34	landing	-842.388658	66.944309	-265.367262	17.848	-47.963	0.0283
23	35	landing	-842.388268	66.568018	-265.287730	17.848	-47.963	0.0254
23	36	landing	-842.394946	66.173495	-265.195046	17.848	-47.963	0.0240
23	37	landing	-842.408443	65.763153	-265.089028	17.848	-47.963	0.0232
24	0	tracking	-850.645964	68.867102	-257.032114	-139.104	-4.000	0.1385
24	1	tracking	-849.991601	68.807284	-257.601772	-164.104	-0.670	0.0982
24	2	tracking	-849.422535	68.751906	-258.196524	170.896	-8.670	0.2776
24	3	tracking	-848.951149	68.710040	-258.797665	153.407	-16.670	0.1962
24	4	tracking	-848.533079	68.685017	-259.402840	178.407	-24.670	0.1727
24	5	tracking	-848.135704	68.677907	-259.999512	-156.593	-32.670	0.1610
24	6	tracking	-847.761383	68.687936	-260.584443	-159.186	-40.670	0.1589
24	7	tracking	-847.390151	68.712344	-261.142272	-134.186	-46.375	0.1483
24	8	tracking	-847.034052	68.747852	-261.683844	-150.375	-42.740	0.1464
24	9	tracking	-846.691437	68.790551	-262.210929	-150.375	-34.740	0.1561
24	10	tracking	-846.360385	68.836374	-262.725899	-150.375	-26.740	0.1573
24	11	tracking	-846.038924	68.880283	-263.231329	-150.375	-18.740	0.1411
24	12	tracking	-845.711981	68.925618	-263.710438	-125.375	-26.740	0.0729
24	13	tracking	-845.375779	68.972813	-264.145543	-100.375	-34.740	0.0616
24	14	tracking	-845.036398	69.019217	-264.522830	-75.375	-42.740	0.0591
24	15	tracking	-844.705837	69.059505	-264.835665	-50.375	-50.740	0.0575
24	16	tracking	-844.384292	69.091438	-265.093102	-51.747	-42.740	0.0575
24	17	tracking	-844.083004	69.113982	-265.293128	-26.747	-34.740	0.0529
24	18	tracking	-843.800745	69.125732	-265.443948	-26.747	-26.740	0.0523
24	19	tracking	-843.536584	69.125555	-265.553190	-26.747	-25.689	0.0506
24	20	tracking	-843.300384	69.113535	-265.623253	-1.747	-17.689	0.0478
24	21	tracking	-843.100129	69.088903	-265.661946	23.253	-9.689	0.0453
24	22	tracking	-842.935939	69.051976	-265.678117	37.878	-7.940	0.0446
24	23	tracking	-842.802291	69.003506	-265.676269	37.878	-7.940	0.0425
24	24	tracking	-842.731562	68.911703	-265.734159	62.878	-15.940	0.0435
24	25	tracking	-842.638406	68.853481	-265.735321	67.848	-23.940	0.0405
24	26	tracking	-842.567967	68.773254	-265.731242	67.848	-31.940	0.0391
24	27	tracking	-842.516241	68.663679	-265.723115	67.848	-39.940	0.0374
24	28	tracking	-842.477281	68.517219	-265.708190	42.848	-47.168	0.0382
24	29	tracking	-842.446007	68.335306	-265.684208	17.848	-47.168	0.0657
24	30	tracking	-842.416584	68.120041	-265.650421	-7.152	-47.168	0.0416
24	31	tracking	-842.382768	67.874097	-265.608226	-32.152	-47.168	0.0321
24	32	tracking	-842.351059	67.589218	-265.558052	-7.152	-55.168	0.0370
24	33	tracking	-842.327032	67.266854	-265.500227	17.848	-55.963	0.0269
24	34	landing	-842.311612	66.921234	-265.430103	17.848	-47.963	0.0253
24	35	landing	-842.304352	66.554700	-265.347504	17.848	-47.963	0.0238
24	36	landing	-842.304864	66.169626	-265.252225	17.848	-47.963	0.0220
24	37	landing	-842.312804	65.768348	-265.144092	17.848	-47.963	0.0226
25	0	tracking	-850.645964	68.867102	-257.032114	-139.104	-4.000	0.1477
25	1	tracking	-849.991601	68.807284	-257.601772	-164.104	-0.670	0.1002
25	2	tracking	-849.422535	68.751906	-258.196524	170.896	-8.670	0.0916
25	3	tracking	-848.951149	68.710040	-258.797665	153.407	-16.670	0.0902
25	4	tracking	-848.533079	68.685017	-259.402840	178.407	-24.670	0.0811
25	5	tracking	-848.135704	68.677907	-259.999512	-156.593	-32.670	0.0772
25	6	tracking	-847.761383	68.687936	-260.584443	-159.186	-40.670	0.0747
25	7	tracking	-847.390151	68.712344	-261.142272	-134.186	-46.375	0.0745
25	8	tracking	-847.034052	68.747852	-261.683844	-150.375	-42.740	0.0776
25	9	tracking	-846.691437	68.790551	-262.210929	-150.375	-34.740	0.0721
25	10	tracking	-846.360385	68.836374	-262.725899	-150.375	-26.740	0.0794
25	11	tracking	-846.038924	68.880283	-263.231329	-150.375	-18.740	0.0697
25	12	tracking	-845.711981	68.925618	-263.710438	-125.375	-26.740	0.0731
25	13	tracking	-845.375779	68.972813	-264.145543	-100.375	-34.740	0.0648
25	14	tracking	-845.036398	69.019217	-264.522830	-75.375	-42.740	0.0628
25	15	tracking	-844.705837	69.059505	-264.835665	-50.375	-50.740	0.0611
25	16	tracking	-844.384292	69.091438	-265.093102	-51.747	-42.740	0.0590
25	17	tracking	-844.083004	69.113982	-265.293128	-26.747	-34.740	0.0540
25	18	tracking	-843.800745	69.125732	-265.443948	-26.747	-26.740	0.0523
25	19	tracking	-843.536584	69.125555	-265.553190	-26.747	-25.689	0.0657
25	20	tracking	-843.300384	69.113535	-265.623253	-1.747	-17.689	0.0636
25	21	tracking	-843.100129	69.088903	-265.661946	23.253	-9.689	0.0477
25	22	tracking	-842.935939	69.051976	-265.678117	37.878	-7.940	0.0444
25	23	tracking	-842.802291	69.003506	-265.676269	37.878	-7.940	0.0439
25	24	tracking	-842.631562	68.911703	-265.734159	62.878	-15.940	0.0455
25	25	tracking	-842.538406	68.853481	-265.735321	67.848	-23.940	0.0435
25	26	tracking	-842.467967	68.773254	-265.731242	67.848	-31.940	0.0405
25	27	tracking	-842.416241	68.663679	-265.723115	67.848	-39.940	0.0385
25	28	tracking	-842.377281	68.517219	-265.708190	42.848	-47.168	0.0381
25	29	tracking	-842.346007	68.335306	-265.684208	17.848	-47.168	0.0368
25	30	tracking	-842.316584	68.120041	-265.650421	-7.152	-47.168	0.0346
25	31	tracking	-842.282768	67.874097	-265.608226	-32.152	-47.168	0.0323
25	32	tracking	-842.251059	67.589218	-265.558052	-7.152	-55.168	0.0310
25	33	tracking	-842.227032	67.266854	-265.500227	17.848	-55.963	0.0285
25	34	landing	-842.211612	66.921234	-265.430103	17.848	-47.963	0.0295
25	35	landing	-842.204352	66.554700	-265.347504	17.848	-47.963	0.0278
25	36	landing	-842.204864	66.169626	-265.252225	17.848	-47.963	0.0231
25	37	landing	-842.212804	65.768348	-265.144092	17.848	-47.963	0.0231
26	0	tracking	-850.645964	68.867102	-257.032114	-139.104	-4.000	0.1745
26	1	tracking	-849.991601	68.807284	-257.601772	-164.104	-0.670	0.1018
26	2	tracking	-849.422535	68.751906	-258.196524	170.896	-8.670	0.0918
26	3	tracking	-848.951149	68.710040	-258.797665	153.407	-16.670	0.0878
26	4	tracking	-848.533079	68.685017	-259.402840	178.407	-24.670	0.0829
26	5	tracking	-848.135704	68.677907	-259.999512	-156.593	-32.670	0.0798
26	6	tracking	-847.761383	68.687936	-260.584443	-159.186	-40.670	0.0736
26	7	tracking	-847.390151	68.712344	-261.142272	-134.186	-46.375	0.0723
26	8	tracking	-847.034052	68.747852	-261.683844	-150.375	-42.740	0.0720
26	9	tracking	-846.691437	68.790551	-262.210929	-150.375	-34.740	0.0700
26	10	tracking	-846.360385	68.836374	-262.725899	-150.375	-26.740	0.0661
26	11	tracking	-846.038924	68.880283	-263.231329	-150.375	-18.740	0.0662
26	12	tracking	-845.711981	68.925618	-263.710438	-125.375	-26.740	0.0675
26	13	tracking	-845.375779	68.972813	-264.145543	-100.375	-34.740	0.0617
26	14	tracking	-845.036398	69.019217	-264.522830	-75.375	-42.740	0.0583
26	15	tracking	-844.705837	69.059505	-264.835665	-50.375	-50.740	0.0583
26	16	tracking	-844.384292	69.091438	-265.093102	-51.747	-42.740	0.0550
26	17	tracking	-844.083004	69.113982	-265.293128	-26.747	-34.740	0.0513
26	18	tracking	-843.800745	69.125732	-265.443948	-26.747	-26.740	0.0496
26	19	tracking	-843.536584	69.125555	-265.553190	-26.747	-25.689	0.0491
26	20	tracking	-843.300384	69.113535	-265.623253	-1.747	-17.689	0.0456
26	21	tracking	-843.100129	69.088903	-265.661946	23.253	-9.689	0.0453
26	22	tracking	-842.935939	69.051976	-265.678117	37.878	-7.940	0.0432
26	23	tracking	-842.802291	69.003506	-265.676269	37.878	-7.940	0.0416
26	24	tracking	-842.731562	69.011703	-265.734159	62.878	-15.940	0.0427
26	25	tracking	-842.638406	68.953481	-265.735321	67.848	-23.940	0.0749
26	26	tracking	-842.567967	68.873254	-265.731242	67.848	-31.940	0.0567
26	27	tracking	-842.516241	68.763679	-265.723115	67.848	-39.940	0.0406
26	28	tracking	-842.477281	68.617219	-265.708190	42.848	-47.168	0.0427
26	29	tracking	-842.446007	68.435306	-265.684208	17.848	-47.168	0.0372
26	30	tracking	-842.416584	68.220041	-265.650421	-7.152	-47.168	0.0360
26	31	tracking	-842.382768	67.974097	-265.608226	-32.152	-47.168	0.0327
26	32	tracking	-842.351059	67.689218	-265.558052	-7.152	-55.168	0.0312
26	33	tracking	-842.327032	67.366854	-265.500227	17.848	-55.963	0.0288
26	34	landing	-842.311612	67.021234	-265.430103	17.848	-47.963	0.0265
26	35	landing	-842.304352	66.654700	-265.347504	17.848	-47.963	0.0244
26	36	landing	-842.304864	66.269626	-265.252225	17.848	-47.963	0.0239
26	37	landing	-842.312804	65.868348	-265.144092	17.848	-47.963	0.0257
27	0	tracking	-850.645964	68.867102	-257.032114	-139.104	-4.000	0.3684
27	1	tracking	-849.991601	68.807284	-257.601772	-164.104	-0.670	0.1498
27	2	tracking	-849.422535	68.751906	-258.196524	170.896	-8.670	0.1134
27	3	tracking	-848.951149	68.710040	-258.797665	153.407	-16.670	0.1075
27	4	tracking	-848.533079	68.685017	-259.402840	178.407	-24.670	0.0851
27	5	tracking	-848.135704	68.677907	-259.999512	-156.593	-32.670	0.0803
27	6	tracking	-847.761383	68.687936	-260.584443	-159.186	-40.670	0.0801
27	7	tracking	-847.390151	68.712344	-261.142272	-134.186	-46.375	0.0793
27	8	tracking	-847.034052	68.747852	-261.683844	-150.375	-42.740	0.0758
27	9	tracking	-846.691437	68.790551	-262.210929	-150.375	-34.740	0.0744
27	10	tracking	-846.360385	68.836374	-262.725899	-150.375	-26.740	0.0724
27	11	tracking	-846.038924	68.880283	-263.231329	-150.375	-18.740	0.0703
27	12	tracking	-845.711981	68.925618	-263.710438	-125.375	-26.740	0.0662
27	13	tracking	-845.375779	68.972813	-264.145543	-100.375	-34.740	0.0629
27	14	tracking	-845.036398	69.019217	-264.522830	-75.375	-42.740	0.0638
27	15	tracking	-844.705837	69.059505	-264.835665	-50.375	-50.740	0.0618
27	16	tracking	-844.384292	69.091438	-265.093102	-51.747	-42.740	0.0576
27	17	tracking	-844.083004	69.113982	-265.293128	-26.747	-34.740	0.0546
27	18	tracking	-843.800745	69.125732	-265.443948	-26.747	-26.740	0.0542
27	19	tracking	-843.536584	69.125555	-265.553190	-26.747	-25.689	0.0519
27	20	tracking	-843.300384	69.113535	-265.623253	-1.747	-17.689	0.0492
27	21	tracking	-843.100129	69.088903	-265.661946	23.253	-9.689	0.0470
27	22	tracking	-842.935939	69.051976	-265.678117	37.878	-7.940	0.0456
27	23	tracking	-842.802291	69.003506	-265.676269	37.878	-7.940	0.0443
27	24	tracking	-842.631562	69.011703	-265.734159	62.878	-15.940	0.0451
27	25	tracking	-842.538406	68.953481	-265.735321	67.848	-23.940	0.0419
27	26	tracking	-842.467967	68.873254	-265.731242	67.848	-31.940	0.0393
27	27	tracking	-842.416241	68.763679	-265.723115	67.848	-39.940	0.0380
27	28	tracking	-842.377281	68.617219	-265.708190	42.848	-47.168	0.0369
27	29	tracking	-842.346007	68.435306	-265.684208	17.848	-47.168	0.0358
27	30	tracking	-842.316584	68.220041	-265.650421	-7.152	-47.168	0.0348
27	31	tracking	-842.282768	67.974097	-265.608226	-32.152	-47.168	0.0333
27	32	tracking	-842.251059	67.689218	-265.558052	-7.152	-55.168	0.0345
27	33	tracking	-842.227032	67.366854	-265.500227	17.848	-55.963	0.0294
27	34	landing	-842.211612	67.021234	-265.430103	17.848	-47.963	0.0284
27	35	landing	-842.204352	66.654700	-265.347504	17.848	-47.963	0.0270
27	36	landing	-842.204864	66.269626	-265.252225	17.848	-47.963	0.0245
27	37	landing	-842.212804	65.868348	-265.144092	17.848	-47.963	0.0239
28	0	tracking	-850.645964	68.867102	-257.032114	-139.104	-4.000	0.1462
28	1	tracking	-849.991601	68.807284	-257.601772	-164.104	-0.670	0.0955
28	2	tracking	-849.422535	68.751906	-258.196524	170.896	-8.670	0.0922
28	3	tracking	-848.951149	68.710040	-258.797665	153.407	-16.670	0.1120
28	4	tracking	-848.533079	68.685017	-259.402840	178.407	-24.670	0.0815
28	5	tracking	-848.135704	68.677907	-259.999512	-156.593	-32.670	0.0834
28	6	tracking	-847.761383	68.687936	-260.584443	-159.186	-40.670	0.0766
28	7	tracking	-847.390151	68.712344	-261.142272	-134.186	-46.375	0.0728
28	8	tracking	-847.034052	68.747852	-261.683844	-150.375	-42.740	0.0844
28	9	tracking	-846.691437	68.790551	-262.210929	-150.375	-34.740	0.0767
28	10	tracking	-846.360385	68.836374	-262.725899	-150.375	-26.740	0.0671
28	11	tracking	-846.038924	68.880283	-263.231329	-150.375	-18.740	0.0678
28	12	tracking	-845.711981	68.925618	-263.710438	-125.375	-26.740	0.0644
28	13	tracking	-845.375779	68.972813	-264.145543	-100.375	-34.740	0.0602
28	14	tracking	-845.036398	69.019217	-264.522830	-75.375	-42.740	0.0584
28	15	tracking	-844.705837	69.059505	-264.835665	-50.375	-50.740	0.0567
28	16	tracking	-844.384292	69.091438	-265.093102	-51.747	-42.740	0.1599
28	17	tracking	-844.083004	69.113982	-265.293128	-26.747	-34.740	0.1399
28	18	tracking	-843.800745	69.125732	-265.443948	-26.747	-26.740	0.3013
28	19	tracking	-843.536584	69.125555	-265.553190	-26.747	-25.689	0.1248
28	20	tracking	-843.300384	69.113535	-265.623253	-1.747	-17.689	0.1042
28	21	tracking	-843.100129	69.088903	-265.661946	23.253	-9.689	0.0919
28	22	tracking	-842.935939	69.051976	-265.678117	37.878	-7.940	0.0910
28	23	tracking	-842.802291	69.003506	-265.676269	37.878	-7.940	0.1236
28	24	tracking	-842.731562	68.911703	-265.634159	62.878	-15.940	0.1127
28	25	tracking	-842.638406	68.853481	-265.635321	67.848	-23.940	0.0897
28	26	tracking	-842.567967	68.773254	-265.631242	67.848	-31.940	0.0886
28	27	tracking	-842.516241	68.663679	-265.623115	67.848	-39.940	0.0804
28	28	tracking	-842.477281	68.517219	-265.608190	42.848	-47.168	0.1037
28	29	tracking	-842.446007	68.335306	-265.584208	17.848	-47.168	0.0689
28	30	tracking	-842.416584	68.120041	-265.550421	-7.152	-47.168	0.0480
28	31	tracking	-842.382768	67.874097	-265.508226	-32.152	-47.168	0.0348
28	32	tracking	-842.351059	67.589218	-265.458052	-7.152	-55.168	0.0319
28	33	tracking	-842.327032	67.266854	-265.400227	17.848	-55.963	0.0295
28	34	landing	-842.311612	66.921234	-265.330103	17.848	-47.963	0.0295
28	35	landing	-842.304352	66.554700	-265.247504	17.848	-47.963	0.0283
28	36	landing	-842.304864	66.169626	-265.152225	17.848	-47.963	0.0287
28	37	landing	-842.312804	65.768348	-265.044092	17.848	-47.963	0.0254
29	0	tracking	-850.645964	68.867102	-257.032114	-139.104	-4.000	0.1861
29	1	tracking	-849.991601	68.807284	-257.601772	-164.104	-0.670	0.1077
29	2	tracking	-849.422535	68.751906	-258.196524	170.896	-8.670	0.0992
29	3	tracking	-848.951149	68.710040	-258.797665	153.407	-16.670	0.0940
29	4	tracking	-848.533079	68.685017	-259.402840	178.407	-24.670	0.0936
29	5	tracking	-848.135704	68.677907	-259.999512	-156.593	-32.670	0.0851
29	6	tracking	-847.761383	68.687936	-260.584443	-159.186	-40.670	0.0827
29	7	tracking	-847.390151	68.712344	-261.142272	-134.186	-46.375	0.0892
29	8	tracking	-847.034052	68.747852	-261.683844	-150.375	-42.740	0.1010
29	9	tracking	-846.691437	68.790551	-262.210929	-150.375	-34.740	0.0805
29	10	tracking	-846.360385	68.836374	-262.725899	-150.375	-26.740	0.0823
29	11	tracking	-846.038924	68.880283	-263.231329	-150.375	-18.740	0.0720
29	12	tracking	-845.711981	68.925618	-263.710438	-125.375	-26.740	0.0677
29	13	tracking	-845.375779	68.972813	-264.145543	-100.375	-34.740	0.0662
29	14	tracking	-845.036398	69.019217	-264.522830	-75.375	-42.740	0.0749
29	15	tracking	-844.705837	69.059505	-264.835665	-50.375	-50.740	0.0790
29	16	tracking	-844.384292	69.091438	-265.093102	-51.747	-42.740	0.0609
29	17	tracking	-844.083004	69.113982	-265.293128	-26.747	-34.740	0.0571
29	18	tracking	-843.800745	69.125732	-265.443948	-26.747	-26.740	0.0567
29	19	tracking	-843.536584	69.125555	-265.553190	-26.747	-25.689	0.0660
29	20	tracking	-843.300384	69.113535	-265.623253	-1.747	-17.689	0.0481
29	21	tracking	-843.100129	69.088903	-265.661946	23.253	-9.689	0.0495
29	22	tracking	-842.935939	69.051976	-265.678117	37.878	-7.940	0.0479
29	23	tracking	-842.802291	69.003506	-265.676269	37.878	-7.940	0.0439
29	24	tracking	-842.631562	68.911703	-265.634159	62.878	-15.940	0.0456
29	25	tracking	-842.538406	68.853481	-265.635321	67.848	-23.940	0.0400
29	26	tracking	-842.467967	68.773254	-265.631242	67.848	-31.940	0.0420
29	27	tracking	-842.416241	68.663679	-265.623115	67.848	-39.940	0.0415
29	28	tracking	-842.377281	68.517219	-265.608190	42.848	-47.168	0.0470
29	29	tracking	-842.346007	68.335306	-265.584208	17.848	-47.168	0.0524
29	30	tracking	-842.316584	68.120041	-265.550421	-7.152	-47.168	0.0414
29	31	tracking	-842.282768	67.874097	-265.508226	-32.152	-47.168	0.0341
29	32	tracking	-842.251059	67.589218	-265.458052	-7.152	-55.168	0.0359
29	33	tracking	-842.227032	67.266854	-265.400227	17.848	-55.963	0.0302
29	34	landing	-842.211612	66.921234	-265.330103	17.848	-47.963	0.0297
29	35	landing	-842.204352	66.554700	-265.247504	17.848	-47.963	0.0305
29	36	landing	-842.204864	66.169626	-265.152225	17.848	-47.963	0.0260
29	37	landing	-842.212804	65.768348	-265.044092	17.848	-47.963	0.0250
30	0	tracking	-850.645964	68.867102	-257.032114	-139.104	-4.000	0.1960
30	1	tracking	-849.991601	68.807284	-257.601772	-164.104	-0.670	0.1257
30	2	tracking	-849.422535	68.751906	-258.196524	170.896	-8.670	0.1154
30	3	tracking	-848.951149	68.710040	-258.797665	153.407	-16.670	0.1089
30	4	tracking	-848.533079	68.685017	-259.402840	178.407	-24.670	0.1072
30	5	tracking	-848.135704	68.677907	-259.999512	-156.593	-32.670	0.1021
30	6	tracking	-847.761383	68.687936	-260.584443	-159.186	-40.670	0.1109
30	7	tracking	-847.390151	68.712344	-261.142272	-134.186	-46.375	0.1033
30	8	tracking	-847.034052	68.747852	-261.683844	-150.375	-42.740	0.0917
30	9	tracking	-846.691437	68.790551	-262.210929	-150.375	-34.740	0.0941
30	10	tracking	-846.360385	68.836374	-262.725899	-150.375	-26.740	0.0949
30	11	tracking	-846.038924	68.880283	-263.231329	-150.375	-18.740	0.0900
30	12	tracking	-845.711981	68.925618	-263.710438	-125.375	-26.740	0.0778
30	13	tracking	-845.375779	68.972813	-264.145543	-100.375	-34.740	0.0742
30	14	tracking	-845.036398	69.019217	-264.522830	-75.375	-42.740	0.0748
30	15	tracking	-844.705837	69.059505	-264.835665	-50.375	-50.740	0.0721
30	16	tracking	-844.384292	69.091438	-265.093102	-51.747	-42.740	0.0634
30	17	tracking	-844.083004	69.113982	-265.293128	-26.747	-34.740	0.0642
30	18	tracking	-843.800745	69.125732	-265.443948	-26.747	-26.740	0.0620
30	19	tracking	-843.536584	69.125555	-265.553190	-26.747	-25.689	0.0593
30	20	tracking	-843.300384	69.113535	-265.623253	-1.747	-17.689	0.0525
30	21	tracking	-843.100129	69.088903	-265.661946	23.253	-9.689	0.0545
30	22	tracking	-842.935939	69.051976	-265.678117	37.878	-7.940	0.0523
30	23	tracking	-842.802291	69.003506	-265.676269	37.878	-7.940	0.0479
30	24	tracking	-842.731562	69.011703	-265.634159	62.878	-15.940	0.0507
30	25	tracking	-842.638406	68.953481	-265.635321	67.848	-23.940	0.0428
30	26	tracking	-842.567967	68.873254	-265.631242	67.848	-31.940	0.0450
30	27	tracking	-842.516241	68.763679	-265.623115	67.848	-39.940	0.0417
30	28	tracking	-842.477281	68.617219	-265.608190	42.848	-47.168	0.0427
30	29	tracking	-842.446007	68.435306	-265.584208	17.848	-47.168	0.0360
30	30	tracking	-842.416584	68.220041	-265.550421	-7.152	-47.168	0.0397
30	31	tracking	-842.382768	67.974097	-265.508226	-32.152	-47.168	0.0700
30	32	tracking	-842.351059	67.689218	-265.458052	-7.152	-55.168	0.0470
30	33	tracking	-842.327032	67.366854	-265.400227	17.848	-55.963	0.0313
30	34	landing	-842.311612	67.021234	-265.330103	17.848	-47.963	0.0284
30	35	landing	-842.304352	66.654700	-265.247504	17.848	-47.963	0.0329
30	36	landing	-842.304864	66.269626	-265.152225	17.848	-47.963	0.0296
30	37	landing	-842.312804	65.868348	-265.044092	17.848	-47.963	0.0265
31	0	tracking	-850.645964	68.867102	-257.032114	-139.104	-4.000	0.1668
31	1	tracking	-849.991601	68.807284	-257.601772	-164.104	-0.670	0.1187
31	2	tracking	-849.422535	68.751906	-258.196524	170.896	-8.670	0.1037
31	3	tracking	-848.951149	68.710040	-258.797665	153.407	-16.670	0.1087
31	4	tracking	-848.533079	68.685017	-259.402840	178.407	-24.670	0.1040
31	5	tracking	-848.135704	68.677907	-259.999512	-156.593	-32.670	0.0898
31	6	tracking	-847.761383	68.687936	-260.584443	-159.186	-40.670	0.0976
31	7	tracking	-847.390151	68.712344	-261.142272	-134.186	-46.375	0.0832
31	8	tracking	-847.034052	68.747852	-261.683844	-150.375	-42.740	0.0811
31	9	tracking	-846.691437	68.790551	-262.210929	-150.375	-34.740	0.0797
31	10	tracking	-846.360385	68.836374	-262.725899	-150.375	-26.740	0.0772
31	11	tracking	-846.038924	68.880283	-263.231329	-150.375	-18.740	0.0810
31	12	tracking	-845.711981	68.925618	-263.710438	-125.375	-26.740	0.0745
31	13	tracking	-845.375779	68.972813	-264.145543	-100.375	-34.740	0.1103
31	14	tracking	-845.036398	69.019217	-264.522830	-75.375	-42.740	0.0820
31	15	tracking	-844.705837	69.059505	-264.835665	-50.375	-50.740	0.0650
31	16	tracking	-844.384292	69.091438	-265.093102	-51.747	-42.740	0.0591
31	17	tracking	-844.083004	69.113982	-265.293128	-26.747	-34.740	0.0602
31	18	tracking	-843.800745	69.125732	-265.443948	-26.747	-26.740	0.0582
31	19	tracking	-843.536584	69.125555	-265.553190	-26.747	-25.689	0.0734
31	20	tracking	-843.300384	69.113535	-265.623253	-1.747	-17.689	0.0505
31	21	tracking	-843.100129	69.088903	-265.661946	23.253	-9.689	0.0525
31	22	tracking	-842.935939	69.051976	-265.678117	37.878	-7.940	0.0503
31	23	tracking	-842.802291	69.003506	-265.676269	37.878	-7.940	0.0443
31	24	tracking	-842.631562	69.011703	-265.634159	62.878	-15.940	0.0483
31	25	tracking	-842.538406	68.953481	-265.635321	67.848	-23.940	0.0437
31	26	tracking	-842.467967	68.873254	-265.631242	67.848	-31.940	0.0506
31	27	tracking	-842.416241	68.763679	-265.623115	67.848	-39.940	0.0439
31	28	tracking	-842.377281	68.617219	-265.608190	42.848	-47.168	0.0459
31	29	tracking	-842.346007	68.435306	-265.584208	17.848	-47.168	0.0446
31	30	tracking	-842.316584	68.220041	-265.550421	-7.152	-47.168	0.0381
31	31	tracking	-842.282768	67.974097	-265.508226	-32.152	-47.168	0.0328
31	32	tracking	-842.251059	67.689218	-265.458052	-7.152	-55.168	0.0354
31	33	tracking	-842.227032	67.366854	-265.400227	17.848	-55.963	0.0309
31	34	landing	-842.211612	67.021234	-265.330103	17.848	-47.963	0.0310
31	35	landing	-842.204352	66.654700	-265.247504	17.848	-47.963	0.0287
31	36	landing	-842.204864	66.269626	-265.152225	17.848	-47.963	0.0278
31	37	landing	-842.212804	65.868348	-265.044092	17.848	-47.963	0.0271
32	0	tracking	-850.645964	68.867102	-257.032114	-139.104	-4.000	0.1502
32	1	tracking	-849.991601	68.807284	-257.601772	-164.104	-0.670	0.1187
32	2	tracking	-849.422535	68.751906	-258.196524	170.896	-8.670	0.1072
32	3	tracking	-848.951149	68.710040	-258.797665	153.407	-16.670	0.1020
32	4	tracking	-848.533079	68.685017	-259.402840	178.407	-24.670	0.1264
32	5	tracking	-848.135704	68.677907	-259.999512	-156.593	-32.670	0.1021
32	6	tracking	-847.761383	68.687936	-260.584443	-159.186	-40.670	0.0899
32	7	tracking	-847.390151	68.712344	-261.142272	-134.186	-46.375	0.0855
32	8	tracking	-847.034052	68.747852	-261.683844	-150.375	-42.740	0.0818
32	9	tracking	-846.691437	68.790551	-262.210929	-150.375	-34.740	0.1056
32	10	tracking	-846.360385	68.836374	-262.725899	-150.375	-26.740	0.0789
32	11	tracking	-846.038924	68.880283	-263.231329	-150.375	-18.740	0.0755
32	12	tracking	-845.711981	68.925618	-263.710438	-125.375	-26.740	0.0726
32	13	tracking	-845.375779	68.972813	-264.145543	-100.375	-34.740	0.0930
32	14	tracking	-845.036398	69.019217	-264.522830	-75.375	-42.740	0.0678
32	15	tracking	-844.705837	69.059505	-264.835665	-50.375	-50.740	0.0655
32	16	tracking	-844.384292	69.091438	-265.093102	-51.747	-42.740	0.0636
32	17	tracking	-844.083004	69.113982	-265.293128	-26.747	-34.740	0.0669
32	18	tracking	-843.800745	69.125732	-265.443948	-26.747	-26.740	0.0595
32	19	tracking	-843.536584	69.125555	-265.553190	-26.747	-25.689	0.0556
32	20	tracking	-843.300384	69.113535	-265.623253	-1.747	-17.689	0.0533
32	21	tracking	-843.100129	69.088903	-265.661946	23.253	-9.689	0.0487
32	22	tracking	-842.935939	69.051976	-265.678117	37.878	-7.940	0.0500
32	23	tracking	-842.802291	69.003506	-265.676269	37.878	-7.940	0.0456
32	24	tracking	-842.767039	68.874784	-265.698602	62.878	-15.940	0.0482
32	25	tracking	-842.705583	68.781808	-265.668047	67.848	-23.940	0.0441
32	26	tracking	-842.663633	68.668347	-265.635608	67.848	-31.940	0.0392
32	27	tracking	-842.637668	68.526705	-265.602059	67.848	-39.940	0.0435
32	28	tracking	-842.622065	68.349359	-265.564046	42.848	-47.168	0.0422
32	29	tracking	-842.611980	68.138517	-265.518325	17.848	-47.168	0.0405
32	30	tracking	-842.601219	67.896894	-265.463452	-7.152	-47.168	0.0358
32	31	tracking	-842.583023	67.627337	-265.400864	-32.152	-47.168	0.0315
32	32	tracking	-842.565050	67.321215	-265.331070	-7.152	-55.168	0.0345
32	33	tracking	-842.553713	66.980006	-265.254358	17.848	-55.963	0.0286
32	34	landing	-842.550164	66.618138	-265.165659	17.848	-47.963	0.0269
32	35	landing	-842.554055	66.237975	-265.064719	17.848	-47.963	0.0266
32	36	landing	-842.565074	65.841830	-264.951333	17.848	-47.963	0.0245
33	0	tracking	-850.645964	68.867102	-257.032114	-139.104	-4.000	0.1815
33	1	tracking	-849.991601	68.807284	-257.601772	-164.104	-0.670	0.1175
33	2	tracking	-849.422535	68.751906	-258.196524	170.896	-8.670	0.1015
33	3	tracking	-848.951149	68.710040	-258.797665	153.407	-16.670	0.0966
33	4	tracking	-848.533079	68.685017	-259.402840	178.407	-24.670	0.1046
33	5	tracking	-848.135704	68.677907	-259.999512	-156.593	-32.670	0.1048
33	6	tracking	-847.761383	68.687936	-260.584443	-159.186	-40.670	0.0912
33	7	tracking	-847.390151	68.712344	-261.142272	-134.186	-46.375	0.0840
33	8	tracking	-847.034052	68.747852	-261.683844	-150.375	-42.740	0.0817
33	9	tracking	-846.691437	68.790551	-262.210929	-150.375	-34.740	0.0953
33	10	tracking	-846.360385	68.836374	-262.725899	-150.375	-26.740	0.0783
33	11	tracking	-846.038924	68.880283	-263.231329	-150.375	-18.740	0.0758
33	12	tracking	-845.711981	68.925618	-263.710438	-125.375	-26.740	0.0724
33	13	tracking	-845.375779	68.972813	-264.145543	-100.375	-34.740	0.0690
33	14	tracking	-845.036398	69.019217	-264.522830	-75.375	-42.740	0.0642
33	15	tracking	-844.705837	69.059505	-264.835665	-50.375	-50.740	0.0654
33	16	tracking	-844.384292	69.091438	-265.093102	-51.747	-42.740	0.0627
33	17	tracking	-844.083004	69.113982	-265.293128	-26.747	-34.740	0.0605
33	18	tracking	-843.800745	69.125732	-265.443948	-26.747	-26.740	0.0582
33	19	tracking	-843.536584	69.125555	-265.553190	-26.747	-25.689	0.0531
33	20	tracking	-843.300384	69.113535	-265.623253	-1.747	-17.689	0.0534
33	21	tracking	-843.100129	69.088903	-265.661946	23.253	-9.689	0.0571
33	22	tracking	-842.935939	69.051976	-265.678117	37.878	-7.940	0.0739
33	23	tracking	-842.802291	69.003506	-265.676269	37.878	-7.940	0.0506
33	24	tracking	-842.667039	68.874784	-265.698602	62.878	-15.940	0.0320
33	25	tracking	-842.605583	68.781808	-265.668047	67.848	-23.940	0.0331
33	26	tracking	-842.563633	68.668347	-265.635608	67.848	-31.940	0.0262
33	27	tracking	-842.537668	68.526705	-265.602059	67.848	-39.940	0.0249
33	28	tracking	-842.522065	68.349359	-265.564046	42.848	-47.168	0.0240
33	29	tracking	-842.511980	68.138517	-265.518325	17.848	-47.168	0.0233
33	30	tracking	-842.501219	67.896894	-265.463452	-7.152	-47.168	0.0220
33	31	tracking	-842.483023	67.627337	-265.400864	-32.152	-47.168	0.0233
33	32	tracking	-842.465050	67.321215	-265.331070	-7.152	-55.168	0.0291
33	33	tracking	-842.453713	66.980006	-265.254358	17.848	-55.963	0.0193
33	34	landing	-842.450164	66.618138	-265.165659	17.848	-47.963	0.0179
33	35	landing	-842.454055	66.237975	-265.064719	17.848	-47.963	0.0231
33	36	landing	-842.465074	65.841830	-264.951333	17.848	-47.963	0.0155
34	0	tracking	-850.645964	68.867102	-257.032114	-139.104	-4.000	0.1823
34	1	tracking	-849.991601	68.807284	-257.601772	-164.104	-0.670	0.1161
34	2	tracking	-849.422535	68.751906	-258.196524	170.896	-8.670	0.1244
34	3	tracking	-848.951149	68.710040	-258.797665	153.407	-16.670	0.0989
34	4	tracking	-848.533079	68.685017	-259.402840	178.407	-24.670	0.0928
34	5	tracking	-848.135704	68.677907	-259.999512	-156.593	-32.670	0.0906
34	6	tracking	-847.761383	68.687936	-260.584443	-159.186	-40.670	0.0865
34	7	tracking	-847.390151	68.712344	-261.142272	-134.186	-46.375	0.0841
34	8	tracking	-847.034052	68.747852	-261.683844	-150.375	-42.740	0.0857
34	9	tracking	-846.691437	68.790551	-262.210929	-150.375	-34.740	0.0986
34	10	tracking	-846.360385	68.836374	-262.725899	-150.375	-26.740	0.0798
34	11	tracking	-846.038924	68.880283	-263.231329	-150.375	-18.740	0.0775
34	12	tracking	-845.711981	68.925618	-263.710438	-125.375	-26.740	0.0676
34	13	tracking	-845.375779	68.972813	-264.145543	-100.375	-34.740	0.0651
34	14	tracking	-845.036398	69.019217	-264.522830	-75.375	-42.740	0.0664
34	15	tracking	-844.705837	69.059505	-264.835665	-50.375	-50.740	0.0660
34	16	tracking	-844.384292	69.091438	-265.093102	-51.747	-42.740	0.0627
34	17	tracking	-844.083004	69.113982	-265.293128	-26.747	-34.740	0.0604
34	18	tracking	-843.800745	69.125732	-265.443948	-26.747	-26.740	0.0541
34	19	tracking	-843.536584	69.125555	-265.553190	-26.747	-25.689	0.0516
34	20	tracking	-843.300384	69.113535	-265.623253	-1.747	-17.689	0.0546
34	21	tracking	-843.100129	69.088903	-265.661946	23.253	-9.689	0.0517
34	22	tracking	-842.935939	69.051976	-265.678117	37.878	-7.940	0.0641
34	23	tracking	-842.802291	69.003506	-265.676269	37.878	-7.940	0.0492
34	24	tracking	-842.767039	68.974784	-265.698602	62.878	-15.940	0.0455
34	25	tracking	-842.705583	68.881808	-265.668047	67.848	-23.940	0.0457
34	26	tracking	-842.663633	68.768347	-265.635608	67.848	-31.940	0.0385
34	27	tracking	-842.637668	68.626705	-265.602059	67.848	-39.940	0.0405
34	28	tracking	-842.622065	68.449359	-265.564046	42.848	-47.168	0.0359
34	29	tracking	-842.611980	68.238517	-265.518325	17.848	-47.168	0.0374
34	30	tracking	-842.601219	67.996894	-265.463452	-7.152	-47.168	0.0323
34	31	tracking	-842.583023	67.727337	-265.400864	-32.152	-47.168	0.0385
34	32	tracking	-842.565050	67.421215	-265.331070	-7.152	-55.168	0.0366
34	33	tracking	-842.553713	67.080006	-265.254358	17.848	-55.963	0.0342
34	34	landing	-842.550164	66.718138	-265.165659	17.848	-47.963	0.0273
34	35	landing	-842.554055	66.337975	-265.064719	17.848	-47.963	0.0254
34	36	landing	-842.565074	65.941830	-264.951333	17.848	-47.963	0.0237
35	0	tracking	-850.645964	68.867102	-257.032114	-139.104	-4.000	0.1465
35	1	tracking	-849.991601	68.807284	-257.601772	-164.104	-0.670	0.1059
35	2	tracking	-849.422535	68.751906	-258.196524	170.896	-8.670	0.1013
35	3	tracking	-848.951149	68.710040	-258.797665	153.407	-16.670	0.1117
35	4	tracking	-848.533079	68.685017	-259.402840	178.407	-24.670	0.1020
35	5	tracking	-848.135704	68.677907	-259.999512	-156.593	-32.670	0.0873
35	6	tracking	-847.761383	68.687936	-260.584443	-159.186	-40.670	0.0849
35	7	tracking	-847.390151	68.712344	-261.142272	-134.186	-46.375	0.0818
35	8	tracking	-847.034052	68.747852	-261.683844	-150.375	-42.740	0.0807
35	9	tracking	-846.691437	68.790551	-262.210929	-150.375	-34.740	0.1483
35	10	tracking	-846.360385	68.836374	-262.725899	-150.375	-26.740	0.1038
35	11	tracking	-846.038924	68.880283	-263.231329	-150.375	-18.740	0.0864
35	12	tracking	-845.711981	68.925618	-263.710438	-125.375	-26.740	0.0716
35	13	tracking	-845.375779	68.972813	-264.145543	-100.375	-34.740	0.0711
35	14	tracking	-845.036398	69.019217	-264.522830	-75.375	-42.740	0.0662
35	15	tracking	-844.705837	69.059505	-264.835665	-50.375	-50.740	0.0641
35	16	tracking	-844.384292	69.091438	-265.093102	-51.747	-42.740	0.0628
35	17	tracking	-844.083004	69.113982	-265.293128	-26.747	-34.740	0.0600
35	18	tracking	-843.800745	69.125732	-265.443948	-26.747	-26.740	0.0575
35	19	tracking	-843.536584	69.125555	-265.553190	-26.747	-25.689	0.0594
35	20	tracking	-843.300384	69.113535	-265.623253	-1.747	-17.689	0.0560
35	21	tracking	-843.100129	69.088903	-265.661946	23.253	-9.689	0.0527
35	22	tracking	-842.935939	69.051976	-265.678117	37.878	-7.940	0.0502
35	23	tracking	-842.802291	69.003506	-265.676269	37.878	-7.940	0.1221
35	24	tracking	-842.667039	68.974784	-265.698602	62.878	-15.940	0.0936
35	25	tracking	-842.605583	68.881808	-265.668047	67.848	-23.940	0.0400
35	26	tracking	-842.563633	68.768347	-265.635608	67.848	-31.940	0.0286
35	27	tracking	-842.537668	68.626705	-265.602059	67.848	-39.940	0.0255
35	28	tracking	-842.522065	68.449359	-265.564046	42.848	-47.168	0.0291
35	29	tracking	-842.511980	68.238517	-265.518325	17.848	-47.168	0.0259
35	30	tracking	-842.501219	67.996894	-265.463452	-7.152	-47.168	0.0674
35	31	tracking	-842.483023	67.727337	-265.400864	-32.152	-47.168	0.0443
35	32	tracking	-842.465050	67.421215	-265.331070	-7.152	-55.168	0.0438
35	33	tracking	-842.453713	67.080006	-265.254358	17.848	-55.963	0.0407
35	34	landing	-842.450164	66.718138	-265.165659	17.848	-47.963	0.0281
35	35	landing	-842.454055	66.337975	-265.064719	17.848	-47.963	0.0283
35	36	landing	-842.465074	65.941830	-264.951333	17.848	-47.963	0.0391
36	0	tracking	-850.645964	68.867102	-257.032114	-139.104	-4.000	0.2537
36	1	tracking	-849.991601	68.807284	-257.601772	-164.104	-0.670	0.2326
36	2	tracking	-849.422535	68.751906	-258.196524	170.896	-8.670	0.1792
36	3	tracking	-848.951149	68.710040	-258.797665	153.407	-16.670	0.2189
36	4	tracking	-848.533079	68.685017	-259.402840	178.407	-24.670	0.1770
36	5	tracking	-848.135704	68.677907	-259.999512	-156.593	-32.670	0.1853
36	6	tracking	-847.761383	68.687936	-260.584443	-159.186	-40.670	0.1609
36	7	tracking	-847.390151	68.712344	-261.142272	-134.186	-46.375	0.1447
36	8	tracking	-847.034052	68.747852	-261.683844	-150.375	-42.740	0.1530
36	9	tracking	-846.691437	68.790551	-262.210929	-150.375	-34.740	0.1494
36	10	tracking	-846.360385	68.836374	-262.725899	-150.375	-26.740	0.1822
36	11	tracking	-846.038924	68.880283	-263.231329	-150.375	-18.740	0.1399
36	12	tracking	-845.711981	68.925618	-263.710438	-125.375	-26.740	0.1397
36	13	tracking	-845.375779	68.972813	-264.145543	-100.375	-34.740	0.1352
36	14	tracking	-845.036398	69.019217	-264.522830	-75.375	-42.740	0.1315
36	15	tracking	-844.705837	69.059505	-264.835665	-50.375	-50.740	0.1200
36	16	tracking	-844.384292	69.091438	-265.093102	-51.747	-42.740	0.1550
36	17	tracking	-844.083004	69.113982	-265.293128	-26.747	-34.740	0.1206
36	18	tracking	-843.800745	69.125732	-265.443948	-26.747	-26.740	0.1032
36	19	tracking	-843.536584	69.125555	-265.553190	-26.747	-25.689	0.1038
36	20	tracking	-843.300384	69.113535	-265.623253	-1.747	-17.689	0.1274
36	21	tracking	-843.100129	69.088903	-265.661946	23.253	-9.689	0.0963
36	22	tracking	-842.935939	69.051976	-265.678117	37.878	-7.940	0.0980
36	23	tracking	-842.802291	69.003506	-265.676269	37.878	-7.940	0.0912
36	24	tracking	-842.767039	68.874784	-265.598602	62.878	-15.940	0.0770
36	25	tracking	-842.705583	68.781808	-265.568047	67.848	-23.940	0.1511
36	26	tracking	-842.663633	68.668347	-265.535608	67.848	-31.940	0.0857
36	27	tracking	-842.637668	68.526705	-265.502059	67.848	-39.940	0.0823
36	28	tracking	-842.622065	68.349359	-265.464046	42.848	-47.168	0.2832
36	29	tracking	-842.611980	68.138517	-265.418325	17.848	-47.168	0.1314
36	30	tracking	-842.601219	67.896894	-265.363452	-7.152	-47.168	0.2274
36	31	tracking	-842.583023	67.627337	-265.300864	-32.152	-47.168	0.1764
36	32	tracking	-842.565050	67.321215	-265.231070	-7.152	-55.168	0.0606
36	33	tracking	-842.553713	66.980006	-265.154358	17.848	-55.963	0.0423
36	34	landing	-842.550164	66.618138	-265.065659	17.848	-47.963	0.0252
36	35	landing	-842.554055	66.237975	-264.964719	17.848	-47.963	0.0203
36	36	landing	-842.565074	65.841830	-264.851333	17.848	-47.963	0.0194
37	0	tracking	-850.645964	68.867102	-257.032114	-139.104	-4.000	0.2340
37	1	tracking	-849.991601	68.807284	-257.601772	-164.104	-0.670	0.1845
37	2	tracking	-849.422535	68.751906	-258.196524	170.896	-8.670	0.1690
37	3	tracking	-848.951149	68.710040	-258.797665	153.407	-16.670	0.1519
37	4	tracking	-848.533079	68.685017	-259.402840	178.407	-24.670	0.1894
37	5	tracking	-848.135704	68.677907	-259.999512	-156.593	-32.670	0.1449
37	6	tracking	-847.761383	68.687936	-260.584443	-159.186	-40.670	0.1484
37	7	tracking	-847.390151	68.712344	-261.142272	-134.186	-46.375	0.1271
37	8	tracking	-847.034052	68.747852	-261.683844	-150.375	-42.740	0.1980
37	9	tracking	-846.691437	68.790551	-262.210929	-150.375	-34.740	0.1547
37	10	tracking	-846.360385	68.836374	-262.725899	-150.375	-26.740	0.1457
37	11	tracking	-846.038924	68.880283	-263.231329	-150.375	-18.740	0.1282
37	12	tracking	-845.711981	68.925618	-263.710438	-125.375	-26.740	0.1559
37	13	tracking	-845.375779	68.972813	-264.145543	-100.375	-34.740	0.1121
37	14	tracking	-845.036398	69.019217	-264.522830	-75.375	-42.740	0.1085
37	15	tracking	-844.705837	69.059505	-264.835665	-50.375	-50.740	0.1024
37	16	tracking	-844.384292	69.091438	-265.093102	-51.747	-42.740	0.0822
37	17	tracking	-844.083004	69.113982	-265.293128	-26.747	-34.740	0.0636
37	18	tracking	-843.800745	69.125732	-265.443948	-26.747	-26.740	0.0524
37	19	tracking	-843.536584	69.125555	-265.553190	-26.747	-25.689	0.0541
37	20	tracking	-843.300384	69.113535	-265.623253	-1.747	-17.689	0.0513
37	21	tracking	-843.100129	69.088903	-265.661946	23.253	-9.689	0.0459
37	22	tracking	-842.935939	69.051976	-265.678117	37.878	-7.940	0.0593
37	23	tracking	-842.802291	69.003506	-265.676269	37.878	-7.940	0.0510
37	24	tracking	-842.667039	68.874784	-265.598602	62.878	-15.940	0.0303
37	25	tracking	-842.605583	68.781808	-265.568047	67.848	-23.940	0.0270
37	26	tracking	-842.563633	68.668347	-265.535608	67.848	-31.940	0.0291
37	27	tracking	-842.537668	68.526705	-265.502059	67.848	-39.940	0.0233
37	28	tracking	-842.522065	68.349359	-265.464046	42.848	-47.168	0.0227
37	29	tracking	-842.511980	68.138517	-265.418325	17.848	-47.168	0.0254
37	30	tracking	-842.501219	67.896894	-265.363452	-7.152	-47.168	0.0211
37	31	tracking	-842.483023	67.627337	-265.300864	-32.152	-47.168	0.0192
37	32	tracking	-842.465050	67.321215	-265.231070	-7.152	-55.168	0.0251
37	33	tracking	-842.453713	66.980006	-265.154358	17.848	-55.963	0.0228
37	34	landing	-842.450164	66.618138	-265.065659	17.848	-47.963	0.0218
37	35	landing	-842.454055	66.237975	-264.964719	17.848	-47.963	0.0214
37	36	landing	-842.465074	65.841830	-264.851333	17.848	-47.963	0.0196
38	0	tracking	-850.645964	68.867102	-257.032114	-139.104	-4.000	0.2589
38	1	tracking	-849.991601	68.807284	-257.601772	-164.104	-0.670	0.1793
38	2	tracking	-849.422535	68.751906	-258.196524	170.896	-8.670	0.1679
38	3	tracking	-848.951149	68.710040	-258.797665	153.407	-16.670	0.1652
38	4	tracking	-848.533079	68.685017	-259.402840	178.407	-24.670	0.1586
38	5	tracking	-848.135704	68.677907	-259.999512	-156.593	-32.670	0.1078
38	6	tracking	-847.761383	68.687936	-260.584443	-159.186	-40.670	0.0955
38	7	tracking	-847.390151	68.712344	-261.142272	-134.186	-46.375	0.0884
38	8	tracking	-847.034052	68.747852	-261.683844	-150.375	-42.740	0.0862
38	9	tracking	-846.691437	68.790551	-262.210929	-150.375	-34.740	0.0965
38	10	tracking	-846.360385	68.836374	-262.725899	-150.375	-26.740	0.1029
38	11	tracking	-846.038924	68.880283	-263.231329	-150.375	-18.740	0.0938
38	12	tracking	-845.711981	68.925618	-263.710438	-125.375	-26.740	0.0735
38	13	tracking	-845.375779	68.972813	-264.145543	-100.375	-34.740	0.0711
38	14	tracking	-845.036398	69.019217	-264.522830	-75.375	-42.740	0.0703
38	15	tracking	-844.705837	69.059505	-264.835665	-50.375	-50.740	0.0641
38	16	tracking	-844.384292	69.091438	-265.093102	-51.747	-42.740	0.0666
38	17	tracking	-844.083004	69.113982	-265.293128	-26.747	-34.740	0.0690
38	18	tracking	-843.800745	69.125732	-265.443948	-26.747	-26.740	0.1034
38	19	tracking	-843.536584	69.125555	-265.553190	-26.747	-25.689	0.0946
38	20	tracking	-843.300384	69.113535	-265.623253	-1.747	-17.689	0.0946
38	21	tracking	-843.100129	69.088903	-265.661946	23.253	-9.689	0.0891
38	22	tracking	-842.935939	69.051976	-265.678117	37.878	-7.940	0.0812
38	23	tracking	-842.802291	69.003506	-265.676269	37.878	-7.940	0.0845
38	24	tracking	-842.767039	68.974784	-265.598602	62.878	-15.940	0.0753
38	25	tracking	-842.705583	68.881808	-265.568047	67.848	-23.940	0.0552
38	26	tracking	-842.663633	68.768347	-265.535608	67.848	-31.940	0.0647
38	27	tracking	-842.637668	68.626705	-265.502059	67.848	-39.940	0.0546
38	28	tracking	-842.622065	68.449359	-265.464046	42.848	-47.168	0.0510
38	29	tracking	-842.611980	68.238517	-265.418325	17.848	-47.168	0.0603
38	30	tracking	-842.601219	67.996894	-265.363452	-7.152	-47.168	0.0564
38	31	tracking	-842.583023	67.727337	-265.300864	-32.152	-47.168	0.0568
38	32	tracking	-842.565050	67.421215	-265.231070	-7.152	-55.168	0.0513
38	33	tracking	-842.553713	67.080006	-265.154358	17.848	-55.963	0.0492
38	34	landing	-842.550164	66.718138	-265.065659	17.848	-47.963	0.0439
38	35	landing	-842.554055	66.337975	-264.964719	17.848	-47.963	0.0419
38	36	landing	-842.565074	65.941830	-264.851333	17.848	-47.963	0.0376
39	0	tracking	-850.645964	68.867102	-257.032114	-139.104	-4.000	0.2452
39	1	tracking	-849.991601	68.807284	-257.601772	-164.104	-0.670	0.1932
39	2	tracking	-849.422535	68.751906	-258.196524	170.896	-8.670	0.1864
39	3	tracking	-848.951149	68.710040	-258.797665	153.407	-16.670	0.1709
39	4	tracking	-848.533079	68.685017	-259.402840	178.407	-24.670	0.1788
39	5	tracking	-848.135704	68.677907	-259.999512	-156.593	-32.670	0.1772
39	6	tracking	-847.761383	68.687936	-260.584443	-159.186	-40.670	0.1569
39	7	tracking	-847.390151	68.712344	-261.142272	-134.186	-46.375	0.1388
39	8	tracking	-847.034052	68.747852	-261.683844	-150.375	-42.740	0.1301
39	9	tracking	-846.691437	68.790551	-262.210929	-150.375	-34.740	0.1307
39	10	tracking	-846.360385	68.836374	-262.725899	-150.375	-26.740	0.1240
39	11	tracking	-846.038924	68.880283	-263.231329	-150.375	-18.740	0.1144
39	12	tracking	-845.711981	68.925618	-263.710438	-125.375	-26.740	0.1142
39	13	tracking	-845.375779	68.972813	-264.145543	-100.375	-34.740	0.1202
39	14	tracking	-845.036398	69.019217	-264.522830	-75.375	-42.740	0.0822
39	15	tracking	-844.705837	69.059505	-264.835665	-50.375	-50.740	0.0597
39	16	tracking	-844.384292	69.091438	-265.093102	-51.747	-42.740	0.0615
39	17	tracking	-844.083004	69.113982	-265.293128	-26.747	-34.740	0.0580
39	18	tracking	-843.800745	69.125732	-265.443948	-26.747	-26.740	0.0552
39	19	tracking	-843.536584	69.125555	-265.553190	-26.747	-25.689	0.0500
39	20	tracking	-843.300384	69.113535	-265.623253	-1.747	-17.689	0.0519
39	21	tracking	-843.100129	69.088903	-265.661946	23.253	-9.689	0.0490
39	22	tracking	-842.935939	69.051976	-265.678117	37.878	-7.940	0.0453
39	23	tracking	-842.802291	69.003506	-265.676269	37.878	-7.940	0.0589
39	24	tracking	-842.667039	68.974784	-265.598602	62.878	-15.940	0.0311
39	25	tracking	-842.605583	68.881808	-265.568047	67.848	-23.940	0.0302
39	26	tracking	-842.563633	68.768347	-265.535608	67.848	-31.940	0.0280
39	27	tracking	-842.537668	68.626705	-265.502059	67.848	-39.940	0.0233
39	28	tracking	-842.522065	68.449359	-265.464046	42.848	-47.168	0.0252
39	29	tracking	-842.511980	68.238517	-265.418325	17.848	-47.168	0.0216
39	30	tracking	-842.501219	67.996894	-265.363452	-7.152	-47.168	0.0198
39	31	tracking	-842.483023	67.727337	-265.300864	-32.152	-47.168	0.0219
39	32	tracking	-842.465050	67.421215	-265.231070	-7.152	-55.168	0.0220
39	33	tracking	-842.453713	67.080006	-265.154358	17.848	-55.963	0.0180
39	34	landing	-842.450164	66.718138	-265.065659	17.848	-47.963	0.0156
39	35	landing	-842.454055	66.337975	-264.964719	17.848	-47.963	0.0169
39	36	landing	-842.465074	65.941830	-264.851333	17.848	-47.963	0.0127
40	0	tracking	-850.645964	68.867102	-257.032114	-139.104	-4.000	0.1581
40	1	tracking	-849.991601	68.807284	-257.601772	-164.104	-0.670	0.1145
40	2	tracking	-849.422535	68.751906	-258.196524	170.896	-8.670	0.1081
40	3	tracking	-848.951149	68.710040	-258.797665	153.407	-16.670	0.1054
40	4	tracking	-848.533079	68.685017	-259.402840	178.407	-24.670	0.1055
40	5	tracking	-848.135704	68.677907	-259.999512	-156.593	-32.670	0.0904
40	6	tracking	-847.761383	68.687936	-260.584443	-159.186	-40.670	0.2393
40	7	tracking	-847.390151	68.712344	-261.142272	-134.186	-46.375	0.1601
40	8	tracking	-847.034052	68.747852	-261.683844	-150.375	-42.740	0.1455
40	9	tracking	-846.691437	68.790551	-262.210929	-150.375	-34.740	0.0910
40	10	tracking	-846.360385	68.836374	-262.725899	-150.375	-26.740	0.0779
40	11	tracking	-846.038924	68.880283	-263.231329	-150.375	-18.740	0.0755
40	12	tracking	-845.711981	68.925618	-263.710438	-125.375	-26.740	0.0705
40	13	tracking	-845.375779	68.972813	-264.145543	-100.375	-34.740	0.0697
40	14	tracking	-845.036398	69.019217	-264.522830	-75.375	-42.740	0.0671
40	15	tracking	-844.705837	69.059505	-264.835665	-50.375	-50.740	0.0642
40	16	tracking	-844.384292	69.091438	-265.093102	-51.747	-42.740	0.0627
40	17	tracking	-844.083004	69.113982	-265.293128	-26.747	-34.740	0.0564
40	18	tracking	-843.800745	69.125732	-265.443948	-26.747	-26.740	0.0565
40	19	tracking	-843.536584	69.125555	-265.553190	-26.747	-25.689	0.0571
40	20	tracking	-843.300384	69.113535	-265.623253	-1.747	-17.689	0.0481
40	21	tracking	-843.100129	69.088903	-265.661946	23.253	-9.689	0.0628
40	22	tracking	-842.935939	69.051976	-265.678117	37.878	-7.940	0.0549
40	23	tracking	-842.802291	69.003506	-265.676269	37.878	-7.940	0.0428
40	24	tracking	-842.734533	68.876144	-265.696997	62.878	-15.940	0.0453
40	25	tracking	-842.646503	68.786003	-265.664039	67.848	-23.940	0.0385
40	26	tracking	-842.582590	68.676803	-265.628761	67.848	-31.940	0.0403
40	27	tracking	-842.538257	68.540701	-265.592194	67.848	-39.940	0.0345
40	28	tracking	-842.506879	68.369916	-265.550854	42.848	-47.168	0.0354
40	29	tracking	-842.482896	68.166202	-265.501678	17.848	-47.168	0.0307
40	30	tracking	-842.459719	67.931968	-265.443446	-7.152	-47.168	0.0293
40	31	tracking	-842.430358	67.669938	-265.377707	-32.152	-47.168	0.0307
40	32	tracking	-842.402406	67.371654	-265.304850	-7.152	-55.168	0.0317
40	33	tracking	-842.382237	67.038506	-265.225222	17.848	-55.963	0.0310
40	34	landing	-842.370823	66.684611	-265.133915	17.848	-47.963	0.0266
40	35	landing	-842.367681	66.312215	-265.030731	17.848	-47.963	0.0226
40	36	landing	-842.372387	65.923546	-264.915486	17.848	-47.963	0.0231
41	0	tracking	-850.645964	68.867102	-257.032114	-139.104	-4.000	0.1846
41	1	tracking	-849.991601	68.807284	-257.601772	-164.104	-0.670	0.1176
41	2	tracking	-849.422535	68.751906	-258.196524	170.896	-8.670	0.1081
41	3	tracking	-848.951149	68.710040	-258.797665	153.407	-16.670	0.1181
41	4	tracking	-848.533079	68.685017	-259.402840	178.407	-24.670	0.1047
41	5	tracking	-848.135704	68.677907	-259.999512	-156.593	-32.670	0.0880
41	6	tracking	-847.761383	68.687936	-260.584443	-159.186	-40.670	0.0837
41	7	tracking	-847.390151	68.712344	-261.142272	-134.186	-46.375	0.1072
41	8	tracking	-847.034052	68.747852	-261.683844	-150.375	-42.740	0.0901
41	9	tracking	-846.691437	68.790551	-262.210929	-150.375	-34.740	0.0800
41	10	tracking	-846.360385	68.836374	-262.725899	-150.375	-26.740	0.0753
41	11	tracking	-846.038924	68.880283	-263.231329	-150.375	-18.740	0.0727
41	12	tracking	-845.711981	68.925618	-263.710438	-125.375	-26.740	0.0693
41	13	tracking	-845.375779	68.972813	-264.145543	-100.375	-34.740	0.0651
41	14	tracking	-845.036398	69.019217	-264.522830	-75.375	-42.740	0.0625
41	15	tracking	-844.705837	69.059505	-264.835665	-50.375	-50.740	0.0585
41	16	tracking	-844.384292	69.091438	-265.093102	-51.747	-42.740	0.0549
41	17	tracking	-844.083004	69.113982	-265.293128	-26.747	-34.740	0.0560
41	18	tracking	-843.800745	69.125732	-265.443948	-26.747	-26.740	0.0535
41	19	tracking	-843.536584	69.125555	-265.553190	-26.747	-25.689	0.0512
41	20	tracking	-843.300384	69.113535	-265.623253	-1.747	-17.689	0.0465
41	21	tracking	-843.100129	69.088903	-265.661946	23.253	-9.689	0.0481
41	22	tracking	-842.935939	69.051976	-265.678117	37.878	-7.940	0.0439
41	23	tracking	-842.802291	69.003506	-265.676269	37.878	-7.940	0.0439
41	24	tracking	-842.634533	68.876144	-265.696997	62.878	-15.940	0.0429
41	25	tracking	-842.546503	68.786003	-265.664039	67.848	-23.940	0.0375
41	26	tracking	-842.482590	68.676803	-265.628761	67.848	-31.940	0.0387
41	27	tracking	-842.438257	68.540701	-265.592194	67.848	-39.940	0.0335
41	28	tracking	-842.406879	68.369916	-265.550854	42.848	-47.168	0.0391
41	29	tracking	-842.382896	68.166202	-265.501678	17.848	-47.168	0.0365
41	30	tracking	-842.359719	67.931968	-265.443446	-7.152	-47.168	0.0339
41	31	tracking	-842.330358	67.669938	-265.377707	-32.152	-47.168	0.0313
41	32	tracking	-842.302406	67.371654	-265.304850	-7.152	-55.168	0.0262
41	33	tracking	-842.282237	67.038506	-265.225222	17.848	-55.963	0.0286
41	34	landing	-842.270823	66.684611	-265.133915	17.848	-47.963	0.0216
41	35	landing	-842.267681	66.312215	-265.030731	17.848	-47.963	0.0203
41	36	landing	-842.272387	65.923546	-264.915486	17.848	-47.963	0.0200
42	0	tracking	-850.645964	68.867102	-257.032114	-139.104	-4.000	0.1544
42	1	tracking	-849.991601	68.807284	-257.601772	-164.104	-0.670	0.1111
42	2	tracking	-849.422535	68.751906	-258.196524	170.896	-8.670	0.1032
42	3	tracking	-848.951149	68.710040	-258.797665	153.407	-16.670	0.1016
42	4	tracking	-848.533079	68.685017	-259.402840	178.407	-24.670	0.0933
42	5	tracking	-848.135704	68.677907	-259.999512	-156.593	-32.670	0.0896
42	6	tracking	-847.761383	68.687936	-260.584443	-159.186	-40.670	0.0826
42	7	tracking	-847.390151	68.712344	-261.142272	-134.186	-46.375	0.0814
42	8	tracking	-847.034052	68.747852	-261.683844	-150.375	-42.740	0.0789
42	9	tracking	-846.691437	68.790551	-262.210929	-150.375	-34.740	0.0788
42	10	tracking	-846.360385	68.836374	-262.725899	-150.375	-26.740	0.0767
42	11	tracking	-846.038924	68.880283	-263.231329	-150.375	-18.740	0.0797
42	12	tracking	-845.711981	68.925618	-263.710438	-125.375	-26.740	0.0752
42	13	tracking	-845.375779	68.972813	-264.145543	-100.375	-34.740	0.0660
42	14	tracking	-845.036398	69.019217	-264.522830	-75.375	-42.740	0.0626
42	15	tracking	-844.705837	69.059505	-264.835665	-50.375	-50.740	0.0583
42	16	tracking	-844.384292	69.091438	-265.093102	-51.747	-42.740	0.0588
42	17	tracking	-844.083004	69.113982	-265.293128	-26.747	-34.740	0.0558
42	18	tracking	-843.800745	69.125732	-265.443948	-26.747	-26.740	0.0572
42	19	tracking	-843.536584	69.125555	-265.553190	-26.747	-25.689	0.0579
42	20	tracking	-843.300384	69.113535	-265.623253	-1.747	-17.689	0.0637
42	21	tracking	-843.100129	69.088903	-265.661946	23.253	-9.689	0.0467
42	22	tracking	-842.935939	69.051976	-265.678117	37.878	-7.940	0.0413
42	23	tracking	-842.802291	69.003506	-265.676269	37.878	-7.940	0.0424
42	24	tracking	-842.734533	68.976144	-265.696997	62.878	-15.940	1.4415
42	25	tracking	-842.646503	68.886003	-265.664039	67.848	-23.940	0.1207
42	26	tracking	-842.582590	68.776803	-265.628761	67.848	-31.940	0.1160
42	27	tracking	-842.538257	68.640701	-265.592194	67.848	-39.940	0.0849
42	28	tracking	-842.506879	68.469916	-265.550854	42.848	-47.168	0.0709
42	29	tracking	-842.482896	68.266202	-265.501678	17.848	-47.168	0.0829
42	30	tracking	-842.459719	68.031968	-265.443446	-7.152	-47.168	0.0890
42	31	tracking	-842.430358	67.769938	-265.377707	-32.152	-47.168	0.0737
42	32	tracking	-842.402406	67.471654	-265.304850	-7.152	-55.168	0.0699
42	33	tracking	-842.382237	67.138506	-265.225222	17.848	-55.963	0.0640
42	34	landing	-842.374912	66.784611	-265.135723	29.848	-47.963	0.0205
42	35	landing	-842.379720	66.412008	-265.036228	29.848	-47.963	0.0172
42	36	landing	-842.396063	66.022808	-264.926560	29.848	-47.963	0.0166
42	37	landing	-842.423422	65.619122	-264.806544	29.848	-47.963	0.0174
43	0	tracking	-850.645964	68.867102	-257.032114	-139.104	-4.000	0.1540
43	1	tracking	-849.991601	68.807284	-257.601772	-164.104	-0.670	0.1105
43	2	tracking	-849.422535	68.751906	-258.196524	170.896	-8.670	0.0986
43	3	tracking	-848.951149	68.710040	-258.797665	153.407	-16.670	0.0959
43	4	tracking	-848.533079	68.685017	-259.402840	178.407	-24.670	0.0874
43	5	tracking	-848.135704	68.677907	-259.999512	-156.593	-32.670	0.0824
43	6	tracking	-847.761383	68.687936	-260.584443	-159.186	-40.670	0.0799
43	7	tracking	-847.390151	68.712344	-261.142272	-134.186	-46.375	0.0795
43	8	tracking	-847.034052	68.747852	-261.683844	-150.375	-42.740	0.0757
43	9	tracking	-846.691437	68.790551	-262.210929	-150.375	-34.740	0.0970
43	10	tracking	-846.360385	68.836374	-262.725899	-150.375	-26.740	0.0831
43	11	tracking	-846.038924	68.880283	-263.231329	-150.375	-18.740	0.0750
43	12	tracking	-845.711981	68.925618	-263.710438	-125.375	-26.740	0.0669
43	13	tracking	-845.375779	68.972813	-264.145543	-100.375	-34.740	0.0635
43	14	tracking	-845.036398	69.019217	-264.522830	-75.375	-42.740	0.0618
43	15	tracking	-844.705837	69.059505	-264.835665	-50.375	-50.740	0.0591
43	16	tracking	-844.384292	69.091438	-265.093102	-51.747	-42.740	0.0535
43	17	tracking	-844.083004	69.113982	-265.293128	-26.747	-34.740	0.0550
43	18	tracking	-843.800745	69.125732	-265.443948	-26.747	-26.740	0.0524
43	19	tracking	-843.536584	69.125555	-265.553190	-26.747	-25.689	0.0503
43	20	tracking	-843.300384	69.113535	-265.623253	-1.747	-17.689	0.0447
43	21	tracking	-843.100129	69.088903	-265.661946	23.253	-9.689	0.0465
43	22	tracking	-842.935939	69.051976	-265.678117	37.878	-7.940	0.0420
43	23	tracking	-842.802291	69.003506	-265.676269	37.878	-7.940	0.0393
43	24	tracking	-842.634533	68.976144	-265.696997	62.878	-15.940	0.1451
43	25	tracking	-842.546503	68.886003	-265.664039	67.848	-23.940	0.1432
43	26	tracking	-842.482590	68.776803	-265.628761	67.848	-31.940	0.1500
43	27	tracking	-842.438257	68.640701	-265.592194	67.848	-39.940	0.1253
43	28	tracking	-842.406879	68.469916	-265.550854	42.848	-47.168	0.1254
43	29	tracking	-842.382896	68.266202	-265.501678	17.848	-47.168	0.1182
43	30	tracking	-842.359719	68.031968	-265.443446	-7.152	-47.168	0.1523
43	31	tracking	-842.330358	67.769938	-265.377707	-32.152	-47.168	0.1479
43	32	tracking	-842.302406	67.471654	-265.304850	-7.152	-55.168	0.1157
43	33	tracking	-842.282237	67.138506	-265.225222	17.848	-55.963	0.1715
43	34	landing	-842.278813	66.784611	-265.138593	42.848	-47.963	0.0237
43	35	landing	-842.291095	66.411719	-265.044876	42.848	-47.963	0.0242
43	36	landing	-842.318274	66.021774	-264.943870	42.848	-47.963	0.0203
43	37	landing	-842.359686	65.616806	-264.835335	42.848	-47.963	0.0171
44	0	tracking	-850.645964	68.867102	-257.032114	-139.104	-4.000	0.1579
44	1	tracking	-849.991601	68.807284	-257.601772	-164.104	-0.670	0.1043
44	2	tracking	-849.422535	68.751906	-258.196524	170.896	-8.670	0.1000
44	3	tracking	-848.951149	68.710040	-258.797665	153.407	-16.670	0.0942
44	4	tracking	-848.533079	68.685017	-259.402840	178.407	-24.670	0.1615
44	5	tracking	-848.135704	68.677907	-259.999512	-156.593	-32.670	0.1844
44	6	tracking	-847.761383	68.687936	-260.584443	-159.186	-40.670	0.0793
44	7	tracking	-847.390151	68.712344	-261.142272	-134.186	-46.375	0.0779
44	8	tracking	-847.034052	68.747852	-261.683844	-150.375	-42.740	0.1028
44	9	tracking	-846.691437	68.790551	-262.210929	-150.375	-34.740	0.0758
44	10	tracking	-846.360385	68.836374	-262.725899	-150.375	-26.740	0.1204
44	11	tracking	-846.038924	68.880283	-263.231329	-150.375	-18.740	0.0756
44	12	tracking	-845.711981	68.925618	-263.710438	-125.375	-26.740	0.0671
44	13	tracking	-845.375779	68.972813	-264.145543	-100.375	-34.740	0.0662
44	14	tracking	-845.036398	69.019217	-264.522830	-75.375	-42.740	0.0592
44	15	tracking	-844.705837	69.059505	-264.835665	-50.375	-50.740	0.0577
44	16	tracking	-844.384292	69.091438	-265.093102	-51.747	-42.740	0.0572
44	17	tracking	-844.083004	69.113982	-265.293128	-26.747	-34.740	0.0566
44	18	tracking	-843.800745	69.125732	-265.443948	-26.747	-26.740	0.0535
44	19	tracking	-843.536584	69.125555	-265.553190	-26.747	-25.689	0.0466
44	20	tracking	-843.300384	69.113535	-265.623253	-1.747	-17.689	0.0465
44	21	tracking	-843.100129	69.088903	-265.661946	23.253	-9.689	0.0459
44	22	tracking	-842.935939	69.051976	-265.678117	37.878	-7.940	0.0406
44	23	tracking	-842.802291	69.003506	-265.676269	37.878	-7.940	0.0468
44	24	tracking	-842.734533	68.876144	-265.596997	62.878	-15.940	0.0402
44	25	tracking	-842.646503	68.786003	-265.564039	67.848	-23.940	0.0374
44	26	tracking	-842.582590	68.676803	-265.528761	67.848	-31.940	0.0308
44	27	tracking	-842.538257	68.540701	-265.492194	67.848	-39.940	0.0325
44	28	tracking	-842.506879	68.369916	-265.450854	42.848	-47.168	0.0295
44	29	tracking	-842.482896	68.166202	-265.401678	17.848	-47.168	0.1500
44	30	tracking	-842.459719	67.931968	-265.343446	-7.152	-47.168	0.0287
44	31	tracking	-842.430358	67.669938	-265.277707	-32.152	-47.168	0.0260
44	32	tracking	-842.402406	67.371654	-265.204850	-7.152	-55.168	0.0287
44	33	tracking	-842.382237	67.038506	-265.125222	17.848	-55.963	0.0228
44	34	landing	-842.370823	66.684611	-265.033915	17.848	-47.963	0.0198
44	35	landing	-842.367681	66.312215	-264.930731	17.848	-47.963	0.0218
44	36	landing	-842.372387	65.923546	-264.815486	17.848	-47.963	0.0172
45	0	tracking	-850.645964	68.867102	-257.032114	-139.104	-4.000	0.1488
45	1	tracking	-849.991601	68.807284	-257.601772	-164.104	-0.670	0.1060
45	2	tracking	-849.422535	68.751906	-258.196524	170.896	-8.670	0.1416
45	3	tracking	-848.951149	68.710040	-258.797665	153.407	-16.670	0.0932
45	4	tracking	-848.533079	68.685017	-259.402840	178.407	-24.670	0.0848
45	5	tracking	-848.135704	68.677907	-259.999512	-156.593	-32.670	0.0827
45	6	tracking	-847.761383	68.687936	-260.584443	-159.186	-40.670	0.0761
45	7	tracking	-847.390151	68.712344	-261.142272	-134.186	-46.375	0.0756
45	8	tracking	-847.034052	68.747852	-261.683844	-150.375	-42.740	0.0764
45	9	tracking	-846.691437	68.790551	-262.210929	-150.375	-34.740	0.0866
45	10	tracking	-846.360385	68.836374	-262.725899	-150.375	-26.740	0.0687
45	11	tracking	-846.038924	68.880283	-263.231329	-150.375	-18.740	0.0646
45	12	tracking	-845.711981	68.925618	-263.710438	-125.375	-26.740	0.0644
45	13	tracking	-845.375779	68.972813	-264.145543	-100.375	-34.740	0.0641
45	14	tracking	-845.036398	69.019217	-264.522830	-75.375	-42.740	0.0592
45	15	tracking	-844.705837	69.059505	-264.835665	-50.375	-50.740	0.0603
45	16	tracking	-844.384292	69.091438	-265.093102	-51.747	-42.740	0.0554
45	17	tracking	-844.083004	69.113982	-265.293128	-26.747	-34.740	0.0516
45	18	tracking	-843.800745	69.125732	-265.443948	-26.747	-26.740	0.0501
45	19	tracking	-843.536584	69.125555	-265.553190	-26.747	-25.689	0.0565
45	20	tracking	-843.300384	69.113535	-265.623253	-1.747	-17.689	0.0537
45	21	tracking	-843.100129	69.088903	-265.661946	23.253	-9.689	0.0412
45	22	tracking	-842.935939	69.051976	-265.678117	37.878	-7.940	0.0439
45	23	tracking	-842.802291	69.003506	-265.676269	37.878	-7.940	0.0371
45	24	tracking	-842.634533	68.876144	-265.596997	62.878	-15.940	0.0881
45	25	tracking	-842.546503	68.786003	-265.564039	67.848	-23.940	0.1252
45	26	tracking	-842.482590	68.676803	-265.528761	67.848	-31.940	0.0748
45	27	tracking	-842.438257	68.540701	-265.492194	67.848	-39.940	0.0719
45	28	tracking	-842.406879	68.369916	-265.450854	42.848	-47.168	0.0781
45	29	tracking	-842.382896	68.166202	-265.401678	17.848	-47.168	0.0723
45	30	tracking	-842.359719	67.931968	-265.343446	-7.152	-47.168	0.0912
45	31	tracking	-842.330358	67.669938	-265.277707	-32.152	-47.168	0.0649
45	32	tracking	-842.302406	67.371654	-265.204850	-7.152	-55.168	0.0614
45	33	tracking	-842.282237	67.038506	-265.125222	17.848	-55.963	0.0639
45	34	landing	-842.274912	66.684611	-265.035723	29.848	-47.963	0.0211
45	35	landing	-842.279720	66.312008	-264.936228	29.848	-47.963	0.0237
45	36	landing	-842.296063	65.922808	-264.826560	29.848	-47.963	0.0171
46	0	tracking	-850.645964	68.867102	-257.032114	-139.104	-4.000	0.2556
46	1	tracking	-849.991601	68.807284	-257.601772	-164.104	-0.670	0.1153
46	2	tracking	-849.422535	68.751906	-258.196524	170.896	-8.670	0.0921
46	3	tracking	-848.951149	68.710040	-258.797665	153.407	-16.670	0.0880
46	4	tracking	-848.533079	68.685017	-259.402840	178.407	-24.670	0.0830
46	5	tracking	-848.135704	68.677907	-259.999512	-156.593	-32.670	0.0789
46	6	tracking	-847.761383	68.687936	-260.584443	-159.186	-40.670	0.0856
46	7	tracking	-847.390151	68.712344	-261.142272	-134.186	-46.375	0.0747
46	8	tracking	-847.034052	68.747852	-261.683844	-150.375	-42.740	0.0743
46	9	tracking	-846.691437	68.790551	-262.210929	-150.375	-34.740	0.0833
46	10	tracking	-846.360385	68.836374	-262.725899	-150.375	-26.740	0.0665
46	11	tracking	-846.038924	68.880283	-263.231329	-150.375	-18.740	0.0664
46	12	tracking	-845.711981	68.925618	-263.710438	-125.375	-26.740	0.0595
46	13	tracking	-845.375779	68.972813	-264.145543	-100.375	-34.740	0.0590
46	14	tracking	-845.036398	69.019217	-264.522830	-75.375	-42.740	0.0565
46	15	tracking	-844.705837	69.059505	-264.835665	-50.375	-50.740	0.0564
46	16	tracking	-844.384292	69.091438	-265.093102	-51.747	-42.740	0.0528
46	17	tracking	-844.083004	69.113982	-265.293128	-26.747	-34.740	0.0511
46	18	tracking	-843.800745	69.125732	-265.443948	-26.747	-26.740	0.0460
46	19	tracking	-843.536584	69.125555	-265.553190	-26.747	-25.689	0.0467
46	20	tracking	-843.300384	69.113535	-265.623253	-1.747	-17.689	0.1127
46	21	tracking	-843.100129	69.088903	-265.661946	23.253	-9.689	0.1430
46	22	tracking	-842.935939	69.051976	-265.678117	37.878	-7.940	0.0957
46	23	tracking	-842.802291	69.003506	-265.676269	37.878	-7.940	0.0966
46	24	corrected	-842.734533	68.976144	-265.596997	62.878	-15.940	0.3060
46	25	tracking	-842.646503	68.886003	-265.564039	67.848	-23.940	0.0378
46	26	tracking	-842.582590	68.776803	-265.528761	67.848	-31.940	0.0311
46	27	tracking	-842.538257	68.640701	-265.492194	67.848	-39.940	0.0318
46	28	tracking	-842.506755	68.469108	-265.450988	42.848	-47.835	0.0268
46	29	tracking	-842.482612	68.263889	-265.402083	17.848	-47.751	0.0255
46	30	tracking	-842.459310	68.027564	-265.344233	-7.152	-47.668	0.0303
46	31	tracking	-842.429900	67.762979	-265.278931	-32.152	-47.585	0.0292
46	32	tracking	-842.401917	67.461780	-265.206572	-7.152	-55.501	0.0336
46	33	tracking	-842.381697	67.125468	-265.127465	17.848	-56.213	0.0226
46	34	landing	-842.370219	66.768186	-265.036677	17.848	-48.213	0.0199
46	35	landing	-842.367002	66.392187	-264.934011	17.848	-48.213	0.0202
46	36	landing	-842.371622	65.999709	-264.819286	17.848	-48.213	0.0164
47	0	tracking	-850.645964	68.867102	-257.032114	-139.104	-4.000	0.1416
47	1	tracking	-849.991601	68.807284	-257.601772	-164.104	-0.670	0.1036
47	2	tracking	-849.422535	68.751906	-258.196524	170.896	-8.670	0.0951
47	3	tracking	-848.951149	68.710040	-258.797665	153.407	-16.670	0.1049
47	4	tracking	-848.533079	68.685017	-259.402840	178.407	-24.670	0.0849
47	5	tracking	-848.135704	68.677907	-259.999512	-156.593	-32.670	0.1108
47	6	tracking	-847.761383	68.687936	-260.584443	-159.186	-40.670	0.0797
47	7	tracking	-847.390151	68.712344	-261.142272	-134.186	-46.375	0.0740
47	8	tracking	-847.034052	68.747852	-261.683844	-150.375	-42.740	0.0753
47	9	tracking	-846.691437	68.790551	-262.210929	-150.375	-34.740	0.0735
47	10	tracking	-846.360385	68.836374	-262.725899	-150.375	-26.740	0.0677
47	11	tracking	-846.038924	68.880283	-263.231329	-150.375	-18.740	0.0689
47	12	tracking	-845.711981	68.925618	-263.710438	-125.375	-26.740	0.0764
47	13	tracking	-845.375779	68.972813	-264.145543	-100.375	-34.740	0.0656
47	14	tracking	-845.036398	69.019217	-264.522830	-75.375	-42.740	0.0593
47	15	tracking	-844.705837	69.059505	-264.835665	-50.375	-50.740	0.0580
47	16	tracking	-844.384292	69.091438	-265.093102	-51.747	-42.740	0.0565
47	17	tracking	-844.083004	69.113982	-265.293128	-26.747	-34.740	0.0610
47	18	tracking	-843.800745	69.125732	-265.443948	-26.747	-26.740	0.0557
47	19	tracking	-843.536584	69.125555	-265.553190	-26.747	-25.689	0.0518
47	20	tracking	-843.300384	69.113535	-265.623253	-1.747	-17.689	0.0813
47	21	tracking	-843.100129	69.088903	-265.661946	23.253	-9.689	0.0436
47	22	tracking	-842.935939	69.051976	-265.678117	37.878	-7.940	0.0455
47	23	tracking	-842.802291	69.003506	-265.676269	37.878	-7.940	0.0397
47	24	corrected	-842.634533	68.976144	-265.596997	62.878	-15.940	0.2476
47	25	tracking	-842.546503	68.886003	-265.564039	67.848	-23.940	0.0423
47	26	tracking	-842.482590	68.776803	-265.528761	67.848	-31.940	0.0331
47	27	tracking	-842.438257	68.640701	-265.492194	67.848	-39.940	0.0488
47	28	tracking	-842.406755	68.469108	-265.450988	42.848	-47.835	0.0305
47	29	tracking	-842.382612	68.263889	-265.402083	17.848	-47.751	0.0314
47	30	tracking	-842.359310	68.027564	-265.344233	-7.152	-47.668	0.0297
47	31	tracking	-842.329900	67.762979	-265.278931	-32.152	-47.585	0.0268
47	32	tracking	-842.301917	67.461780	-265.206572	-7.152	-55.501	0.0281
47	33	tracking	-842.281697	67.125468	-265.127465	17.848	-56.213	0.0234
47	34	landing	-842.270219	66.768186	-265.036677	17.848	-48.213	0.0199
47	35	landing	-842.267002	66.392187	-264.934011	17.848	-48.213	0.0208
47	36	landing	-842.271622	65.999709	-264.819286	17.848	-48.213	0.0164
48	0	tracking	-850.645964	68.867102	-257.032114	-139.104	-4.000	0.1569
48	1	tracking	-849.991601	68.807284	-257.601772	-164.104	-0.670	0.1062
48	2	tracking	-849.422535	68.751906	-258.196524	170.896	-8.670	0.0919
48	3	tracking	-848.951149	68.710040	-258.797665	153.407	-16.670	0.0861
48	4	tracking	-848.533079	68.685017	-259.402840	178.407	-24.670	0.0888
48	5	tracking	-848.135704	68.677907	-259.999512	-156.593	-32.670	0.0788
48	6	tracking	-847.761383	68.687936	-260.584443	-159.186	-40.670	0.0758
48	7	tracking	-847.390151	68.712344	-261.142272	-134.186	-46.375	0.0842
48	8	tracking	-847.034052	68.747852	-261.683844	-150.375	-42.740	0.0798
48	9	tracking	-846.691437	68.790551	-262.210929	-150.375	-34.740	0.0677
48	10	tracking	-846.360385	68.836374	-262.725899	-150.375	-26.740	0.0643
48	11	tracking	-846.038924	68.880283	-263.231329	-150.375	-18.740	0.0633
48	12	tracking	-845.711981	68.925618	-263.710438	-125.375	-26.740	0.0632
48	13	tracking	-845.375779	68.972813	-264.145543	-100.375	-34.740	0.0601
48	14	tracking	-845.036398	69.019217	-264.522830	-75.375	-42.740	0.0607
48	15	tracking	-844.705837	69.059505	-264.835665	-50.375	-50.740	0.1089
48	16	tracking	-844.384292	69.091438	-265.093102	-51.747	-42.740	0.0943
48	17	tracking	-844.083004	69.113982	-265.293128	-26.747	-34.740	0.0583
48	18	tracking	-843.800745	69.125732	-265.443948	-26.747	-26.740	0.0467
48	19	tracking	-843.536584	69.125555	-265.553190	-26.747	-25.689	0.0464
48	20	tracking	-843.300384	69.113535	-265.623253	-1.747	-17.689	0.0482
48	21	tracking	-843.100129	69.088903	-265.661946	23.253	-9.689	0.0528
48	22	tracking	-842.935939	69.051976	-265.678117	37.878	-7.940	0.0469
48	23	tracking	-842.802291	69.003506	-265.676269	37.878	-7.940	0.0417
48	24	tracking	-842.764106	68.910360	-265.700105	62.878	-15.940	0.0338
48	25	tracking	-842.697769	68.849455	-265.671811	67.848	-23.940	0.0315
48	26	tracking	-842.649823	68.765392	-265.642058	67.848	-31.940	0.0360
48	27	tracking	-842.617328	68.651141	-265.611385	67.848	-39.940	0.0251
48	28	tracking	-842.595253	68.499604	-265.576641	42.848	-47.168	0.0268
48	29	tracking	-842.579076	68.312894	-265.534839	17.848	-47.168	0.0214
48	30	tracking	-842.563031	68.093643	-265.484589	-7.152	-47.168	0.0208
48	31	tracking	-842.540738	67.844706	-265.427095	-32.152	-47.168	0.0194
48	32	tracking	-842.519220	67.557770	-265.362677	-7.152	-55.168	0.0182
48	33	tracking	-842.504473	67.234343	-265.291540	17.848	-55.963	0.0164
48	34	landing	-842.497558	66.888663	-265.208823	17.848	-47.963	0.0181
48	35	landing	-842.498125	66.523116	-265.114227	17.848	-47.963	0.0206
48	36	landing	-842.505859	66.140055	-265.007491	17.848	-47.963	0.0135
48	37	landing	-842.520469	65.741755	-264.888414	17.848	-47.963	0.0122
49	0	tracking	-850.645964	68.867102	-257.032114	-139.104	-4.000	0.1346
49	1	tracking	-849.991601	68.807284	-257.601772	-164.104	-0.670	0.0986
49	2	tracking	-849.422535	68.751906	-258.196524	170.896	-8.670	0.0962
49	3	tracking	-848.951149	68.710040	-258.797665	153.407	-16.670	0.0839
49	4	tracking	-848.533079	68.685017	-259.402840	178.407	-24.670	0.0960
49	5	tracking	-848.135704	68.677907	-259.999512	-156.593	-32.670	0.0777
49	6	tracking	-847.761383	68.687936	-260.584443	-159.186	-40.670	0.0723
49	7	tracking	-847.390151	68.712344	-261.142272	-134.186	-46.375	0.1063
49	8	tracking	-847.034052	68.747852	-261.683844	-150.375	-42.740	0.0895
49	9	tracking	-846.691437	68.790551	-262.210929	-150.375	-34.740	0.0697
49	10	tracking	-846.360385	68.836374	-262.725899	-150.375	-26.740	0.0646
49	11	tracking	-846.038924	68.880283	-263.231329	-150.375	-18.740	0.0634
49	12	tracking	-845.711981	68.925618	-263.710438	-125.375	-26.740	0.0604
49	13	tracking	-845.375779	68.972813	-264.145543	-100.375	-34.740	0.0619
49	14	tracking	-845.036398	69.019217	-264.522830	-75.375	-42.740	0.0525
49	15	tracking	-844.705837	69.059505	-264.835665	-50.375	-50.740	0.0512
49	16	tracking	-844.384292	69.091438	-265.093102	-51.747	-42.740	0.0526
49	17	tracking	-844.083004	69.113982	-265.293128	-26.747	-34.740	0.0502
49	18	tracking	-843.800745	69.125732	-265.443948	-26.747	-26.740	0.0488
49	19	tracking	-843.536584	69.125555	-265.553190	-26.747	-25.689	0.0449
49	20	tracking	-843.300384	69.113535	-265.623253	-1.747	-17.689	0.0444
49	21	tracking	-843.100129	69.088903	-265.661946	23.253	-9.689	0.0449
49	22	tracking	-842.935939	69.051976	-265.678117	37.878	-7.940	0.0440
49	23	tracking	-842.802291	69.003506	-265.676269	37.878	-7.940	0.0423
49	24	tracking	-842.664106	68.910360	-265.700105	62.878	-15.940	0.0337
49	25	tracking	-842.597769	68.849455	-265.671811	67.848	-23.940	0.0362
49	26	tracking	-842.549823	68.765392	-265.642058	67.848	-31.940	0.0302
49	27	tracking	-842.517328	68.651141	-265.611385	67.848	-39.940	0.0330
49	28	tracking	-842.495253	68.499604	-265.576641	42.848	-47.168	0.0289
49	29	tracking	-842.479076	68.312894	-265.534839	17.848	-47.168	0.0371
49	30	tracking	-842.463031	68.093643	-265.484589	-7.152	-47.168	0.0261
49	31	tracking	-842.440738	67.844706	-265.427095	-32.152	-47.168	0.0291
49	32	tracking	-842.419220	67.557770	-265.362677	-7.152	-55.168	0.0295
49	33	tracking	-842.404473	67.234343	-265.291540	17.848	-55.963	0.0323
49	34	landing	-842.397558	66.888663	-265.208823	17.848	-47.963	0.0259
49	35	landing	-842.398125	66.523116	-265.114227	17.848	-47.963	0.0205
49	36	landing	-842.405859	66.140055	-265.007491	17.848	-47.963	0.0186
49	37	landing	-842.420469	65.741755	-264.888414	17.848	-47.963	0.0200
50	0	tracking	-850.645964	68.867102	-257.032114	-139.104	-4.000	0.1464
50	1	tracking	-849.991601	68.807284	-257.601772	-164.104	-0.670	0.1860
50	2	tracking	-849.422535	68.751906	-258.196524	170.896	-8.670	0.1316
50	3	tracking	-848.951149	68.710040	-258.797665	153.407	-16.670	0.1083
50	4	tracking	-848.533079	68.685017	-259.402840	178.407	-24.670	0.0813
50	5	tracking	-848.135704	68.677907	-259.999512	-156.593	-32.670	0.0749
50	6	tracking	-847.761383	68.687936	-260.584443	-159.186	-40.670	0.0724
50	7	tracking	-847.390151	68.712344	-261.142272	-134.186	-46.375	0.0853
50	8	tracking	-847.034052	68.747852	-261.683844	-150.375	-42.740	0.0734
50	9	tracking	-846.691437	68.790551	-262.210929	-150.375	-34.740	0.0694
50	10	tracking	-846.360385	68.836374	-262.725899	-150.375	-26.740	0.0658
50	11	tracking	-846.038924	68.880283	-263.231329	-150.375	-18.740	0.0667
50	12	tracking	-845.711981	68.925618	-263.710438	-125.375	-26.740	0.0798
50	13	tracking	-845.375779	68.972813	-264.145543	-100.375	-34.740	0.0708
50	14	tracking	-845.036398	69.019217	-264.522830	-75.375	-42.740	0.0683
50	15	tracking	-844.705837	69.059505	-264.835665	-50.375	-50.740	0.0554
50	16	tracking	-844.384292	69.091438	-265.093102	-51.747	-42.740	0.0489
50	17	tracking	-844.083004	69.113982	-265.293128	-26.747	-34.740	0.0460
50	18	tracking	-843.800745	69.125732	-265.443948	-26.747	-26.740	0.0475
50	19	tracking	-843.536584	69.125555	-265.553190	-26.747	-25.689	0.0454
50	20	tracking	-843.300384	69.113535	-265.623253	-1.747	-17.689	0.0417
50	21	tracking	-843.100129	69.088903	-265.661946	23.253	-9.689	0.0437
50	22	tracking	-842.935939	69.051976	-265.678117	37.878	-7.940	0.0411
50	23	tracking	-842.802291	69.003506	-265.676269	37.878	-7.940	0.0355
50	24	tracking	-842.764106	69.010360	-265.700105	62.878	-15.940	0.0353
50	25	tracking	-842.697769	68.949455	-265.671811	67.848	-23.940	0.0273
50	26	tracking	-842.649823	68.865392	-265.642058	67.848	-31.940	0.0279
50	27	tracking	-842.617328	68.751141	-265.611385	67.848	-39.940	0.0233
50	28	tracking	-842.595253	68.599604	-265.576641	42.848	-47.168	0.0217
50	29	tracking	-842.579076	68.412894	-265.534839	17.848	-47.168	0.0256
50	30	tracking	-842.563031	68.193643	-265.484589	-7.152	-47.168	0.0222
50	31	tracking	-842.540738	67.944706	-265.427095	-32.152	-47.168	0.0243
50	32	tracking	-842.519220	67.657770	-265.362677	-7.152	-55.168	0.0225
50	33	tracking	-842.504473	67.334343	-265.291540	17.848	-55.963	0.0152
50	34	landing	-842.497558	66.988663	-265.208823	17.848	-47.963	0.0145
50	35	landing	-842.498125	66.623116	-265.114227	17.848	-47.963	0.0189
50	36	landing	-842.505859	66.240055	-265.007491	17.848	-47.963	0.0161
50	37	landing	-842.520469	65.841755	-264.888414	17.848	-47.963	0.0114
51	0	tracking	-850.645964	68.867102	-257.032114	-139.104	-4.000	0.1304
51	1	tracking	-849.991601	68.807284	-257.601772	-164.104	-0.670	0.0946
51	2	tracking	-849.422535	68.751906	-258.196524	170.896	-8.670	0.0925
51	3	tracking	-848.951149	68.710040	-258.797665	153.407	-16.670	0.0873
51	4	tracking	-848.533079	68.685017	-259.402840	178.407	-24.670	0.0897
51	5	tracking	-848.135704	68.677907	-259.999512	-156.593	-32.670	0.0825
51	6	tracking	-847.761383	68.687936	-260.584443	-159.186	-40.670	0.0826
51	7	tracking	-847.390151	68.712344	-261.142272	-134.186	-46.375	0.0728
51	8	tracking	-847.034052	68.747852	-261.683844	-150.375	-42.740	0.0711
51	9	tracking	-846.691437	68.790551	-262.210929	-150.375	-34.740	0.0857
51	10	tracking	-846.360385	68.836374	-262.725899	-150.375	-26.740	0.0661
51	11	tracking	-846.038924	68.880283	-263.231329	-150.375	-18.740	0.0638
51	12	tracking	-845.711981	68.925618	-263.710438	-125.375	-26.740	0.0715
51	13	tracking	-845.375779	68.972813	-264.145543	-100.375	-34.740	0.0608
51	14	tracking	-845.036398	69.019217	-264.522830	-75.375	-42.740	0.0560
51	15	tracking	-844.705837	69.059505	-264.835665	-50.375	-50.740	0.0570
51	16	tracking	-844.384292	69.091438	-265.093102	-51.747	-42.740	0.0696
51	17	tracking	-844.083004	69.113982	-265.293128	-26.747	-34.740	0.0468
51	18	tracking	-843.800745	69.125732	-265.443948	-26.747	-26.740	0.0491
51	19	tracking	-843.536584	69.125555	-265.553190	-26.747	-25.689	0.0451
51	20	tracking	-843.300384	69.113535	-265.623253	-1.747	-17.689	0.0450
51	21	tracking	-843.100129	69.088903	-265.661946	23.253	-9.689	0.0392
51	22	tracking	-842.935939	69.051976	-265.678117	37.878	-7.940	0.0400
51	23	tracking	-842.802291	69.003506	-265.676269	37.878	-7.940	0.0351
51	24	tracking	-842.664106	69.010360	-265.700105	62.878	-15.940	0.0367
51	25	tracking	-842.597769	68.949455	-265.671811	67.848	-23.940	0.0308
51	26	tracking	-842.549823	68.865392	-265.642058	67.848	-31.940	0.0359
51	27	tracking	-842.517328	68.751141	-265.611385	67.848	-39.940	0.0274
51	28	tracking	-842.495253	68.599604	-265.576641	42.848	-47.168	0.0292
51	29	tracking	-842.479076	68.412894	-265.534839	17.848	-47.168	0.0286
51	30	tracking	-842.463031	68.193643	-265.484589	-7.152	-47.168	0.0275
51	31	tracking	-842.440738	67.944706	-265.427095	-32.152	-47.168	0.0234
51	32	tracking	-842.419220	67.657770	-265.362677	-7.152	-55.168	0.0235
51	33	tracking	-842.404473	67.334343	-265.291540	17.848	-55.963	0.0238
51	34	landing	-842.397558	66.988663	-265.208823	17.848	-47.963	0.0201
51	35	landing	-842.398125	66.623116	-265.114227	17.848	-47.963	0.0178
51	36	landing	-842.405859	66.240055	-265.007491	17.848	-47.963	0.0187
51	37	landing	-842.420469	65.841755	-264.888414	17.848	-47.963	0.0152
52	0	tracking	-850.645964	68.867102	-257.032114	-139.104	-4.000	0.1822
52	1	tracking	-849.991601	68.807284	-257.601772	-164.104	-0.670	0.1148
52	2	tracking	-849.422535	68.751906	-258.196524	170.896	-8.670	0.0870
52	3	tracking	-848.951149	68.710040	-258.797665	153.407	-16.670	0.0817
52	4	tracking	-848.533079	68.685017	-259.402840	178.407	-24.670	0.0786
52	5	tracking	-848.135704	68.677907	-259.999512	-156.593	-32.670	0.0736
52	6	tracking	-847.761383	68.687936	-260.584443	-159.186	-40.670	0.0719
52	7	tracking	-847.390151	68.712344	-261.142272	-134.186	-46.375	0.0712
52	8	tracking	-847.034052	68.747852	-261.683844	-150.375	-42.740	0.0680
52	9	tracking	-846.691437	68.790551	-262.210929	-150.375	-34.740	0.0662
52	10	tracking	-846.360385	68.836374	-262.725899	-150.375	-26.740	0.0689
52	11	tracking	-846.038924	68.880283	-263.231329	-150.375	-18.740	0.0819
52	12	tracking	-845.711981	68.925618	-263.710438	-125.375	-26.740	0.0697
52	13	tracking	-845.375779	68.972813	-264.145543	-100.375	-34.740	0.0593
52	14	tracking	-845.036398	69.019217	-264.522830	-75.375	-42.740	0.0542
52	15	tracking	-844.705837	69.059505	-264.835665	-50.375	-50.740	0.0518
52	16	tracking	-844.384292	69.091438	-265.093102	-51.747	-42.740	0.0564
52	17	tracking	-844.083004	69.113982	-265.293128	-26.747	-34.740	0.0558
52	18	tracking	-843.800745	69.125732	-265.443948	-26.747	-26.740	0.0437
52	19	tracking	-843.536584	69.125555	-265.553190	-26.747	-25.689	0.0445
52	20	tracking	-843.300384	69.113535	-265.623253	-1.747	-17.689	0.0417
52	21	tracking	-843.100129	69.088903	-265.661946	23.253	-9.689	0.0378
52	22	tracking	-842.935939	69.051976	-265.678117	37.878	-7.940	0.0388
52	23	tracking	-842.802291	69.003506	-265.676269	37.878	-7.940	0.0373
52	24	tracking	-842.764106	68.910360	-265.600105	62.878	-15.940	0.0717
52	25	tracking	-842.697769	68.849455	-265.571811	67.848	-23.940	0.0639
52	26	tracking	-842.649823	68.765392	-265.542058	67.848	-31.940	0.0520
52	27	tracking	-842.617328	68.651141	-265.511385	67.848	-39.940	0.0507
52	28	tracking	-842.595253	68.499604	-265.476641	42.848	-47.168	0.0598
52	29	tracking	-842.579076	68.312894	-265.434839	17.848	-47.168	0.0533
52	30	tracking	-842.563031	68.093643	-265.384589	-7.152	-47.168	0.0498
52	31	tracking	-842.540738	67.844706	-265.327095	-32.152	-47.168	0.0433
52	32	tracking	-842.519220	67.557770	-265.262677	-7.152	-55.168	0.0437
52	33	tracking	-842.504473	67.234343	-265.191540	17.848	-55.963	0.0441
52	34	landing	-842.501441	66.888663	-265.110540	29.848	-47.963	0.0182
52	35	landing	-842.509596	66.522935	-265.019452	29.848	-47.963	0.0186
52	36	landing	-842.528490	66.139410	-264.918026	29.848	-47.963	0.0190
52	37	landing	-842.557731	65.740318	-264.806036	29.848	-47.963	0.0157
53	0	tracking	-850.645964	68.867102	-257.032114	-139.104	-4.000	0.1298
53	1	tracking	-849.991601	68.807284	-257.601772	-164.104	-0.670	0.1100
53	2	tracking	-849.422535	68.751906	-258.196524	170.896	-8.670	0.1004
53	3	tracking	-848.951149	68.710040	-258.797665	153.407	-16.670	0.0833
53	4	tracking	-848.533079	68.685017	-259.402840	178.407	-24.670	0.0776
53	5	tracking	-848.135704	68.677907	-259.999512	-156.593	-32.670	0.0730
53	6	tracking	-847.761383	68.687936	-260.584443	-159.186	-40.670	0.0706
53	7	tracking	-847.390151	68.712344	-261.142272	-134.186	-46.375	0.0703
53	8	tracking	-847.034052	68.747852	-261.683844	-150.375	-42.740	0.0672
53	9	tracking	-846.691437	68.790551	-262.210929	-150.375	-34.740	0.0720
53	10	tracking	-846.360385	68.836374	-262.725899	-150.375	-26.740	0.0641
53	11	tracking	-846.038924	68.880283	-263.231329	-150.375	-18.740	0.0612
53	12	tracking	-845.711981	68.925618	-263.710438	-125.375	-26.740	0.0589
53	13	tracking	-845.375779	68.972813	-264.145543	-100.375	-34.740	0.2752
53	14	tracking	-845.036398	69.019217	-264.522830	-75.375	-42.740	0.1435
53	15	tracking	-844.705837	69.059505	-264.835665	-50.375	-50.740	0.1206
53	16	tracking	-844.384292	69.091438	-265.093102	-51.747	-42.740	0.1108
53	17	tracking	-844.083004	69.113982	-265.293128	-26.747	-34.740	0.0789
53	18	tracking	-843.800745	69.125732	-265.443948	-26.747	-26.740	0.0721
53	19	tracking	-843.536584	69.125555	-265.553190	-26.747	-25.689	0.0559
53	20	tracking	-843.300384	69.113535	-265.623253	-1.747	-17.689	0.0424
53	21	tracking	-843.100129	69.088903	-265.661946	23.253	-9.689	0.0385
53	22	tracking	-842.935939	69.051976	-265.678117	37.878	-7.940	0.0386
53	23	tracking	-842.802291	69.003506	-265.676269	37.878	-7.940	0.0387
53	24	tracking	-842.664106	68.910360	-265.600105	62.878	-15.940	0.0706
53	25	tracking	-842.597769	68.849455	-265.571811	67.848	-23.940	0.0653
53	26	tracking	-842.549823	68.765392	-265.542058	67.848	-31.940	0.0641
53	27	tracking	-842.517328	68.651141	-265.511385	67.848	-39.940	0.0612
53	28	tracking	-842.495253	68.499604	-265.476641	42.848	-47.168	0.0610
53	29	tracking	-842.479076	68.312894	-265.434839	17.848	-47.168	0.0608
53	30	tracking	-842.463031	68.093643	-265.384589	-7.152	-47.168	0.0615
53	31	tracking	-842.440738	67.844706	-265.327095	-32.152	-47.168	0.0608
53	32	tracking	-842.419220	67.557770	-265.262677	-7.152	-55.168	0.0597
53	33	tracking	-842.404473	67.234343	-265.191540	17.848	-55.963	0.0657
53	34	landing	-842.401441	66.888663	-265.110540	29.848	-47.963	0.0257
53	35	landing	-842.409596	66.522935	-265.019452	29.848	-47.963	0.0185
53	36	landing	-842.428490	66.139410	-264.918026	29.848	-47.963	0.0359
53	37	landing	-842.457731	65.740318	-264.806036	29.848	-47.963	0.0634
54	0	tracking	-850.645964	68.867102	-257.032114	-139.104	-4.000	0.1817
54	1	tracking	-849.991601	68.807284	-257.601772	-164.104	-0.670	0.1096
54	2	tracking	-849.422535	68.751906	-258.196524	170.896	-8.670	0.1525
54	3	tracking	-848.951149	68.710040	-258.797665	153.407	-16.670	0.0844
54	4	tracking	-848.533079	68.685017	-259.402840	178.407	-24.670	0.1834
54	5	tracking	-848.135704	68.677907	-259.999512	-156.593	-32.670	0.2200
54	6	tracking	-847.761383	68.687936	-260.584443	-159.186	-40.670	0.1641
54	7	tracking	-847.390151	68.712344	-261.142272	-134.186	-46.375	0.2315
54	8	tracking	-847.034052	68.747852	-261.683844	-150.375	-42.740	0.1564
54	9	tracking	-846.691437	68.790551	-262.210929	-150.375	-34.740	0.1445
54	10	tracking	-846.360385	68.836374	-262.725899	-150.375	-26.740	0.1306
54	11	tracking	-846.038924	68.880283	-263.231329	-150.375	-18.740	0.1267
54	12	tracking	-845.711981	68.925618	-263.710438	-125.375	-26.740	0.1204
54	13	tracking	-845.375779	68.972813	-264.145543	-100.375	-34.740	0.0835
54	14	tracking	-845.036398	69.019217	-264.522830	-75.375	-42.740	0.0542
54	15	tracking	-844.705837	69.059505	-264.835665	-50.375	-50.740	0.0528
54	16	tracking	-844.384292	69.091438	-265.093102	-51.747	-42.740	0.0586
54	17	tracking	-844.083004	69.113982	-265.293128	-26.747	-34.740	0.0541
54	18	tracking	-843.800745	69.125732	-265.443948	-26.747	-26.740	0.0523
54	19	tracking	-843.536584	69.125555	-265.553190	-26.747	-25.689	0.0417
54	20	tracking	-843.300384	69.113535	-265.623253	-1.747	-17.689	0.0416
54	21	tracking	-843.100129	69.088903	-265.661946	23.253	-9.689	0.0409
54	22	tracking	-842.935939	69.051976	-265.678117	37.878	-7.940	0.0360
54	23	tracking	-842.802291	69.003506	-265.676269	37.878	-7.940	0.0373
54	24	tracking	-842.764106	69.010360	-265.600105	62.878	-15.940	0.0627
54	25	tracking	-842.697769	68.949455	-265.571811	67.848	-23.940	0.0502
54	26	tracking	-842.649823	68.865392	-265.542058	67.848	-31.940	0.0529
54	27	tracking	-842.617328	68.751141	-265.511385	67.848	-39.940	0.0502
54	28	tracking	-842.595253	68.599604	-265.476641	42.848	-47.168	0.0445
54	29	tracking	-842.579076	68.412894	-265.434839	17.848	-47.168	0.0476
54	30	tracking	-842.563031	68.193643	-265.384589	-7.152	-47.168	0.0462
54	31	tracking	-842.540738	67.944706	-265.327095	-32.152	-47.168	0.0413
54	32	tracking	-842.519220	67.657770	-265.262677	-7.152	-55.168	0.0640
54	33	tracking	-842.504473	67.334343	-265.191540	17.848	-55.963	0.0411
54	34	landing	-842.501441	66.988663	-265.110540	29.848	-47.963	0.0174
54	35	landing	-842.509596	66.622935	-265.019452	29.848	-47.963	0.0165
54	36	landing	-842.528490	66.239410	-264.918026	29.848	-47.963	0.0184
54	37	landing	-842.557731	65.840318	-264.806036	29.848	-47.963	0.0153
55	0	tracking	-850.645964	68.867102	-257.032114	-139.104	-4.000	0.1360
55	1	tracking	-849.991601	68.807284	-257.601772	-164.104	-0.670	0.0944
55	2	tracking	-849.422535	68.751906	-258.196524	170.896	-8.670	0.0965
55	3	tracking	-848.951149	68.710040	-258.797665	153.407	-16.670	0.0901
55	4	tracking	-848.533079	68.685017	-259.402840	178.407	-24.670	0.0768
55	5	tracking	-848.135704	68.677907	-259.999512	-156.593	-32.670	0.0735
55	6	tracking	-847.761383	68.687936	-260.584443	-159.186	-40.670	0.0736
55	7	tracking	-847.390151	68.712344	-261.142272	-134.186	-46.375	0.0834
55	8	tracking	-847.034052	68.747852	-261.683844	-150.375	-42.740	0.0828
55	9	tracking	-846.691437	68.790551	-262.210929	-150.375	-34.740	0.0679
55	10	tracking	-846.360385	68.836374	-262.725899	-150.375	-26.740	0.0652
55	11	tracking	-846.038924	68.880283	-263.231329	-150.375	-18.740	0.0656
55	12	tracking	-845.711981	68.925618	-263.710438	-125.375	-26.740	0.0644
55	13	tracking	-845.375779	68.972813	-264.145543	-100.375	-34.740	0.0640
55	14	tracking	-845.036398	69.019217	-264.522830	-75.375	-42.740	0.0580
55	15	tracking	-844.705837	69.059505	-264.835665	-50.375	-50.740	0.1047
55	16	tracking	-844.384292	69.091438	-265.093102	-51.747	-42.740	0.0601
55	17	tracking	-844.083004	69.113982	-265.293128	-26.747	-34.740	0.1417
55	18	tracking	-843.800745	69.125732	-265.443948	-26.747	-26.740	0.1242
55	19	tracking	-843.536584	69.125555	-265.553190	-26.747	-25.689	0.1201
55	20	tracking	-843.300384	69.113535	-265.623253	-1.747	-17.689	0.0527
55	21	tracking	-843.100129	69.088903	-265.661946	23.253	-9.689	0.0376
55	22	tracking	-842.935939	69.051976	-265.678117	37.878	-7.940	0.0379
55	23	tracking	-842.802291	69.003506	-265.676269	37.878	-7.940	0.0391
55	24	tracking	-842.664106	69.010360	-265.600105	62.878	-15.940	0.0665
55	25	tracking	-842.597769	68.949455	-265.571811	67.848	-23.940	0.0598
55	26	tracking	-842.549823	68.865392	-265.542058	67.848	-31.940	0.0575
55	27	tracking	-842.517328	68.751141	-265.511385	67.848	-39.940	0.0637
55	28	tracking	-842.495253	68.599604	-265.476641	42.848	-47.168	0.0578
55	29	tracking	-842.479076	68.412894	-265.434839	17.848	-47.168	0.0561
55	30	tracking	-842.463031	68.193643	-265.384589	-7.152	-47.168	0.0515
55	31	tracking	-842.440738	67.944706	-265.327095	-32.152	-47.168	0.0529
55	32	tracking	-842.419220	67.657770	-265.262677	-7.152	-55.168	0.0534
55	33	tracking	-842.404473	67.334343	-265.191540	17.848	-55.963	0.0505
55	34	landing	-842.401441	66.988663	-265.110540	29.848	-47.963	0.0165
55	35	landing	-842.409596	66.622935	-265.019452	29.848	-47.963	0.0129
55	36	landing	-842.428490	66.239410	-264.918026	29.848	-47.963	0.0144
55	37	landing	-842.457731	65.840318	-264.806036	29.848	-47.963	0.0136
56	0	tracking	-850.645964	68.867102	-257.032114	-139.104	-4.000	0.1415
56	1	tracking	-849.991601	68.807284	-257.601772	-164.104	-0.670	0.0985
56	2	tracking	-849.422535	68.751906	-258.196524	170.896	-8.670	0.0956
56	3	tracking	-848.951149	68.710040	-258.797665	153.407	-16.670	0.1064
56	4	tracking	-848.533079	68.685017	-259.402840	178.407	-24.670	0.0837
56	5	tracking	-848.135704	68.677907	-259.999512	-156.593	-32.670	0.0783
56	6	tracking	-847.761383	68.687936	-260.584443	-159.186	-40.670	0.0721
56	7	tracking	-847.390151	68.712344	-261.142272	-134.186	-46.375	0.0716
56	8	tracking	-847.034052	68.747852	-261.683844	-150.375	-42.740	0.0710
56	9	tracking	-846.691437	68.790551	-262.210929	-150.375	-34.740	0.0705
56	10	tracking	-846.360385	68.836374	-262.725899	-150.375	-26.740	0.0668
56	11	tracking	-846.038924	68.880283	-263.231329	-150.375	-18.740	0.0641
56	12	tracking	-845.711981	68.925618	-263.710438	-125.375	-26.740	0.0609
56	13	tracking	-845.375779	68.972813	-264.145543	-100.375	-34.740	0.0582
56	14	tracking	-845.036398	69.019217	-264.522830	-75.375	-42.740	0.0571
56	15	tracking	-844.705837	69.059505	-264.835665	-50.375	-50.740	0.0547
56	16	tracking	-844.384292	69.091438	-265.093102	-51.747	-42.740	0.0535
56	17	tracking	-844.083004	69.113982	-265.293128	-26.747	-34.740	0.0468
56	18	tracking	-843.800745	69.125732	-265.443948	-26.747	-26.740	0.0483
56	19	tracking	-843.536584	69.125555	-265.553190	-26.747	-25.689	0.0501
56	20	tracking	-843.300384	69.113535	-265.623253	-1.747	-17.689	0.0505
56	21	tracking	-843.100129	69.088903	-265.661946	23.253	-9.689	0.0443
56	22	tracking	-842.935939	69.051976	-265.678117	37.878	-7.940	0.0396
56	23	tracking	-842.802291	69.003506	-265.676269	37.878	-7.940	0.0360
56	24	tracking	-842.731600	68.911720	-265.698500	62.878	-15.940	0.0385
56	25	tracking	-842.638701	68.853657	-265.667798	67.848	-23.940	0.0323
56	26	tracking	-842.568827	68.773887	-265.635192	67.848	-31.940	0.0337
56	27	tracking	-842.518046	68.665260	-265.601467	67.848	-39.940	0.0315
56	28	tracking	-842.480326	68.520478	-265.563305	42.848	-47.168	0.0345
56	29	tracking	-842.450403	68.341230	-265.517856	17.848	-47.168	0.0285
56	30	tracking	-842.422062	68.129837	-265.463967	-7.152	-47.168	0.0301
56	31	tracking	-842.388670	67.888993	-265.403003	-32.152	-47.168	0.0273
56	32	tracking	-842.357224	67.610537	-265.335184	-7.152	-55.168	0.0243
56	33	tracking	-842.333703	67.295872	-265.260790	17.848	-55.963	0.0232
56	34	landing	-842.318983	66.958893	-265.175133	17.848	-47.963	0.0212
56	35	landing	-842.312577	66.601856	-265.077978	17.848	-47.963	0.0188
56	36	landing	-842.314055	66.227018	-264.969095	17.848	-47.963	0.0173
56	37	landing	-842.323032	65.836590	-264.848288	17.848	-47.963	0.0241
57	0	tracking	-850.645964	68.867102	-257.032114	-139.104	-4.000	0.1383
57	1	tracking	-849.991601	68.807284	-257.601772	-164.104	-0.670	0.1007
57	2	tracking	-849.422535	68.751906	-258.196524	170.896	-8.670	0.0927
57	3	tracking	-848.951149	68.710040	-258.797665	153.407	-16.670	0.0889
57	4	tracking	-848.533079	68.685017	-259.402840	178.407	-24.670	0.0851
57	5	tracking	-848.135704	68.677907	-259.999512	-156.593	-32.670	0.0897
57	6	tracking	-847.761383	68.687936	-260.584443	-159.186	-40.670	0.1192
57	7	tracking	-847.390151	68.712344	-261.142272	-134.186	-46.375	0.0889
57	8	tracking	-847.034052	68.747852	-261.683844	-150.375	-42.740	0.0810
57	9	tracking	-846.691437	68.790551	-262.210929	-150.375	-34.740	0.0793
57	10	tracking	-846.360385	68.836374	-262.725899	-150.375	-26.740	0.0773
57	11	tracking	-846.038924	68.880283	-263.231329	-150.375	-18.740	0.0737
57	12	tracking	-845.711981	68.925618	-263.710438	-125.375	-26.740	0.0704
57	13	tracking	-845.375779	68.972813	-264.145543	-100.375	-34.740	0.0706
57	14	tracking	-845.036398	69.019217	-264.522830	-75.375	-42.740	0.0772
57	15	tracking	-844.705837	69.059505	-264.835665	-50.375	-50.740	0.0643
57	16	tracking	-844.384292	69.091438	-265.093102	-51.747	-42.740	0.0626
57	17	tracking	-844.083004	69.113982	-265.293128	-26.747	-34.740	0.0594
57	18	tracking	-843.800745	69.125732	-265.443948	-26.747	-26.740	0.0607
57	19	tracking	-843.536584	69.125555	-265.553190	-26.747	-25.689	0.0550
57	20	tracking	-843.300384	69.113535	-265.623253	-1.747	-17.689	0.1901
57	21	tracking	-843.100129	69.088903	-265.661946	23.253	-9.689	0.1077
57	22	tracking	-842.935939	69.051976	-265.678117	37.878	-7.940	0.1039
57	23	tracking	-842.802291	69.003506	-265.676269	37.878	-7.940	0.1205
57	24	tracking	-842.631600	68.911720	-265.698500	62.878	-15.940	0.0606
57	25	tracking	-842.538701	68.853657	-265.667798	67.848	-23.940	0.0581
57	26	tracking	-842.468827	68.773887	-265.635192	67.848	-31.940	0.0402
57	27	tracking	-842.418046	68.665260	-265.601467	67.848	-39.940	0.0400
57	28	tracking	-842.380326	68.520478	-265.563305	42.848	-47.168	0.0316
57	29	tracking	-842.350403	68.341230	-265.517856	17.848	-47.168	0.0334
57	30	tracking	-842.322062	68.129837	-265.463967	-7.152	-47.168	0.0281
57	31	tracking	-842.288670	67.888993	-265.403003	-32.152	-47.168	0.0265
57	32	tracking	-842.257224	67.610537	-265.335184	-7.152	-55.168	0.0257
57	33	tracking	-842.233703	67.295872	-265.260790	17.848	-55.963	0.0231
57	34	landing	-842.218983	66.958893	-265.175133	17.848	-47.963	0.0274
57	35	landing	-842.212577	66.601856	-265.077978	17.848	-47.963	0.0198
57	36	landing	-842.214055	66.227018	-264.969095	17.848	-47.963	0.0184
57	37	landing	-842.223032	65.836590	-264.848288	17.848	-47.963	0.0184
58	0	tracking	-850.645964	68.867102	-257.032114	-139.104	-4.000	0.1457
58	1	tracking	-849.991601	68.807284	-257.601772	-164.104	-0.670	0.1027
58	2	tracking	-849.422535	68.751906	-258.196524	170.896	-8.670	0.0971
58	3	tracking	-848.951149	68.710040	-258.797665	153.407	-16.670	0.0947
58	4	tracking	-848.533079	68.685017	-259.402840	178.407	-24.670	0.0898
58	5	tracking	-848.135704	68.677907	-259.999512	-156.593	-32.670	0.0884
58	6	tracking	-847.761383	68.687936	-260.584443	-159.186	-40.670	0.0824
58	7	tracking	-847.390151	68.712344	-261.142272	-134.186	-46.375	0.0776
58	8	tracking	-847.034052	68.747852	-261.683844	-150.375	-42.740	0.0795
58	9	tracking	-846.691437	68.790551	-262.210929	-150.375	-34.740	0.0821
58	10	tracking	-846.360385	68.836374	-262.725899	-150.375	-26.740	0.0788
58	11	tracking	-846.038924	68.880283	-263.231329	-150.375	-18.740	0.0699
58	12	tracking	-845.711981	68.925618	-263.710438	-125.375	-26.740	0.0662
58	13	tracking	-845.375779	68.972813	-264.145543	-100.375	-34.740	0.0640
58	14	tracking	-845.036398	69.019217	-264.522830	-75.375	-42.740	0.0598
58	15	tracking	-844.705837	69.059505	-264.835665	-50.375	-50.740	0.0546
58	16	tracking	-844.384292	69.091438	-265.093102	-51.747	-42.740	0.0572
58	17	tracking	-844.083004	69.113982	-265.293128	-26.747	-34.740	0.2416
58	18	tracking	-843.800745	69.125732	-265.443948	-26.747	-26.740	0.0585
58	19	tracking	-843.536584	69.125555	-265.553190	-26.747	-25.689	0.0464
58	20	tracking	-843.300384	69.113535	-265.623253	-1.747	-17.689	0.0472
58	21	tracking	-843.100129	69.088903	-265.661946	23.253	-9.689	0.0453
58	22	tracking	-842.935939	69.051976	-265.678117	37.878	-7.940	0.0413
58	23	tracking	-842.802291	69.003506	-265.676269	37.878	-7.940	0.0429
58	24	tracking	-842.731600	69.011720	-265.698500	62.878	-15.940	0.0435
58	25	tracking	-842.638701	68.953657	-265.667798	67.848	-23.940	0.0358
58	26	tracking	-842.568827	68.873887	-265.635192	67.848	-31.940	0.0506
58	27	tracking	-842.518046	68.765260	-265.601467	67.848	-39.940	0.0446
58	28	tracking	-842.480326	68.620478	-265.563305	42.848	-47.168	0.0357
58	29	tracking	-842.450403	68.441230	-265.517856	17.848	-47.168	0.0304
58	30	tracking	-842.422062	68.229837	-265.463967	-7.152	-47.168	0.0317
58	31	tracking	-842.388670	67.988993	-265.403003	-32.152	-47.168	0.0313
58	32	tracking	-842.357224	67.710537	-265.335184	-7.152	-55.168	0.0269
58	33	tracking	-842.333703	67.395872	-265.260790	17.848	-55.963	0.2171
58	34	landing	-842.318983	67.058893	-265.175133	17.848	-47.963	0.0679
58	35	landing	-842.312577	66.701856	-265.077978	17.848	-47.963	0.0446
58	36	landing	-842.314055	66.327018	-264.969095	17.848	-47.963	0.0434
58	37	landing	-842.323032	65.936590	-264.848288	17.848	-47.963	0.0786
59	0	tracking	-850.645964	68.867102	-257.032114	-139.104	-4.000	0.3587
59	1	tracking	-849.991601	68.807284	-257.601772	-164.104	-0.670	0.2343
59	2	tracking	-849.422535	68.751906	-258.196524	170.896	-8.670	0.1976
59	3	tracking	-848.951149	68.710040	-258.797665	153.407	-16.670	0.1847
59	4	tracking	-848.533079	68.685017	-259.402840	178.407	-24.670	0.1704
59	5	tracking	-848.135704	68.677907	-259.999512	-156.593	-32.670	0.1642
59	6	tracking	-847.761383	68.687936	-260.584443	-159.186	-40.670	0.1591
59	7	tracking	-847.390151	68.712344	-261.142272	-134.186	-46.375	0.1625
59	8	tracking	-847.034052	68.747852	-261.683844	-150.375	-42.740	0.1537
59	9	tracking	-846.691437	68.790551	-262.210929	-150.375	-34.740	0.1520
59	10	tracking	-846.360385	68.836374	-262.725899	-150.375	-26.740	0.1394
59	11	tracking	-846.038924	68.880283	-263.231329	-150.375	-18.740	0.1352
59	12	tracking	-845.711981	68.925618	-263.710438	-125.375	-26.740	0.1315
59	13	tracking	-845.375779	68.972813	-264.145543	-100.375	-34.740	0.1537
59	14	tracking	-845.036398	69.019217	-264.522830	-75.375	-42.740	0.1755
59	15	tracking	-844.705837	69.059505	-264.835665	-50.375	-50.740	0.0672
59	16	tracking	-844.384292	69.091438	-265.093102	-51.747	-42.740	0.0589
59	17	tracking	-844.083004	69.113982	-265.293128	-26.747	-34.740	0.0499
59	18	tracking	-843.800745	69.125732	-265.443948	-26.747	-26.740	0.0506
59	19	tracking	-843.536584	69.125555	-265.553190	-26.747	-25.689	0.0496
59	20	tracking	-843.300384	69.113535	-265.623253	-1.747	-17.689	0.0430
59	21	tracking	-843.100129	69.088903	-265.661946	23.253	-9.689	0.0463
59	22	tracking	-842.935939	69.051976	-265.678117	37.878	-7.940	0.0418
59	23	tracking	-842.802291	69.003506	-265.676269	37.878	-7.940	0.0374
59	24	tracking	-842.631600	69.011720	-265.698500	62.878	-15.940	0.0412
59	25	tracking	-842.538701	68.953657	-265.667798	67.848	-23.940	0.0347
59	26	tracking	-842.468827	68.873887	-265.635192	67.848	-31.940	0.0368
59	27	tracking	-842.418046	68.765260	-265.601467	67.848	-39.940	0.0317
59	28	tracking	-842.380326	68.620478	-265.563305	42.848	-47.168	0.0298
59	29	tracking	-842.350403	68.441230	-265.517856	17.848	-47.168	0.0288
59	30	tracking	-842.322062	68.229837	-265.463967	-7.152	-47.168	0.0329
59	31	tracking	-842.288670	67.988993	-265.403003	-32.152	-47.168	0.0265
59	32	tracking	-842.257224	67.710537	-265.335184	-7.152	-55.168	0.0279
59	33	tracking	-842.233703	67.395872	-265.260790	17.848	-55.963	0.0225
59	34	landing	-842.218983	67.058893	-265.175133	17.848	-47.963	0.0392
59	35	landing	-842.212577	66.701856	-265.077978	17.848	-47.963	0.0223
59	36	landing	-842.214055	66.327018	-264.969095	17.848	-47.963	0.0172
59	37	landing	-842.223032	65.936590	-264.848288	17.848	-47.963	0.0166
60	0	tracking	-850.645964	68.867102	-257.032114	-139.104	-4.000	0.1455
60	1	tracking	-849.991601	68.807284	-257.601772	-164.104	-0.670	0.2411
60	2	tracking	-849.422535	68.751906	-258.196524	170.896	-8.670	0.1055
60	3	tracking	-848.951149	68.710040	-258.797665	153.407	-16.670	0.1742
60	4	tracking	-848.533079	68.685017	-259.402840	178.407	-24.670	0.1019
60	5	tracking	-848.135704	68.677907	-259.999512	-156.593	-32.670	0.0835
60	6	tracking	-847.761383	68.687936	-260.584443	-159.186	-40.670	0.0827
60	7	tracking	-847.390151	68.712344	-261.142272	-134.186	-46.375	0.0816
60	8	tracking	-847.034052	68.747852	-261.683844	-150.375	-42.740	0.0723
60	9	tracking	-846.691437	68.790551	-262.210929	-150.375	-34.740	0.1647
60	10	tracking	-846.360385	68.836374	-262.725899	-150.375	-26.740	0.0730
60	11	tracking	-846.038924	68.880283	-263.231329	-150.375	-18.740	0.0804
60	12	tracking	-845.711981	68.925618	-263.710438	-125.375	-26.740	0.0801
60	13	tracking	-845.375779	68.972813	-264.145543	-100.375	-34.740	0.0714
60	14	tracking	-845.036398	69.019217	-264.522830	-75.375	-42.740	0.0908
60	15	tracking	-844.705837	69.059505	-264.835665	-50.375	-50.740	0.0685
60	16	tracking	-844.384292	69.091438	-265.093102	-51.747	-42.740	0.0587
60	17	tracking	-844.083004	69.113982	-265.293128	-26.747	-34.740	0.0624
60	18	tracking	-843.800745	69.125732	-265.443948	-26.747	-26.740	0.0867
60	19	tracking	-843.536584	69.125555	-265.553190	-26.747	-25.689	0.1265
60	20	tracking	-843.300384	69.113535	-265.623253	-1.747	-17.689	0.1301
60	21	tracking	-843.100129	69.088903	-265.661946	23.253	-9.689	0.0970
60	22	tracking	-842.935939	69.051976	-265.678117	37.878	-7.940	0.1424
60	23	tracking	-842.802291	69.003506	-265.676269	37.878	-7.940	0.0602
60	24	tracking	-842.731600	68.911720	-265.598500	62.878	-15.940	0.1402
60	25	tracking	-842.638701	68.853657	-265.567798	67.848	-23.940	0.1069
60	26	tracking	-842.568827	68.773887	-265.535192	67.848	-31.940	0.0959
60	27	tracking	-842.518046	68.665260	-265.501467	67.848	-39.940	0.0950
60	28	tracking	-842.480326	68.520478	-265.463305	42.848	-47.168	0.0924
60	29	tracking	-842.450403	68.341230	-265.417856	17.848	-47.168	0.1044
60	30	tracking	-842.422062	68.129837	-265.363967	-7.152	-47.168	0.1127
60	31	tracking	-842.388670	67.888993	-265.303003	-32.152	-47.168	0.0893
60	32	tracking	-842.357224	67.610537	-265.235184	-7.152	-55.168	0.0989
60	33	tracking	-842.333703	67.295872	-265.160790	17.848	-55.963	0.1039
60	34	landing	-842.326586	66.958893	-265.079584	42.848	-47.963	0.0406
60	35	landing	-842.334863	66.601354	-264.991469	42.848	-47.963	0.0176
60	36	landing	-842.357760	66.225219	-264.896225	42.848	-47.963	0.0155
60	37	landing	-842.394655	65.832559	-264.793581	42.848	-47.963	0.0192
61	0	tracking	-850.645964	68.867102	-257.032114	-139.104	-4.000	0.1609
61	1	tracking	-849.991601	68.807284	-257.601772	-164.104	-0.670	0.1018
61	2	tracking	-849.422535	68.751906	-258.196524	170.896	-8.670	0.0934
61	3	tracking	-848.951149	68.710040	-258.797665	153.407	-16.670	0.0931
61	4	tracking	-848.533079	68.685017	-259.402840	178.407	-24.670	0.0938
61	5	tracking	-848.135704	68.677907	-259.999512	-156.593	-32.670	0.1048
61	6	tracking	-847.761383	68.687936	-260.584443	-159.186	-40.670	0.0786
61	7	tracking	-847.390151	68.712344	-261.142272	-134.186	-46.375	0.0785
61	8	tracking	-847.034052	68.747852	-261.683844	-150.375	-42.740	0.0747
61	9	tracking	-846.691437	68.790551	-262.210929	-150.375	-34.740	0.0742
61	10	tracking	-846.360385	68.836374	-262.725899	-150.375	-26.740	0.0691
61	11	tracking	-846.038924	68.880283	-263.231329	-150.375	-18.740	0.0679
61	12	tracking	-845.711981	68.925618	-263.710438	-125.375	-26.740	0.0746
61	13	tracking	-845.375779	68.972813	-264.145543	-100.375	-34.740	0.0776
61	14	tracking	-845.036398	69.019217	-264.522830	-75.375	-42.740	0.0618
61	15	tracking	-844.705837	69.059505	-264.835665	-50.375	-50.740	0.0596
61	16	tracking	-844.384292	69.091438	-265.093102	-51.747	-42.740	0.0532
61	17	tracking	-844.083004	69.113982	-265.293128	-26.747	-34.740	0.0745
61	18	tracking	-843.800745	69.125732	-265.443948	-26.747	-26.740	0.0627
61	19	tracking	-843.536584	69.125555	-265.553190	-26.747	-25.689	0.0546
61	20	tracking	-843.300384	69.113535	-265.623253	-1.747	-17.689	0.0463
61	21	tracking	-843.100129	69.088903	-265.661946	23.253	-9.689	0.0475
61	22	tracking	-842.935939	69.051976	-265.678117	37.878	-7.940	0.0436
61	23	tracking	-842.802291	69.003506	-265.676269	37.878	-7.940	0.0386
61	24	tracking	-842.631600	68.911720	-265.598500	62.878	-15.940	0.1243
61	25	tracking	-842.538701	68.853657	-265.567798	67.848	-23.940	0.1229
61	26	tracking	-842.468827	68.773887	-265.535192	67.848	-31.940	0.1062
61	27	tracking	-842.418046	68.665260	-265.501467	67.848	-39.940	0.1063
61	28	tracking	-842.380326	68.520478	-265.463305	42.848	-47.168	0.1091
61	29	tracking	-842.350403	68.341230	-265.417856	17.848	-47.168	0.1073
61	30	tracking	-842.322062	68.129837	-265.363967	-7.152	-47.168	0.1052
61	31	tracking	-842.288670	67.888993	-265.303003	-32.152	-47.168	0.0974
61	32	tracking	-842.257224	67.610537	-265.235184	-7.152	-55.168	0.0962
61	33	tracking	-842.233703	67.295872	-265.160790	17.848	-55.963	0.0990
61	34	landing	-842.226586	66.958893	-265.079584	42.848	-47.963	0.0248
61	35	landing	-842.234863	66.601354	-264.991469	42.848	-47.963	0.0232
61	36	landing	-842.257760	66.225219	-264.896225	42.848	-47.963	0.0209
61	37	landing	-842.294655	65.832559	-264.793581	42.848	-47.963	0.0191
62	0	tracking	-850.645964	68.867102	-257.032114	-139.104	-4.000	0.2026
62	1	tracking	-849.991601	68.807284	-257.601772	-164.104	-0.670	0.1098
62	2	tracking	-849.422535	68.751906	-258.196524	170.896	-8.670	0.0946
62	3	tracking	-848.951149	68.710040	-258.797665	153.407	-16.670	0.0905
62	4	tracking	-848.533079	68.685017	-259.402840	178.407	-24.670	0.0899
62	5	tracking	-848.135704	68.677907	-259.999512	-156.593	-32.670	0.0771
62	6	tracking	-847.761383	68.687936	-260.584443	-159.186	-40.670	0.0838
62	7	tracking	-847.390151	68.712344	-261.142272	-134.186	-46.375	0.0929
62	8	tracking	-847.034052	68.747852	-261.683844	-150.375	-42.740	0.0823
62	9	tracking	-846.691437	68.790551	-262.210929	-150.375	-34.740	0.0710
62	10	tracking	-846.360385	68.836374	-262.725899	-150.375	-26.740	0.0659
62	11	tracking	-846.038924	68.880283	-263.231329	-150.375	-18.740	0.0748
62	12	tracking	-845.711981	68.925618	-263.710438	-125.375	-26.740	0.0640
62	13	tracking	-845.375779	68.972813	-264.145543	-100.375	-34.740	0.0616
62	14	tracking	-845.036398	69.019217	-264.522830	-75.375	-42.740	0.0566
62	15	tracking	-844.705837	69.059505	-264.835665	-50.375	-50.740	0.0548
62	16	tracking	-844.384292	69.091438	-265.093102	-51.747	-42.740	0.0550
62	17	tracking	-844.083004	69.113982	-265.293128	-26.747	-34.740	0.0521
62	18	tracking	-843.800745	69.125732	-265.443948	-26.747	-26.740	0.0497
62	19	tracking	-843.536584	69.125555	-265.553190	-26.747	-25.689	0.1467
62	20	tracking	-843.300384	69.113535	-265.623253	-1.747	-17.689	0.0793
62	21	tracking	-843.100129	69.088903	-265.661946	23.253	-9.689	0.0566
62	22	tracking	-842.935939	69.051976	-265.678117	37.878	-7.940	0.0438
62	23	tracking	-842.802291	69.003506	-265.676269	37.878	-7.940	0.0423
62	24	tracking	-842.731600	69.011720	-265.598500	62.878	-15.940	0.1085
62	25	tracking	-842.638701	68.953657	-265.567798	67.848	-23.940	0.1089
62	26	tracking	-842.568827	68.873887	-265.535192	67.848	-31.940	0.1102
62	27	tracking	-842.518046	68.765260	-265.501467	67.848	-39.940	0.0995
62	28	tracking	-842.480326	68.620478	-265.463305	42.848	-47.168	0.1017
62	29	tracking	-842.450403	68.441230	-265.417856	17.848	-47.168	0.0970
62	30	tracking	-842.422062	68.229837	-265.363967	-7.152	-47.168	0.0966
62	31	tracking	-842.388670	67.988993	-265.303003	-32.152	-47.168	0.0957
62	32	tracking	-842.357224	67.710537	-265.235184	-7.152	-55.168	0.0977
62	33	tracking	-842.333703	67.395872	-265.160790	17.848	-55.963	0.0875
62	34	landing	-842.326586	67.058893	-265.079584	42.848	-47.963	0.0206
62	35	landing	-842.334863	66.701354	-264.991469	42.848	-47.963	0.0182
62	36	landing	-842.357760	66.325219	-264.896225	42.848	-47.963	0.0190
62	37	landing	-842.394655	65.932559	-264.793581	42.848	-47.963	0.0150
63	0	tracking	-850.645964	68.867102	-257.032114	-139.104	-4.000	0.1433
63	1	tracking	-849.991601	68.807284	-257.601772	-164.104	-0.670	0.1034
63	2	tracking	-849.422535	68.751906	-258.196524	170.896	-8.670	0.0960
63	3	tracking	-848.951149	68.710040	-258.797665	153.407	-16.670	0.0971
63	4	tracking	-848.533079	68.685017	-259.402840	178.407	-24.670	0.0894
63	5	tracking	-848.135704	68.677907	-259.999512	-156.593	-32.670	0.0788
63	6	tracking	-847.761383	68.687936	-260.584443	-159.186	-40.670	0.0762
63	7	tracking	-847.390151	68.712344	-261.142272	-134.186	-46.375	0.0763
63	8	tracking	-847.034052	68.747852	-261.683844	-150.375	-42.740	0.0725
63	9	tracking	-846.691437	68.790551	-262.210929	-150.375	-34.740	0.0735
63	10	tracking	-846.360385	68.836374	-262.725899	-150.375	-26.740	0.0702
63	11	tracking	-846.038924	68.880283	-263.231329	-150.375	-18.740	0.0646
63	12	tracking	-845.711981	68.925618	-263.710438	-125.375	-26.740	0.0626
63	13	tracking	-845.375779	68.972813	-264.145543	-100.375	-34.740	0.1610
63	14	tracking	-845.036398	69.019217	-264.522830	-75.375	-42.740	0.1321
63	15	tracking	-844.705837	69.059505	-264.835665	-50.375	-50.740	0.1187
63	16	tracking	-844.384292	69.091438	-265.093102	-51.747	-42.740	0.1226
63	17	tracking	-844.083004	69.113982	-265.293128	-26.747	-34.740	0.1196
63	18	tracking	-843.800745	69.125732	-265.443948	-26.747	-26.740	0.1142
63	19	tracking	-843.536584	69.125555	-265.553190	-26.747	-25.689	0.0718
63	20	tracking	-843.300384	69.113535	-265.623253	-1.747	-17.689	0.0560
63	21	tracking	-843.100129	69.088903	-265.661946	23.253	-9.689	0.0506
63	22	tracking	-842.935939	69.051976	-265.678117	37.878	-7.940	0.0457
63	23	tracking	-842.802291	69.003506	-265.676269	37.878	-7.940	0.0410
63	24	tracking	-842.631600	69.011720	-265.598500	62.878	-15.940	0.2124
63	25	tracking	-842.538701	68.953657	-265.567798	67.848	-23.940	0.1102
63	26	tracking	-842.468827	68.873887	-265.535192	67.848	-31.940	0.1072
63	27	tracking	-842.418046	68.765260	-265.501467	67.848	-39.940	0.1032
63	28	tracking	-842.380326	68.620478	-265.463305	42.848	-47.168	0.1015
63	29	tracking	-842.350403	68.441230	-265.417856	17.848	-47.168	0.1020
63	30	tracking	-842.322062	68.229837	-265.363967	-7.152	-47.168	0.0991
63	31	tracking	-842.288670	67.988993	-265.303003	-32.152	-47.168	0.0995
63	32	tracking	-842.257224	67.710537	-265.235184	-7.152	-55.168	0.0980
63	33	tracking	-842.233703	67.395872	-265.160790	17.848	-55.963	0.0934
63	34	landing	-842.226586	67.058893	-265.079584	42.848	-47.963	0.0336
63	35	landing	-842.234863	66.701354	-264.991469	42.848	-47.963	0.0209
63	36	landing	-842.257760	66.325219	-264.896225	42.848	-47.963	0.0248
63	37	landing	-842.294655	65.932559	-264.793581	42.848	-47.963	0.0209
