-1	0	tracking	-850.645964	68.867102	-257.032114	-139.104	-4.000	12.7325
-1	1	tracking	-849.991601	68.807284	-257.601772	-164.104	-0.670	0.8629
-1	2	tracking	-849.422535	68.751906	-258.196524	170.896	-8.670	0.5590
-1	3	tracking	-848.951149	68.710040	-258.797665	153.407	-16.670	0.5120
-1	4	tracking	-848.533079	68.685017	-259.402840	178.407	-24.670	0.5161
-1	5	tracking	-848.135704	68.677907	-259.999512	-156.593	-32.670	0.5088
-1	6	tracking	-847.761383	68.687936	-260.584443	-159.186	-40.670	0.4485
-1	7	tracking	-847.390151	68.712344	-261.142272	-134.186	-46.375	0.4675
-1	8	tracking	-847.034052	68.747852	-261.683844	-150.375	-42.740	0.3796
-1	9	tracking	-846.691437	68.790551	-262.210929	-150.375	-34.740	0.3763
-1	10	tracking	-846.360385	68.836374	-262.725899	-150.375	-26.740	0.3706
-1	11	tracking	-846.038924	68.880283	-263.231329	-150.375	-18.740	0.4144
-1	12	tracking	-845.711981	68.925618	-263.710438	-125.375	-26.740	0.3747
-1	13	tracking	-845.375779	68.972813	-264.145543	-100.375	-34.740	0.3337
-1	14	tracking	-845.036398	69.019217	-264.522830	-75.375	-42.740	0.6005
-1	15	tracking	-844.705837	69.059505	-264.835665	-50.375	-50.740	0.5436
-1	16	tracking	-844.384292	69.091438	-265.093102	-51.747	-42.740	0.5128
-1	17	tracking	-844.083004	69.113982	-265.293128	-26.747	-34.740	0.2546
-1	18	tracking	-843.800745	69.125732	-265.443948	-26.747	-26.740	0.2315
-1	19	tracking	-843.536584	69.125555	-265.553190	-26.747	-25.689	0.2737
-1	20	tracking	-843.300384	69.113535	-265.623253	-1.747	-17.689	0.1946
-1	21	tracking	-843.100129	69.088903	-265.661946	23.253	-9.689	0.2415
-1	22	tracking	-842.935939	69.051976	-265.678117	37.878	-7.940	0.1960
-1	23	tracking	-842.802291	69.003506	-265.676269	37.878	-7.940	0.1708
-1	24	tracking	-842.699176	68.943190	-265.666444	62.878	-15.940	0.1572
-1	25	tracking	-842.621629	68.867454	-265.651857	67.848	-23.940	0.1667
-1	26	tracking	-842.565079	68.770355	-265.633754	67.848	-31.940	0.1521
-1	27	tracking	-842.525759	68.644315	-265.613118	67.848	-39.940	0.1526
-1	28	tracking	-842.497919	68.481735	-265.586975	42.848	-47.168	0.1530
-1	29	tracking	-842.476678	68.284429	-265.552612	17.848	-47.168	0.1390
-1	30	tracking	-842.456107	68.054867	-265.508875	-7.152	-47.168	0.1618
-1	31	tracking	-842.429727	67.795885	-265.457098	-32.152	-47.168	0.1369
-1	32	tracking	-842.404562	67.499061	-265.397731	-7.152	-55.168	0.1535
-1	33	tracking	-842.386576	67.165890	-265.331058	17.848	-55.963	0.2535
-1	34	landing	-842.376815	66.810754	-265.252196	17.848	-47.963	0.2141
-1	35	landing	-842.374883	66.436026	-265.160919	17.848	-47.963	0.1733
-1	36	landing	-842.380430	66.044063	-265.057020	17.848	-47.963	0.1672
-1	37	landing	-842.393135	65.637154	-264.940337	17.848	-47.963	0.1934
0	0	tracking	-850.645964	68.867102	-257.032114	-139.104	-4.000	0.8244
0	1	tracking	-849.991601	68.807284	-257.601772	-164.104	-0.670	0.6259
0	2	tracking	-849.422535	68.751906	-258.196524	170.896	-8.670	0.5856
0	3	tracking	-848.951149	68.710040	-258.797665	153.407	-16.670	0.5742
0	4	tracking	-848.533079	68.685017	-259.402840	178.407	-24.670	0.6795
0	5	tracking	-848.135704	68.677907	-259.999512	-156.593	-32.670	0.7612
0	6	tracking	-847.761383	68.687936	-260.584443	-159.186	-40.670	0.7034
0	7	tracking	-847.390151	68.712344	-261.142272	-134.186	-46.375	0.7907
0	8	tracking	-847.101170	68.679832	-261.752899	-150.375	-42.740	0.4229
0	9	tracking	-846.772999	68.706563	-262.298382	-150.375	-34.740	0.4508
0	10	tracking	-846.454302	68.737608	-262.830652	-150.375	-26.740	0.4260
0	11	tracking	-846.143493	68.767366	-263.352119	-150.375	-18.740	0.3767
0	12	tracking	-845.825358	68.799474	-263.846002	-125.375	-26.740	0.4626
0	13	tracking	-845.495990	68.834728	-264.294458	-100.375	-34.740	0.4309
0	14	tracking	-845.161670	68.870618	-264.683371	-75.375	-42.740	0.4380
0	15	tracking	-844.835033	68.901538	-265.006080	-50.375	-50.740	0.4583
0	16	tracking	-844.516392	68.925131	-265.271849	-51.747	-42.740	0.3763
0	17	tracking	-844.217359	68.940269	-265.478637	-26.747	-34.740	0.3145
0	18	tracking	-843.936801	68.945449	-265.634871	-26.747	-26.740	0.3001
0	19	tracking	-843.673899	68.939416	-265.748430	-26.747	-25.689	0.3136
0	20	tracking	-843.438806	68.922198	-265.821820	-1.747	-17.689	0.2927
0	21	tracking	-843.239711	68.892964	-265.863071	23.253	-9.689	0.2807
0	22	tracking	-843.076765	68.851959	-265.881252	37.878	-7.940	0.2577
0	23	tracking	-842.944385	68.799868	-265.880988	37.878	-7.940	0.2389
0	24	tracking	-842.842564	68.736286	-265.872492	62.878	-15.940	0.2594
0	25	tracking	-842.766284	68.657546	-265.859043	67.848	-23.940	0.1360
0	26	tracking	-842.710934	68.557618	-265.841923	67.848	-31.940	0.1357
0	27	tracking	-842.672720	68.428853	-265.822149	67.848	-39.940	0.1339
0	28	tracking	-842.645872	68.263599	-265.796767	42.848	-47.168	0.1204
0	29	tracking	-842.625522	68.063679	-265.763061	17.848	-47.168	0.1353
0	30	tracking	-842.605740	67.831580	-265.719879	-7.152	-47.168	0.1204
0	31	tracking	-842.580040	67.570149	-265.668558	-32.152	-47.168	0.1128
0	32	tracking	-842.555478	67.270930	-265.609577	-7.152	-55.168	0.1295
0	33	tracking	-842.538038	66.935425	-265.543223	17.848	-55.963	0.0995
0	34	landing	-842.528781	66.578061	-265.464587	17.848	-47.963	0.0634
0	35	landing	-842.527320	66.201223	-265.373447	17.848	-47.963	0.0559
0	36	landing	-842.533309	65.807269	-265.269599	17.848	-47.963	0.0593
1	0	tracking	-850.645964	68.867102	-257.032114	-139.104	-4.000	0.6331
1	1	tracking	-849.991601	68.807284	-257.601772	-164.104	-0.670	0.3593
1	2	tracking	-849.422535	68.751906	-258.196524	170.896	-8.670	0.3329
1	3	tracking	-848.951149	68.710040	-258.797665	153.407	-16.670	0.3140
1	4	tracking	-848.533079	68.685017	-259.402840	178.407	-24.670	4.2335
1	5	tracking	-848.135704	68.677907	-259.999512	-156.593	-32.670	0.5945
1	6	tracking	-847.761383	68.687936	-260.584443	-159.186	-40.670	0.5610
1	7	tracking	-847.390151	68.712344	-261.142272	-134.186	-46.375	0.5166
1	8	tracking	-847.001170	68.679832	-261.752899	-150.375	-42.740	0.5185
1	9	tracking	-846.672999	68.706563	-262.298382	-150.375	-34.740	0.4400
1	10	tracking	-846.354302	68.737608	-262.830652	-150.375	-26.740	0.3919
1	11	tracking	-846.043493	68.767366	-263.352119	-150.375	-18.740	0.2211
1	12	tracking	-845.725358	68.799474	-263.846002	-125.375	-26.740	0.2112
1	13	tracking	-845.395990	68.834728	-264.294458	-100.375	-34.740	0.2023
1	14	tracking	-845.061670	68.870618	-264.683371	-75.375	-42.740	0.1826
1	15	tracking	-844.735033	68.901538	-265.006080	-50.375	-50.740	0.1928
1	16	tracking	-844.416392	68.925131	-265.271849	-51.747	-42.740	0.1918
1	17	tracking	-844.117359	68.940269	-265.478637	-26.747	-34.740	0.1631
1	18	tracking	-843.836801	68.945449	-265.634871	-26.747	-26.740	0.1560
1	19	tracking	-843.573899	68.939416	-265.748430	-26.747	-25.689	0.1727
1	20	tracking	-843.338806	68.922198	-265.821820	-1.747	-17.689	0.1645
1	21	tracking	-843.139711	68.892964	-265.863071	23.253	-9.689	0.1381
1	22	tracking	-842.976765	68.851959	-265.881252	37.878	-7.940	0.1326
1	23	tracking	-842.844385	68.799868	-265.880988	37.878	-7.940	0.1282
1	24	tracking	-842.742564	68.736286	-265.872492	62.878	-15.940	0.1324
1	25	tracking	-842.666284	68.657546	-265.859043	67.848	-23.940	0.1322
1	26	tracking	-842.610934	68.557618	-265.841923	67.848	-31.940	0.1216
1	27	tracking	-842.572720	68.428853	-265.822149	67.848	-39.940	0.1120
1	28	tracking	-842.545872	68.263599	-265.796767	42.848	-47.168	0.1144
1	29	tracking	-842.525522	68.063679	-265.763061	17.848	-47.168	0.1131
1	30	tracking	-842.505740	67.831580	-265.719879	-7.152	-47.168	0.0978
1	31	tracking	-842.480040	67.570149	-265.668558	-32.152	-47.168	0.1060
1	32	tracking	-842.455478	67.270930	-265.609577	-7.152	-55.168	0.0963
1	33	tracking	-842.438038	66.935425	-265.543223	17.848	-55.963	0.0882
1	34	landing	-842.428781	66.578061	-265.464587	17.848	-47.963	0.0670
1	35	landing	-842.427320	66.201223	-265.373447	17.848	-47.963	0.0647
1	36	landing	-842.433309	65.807269	-265.269599	17.848	-47.963	0.0654
2	0	tracking	-850.645964	68.867102	-257.032114	-139.104	-4.000	0.3495
2	1	tracking	-849.991601	68.807284	-257.601772	-164.104	-0.670	0.3158
2	2	tracking	-849.422535	68.751906	-258.196524	170.896	-8.670	0.3165
2	3	tracking	-848.951149	68.710040	-258.797665	153.407	-16.670	0.2952
2	4	tracking	-848.533079	68.685017	-259.402840	178.407	-24.670	0.2684
2	5	tracking	-848.135704	68.677907	-259.999512	-156.593	-32.670	0.3286
2	6	tracking	-847.761383	68.687936	-260.584443	-159.186	-40.670	0.3758
2	7	tracking	-847.390151	68.712344	-261.142272	-134.186	-46.375	0.2557
2	8	tracking	-847.101170	68.779832	-261.752899	-150.375	-42.740	0.2255
2	9	tracking	-846.772999	68.806563	-262.298382	-150.375	-34.740	0.1972
2	10	tracking	-846.454302	68.837608	-262.830652	-150.375	-26.740	0.1900
2	11	tracking	-846.143493	68.867366	-263.352119	-150.375	-18.740	0.2200
2	12	tracking	-845.825358	68.899474	-263.846002	-125.375	-26.740	0.2077
2	13	tracking	-845.495990	68.934728	-264.294458	-100.375	-34.740	0.1887
2	14	tracking	-845.161670	68.970618	-264.683371	-75.375	-42.740	0.2309
2	15	tracking	-844.835033	69.001538	-265.006080	-50.375	-50.740	0.2296
2	16	tracking	-844.516392	69.025131	-265.271849	-51.747	-42.740	0.1937
2	17	tracking	-844.217359	69.040269	-265.478637	-26.747	-34.740	0.1600
2	18	tracking	-843.936801	69.045449	-265.634871	-26.747	-26.740	0.1397
2	19	tracking	-843.673899	69.039416	-265.748430	-26.747	-25.689	0.1701
2	20	tracking	-843.438806	69.022198	-265.821820	-1.747	-17.689	0.1451
2	21	tracking	-843.239711	68.992964	-265.863071	23.253	-9.689	0.1347
2	22	tracking	-843.076765	68.951959	-265.881252	37.878	-7.940	0.1217
2	23	tracking	-842.944385	68.899868	-265.880988	37.878	-7.940	0.1199
2	24	tracking	-842.842564	68.836286	-265.872492	62.878	-15.940	0.1183
2	25	tracking	-842.766284	68.757546	-265.859043	67.848	-23.940	0.1356
2	26	tracking	-842.710934	68.657618	-265.841923	67.848	-31.940	0.1109
2	27	tracking	-842.672720	68.528853	-265.822149	67.848	-39.940	0.1058
2	28	tracking	-842.645872	68.363599	-265.796767	42.848	-47.168	0.0951
2	29	tracking	-842.625522	68.163679	-265.763061	17.848	-47.168	0.0978
2	30	tracking	-842.605740	67.931580	-265.719879	-7.152	-47.168	0.0863
2	31	tracking	-842.580040	67.670149	-265.668558	-32.152	-47.168	0.0787
2	32	tracking	-842.555478	67.370930	-265.609577	-7.152	-55.168	0.1247
2	33	tracking	-842.538038	67.035425	-265.543223	17.848	-55.963	0.0831
2	34	landing	-842.528781	66.678061	-265.464587	17.848	-47.963	0.0454
2	35	landing	-842.527320	66.301223	-265.373447	17.848	-47.963	0.0415
2	36	landing	-842.533309	65.907269	-265.269599	17.848	-47.963	0.0369
3	0	tracking	-850.645964	68.867102	-257.032114	-139.104	-4.000	0.4223
3	1	tracking	-849.991601	68.807284	-257.601772	-164.104	-0.670	0.2825
3	2	tracking	-849.422535	68.751906	-258.196524	170.896	-8.670	0.2643
3	3	tracking	-848.951149	68.710040	-258.797665	153.407	-16.670	0.2512
3	4	tracking	-848.533079	68.685017	-259.402840	178.407	-24.670	0.2426
3	5	tracking	-848.135704	68.677907	-259.999512	-156.593	-32.670	0.2542
3	6	tracking	-847.761383	68.687936	-260.584443	-159.186	-40.670	0.2553
3	7	tracking	-847.390151	68.712344	-261.142272	-134.186	-46.375	0.2226
3	8	tracking	-847.001170	68.779832	-261.752899	-150.375	-42.740	0.2060
3	9	tracking	-846.672999	68.806563	-262.298382	-150.375	-34.740	0.2000
3	10	tracking	-846.354302	68.837608	-262.830652	-150.375	-26.740	0.1920
3	11	tracking	-846.043493	68.867366	-263.352119	-150.375	-18.740	0.1829
3	12	tracking	-845.725358	68.899474	-263.846002	-125.375	-26.740	0.1839
3	13	tracking	-845.395990	68.934728	-264.294458	-100.375	-34.740	0.1711
3	14	tracking	-845.061670	68.970618	-264.683371	-75.375	-42.740	0.1613
3	15	tracking	-844.735033	69.001538	-265.006080	-50.375	-50.740	0.1639
3	16	tracking	-844.416392	69.025131	-265.271849	-51.747	-42.740	0.1514
3	17	tracking	-844.117359	69.040269	-265.478637	-26.747	-34.740	0.1464
3	18	tracking	-843.836801	69.045449	-265.634871	-26.747	-26.740	0.1408
3	19	tracking	-843.573899	69.039416	-265.748430	-26.747	-25.689	0.1361
3	20	tracking	-843.338806	69.022198	-265.821820	-1.747	-17.689	0.1343
3	21	tracking	-843.139711	68.992964	-265.863071	23.253	-9.689	0.1259
3	22	tracking	-842.976765	68.951959	-265.881252	37.878	-7.940	0.1234
3	23	tracking	-842.844385	68.899868	-265.880988	37.878	-7.940	0.1233
3	24	tracking	-842.742564	68.836286	-265.872492	62.878	-15.940	0.1145
3	25	tracking	-842.666284	68.757546	-265.859043	67.848	-23.940	0.1144
3	26	tracking	-842.610934	68.657618	-265.841923	67.848	-31.940	0.1226
3	27	tracking	-842.572720	68.528853	-265.822149	67.848	-39.940	0.1033
3	28	tracking	-842.545872	68.363599	-265.796767	42.848	-47.168	0.1370
3	29	tracking	-842.525522	68.163679	-265.763061	17.848	-47.168	0.1013
3	30	tracking	-842.505740	67.931580	-265.719879	-7.152	-47.168	0.0928
3	31	tracking	-842.480040	67.670149	-265.668558	-32.152	-47.168	0.0916
3	32	tracking	-842.455478	67.370930	-265.609577	-7.152	-55.168	0.0849
3	33	tracking	-842.438038	67.035425	-265.543223	17.848	-55.963	0.0809
3	34	landing	-842.428781	66.678061	-265.464587	17.848	-47.963	0.0625
3	35	landing	-842.427320	66.301223	-265.373447	17.848	-47.963	0.0575
3	36	landing	-842.433309	65.907269	-265.269599	17.848	-47.963	0.0551
4	0	tracking	-850.645964	68.867102	-257.032114	-139.104	-4.000	0.3851
4	1	tracking	-849.991601	68.807284	-257.601772	-164.104	-0.670	0.3255
4	2	tracking	-849.422535	68.751906	-258.196524	170.896	-8.670	0.2832
4	3	tracking	-848.951149	68.710040	-258.797665	153.407	-16.670	0.2739
4	4	tracking	-848.533079	68.685017	-259.402840	178.407	-24.670	0.3248
4	5	tracking	-848.135704	68.677907	-259.999512	-156.593	-32.670	0.2604
4	6	tracking	-847.761383	68.687936	-260.584443	-159.186	-40.670	0.2467
4	7	tracking	-847.390151	68.712344	-261.142272	-134.186	-46.375	0.2469
4	8	tracking	-847.101170	68.679832	-261.652899	-150.375	-42.740	0.2267
4	9	tracking	-846.772999	68.706563	-262.198382	-150.375	-34.740	0.1945
4	10	tracking	-846.454302	68.737608	-262.730652	-150.375	-26.740	0.1930
4	11	tracking	-846.143493	68.767366	-263.252119	-150.375	-18.740	0.1763
4	12	tracking	-845.825358	68.799474	-263.746002	-125.375	-26.740	0.1719
4	13	tracking	-845.495990	68.834728	-264.194458	-100.375	-34.740	0.1623
4	14	tracking	-845.161670	68.870618	-264.583371	-75.375	-42.740	0.1569
4	15	tracking	-844.835033	68.901538	-264.906080	-50.375	-50.740	0.1494
4	16	tracking	-844.516392	68.925131	-265.171849	-51.747	-42.740	0.1471
4	17	tracking	-844.217359	68.940269	-265.378637	-26.747	-34.740	0.3689
4	18	tracking	-843.936801	68.945449	-265.534871	-26.747	-26.740	0.2314
4	19	tracking	-843.673899	68.939416	-265.648430	-26.747	-25.689	0.1459
4	20	tracking	-843.438806	68.922198	-265.721820	-1.747	-17.689	0.1361
4	21	tracking	-843.239711	68.892964	-265.763071	23.253	-9.689	0.1593
4	22	tracking	-843.076765	68.851959	-265.781252	37.878	-7.940	0.1445
4	23	tracking	-842.944385	68.799868	-265.780988	37.878	-7.940	0.1150
4	24	tracking	-842.842564	68.736286	-265.772492	62.878	-15.940	0.1234
4	25	tracking	-842.766284	68.657546	-265.759043	67.848	-23.940	0.1215
4	26	tracking	-842.710934	68.557618	-265.741923	67.848	-31.940	0.1080
4	27	tracking	-842.672720	68.428853	-265.722149	67.848	-39.940	0.1108
4	28	tracking	-842.645872	68.263599	-265.696767	42.848	-47.168	0.0925
4	29	tracking	-842.625522	68.063679	-265.663061	17.848	-47.168	0.1027
4	30	tracking	-842.605740	67.831580	-265.619879	-7.152	-47.168	0.0749
4	31	tracking	-842.580040	67.570149	-265.568558	-32.152	-47.168	0.0741
4	32	tracking	-842.555478	67.270930	-265.509577	-7.152	-55.168	0.0726
4	33	tracking	-842.538038	66.935425	-265.443223	17.848	-55.963	0.0558
4	34	landing	-842.528781	66.578061	-265.364587	17.848	-47.963	0.0414
4	35	landing	-842.527320	66.201223	-265.273447	17.848	-47.963	0.0403
4	36	landing	-842.533309	65.807269	-265.169599	17.848	-47.963	0.0337
5	0	tracking	-850.645964	68.867102	-257.032114	-139.104	-4.000	0.3478
5	1	tracking	-849.991601	68.807284	-257.601772	-164.104	-0.670	0.3005
5	2	tracking	-849.422535	68.751906	-258.196524	170.896	-8.670	0.2808
5	3	tracking	-848.951149	68.710040	-258.797665	153.407	-16.670	0.2659
5	4	tracking	-848.533079	68.685017	-259.402840	178.407	-24.670	0.2481
5	5	tracking	-848.135704	68.677907	-259.999512	-156.593	-32.670	0.2380
5	6	tracking	-847.761383	68.687936	-260.584443	-159.186	-40.670	0.2373
5	7	tracking	-847.390151	68.712344	-261.142272	-134.186	-46.375	0.2186
5	8	tracking	-847.001170	68.679832	-261.652899	-150.375	-42.740	0.1953
5	9	tracking	-846.672999	68.706563	-262.198382	-150.375	-34.740	0.1890
5	10	tracking	-846.354302	68.737608	-262.730652	-150.375	-26.740	0.2031
5	11	tracking	-846.043493	68.767366	-263.252119	-150.375	-18.740	0.1767
5	12	tracking	-845.725358	68.799474	-263.746002	-125.375	-26.740	0.1747
5	13	tracking	-845.395990	68.834728	-264.194458	-100.375	-34.740	0.1690
5	14	tracking	-845.061670	68.870618	-264.583371	-75.375	-42.740	0.1595
5	15	tracking	-844.735033	68.901538	-264.906080	-50.375	-50.740	0.1520
5	16	tracking	-844.416392	68.925131	-265.171849	-51.747	-42.740	0.1442
5	17	tracking	-844.117359	68.940269	-265.378637	-26.747	-34.740	0.1385
5	18	tracking	-843.836801	68.945449	-265.534871	-26.747	-26.740	0.1317
5	19	tracking	-843.573899	68.939416	-265.648430	-26.747	-25.689	0.1248
5	20	tracking	-843.338806	68.922198	-265.721820	-1.747	-17.689	0.1349
5	21	tracking	-843.139711	68.892964	-265.763071	23.253	-9.689	0.1326
5	22	tracking	-842.976765	68.851959	-265.781252	37.878	-7.940	0.1229
5	23	tracking	-842.844385	68.799868	-265.780988	37.878	-7.940	0.1079
5	24	tracking	-842.742564	68.736286	-265.772492	62.878	-15.940	0.1041
5	25	tracking	-842.666284	68.657546	-265.759043	67.848	-23.940	0.1009
5	26	tracking	-842.610934	68.557618	-265.741923	67.848	-31.940	0.0937
5	27	tracking	-842.572720	68.428853	-265.722149	67.848	-39.940	0.0957
5	28	tracking	-842.545872	68.263599	-265.696767	42.848	-47.168	0.0859
5	29	tracking	-842.525522	68.063679	-265.663061	17.848	-47.168	0.0812
5	30	tracking	-842.505740	67.831580	-265.619879	-7.152	-47.168	0.0791
5	31	tracking	-842.480040	67.570149	-265.568558	-32.152	-47.168	0.0742
5	32	tracking	-842.455478	67.270930	-265.509577	-7.152	-55.168	0.0750
5	33	tracking	-842.438038	66.935425	-265.443223	17.848	-55.963	0.0719
5	34	landing	-842.428781	66.578061	-265.364587	17.848	-47.963	0.0569
5	35	landing	-842.427320	66.201223	-265.273447	17.848	-47.963	0.0526
5	36	landing	-842.433309	65.807269	-265.169599	17.848	-47.963	0.0491
6	0	tracking	-850.645964	68.867102	-257.032114	-139.104	-4.000	0.3470
6	1	tracking	-849.991601	68.807284	-257.601772	-164.104	-0.670	0.3326
6	2	tracking	-849.422535	68.751906	-258.196524	170.896	-8.670	0.2683
6	3	tracking	-848.951149	68.710040	-258.797665	153.407	-16.670	0.2482
6	4	tracking	-848.533079	68.685017	-259.402840	178.407	-24.670	0.2545
6	5	tracking	-848.135704	68.677907	-259.999512	-156.593	-32.670	0.2380
6	6	tracking	-847.761383	68.687936	-260.584443	-159.186	-40.670	0.2263
6	7	tracking	-847.390151	68.712344	-261.142272	-134.186	-46.375	0.2286
6	8	tracking	-847.101170	68.779832	-261.652899	-150.375	-42.740	0.2594
6	9	tracking	-846.772999	68.806563	-262.198382	-150.375	-34.740	0.1867
6	10	tracking	-846.454302	68.837608	-262.730652	-150.375	-26.740	2.3834
6	11	tracking	-846.143493	68.867366	-263.252119	-150.375	-18.740	0.2396
6	12	tracking	-845.825358	68.899474	-263.746002	-125.375	-26.740	0.3637
6	13	tracking	-845.495990	68.934728	-264.194458	-100.375	-34.740	0.3674
6	14	tracking	-845.161670	68.970618	-264.583371	-75.375	-42.740	0.3531
6	15	tracking	-844.835033	69.001538	-264.906080	-50.375	-50.740	0.3308
6	16	tracking	-844.516392	69.025131	-265.171849	-51.747	-42.740	0.1858
6	17	tracking	-844.217359	69.040269	-265.378637	-26.747	-34.740	0.1524
6	18	tracking	-843.936801	69.045449	-265.534871	-26.747	-26.740	0.1431
6	19	tracking	-843.673899	69.039416	-265.648430	-26.747	-25.689	0.1225
6	20	tracking	-843.438806	69.022198	-265.721820	-1.747	-17.689	0.1105
6	21	tracking	-843.239711	68.992964	-265.763071	23.253	-9.689	0.1089
6	22	tracking	-843.076765	68.951959	-265.781252	37.878	-7.940	0.1032
6	23	tracking	-842.944385	68.899868	-265.780988	37.878	-7.940	0.1041
6	24	tracking	-842.842564	68.836286	-265.772492	62.878	-15.940	0.1363
6	25	tracking	-842.766284	68.757546	-265.759043	67.848	-23.940	0.0977
6	26	tracking	-842.710934	68.657618	-265.741923	67.848	-31.940	0.1244
6	27	tracking	-842.672720	68.528853	-265.722149	67.848	-39.940	0.0997
6	28	tracking	-842.645872	68.363599	-265.696767	42.848	-47.168	0.0841
6	29	tracking	-842.625522	68.163679	-265.663061	17.848	-47.168	0.0814
6	30	tracking	-842.605740	67.931580	-265.619879	-7.152	-47.168	0.0790
6	31	tracking	-842.580040	67.670149	-265.568558	-32.152	-47.168	0.0685
6	32	tracking	-842.555478	67.370930	-265.509577	-7.152	-55.168	0.0676
6	33	tracking	-842.538038	67.035425	-265.443223	17.848	-55.963	0.0589
6	34	landing	-842.528781	66.678061	-265.364587	17.848	-47.963	0.0398
6	35	landing	-842.527320	66.301223	-265.273447	17.848	-47.963	0.0376
6	36	landing	-842.533309	65.907269	-265.169599	17.848	-47.963	0.0338
7	0	tracking	-850.645964	68.867102	-257.032114	-139.104	-4.000	0.3673
7	1	tracking	-849.991601	68.807284	-257.601772	-164.104	-0.670	0.2821
7	2	tracking	-849.422535	68.751906	-258.196524	170.896	-8.670	0.2730
7	3	tracking	-848.951149	68.710040	-258.797665	153.407	-16.670	0.2462
7	4	tracking	-848.533079	68.685017	-259.402840	178.407	-24.670	0.2322
7	5	tracking	-848.135704	68.677907	-259.999512	-156.593	-32.670	0.2231
7	6	tracking	-847.761383	68.687936	-260.584443	-159.186	-40.670	0.2142
7	7	tracking	-847.390151	68.712344	-261.142272	-134.186	-46.375	0.2125
7	8	tracking	-847.001170	68.779832	-261.652899	-150.375	-42.740	0.1974
7	9	tracking	-846.672999	68.806563	-262.198382	-150.375	-34.740	0.1948
7	10	tracking	-846.354302	68.837608	-262.730652	-150.375	-26.740	0.1808
7	11	tracking	-846.043493	68.867366	-263.252119	-150.375	-18.740	0.1826
7	12	tracking	-845.725358	68.899474	-263.746002	-125.375	-26.740	0.1689
7	13	tracking	-845.395990	68.934728	-264.194458	-100.375	-34.740	0.1557
7	14	tracking	-845.061670	68.970618	-264.583371	-75.375	-42.740	0.1483
7	15	tracking	-844.735033	69.001538	-264.906080	-50.375	-50.740	0.1433
7	16	tracking	-844.416392	69.025131	-265.171849	-51.747	-42.740	0.1454
7	17	tracking	-844.117359	69.040269	-265.378637	-26.747	-34.740	0.1424
7	18	tracking	-843.836801	69.045449	-265.534871	-26.747	-26.740	0.1323
7	19	tracking	-843.573899	69.039416	-265.648430	-26.747	-25.689	0.1389
7	20	tracking	-843.338806	69.022198	-265.721820	-1.747	-17.689	0.1172
7	21	tracking	-843.139711	68.992964	-265.763071	23.253	-9.689	0.1116
7	22	tracking	-842.976765	68.951959	-265.781252	37.878	-7.940	0.1055
7	23	tracking	-842.844385	68.899868	-265.780988	37.878	-7.940	0.1031
7	24	tracking	-842.742564	68.836286	-265.772492	62.878	-15.940	0.1063
7	25	tracking	-842.666284	68.757546	-265.759043	67.848	-23.940	0.0970
7	26	tracking	-842.610934	68.657618	-265.741923	67.848	-31.940	0.0947
7	27	tracking	-842.572720	68.528853	-265.722149	67.848	-39.940	0.0859
7	28	tracking	-842.545872	68.363599	-265.696767	42.848	-47.168	0.0833
7	29	tracking	-842.525522	68.163679	-265.663061	17.848	-47.168	0.0763
7	30	tracking	-842.505740	67.931580	-265.619879	-7.152	-47.168	0.0923
7	31	tracking	-842.480040	67.670149	-265.568558	-32.152	-47.168	0.0805
7	32	tracking	-842.455478	67.370930	-265.509577	-7.152	-55.168	0.0733
7	33	tracking	-842.438038	67.035425	-265.443223	17.848	-55.963	0.0684
7	34	landing	-842.428781	66.678061	-265.364587	17.848	-47.963	0.0627
7	35	landing	-842.427320	66.301223	-265.273447	17.848	-47.963	0.0529
7	36	landing	-842.433309	65.907269	-265.169599	17.848	-47.963	0.0484
8	0	tracking	-850.645964	68.867102	-257.032114	-139.104	-4.000	0.3259
8	1	tracking	-849.991601	68.807284	-257.601772	-164.104	-0.670	0.2962
8	2	tracking	-849.422535	68.751906	-258.196524	170.896	-8.670	0.2636
8	3	tracking	-848.951149	68.710040	-258.797665	153.407	-16.670	0.2503
8	4	tracking	-848.533079	68.685017	-259.402840	178.407	-24.670	0.2462
8	5	tracking	-848.135704	68.677907	-259.999512	-156.593	-32.670	0.2319
8	6	tracking	-847.761383	68.687936	-260.584443	-159.186	-40.670	0.2340
8	7	tracking	-847.390151	68.712344	-261.142272	-134.186	-46.375	0.2239
8	8	tracking	-847.064730	68.681672	-261.754304	-150.375	-42.740	0.2411
8	9	tracking	-846.703340	68.711568	-262.302362	-150.375	-34.740	0.2169
8	10	tracking	-846.354339	68.746589	-262.838166	-150.375	-26.740	0.2007
8	11	tracking	-846.015706	68.781012	-263.364232	-150.375	-18.740	0.1874
8	12	tracking	-845.671661	68.818553	-263.863006	-125.375	-26.740	0.1813
8	13	tracking	-845.318102	68.860090	-264.316022	-100.375	-34.740	0.1753
8	14	tracking	-844.961199	68.903358	-264.708730	-75.375	-42.740	0.1640
8	15	tracking	-844.613663	68.942948	-265.034178	-50.375	-50.740	0.2189
8	16	tracking	-844.275734	68.976023	-265.301859	-51.747	-42.740	0.1680
8	17	tracking	-843.959198	69.000982	-265.509725	-26.747	-34.740	0.1583
8	18	tracking	-843.662795	69.015874	-265.666421	-26.747	-26.740	0.1509
8	19	tracking	-843.385559	69.019353	-265.779964	-26.747	-25.689	0.1530
8	20	tracking	-843.137682	69.011115	-265.852945	-1.747	-17.689	0.3422
8	21	tracking	-842.927335	68.990082	-265.893510	23.253	-9.689	0.3630
8	22	tracking	-842.754553	68.956515	-265.910837	37.878	-7.940	0.3092
8	23	tracking	-842.613570	68.911165	-265.909606	37.878	-7.940	0.1388
8	24	tracking	-842.504272	68.853876	-265.900151	62.878	-15.940	0.1239
8	25	tracking	-842.421487	68.781170	-265.885783	67.848	-23.940	0.1284
8	26	tracking	-842.360469	68.687166	-265.867792	67.848	-31.940	0.1352
8	27	tracking	-842.317317	68.564323	-265.847197	67.848	-39.940	0.1213
8	28	tracking	-842.286143	68.405044	-265.821006	42.848	-47.168	0.1128
8	29	tracking	-842.261945	68.211056	-265.786553	17.848	-47.168	0.1039
8	30	tracking	-842.238741	67.984752	-265.742749	-7.152	-47.168	0.0950
8	31	tracking	-842.210039	67.728929	-265.690948	-32.152	-47.168	0.0879
8	32	tracking	-842.182806	67.435214	-265.631575	-7.152	-55.168	0.0920
8	33	tracking	-842.162969	67.105083	-265.564924	17.848	-55.963	0.0826
8	34	landing	-842.151533	66.752836	-265.486163	17.848	-47.963	0.1349
8	35	landing	-842.148076	66.380826	-265.395079	17.848	-47.963	0.0774
8	36	landing	-842.152227	65.991392	-265.291463	17.848	-47.963	0.0545
9	0	tracking	-850.645964	68.867102	-257.032114	-139.104	-4.000	0.3620
9	1	tracking	-849.991601	68.807284	-257.601772	-164.104	-0.670	0.3108
9	2	tracking	-849.422535	68.751906	-258.196524	170.896	-8.670	0.2668
9	3	tracking	-848.951149	68.710040	-258.797665	153.407	-16.670	0.3381
9	4	tracking	-848.533079	68.685017	-259.402840	178.407	-24.670	0.6285
9	5	tracking	-848.135704	68.677907	-259.999512	-156.593	-32.670	0.3838
9	6	tracking	-847.761383	68.687936	-260.584443	-159.186	-40.670	0.4021
9	7	tracking	-847.390151	68.712344	-261.142272	-134.186	-46.375	0.4648
9	8	tracking	-846.964730	68.681672	-261.754304	-150.375	-42.740	0.3911
9	9	tracking	-846.603340	68.711568	-262.302362	-150.375	-34.740	0.3557
9	10	tracking	-846.254339	68.746589	-262.838166	-150.375	-26.740	0.3267
9	11	tracking	-845.915706	68.781012	-263.364232	-150.375	-18.740	0.2963
9	12	tracking	-845.571661	68.818553	-263.863006	-125.375	-26.740	0.2797
9	13	tracking	-845.218102	68.860090	-264.316022	-100.375	-34.740	0.2739
9	14	tracking	-844.861199	68.903358	-264.708730	-75.375	-42.740	0.2534
9	15	tracking	-844.513663	68.942948	-265.034178	-50.375	-50.740	0.2401
9	16	tracking	-844.175734	68.976023	-265.301859	-51.747	-42.740	0.2975
9	17	tracking	-843.859198	69.000982	-265.509725	-26.747	-34.740	0.2296
9	18	tracking	-843.562795	69.015874	-265.666421	-26.747	-26.740	0.2175
9	19	tracking	-843.285559	69.019353	-265.779964	-26.747	-25.689	0.2025
9	20	tracking	-843.037682	69.011115	-265.852945	-1.747	-17.689	0.2236
9	21	tracking	-842.827335	68.990082	-265.893510	23.253	-9.689	0.1868
9	22	tracking	-842.654553	68.956515	-265.910837	37.878	-7.940	0.1822
9	23	tracking	-842.513570	68.911165	-265.909606	37.878	-7.940	0.1657
9	24	tracking	-842.404272	68.853876	-265.900151	62.878	-15.940	0.1572
9	25	tracking	-842.321487	68.781170	-265.885783	67.848	-23.940	0.2146
9	26	tracking	-842.260469	68.687166	-265.867792	67.848	-31.940	0.1645
9	27	tracking	-842.217317	68.564323	-265.847197	67.848	-39.940	0.2079
9	28	tracking	-842.186143	68.405044	-265.821006	42.848	-47.168	0.1833
9	29	tracking	-842.161945	68.211056	-265.786553	17.848	-47.168	0.2419
9	30	tracking	-842.138741	67.984752	-265.742749	-7.152	-47.168	0.2620
9	31	tracking	-842.110039	67.728929	-265.690948	-32.152	-47.168	0.1227
9	32	tracking	-842.082806	67.435214	-265.631575	-7.152	-55.168	0.1059
9	33	tracking	-842.062969	67.105083	-265.564924	17.848	-55.963	0.0974
9	34	landing	-842.051533	66.752836	-265.486163	17.848	-47.963	0.0991
9	35	landing	-842.048076	66.380826	-265.395079	17.848	-47.963	0.0710
9	36	landing	-842.052227	65.991392	-265.291463	17.848	-47.963	0.0774
10	0	tracking	-850.645964	68.867102	-257.032114	-139.104	-4.000	0.4336
10	1	tracking	-849.991601	68.807284	-257.601772	-164.104	-0.670	0.3975
10	2	tracking	-849.422535	68.751906	-258.196524	170.896	-8.670	0.3679
10	3	tracking	-848.951149	68.710040	-258.797665	153.407	-16.670	0.6374
10	4	tracking	-848.533079	68.685017	-259.402840	178.407	-24.670	0.4226
10	5	tracking	-848.135704	68.677907	-259.999512	-156.593	-32.670	0.3439
10	6	tracking	-847.761383	68.687936	-260.584443	-159.186	-40.670	0.3141
10	7	tracking	-847.390151	68.712344	-261.142272	-134.186	-46.375	0.2984
10	8	tracking	-847.064730	68.781672	-261.754304	-150.375	-42.740	0.3183
10	9	tracking	-846.703340	68.811568	-262.302362	-150.375	-34.740	0.3250
10	10	tracking	-846.354339	68.846589	-262.838166	-150.375	-26.740	0.3242
10	11	tracking	-846.015706	68.881012	-263.364232	-150.375	-18.740	0.5081
10	12	tracking	-845.671661	68.918553	-263.863006	-125.375	-26.740	0.4552
10	13	tracking	-845.318102	68.960090	-264.316022	-100.375	-34.740	0.5270
10	14	tracking	-844.961199	69.003358	-264.708730	-75.375	-42.740	0.5629
10	15	tracking	-844.613663	69.042948	-265.034178	-50.375	-50.740	0.4360
10	16	tracking	-844.275734	69.076023	-265.301859	-51.747	-42.740	0.4466
10	17	tracking	-843.959198	69.100982	-265.509725	-26.747	-34.740	0.3206
10	18	tracking	-843.662795	69.115874	-265.666421	-26.747	-26.740	0.1982
10	19	tracking	-843.385559	69.119353	-265.779964	-26.747	-25.689	0.2169
10	20	tracking	-843.137682	69.111115	-265.852945	-1.747	-17.689	0.2291
10	21	tracking	-842.927335	69.090082	-265.893510	23.253	-9.689	0.1749
10	22	tracking	-842.754553	69.056515	-265.910837	37.878	-7.940	0.1596
10	23	tracking	-842.613570	69.011165	-265.909606	37.878	-7.940	0.1524
10	24	tracking	-842.504272	68.953876	-265.900151	62.878	-15.940	0.1613
10	25	tracking	-842.421487	68.881170	-265.885783	67.848	-23.940	0.1394
10	26	tracking	-842.360469	68.787166	-265.867792	67.848	-31.940	0.1640
10	27	tracking	-842.317317	68.664323	-265.847197	67.848	-39.940	0.1351
10	28	tracking	-842.286143	68.505044	-265.821006	42.848	-47.168	0.1221
10	29	tracking	-842.261945	68.311056	-265.786553	17.848	-47.168	0.1180
10	30	tracking	-842.238741	68.084752	-265.742749	-7.152	-47.168	0.1073
10	31	tracking	-842.210039	67.828929	-265.690948	-32.152	-47.168	0.1140
10	32	tracking	-842.182806	67.535214	-265.631575	-7.152	-55.168	0.1110
10	33	tracking	-842.162969	67.205083	-265.564924	17.848	-55.963	0.0859
10	34	landing	-842.151533	66.852836	-265.486163	17.848	-47.963	0.1021
10	35	landing	-842.148076	66.480826	-265.395079	17.848	-47.963	0.0761
10	36	landing	-842.152227	66.091392	-265.291463	17.848	-47.963	0.0643
10	37	landing	-842.163649	65.686817	-265.175154	17.848	-47.963	0.0526
11	0	tracking	-850.645964	68.867102	-257.032114	-139.104	-4.000	0.4265
11	1	tracking	-849.991601	68.807284	-257.601772	-164.104	-0.670	0.3644
11	2	tracking	-849.422535	68.751906	-258.196524	170.896	-8.670	0.3665
11	3	tracking	-848.951149	68.710040	-258.797665	153.407	-16.670	0.3325
11	4	tracking	-848.533079	68.685017	-259.402840	178.407	-24.670	0.3252
11	5	tracking	-848.135704	68.677907	-259.999512	-156.593	-32.670	0.3580
11	6	tracking	-847.761383	68.687936	-260.584443	-159.186	-40.670	0.2942
11	7	tracking	-847.390151	68.712344	-261.142272	-134.186	-46.375	0.2867
11	8	tracking	-846.964730	68.781672	-261.754304	-150.375	-42.740	0.4141
11	9	tracking	-846.603340	68.811568	-262.302362	-150.375	-34.740	0.2960
11	10	tracking	-846.254339	68.846589	-262.838166	-150.375	-26.740	0.2890
11	11	tracking	-845.915706	68.881012	-263.364232	-150.375	-18.740	0.2610
11	12	tracking	-845.571661	68.918553	-263.863006	-125.375	-26.740	0.2516
11	13	tracking	-845.218102	68.960090	-264.316022	-100.375	-34.740	0.2423
11	14	tracking	-844.861199	69.003358	-264.708730	-75.375	-42.740	0.2568
11	15	tracking	-844.513663	69.042948	-265.034178	-50.375	-50.740	0.2464
11	16	tracking	-844.175734	69.076023	-265.301859	-51.747	-42.740	0.3079
11	17	tracking	-843.859198	69.100982	-265.509725	-26.747	-34.740	0.2206
11	18	tracking	-843.562795	69.115874	-265.666421	-26.747	-26.740	0.2291
11	19	tracking	-843.285559	69.119353	-265.779964	-26.747	-25.689	0.1995
11	20	tracking	-843.037682	69.111115	-265.852945	-1.747	-17.689	0.1848
11	21	tracking	-842.827335	69.090082	-265.893510	23.253	-9.689	0.3773
11	22	tracking	-842.654553	69.056515	-265.910837	37.878	-7.940	0.2164
11	23	tracking	-842.513570	69.011165	-265.909606	37.878	-7.940	0.1778
11	24	tracking	-842.404272	68.953876	-265.900151	62.878	-15.940	0.1464
11	25	tracking	-842.321487	68.881170	-265.885783	67.848	-23.940	0.1530
11	26	tracking	-842.260469	68.787166	-265.867792	67.848	-31.940	0.1370
11	27	tracking	-842.217317	68.664323	-265.847197	67.848	-39.940	0.1270
11	28	tracking	-842.186143	68.505044	-265.821006	42.848	-47.168	0.1203
11	29	tracking	-842.161945	68.311056	-265.786553	17.848	-47.168	0.1187
11	30	tracking	-842.138741	68.084752	-265.742749	-7.152	-47.168	0.1069
11	31	tracking	-842.110039	67.828929	-265.690948	-32.152	-47.168	0.1069
11	32	tracking	-842.082806	67.535214	-265.631575	-7.152	-55.168	0.0934
11	33	tracking	-842.062969	67.205083	-265.564924	17.848	-55.963	0.1040
11	34	landing	-842.051533	66.852836	-265.486163	17.848	-47.963	0.0789
11	35	landing	-842.048076	66.480826	-265.395079	17.848	-47.963	0.0676
11	36	landing	-842.052227	66.091392	-265.291463	17.848	-47.963	0.0611
11	37	landing	-842.063649	65.686817	-265.175154	17.848	-47.963	0.0513
12	0	tracking	-850.645964	68.867102	-257.032114	-139.104	-4.000	0.4354
12	1	tracking	-849.991601	68.807284	-257.601772	-164.104	-0.670	0.3690
12	2	tracking	-849.422535	68.751906	-258.196524	170.896	-8.670	0.3502
12	3	tracking	-848.951149	68.710040	-258.797665	153.407	-16.670	0.3622
12	4	tracking	-848.533079	68.685017	-259.402840	178.407	-24.670	0.3462
12	5	tracking	-848.135704	68.677907	-259.999512	-156.593	-32.670	0.3305
12	6	tracking	-847.761383	68.687936	-260.584443	-159.186	-40.670	0.3325
12	7	tracking	-847.390151	68.712344	-261.142272	-134.186	-46.375	0.3061
12	8	tracking	-847.064730	68.681672	-261.654304	-150.375	-42.740	0.3130
12	9	tracking	-846.703340	68.711568	-262.202362	-150.375	-34.740	0.2759
12	10	tracking	-846.354339	68.746589	-262.738166	-150.375	-26.740	0.2637
12	11	tracking	-846.015706	68.781012	-263.264232	-150.375	-18.740	0.2661
12	12	tracking	-845.671661	68.818553	-263.763006	-125.375	-26.740	0.2691
12	13	tracking	-845.318102	68.860090	-264.216022	-100.375	-34.740	0.2320
12	14	tracking	-844.961199	68.903358	-264.608730	-75.375	-42.740	0.2224
12	15	tracking	-844.613663	68.942948	-264.934178	-50.375	-50.740	0.2115
12	16	tracking	-844.275734	68.976023	-265.201859	-51.747	-42.740	0.2332
12	17	tracking	-843.959198	69.000982	-265.409725	-26.747	-34.740	0.1996
12	18	tracking	-843.662795	69.015874	-265.566421	-26.747	-26.740	0.1977
12	19	tracking	-843.385559	69.019353	-265.679964	-26.747	-25.689	0.1801
12	20	tracking	-843.137682	69.011115	-265.752945	-1.747	-17.689	0.1711
12	21	tracking	-842.927335	68.990082	-265.793510	23.253	-9.689	0.1882
12	22	tracking	-842.754553	68.956515	-265.810837	37.878	-7.940	0.1552
12	23	tracking	-842.613570	68.911165	-265.809606	37.878	-7.940	0.1572
12	24	tracking	-842.504272	68.853876	-265.800151	62.878	-15.940	0.1443
12	25	tracking	-842.421487	68.781170	-265.785783	67.848	-23.940	0.1332
12	26	tracking	-842.360469	68.687166	-265.767792	67.848	-31.940	0.1342
12	27	tracking	-842.317317	68.564323	-265.747197	67.848	-39.940	0.1283
12	28	tracking	-842.286143	68.405044	-265.721006	42.848	-47.168	0.1279
12	29	tracking	-842.261945	68.211056	-265.686553	17.848	-47.168	0.3992
12	30	tracking	-842.238741	67.984752	-265.642749	-7.152	-47.168	0.3051
12	31	tracking	-842.210039	67.728929	-265.590948	-32.152	-47.168	0.2679
12	32	tracking	-842.182806	67.435214	-265.531575	-7.152	-55.168	0.1962
12	33	tracking	-842.162969	67.105083	-265.464924	17.848	-55.963	0.0936
12	34	landing	-842.151533	66.752836	-265.386163	17.848	-47.963	0.0772
12	35	landing	-842.148076	66.380826	-265.295079	17.848	-47.963	0.0646
12	36	landing	-842.152227	65.991392	-265.191463	17.848	-47.963	0.0541
13	0	tracking	-850.645964	68.867102	-257.032114	-139.104	-4.000	0.4920
13	1	tracking	-849.991601	68.807284	-257.601772	-164.104	-0.670	0.4058
13	2	tracking	-849.422535	68.751906	-258.196524	170.896	-8.670	0.3627
13	3	tracking	-848.951149	68.710040	-258.797665	153.407	-16.670	0.3369
13	4	tracking	-848.533079	68.685017	-259.402840	178.407	-24.670	0.3268
13	5	tracking	-848.135704	68.677907	-259.999512	-156.593	-32.670	0.3311
13	6	tracking	-847.761383	68.687936	-260.584443	-159.186	-40.670	0.3087
13	7	tracking	-847.390151	68.712344	-261.142272	-134.186	-46.375	0.2981
13	8	tracking	-846.964730	68.681672	-261.654304	-150.375	-42.740	0.4791
13	9	tracking	-846.603340	68.711568	-262.202362	-150.375	-34.740	0.2814
13	10	tracking	-846.254339	68.746589	-262.738166	-150.375	-26.740	0.2783
13	11	tracking	-845.915706	68.781012	-263.264232	-150.375	-18.740	0.2829
13	12	tracking	-845.571661	68.818553	-263.763006	-125.375	-26.740	0.2749
13	13	tracking	-845.218102	68.860090	-264.216022	-100.375	-34.740	0.2602
13	14	tracking	-844.861199	68.903358	-264.608730	-75.375	-42.740	0.2385
13	15	tracking	-844.513663	68.942948	-264.934178	-50.375	-50.740	0.2237
13	16	tracking	-844.175734	68.976023	-265.201859	-51.747	-42.740	0.2097
13	17	tracking	-843.859198	69.000982	-265.409725	-26.747	-34.740	0.2004
13	18	tracking	-843.562795	69.015874	-265.566421	-26.747	-26.740	0.1951
13	19	tracking	-843.285559	69.019353	-265.679964	-26.747	-25.689	0.1988
13	20	tracking	-843.037682	69.011115	-265.752945	-1.747	-17.689	0.3085
13	21	tracking	-842.827335	68.990082	-265.793510	23.253	-9.689	0.3715
13	22	tracking	-842.654553	68.956515	-265.810837	37.878	-7.940	0.3711
13	23	tracking	-842.513570	68.911165	-265.809606	37.878	-7.940	0.3204
13	24	tracking	-842.404272	68.853876	-265.800151	62.878	-15.940	0.2849
13	25	tracking	-842.321487	68.781170	-265.785783	67.848	-23.940	0.1681
13	26	tracking	-842.260469	68.687166	-265.767792	67.848	-31.940	0.1350
13	27	tracking	-842.217317	68.564323	-265.747197	67.848	-39.940	0.1275
13	28	tracking	-842.186143	68.405044	-265.721006	42.848	-47.168	0.1143
13	29	tracking	-842.161945	68.211056	-265.686553	17.848	-47.168	0.1096
13	30	tracking	-842.138741	67.984752	-265.642749	-7.152	-47.168	0.1304
13	31	tracking	-842.110039	67.728929	-265.590948	-32.152	-47.168	0.0890
13	32	tracking	-842.082806	67.435214	-265.531575	-7.152	-55.168	0.0811
13	33	tracking	-842.062969	67.105083	-265.464924	17.848	-55.963	0.1025
13	34	landing	-842.051533	66.752836	-265.386163	17.848	-47.963	0.0753
13	35	landing	-842.048076	66.380826	-265.295079	17.848	-47.963	0.0603
13	36	landing	-842.052227	65.991392	-265.191463	17.848	-47.963	0.0596
14	0	tracking	-850.645964	68.867102	-257.032114	-139.104	-4.000	1.0507
14	1	tracking	-849.991601	68.807284	-257.601772	-164.104	-0.670	0.8379
14	2	tracking	-849.422535	68.751906	-258.196524	170.896	-8.670	0.7992
14	3	tracking	-848.951149	68.710040	-258.797665	153.407	-16.670	0.3727
14	4	tracking	-848.533079	68.685017	-259.402840	178.407	-24.670	0.3297
14	5	tracking	-848.135704	68.677907	-259.999512	-156.593	-32.670	0.3200
14	6	tracking	-847.761383	68.687936	-260.584443	-159.186	-40.670	0.3317
14	7	tracking	-847.390151	68.712344	-261.142272	-134.186	-46.375	0.3127
14	8	tracking	-847.064730	68.781672	-261.654304	-150.375	-42.740	0.3212
14	9	tracking	-846.703340	68.811568	-262.202362	-150.375	-34.740	0.3121
14	10	tracking	-846.354339	68.846589	-262.738166	-150.375	-26.740	0.3057
14	11	tracking	-846.015706	68.881012	-263.264232	-150.375	-18.740	0.3575
14	12	tracking	-845.671661	68.918553	-263.763006	-125.375	-26.740	0.3413
14	13	tracking	-845.318102	68.960090	-264.216022	-100.375	-34.740	0.6017
14	14	tracking	-844.961199	69.003358	-264.608730	-75.375	-42.740	0.5414
14	15	tracking	-844.613663	69.042948	-264.934178	-50.375	-50.740	0.5045
14	16	tracking	-844.275734	69.076023	-265.201859	-51.747	-42.740	0.3145
14	17	tracking	-843.959198	69.100982	-265.409725	-26.747	-34.740	0.2335
14	18	tracking	-843.662795	69.115874	-265.566421	-26.747	-26.740	0.2184
14	19	tracking	-843.385559	69.119353	-265.679964	-26.747	-25.689	0.4682
14	20	tracking	-843.137682	69.111115	-265.752945	-1.747	-17.689	0.3575
14	21	tracking	-842.927335	69.090082	-265.793510	23.253	-9.689	0.3266
14	22	tracking	-842.754553	69.056515	-265.810837	37.878	-7.940	0.3002
14	23	tracking	-842.613570	69.011165	-265.809606	37.878	-7.940	0.3031
14	24	tracking	-842.504272	68.953876	-265.800151	62.878	-15.940	0.2726
14	25	tracking	-842.421487	68.881170	-265.785783	67.848	-23.940	0.2572
14	26	tracking	-842.360469	68.787166	-265.767792	67.848	-31.940	0.2488
14	27	tracking	-842.317317	68.664323	-265.747197	67.848	-39.940	0.2316
14	28	tracking	-842.286143	68.505044	-265.721006	42.848	-47.168	0.2192
14	29	tracking	-842.261945	68.311056	-265.686553	17.848	-47.168	0.2113
14	30	tracking	-842.238741	68.084752	-265.642749	-7.152	-47.168	0.1954
14	31	tracking	-842.210039	67.828929	-265.590948	-32.152	-47.168	0.1863
14	32	tracking	-842.182806	67.535214	-265.531575	-7.152	-55.168	0.1691
14	33	tracking	-842.162969	67.205083	-265.464924	17.848	-55.963	0.1479
14	34	landing	-842.151533	66.852836	-265.386163	17.848	-47.963	0.1357
14	35	landing	-842.148076	66.480826	-265.295079	17.848	-47.963	0.1231
14	36	landing	-842.152227	66.091392	-265.191463	17.848	-47.963	0.1099
14	37	landing	-842.163649	65.686817	-265.075154	17.848	-47.963	0.0955
15	0	tracking	-850.645964	68.867102	-257.032114	-139.104	-4.000	0.7314
15	1	tracking	-849.991601	68.807284	-257.601772	-164.104	-0.670	0.6690
15	2	tracking	-849.422535	68.751906	-258.196524	170.896	-8.670	0.6518
15	3	tracking	-848.951149	68.710040	-258.797665	153.407	-16.670	0.6385
15	4	tracking	-848.533079	68.685017	-259.402840	178.407	-24.670	0.6343
15	5	tracking	-848.135704	68.677907	-259.999512	-156.593	-32.670	0.5765
15	6	tracking	-847.761383	68.687936	-260.584443	-159.186	-40.670	0.5836
15	7	tracking	-847.390151	68.712344	-261.142272	-134.186	-46.375	0.5492
15	8	tracking	-846.964730	68.781672	-261.654304	-150.375	-42.740	0.5481
15	9	tracking	-846.603340	68.811568	-262.202362	-150.375	-34.740	0.5225
15	10	tracking	-846.254339	68.846589	-262.738166	-150.375	-26.740	0.5320
15	11	tracking	-845.915706	68.881012	-263.264232	-150.375	-18.740	0.4987
15	12	tracking	-845.571661	68.918553	-263.763006	-125.375	-26.740	0.4921
15	13	tracking	-845.218102	68.960090	-264.216022	-100.375	-34.740	0.4623
15	14	tracking	-844.861199	69.003358	-264.608730	-75.375	-42.740	0.4588
15	15	tracking	-844.513663	69.042948	-264.934178	-50.375	-50.740	0.4379
15	16	tracking	-844.175734	69.076023	-265.201859	-51.747	-42.740	0.4165
15	17	tracking	-843.859198	69.100982	-265.409725	-26.747	-34.740	0.5228
15	18	tracking	-843.562795	69.115874	-265.566421	-26.747	-26.740	0.3882
15	19	tracking	-843.285559	69.119353	-265.679964	-26.747	-25.689	0.2406
15	20	tracking	-843.037682	69.111115	-265.752945	-1.747	-17.689	0.2071
15	21	tracking	-842.827335	69.090082	-265.793510	23.253	-9.689	0.1876
15	22	tracking	-842.654553	69.056515	-265.810837	37.878	-7.940	0.1766
15	23	tracking	-842.513570	69.011165	-265.809606	37.878	-7.940	0.1932
15	24	tracking	-842.404272	68.953876	-265.800151	62.878	-15.940	0.1658
15	25	tracking	-842.321487	68.881170	-265.785783	67.848	-23.940	0.1450
15	26	tracking	-842.260469	68.787166	-265.767792	67.848	-31.940	0.1399
15	27	tracking	-842.217317	68.664323	-265.747197	67.848	-39.940	0.1344
15	28	tracking	-842.186143	68.505044	-265.721006	42.848	-47.168	0.1293
15	29	tracking	-842.161945	68.311056	-265.686553	17.848	-47.168	0.1130
15	30	tracking	-842.138741	68.084752	-265.642749	-7.152	-47.168	0.1117
15	31	tracking	-842.110039	67.828929	-265.590948	-32.152	-47.168	0.1018
15	32	tracking	-842.082806	67.535214	-265.531575	-7.152	-55.168	0.0941
15	33	tracking	-842.062969	67.205083	-265.464924	17.848	-55.963	0.0829
15	34	landing	-842.051533	66.852836	-265.386163	17.848	-47.963	0.0822
15	35	landing	-842.048076	66.480826	-265.295079	17.848	-47.963	0.0716
15	36	landing	-842.052227	66.091392	-265.191463	17.848	-47.963	0.0631
15	37	landing	-842.063649	65.686817	-265.075154	17.848	-47.963	0.0719
16	0	tracking	-850.645964	68.867102	-257.032114	-139.104	-4.000	0.4441
16	1	tracking	-849.991601	68.807284	-257.601772	-164.104	-0.670	0.3872
16	2	tracking	-849.422535	68.751906	-258.196524	170.896	-8.670	0.3890
16	3	tracking	-848.951149	68.710040	-258.797665	153.407	-16.670	0.3515
16	4	tracking	-848.533079	68.685017	-259.402840	178.407	-24.670	0.4051
16	5	tracking	-848.135704	68.677907	-259.999512	-156.593	-32.670	0.3798
16	6	tracking	-847.761383	68.687936	-260.584443	-159.186	-40.670	0.4852
16	7	tracking	-847.390151	68.712344	-261.142272	-134.186	-46.375	0.7349
16	8	tracking	-847.102120	68.716918	-261.751227	-150.375	-42.740	0.3429
16	9	tracking	-846.775525	68.778399	-262.293940	-150.375	-34.740	0.2995
16	10	tracking	-846.458552	68.842898	-262.823177	-150.375	-26.740	0.3210
16	11	tracking	-846.149432	68.905298	-263.341676	-150.375	-18.740	0.2712
16	12	tracking	-845.833170	68.969017	-263.832652	-125.375	-26.740	0.2648
16	13	tracking	-845.506175	69.034514	-264.278389	-100.375	-34.740	0.2480
16	14	tracking	-845.174806	69.099082	-264.665097	-75.375	-42.740	0.2292
16	15	tracking	-844.851547	69.156969	-264.986463	-50.375	-50.740	0.2228
16	16	tracking	-844.536744	69.205820	-265.251687	-51.747	-42.740	0.2126
16	17	tracking	-844.241677	69.244425	-265.459076	-26.747	-34.740	0.2036
16	18	tracking	-843.965306	69.271110	-265.617139	-26.747	-26.740	0.2056
16	19	tracking	-843.706938	69.284290	-265.733922	-26.747	-25.689	0.2367
16	20	tracking	-843.475940	69.284084	-265.811989	-1.747	-17.689	0.1867
16	21	tracking	-843.279821	69.269850	-265.858969	23.253	-9.689	0.1923
16	22	tracking	-843.118627	69.242074	-265.883413	37.878	-7.940	0.1838
16	23	tracking	-842.987046	69.201659	-265.889711	37.878	-7.940	0.1696
16	24	tracking	-842.885028	69.148441	-265.887525	62.878	-15.940	0.1719
16	25	tracking	-842.807848	69.079001	-265.879993	67.848	-23.940	0.1534
16	26	tracking	-842.751150	68.987537	-265.868369	67.848	-31.940	0.1475
16	27	tracking	-842.711319	68.866575	-265.853661	67.848	-39.940	0.1356
16	28	tracking	-842.682786	68.708562	-265.833057	42.848	-47.168	0.1225
16	29	tracking	-842.660802	68.515248	-265.804015	17.848	-47.168	0.1617
16	30	tracking	-842.639626	68.289053	-265.765470	-7.152	-47.168	0.1171
16	31	tracking	-842.612949	68.032817	-265.718705	-32.152	-47.168	0.1229
16	32	tracking	-842.587567	67.738157	-265.664179	-7.152	-55.168	0.1039
16	33	tracking	-842.569276	67.406589	-265.602163	17.848	-55.963	0.0821
16	34	landing	-842.559127	67.052544	-265.527815	17.848	-47.963	0.0860
16	35	landing	-842.556737	66.678426	-265.440908	17.848	-47.963	0.0683
16	36	landing	-842.561772	66.286626	-265.341226	17.848	-47.963	0.0610
16	37	landing	-842.573924	65.879476	-265.228599	17.848	-47.963	0.0583
17	0	tracking	-850.645964	68.867102	-257.032114	-139.104	-4.000	0.4214
17	1	tracking	-849.991601	68.807284	-257.601772	-164.104	-0.670	0.4609
17	2	tracking	-849.422535	68.751906	-258.196524	170.896	-8.670	0.3737
17	3	tracking	-848.951149	68.710040	-258.797665	153.407	-16.670	0.3454
17	4	tracking	-848.533079	68.685017	-259.402840	178.407	-24.670	0.3357
17	5	tracking	-848.135704	68.677907	-259.999512	-156.593	-32.670	0.6572
17	6	tracking	-847.761383	68.687936	-260.584443	-159.186	-40.670	0.9167
17	7	tracking	-847.390151	68.712344	-261.142272	-134.186	-46.375	0.3056
17	8	tracking	-847.002120	68.716918	-261.751227	-150.375	-42.740	0.2821
17	9	tracking	-846.675525	68.778399	-262.293940	-150.375	-34.740	0.2714
17	10	tracking	-846.358552	68.842898	-262.823177	-150.375	-26.740	0.2637
17	11	tracking	-846.049432	68.905298	-263.341676	-150.375	-18.740	0.2671
17	12	tracking	-845.733170	68.969017	-263.832652	-125.375	-26.740	0.2147
17	13	tracking	-845.406175	69.034514	-264.278389	-100.375	-34.740	0.2013
17	14	tracking	-845.074806	69.099082	-264.665097	-75.375	-42.740	0.1997
17	15	tracking	-844.751547	69.156969	-264.986463	-50.375	-50.740	0.1804
17	16	tracking	-844.436744	69.205820	-265.251687	-51.747	-42.740	0.1756
17	17	tracking	-844.141677	69.244425	-265.459076	-26.747	-34.740	0.1609
17	18	tracking	-843.865306	69.271110	-265.617139	-26.747	-26.740	0.1522
17	19	tracking	-843.606938	69.284290	-265.733922	-26.747	-25.689	0.1560
17	20	tracking	-843.375940	69.284084	-265.811989	-1.747	-17.689	0.1444
17	21	tracking	-843.179821	69.269850	-265.858969	23.253	-9.689	0.1313
17	22	tracking	-843.018627	69.242074	-265.883413	37.878	-7.940	0.1484
17	23	tracking	-842.887046	69.201659	-265.889711	37.878	-7.940	0.1256
17	24	tracking	-842.785028	69.148441	-265.887525	62.878	-15.940	0.1078
17	25	tracking	-842.707848	69.079001	-265.879993	67.848	-23.940	0.1007
17	26	tracking	-842.651150	68.987537	-265.868369	67.848	-31.940	0.0916
17	27	tracking	-842.611319	68.866575	-265.853661	67.848	-39.940	0.0852
17	28	tracking	-842.582786	68.708562	-265.833057	42.848	-47.168	0.0803
17	29	tracking	-842.560802	68.515248	-265.804015	17.848	-47.168	0.0730
17	30	tracking	-842.539626	68.289053	-265.765470	-7.152	-47.168	0.0659
17	31	tracking	-842.512949	68.032817	-265.718705	-32.152	-47.168	0.0573
17	32	tracking	-842.487567	67.738157	-265.664179	-7.152	-55.168	0.0547
17	33	tracking	-842.469276	67.406589	-265.602163	17.848	-55.963	0.0594
17	34	landing	-842.459127	67.052544	-265.527815	17.848	-47.963	0.0454
17	35	landing	-842.456737	66.678426	-265.440908	17.848	-47.963	0.0404
17	36	landing	-842.461772	66.286626	-265.341226	17.848	-47.963	0.0356
17	37	landing	-842.473924	65.879476	-265.228599	17.848	-47.963	0.0315
18	0	tracking	-850.645964	68.867102	-257.032114	-139.104	-4.000	0.4060
18	1	tracking	-849.991601	68.807284	-257.601772	-164.104	-0.670	0.3492
18	2	tracking	-849.422535	68.751906	-258.196524	170.896	-8.670	0.3339
18	3	tracking	-848.951149	68.710040	-258.797665	153.407	-16.670	0.3196
18	4	tracking	-848.533079	68.685017	-259.402840	178.407	-24.670	0.5091
18	5	tracking	-848.135704	68.677907	-259.999512	-156.593	-32.670	0.3137
18	6	tracking	-847.761383	68.687936	-260.584443	-159.186	-40.670	0.3094
18	7	tracking	-847.390151	68.712344	-261.142272	-134.186	-46.375	0.2909
18	8	corrected	-847.101857	68.816641	-261.751689	-150.375	-40.740	2.2388
18	9	tracking	-846.774702	68.877450	-262.295388	-150.375	-32.907	0.2544
18	10	tracking	-846.456890	68.940614	-262.826099	-150.375	-25.073	0.2480
18	11	tracking	-846.146678	69.000748	-263.346519	-150.375	-17.240	0.2346
18	12	tracking	-845.828879	69.061794	-263.839607	-125.375	-25.240	0.2436
18	13	tracking	-845.499867	69.124688	-264.287343	-100.375	-33.240	0.2256
18	14	tracking	-845.166124	69.187118	-264.675683	-75.375	-41.240	0.2302
18	15	tracking	-844.840361	69.243616	-264.998180	-50.375	-49.240	0.2015
18	16	tracking	-844.523065	69.291512	-265.264206	-51.747	-42.073	0.1945
18	17	tracking	-844.225643	69.329459	-265.472044	-26.747	-34.240	0.1855
18	18	tracking	-843.947062	69.355660	-265.630285	-26.747	-26.407	0.1775
18	19	tracking	-843.686624	69.368531	-265.747027	-26.747	-25.522	0.1933
18	20	tracking	-843.453776	69.368121	-265.824867	-1.747	-17.689	0.1779
18	21	tracking	-843.256078	69.353743	-265.871485	23.253	-9.689	0.1903
18	22	tracking	-843.093568	69.325864	-265.895489	37.878	-7.940	0.1622
18	23	tracking	-842.960891	69.285380	-265.901295	37.878	-7.940	0.2092
18	24	tracking	-842.857987	69.232137	-265.898626	62.878	-15.940	0.1495
18	25	tracking	-842.780090	69.162721	-265.890634	67.848	-23.940	0.1469
18	26	tracking	-842.722807	69.071328	-265.878577	67.848	-31.940	0.1335
18	27	tracking	-842.682499	68.950485	-265.863466	67.848	-39.940	0.1250
18	28	tracking	-842.653566	68.792638	-265.842475	42.848	-47.168	0.1133
18	29	tracking	-842.631237	68.599530	-265.813057	17.848	-47.168	0.1029
18	30	tracking	-842.609748	68.373573	-265.774149	-7.152	-47.168	0.0959
18	31	tracking	-842.582781	68.117604	-265.727039	-32.152	-47.168	0.0918
18	32	tracking	-842.557137	67.823242	-265.672182	-7.152	-55.168	0.0835
18	33	tracking	-842.538620	67.492000	-265.609853	17.848	-55.963	0.0710
18	34	landing	-842.528272	67.138294	-265.535213	17.848	-47.963	0.0671
18	35	landing	-842.525708	66.764522	-265.448037	17.848	-47.963	0.0590
18	36	landing	-842.530590	66.373073	-265.348109	17.848	-47.963	0.0563
18	37	landing	-842.542606	65.966272	-265.235261	17.848	-47.963	0.0605
19	0	tracking	-850.645964	68.867102	-257.032114	-139.104	-4.000	0.4735
19	1	tracking	-849.991601	68.807284	-257.601772	-164.104	-0.670	0.3967
19	2	tracking	-849.422535	68.751906	-258.196524	170.896	-8.670	0.3753
19	3	tracking	-848.951149	68.710040	-258.797665	153.407	-16.670	0.4000
19	4	tracking	-848.533079	68.685017	-259.402840	178.407	-24.670	0.3441
19	5	tracking	-848.135704	68.677907	-259.999512	-156.593	-32.670	0.3352
19	6	tracking	-847.761383	68.687936	-260.584443	-159.186	-40.670	0.3266
19	7	tracking	-847.390151	68.712344	-261.142272	-134.186	-46.375	0.3164
19	8	corrected	-847.001857	68.816641	-261.751689	-150.375	-40.740	2.3749
19	9	tracking	-846.674702	68.877450	-262.295388	-150.375	-32.907	0.3244
19	10	tracking	-846.356890	68.940614	-262.826099	-150.375	-25.073	0.2895
19	11	tracking	-846.046678	69.000748	-263.346519	-150.375	-17.240	0.2711
19	12	tracking	-845.728879	69.061794	-263.839607	-125.375	-25.240	0.2506
19	13	tracking	-845.399867	69.124688	-264.287343	-100.375	-33.240	0.2361
19	14	tracking	-845.066124	69.187118	-264.675683	-75.375	-41.240	0.2241
19	15	tracking	-844.740361	69.243616	-264.998180	-50.375	-49.240	0.2113
19	16	tracking	-844.423065	69.291512	-265.264206	-51.747	-42.073	0.2163
19	17	tracking	-844.125643	69.329459	-265.472044	-26.747	-34.240	0.2035
19	18	tracking	-843.847062	69.355660	-265.630285	-26.747	-26.407	0.1864
19	19	tracking	-843.586624	69.368531	-265.747027	-26.747	-25.522	0.1811
19	20	tracking	-843.353776	69.368121	-265.824867	-1.747	-17.689	0.1771
19	21	tracking	-843.156078	69.353743	-265.871485	23.253	-9.689	0.1634
19	22	tracking	-842.993568	69.325864	-265.895489	37.878	-7.940	0.1541
19	23	tracking	-842.860891	69.285380	-265.901295	37.878	-7.940	0.1492
19	24	tracking	-842.757987	69.232137	-265.898626	62.878	-15.940	0.1414
19	25	tracking	-842.680090	69.162721	-265.890634	67.848	-23.940	0.1369
19	26	tracking	-842.622807	69.071328	-265.878577	67.848	-31.940	0.1270
19	27	tracking	-842.582499	68.950485	-265.863466	67.848	-39.940	0.1171
19	28	tracking	-842.553566	68.792638	-265.842475	42.848	-47.168	0.1086
19	29	tracking	-842.531237	68.599530	-265.813057	17.848	-47.168	0.1122
19	30	tracking	-842.509748	68.373573	-265.774149	-7.152	-47.168	0.0919
19	31	tracking	-842.482781	68.117604	-265.727039	-32.152	-47.168	0.0898
19	32	tracking	-842.457137	67.823242	-265.672182	-7.152	-55.168	0.0829
19	33	tracking	-842.438620	67.492000	-265.609853	17.848	-55.963	0.0807
19	34	landing	-842.428272	67.138294	-265.535213	17.848	-47.963	0.0715
19	35	landing	-842.425708	66.764522	-265.448037	17.848	-47.963	0.0610
19	36	landing	-842.430590	66.373073	-265.348109	17.848	-47.963	0.0526
19	37	landing	-842.442606	65.966272	-265.235261	17.848	-47.963	0.0458
20	0	tracking	-850.645964	68.867102	-257.032114	-139.104	-4.000	0.4485
20	1	tracking	-849.991601	68.807284	-257.601772	-164.104	-0.670	0.4232
20	2	tracking	-849.422535	68.751906	-258.196524	170.896	-8.670	0.3838
20	3	tracking	-848.951149	68.710040	-258.797665	153.407	-16.670	0.3635
20	4	tracking	-848.533079	68.685017	-259.402840	178.407	-24.670	0.3444
20	5	tracking	-848.135704	68.677907	-259.999512	-156.593	-32.670	0.3642
20	6	tracking	-847.761383	68.687936	-260.584443	-159.186	-40.670	0.3427
20	7	tracking	-847.390151	68.712344	-261.142272	-134.186	-46.375	0.3526
20	8	tracking	-847.102120	68.716918	-261.651227	-150.375	-42.740	0.3125
20	9	tracking	-846.775525	68.778399	-262.193940	-150.375	-34.740	0.2958
20	10	tracking	-846.458552	68.842898	-262.723177	-150.375	-26.740	0.2901
20	11	tracking	-846.149432	68.905298	-263.241676	-150.375	-18.740	0.2702
20	12	tracking	-845.833170	68.969017	-263.732652	-125.375	-26.740	0.2672
20	13	tracking	-845.506175	69.034514	-264.178389	-100.375	-34.740	0.2886
20	14	tracking	-845.174806	69.099082	-264.565097	-75.375	-42.740	0.2657
20	15	tracking	-844.851547	69.156969	-264.886463	-50.375	-50.740	0.2320
20	16	tracking	-844.536744	69.205820	-265.151687	-51.747	-42.740	0.2175
20	17	tracking	-844.241677	69.244425	-265.359076	-26.747	-34.740	0.2105
20	18	tracking	-843.965306	69.271110	-265.517139	-26.747	-26.740	0.2043
20	19	tracking	-843.706938	69.284290	-265.633922	-26.747	-25.689	0.1958
20	20	tracking	-843.475940	69.284084	-265.711989	-1.747	-17.689	0.1909
20	21	tracking	-843.279821	69.269850	-265.758969	23.253	-9.689	0.1828
20	22	tracking	-843.118627	69.242074	-265.783413	37.878	-7.940	0.1739
20	23	tracking	-842.987046	69.201659	-265.789711	37.878	-7.940	0.1789
20	24	tracking	-842.885028	69.148441	-265.787525	62.878	-15.940	0.1655
20	25	tracking	-842.807848	69.079001	-265.779993	67.848	-23.940	0.1589
20	26	tracking	-842.751150	68.987537	-265.768369	67.848	-31.940	0.1420
20	27	tracking	-842.711319	68.866575	-265.753661	67.848	-39.940	0.1345
20	28	tracking	-842.682786	68.708562	-265.733057	42.848	-47.168	0.1268
20	29	tracking	-842.660802	68.515248	-265.704015	17.848	-47.168	0.1202
20	30	tracking	-842.639626	68.289053	-265.665470	-7.152	-47.168	0.1135
20	31	tracking	-842.612949	68.032817	-265.618705	-32.152	-47.168	0.1040
20	32	tracking	-842.587567	67.738157	-265.564179	-7.152	-55.168	0.0979
20	33	tracking	-842.569276	67.406589	-265.502163	17.848	-55.963	0.0891
20	34	landing	-842.559127	67.052544	-265.427815	17.848	-47.963	0.0810
20	35	landing	-842.556737	66.678426	-265.340908	17.848	-47.963	0.0730
20	36	landing	-842.561772	66.286626	-265.241226	17.848	-47.963	0.0626
20	37	landing	-842.573924	65.879476	-265.128599	17.848	-47.963	0.0571
21	0	tracking	-850.645964	68.867102	-257.032114	-139.104	-4.000	0.4891
21	1	tracking	-849.991601	68.807284	-257.601772	-164.104	-0.670	0.4050
21	2	tracking	-849.422535	68.751906	-258.196524	170.896	-8.670	0.3750
21	3	tracking	-848.951149	68.710040	-258.797665	153.407	-16.670	0.3589
21	4	tracking	-848.533079	68.685017	-259.402840	178.407	-24.670	0.6526
21	5	tracking	-848.135704	68.677907	-259.999512	-156.593	-32.670	0.4514
21	6	tracking	-847.761383	68.687936	-260.584443	-159.186	-40.670	0.3368
21	7	tracking	-847.390151	68.712344	-261.142272	-134.186	-46.375	0.3161
21	8	tracking	-847.002120	68.716918	-261.651227	-150.375	-42.740	0.2851
21	9	tracking	-846.675525	68.778399	-262.193940	-150.375	-34.740	0.2653
21	10	tracking	-846.358552	68.842898	-262.723177	-150.375	-26.740	0.2660
21	11	tracking	-846.049432	68.905298	-263.241676	-150.375	-18.740	0.2422
21	12	tracking	-845.733170	68.969017	-263.732652	-125.375	-26.740	0.2552
21	13	tracking	-845.406175	69.034514	-264.178389	-100.375	-34.740	0.2238
21	14	tracking	-845.074806	69.099082	-264.565097	-75.375	-42.740	0.2125
21	15	tracking	-844.751547	69.156969	-264.886463	-50.375	-50.740	0.2000
21	16	tracking	-844.436744	69.205820	-265.151687	-51.747	-42.740	0.1876
21	17	tracking	-844.141677	69.244425	-265.359076	-26.747	-34.740	0.1771
21	18	tracking	-843.865306	69.271110	-265.517139	-26.747	-26.740	0.1686
21	19	tracking	-843.606938	69.284290	-265.633922	-26.747	-25.689	0.1654
21	20	tracking	-843.375940	69.284084	-265.711989	-1.747	-17.689	0.1547
21	21	tracking	-843.179821	69.269850	-265.758969	23.253	-9.689	0.1433
21	22	tracking	-843.018627	69.242074	-265.783413	37.878	-7.940	0.1386
21	23	tracking	-842.887046	69.201659	-265.789711	37.878	-7.940	0.1338
21	24	tracking	-842.785028	69.148441	-265.787525	62.878	-15.940	0.1249
21	25	tracking	-842.707848	69.079001	-265.779993	67.848	-23.940	0.2842
21	26	tracking	-842.651150	68.987537	-265.768369	67.848	-31.940	0.2555
21	27	tracking	-842.611319	68.866575	-265.753661	67.848	-39.940	0.2239
21	28	tracking	-842.582786	68.708562	-265.733057	42.848	-47.168	0.1913
21	29	tracking	-842.560802	68.515248	-265.704015	17.848	-47.168	0.1689
21	30	tracking	-842.539626	68.289053	-265.665470	-7.152	-47.168	0.1451
21	31	tracking	-842.512949	68.032817	-265.618705	-32.152	-47.168	0.1324
21	32	tracking	-842.487567	67.738157	-265.564179	-7.152	-55.168	0.1503
21	33	tracking	-842.469276	67.406589	-265.502163	17.848	-55.963	0.0716
21	34	landing	-842.459127	67.052544	-265.427815	17.848	-47.963	0.0756
21	35	landing	-842.456737	66.678426	-265.340908	17.848	-47.963	0.0499
21	36	landing	-842.461772	66.286626	-265.241226	17.848	-47.963	0.0414
21	37	landing	-842.473924	65.879476	-265.128599	17.848	-47.963	0.0347
22	0	tracking	-850.645964	68.867102	-257.032114	-139.104	-4.000	0.4378
22	1	tracking	-849.991601	68.807284	-257.601772	-164.104	-0.670	0.3829
22	2	tracking	-849.422535	68.751906	-258.196524	170.896	-8.670	0.3721
22	3	tracking	-848.951149	68.710040	-258.797665	153.407	-16.670	0.3457
22	4	tracking	-848.533079	68.685017	-259.402840	178.407	-24.670	0.3356
22	5	tracking	-848.135704	68.677907	-259.999512	-156.593	-32.670	0.3247
22	6	tracking	-847.761383	68.687936	-260.584443	-159.186	-40.670	0.3181
22	7	tracking	-847.390151	68.712344	-261.142272	-134.186	-46.375	0.3803
22	8	corrected	-847.101857	68.816641	-261.651689	-150.375	-40.740	2.2859
22	9	tracking	-846.774702	68.877450	-262.195388	-150.375	-32.907	0.2734
22	10	tracking	-846.456890	68.940614	-262.726099	-150.375	-25.073	0.2493
22	11	tracking	-846.146678	69.000748	-263.246519	-150.375	-17.240	0.2427
22	12	tracking	-845.828879	69.061794	-263.739607	-125.375	-25.240	0.2639
22	13	tracking	-845.499867	69.124688	-264.187343	-100.375	-33.240	0.2187
22	14	tracking	-845.166124	69.187118	-264.575683	-75.375	-41.240	0.2060
22	15	tracking	-844.840361	69.243616	-264.898180	-50.375	-49.240	0.1936
22	16	tracking	-844.523065	69.291512	-265.164206	-51.747	-42.073	0.2052
22	17	tracking	-844.225643	69.329459	-265.372044	-26.747	-34.240	0.1777
22	18	tracking	-843.947062	69.355660	-265.530285	-26.747	-26.407	0.1674
22	19	tracking	-843.686624	69.368531	-265.647027	-26.747	-25.522	0.1597
22	20	tracking	-843.453776	69.368121	-265.724867	-1.747	-17.689	0.1530
22	21	tracking	-843.256078	69.353743	-265.771485	23.253	-9.689	0.1462
22	22	tracking	-843.093568	69.325864	-265.795489	37.878	-7.940	0.1744
22	23	tracking	-842.960891	69.285380	-265.801295	37.878	-7.940	0.1387
22	24	tracking	-842.857987	69.232137	-265.798626	62.878	-15.940	0.1284
22	25	tracking	-842.780090	69.162721	-265.790634	67.848	-23.940	0.1365
22	26	tracking	-842.722807	69.071328	-265.778577	67.848	-31.940	0.1187
22	27	tracking	-842.682499	68.950485	-265.763466	67.848	-39.940	0.1089
22	28	tracking	-842.653566	68.792638	-265.742475	42.848	-47.168	0.0982
22	29	tracking	-842.631237	68.599530	-265.713057	17.848	-47.168	0.0974
22	30	tracking	-842.609748	68.373573	-265.674149	-7.152	-47.168	0.0883
22	31	tracking	-842.582781	68.117604	-265.627039	-32.152	-47.168	0.0868
22	32	tracking	-842.557137	67.823242	-265.572182	-7.152	-55.168	0.0813
22	33	tracking	-842.538620	67.492000	-265.509853	17.848	-55.963	0.0670
22	34	landing	-842.528272	67.138294	-265.435213	17.848	-47.963	0.0579
22	35	landing	-842.525708	66.764522	-265.348037	17.848	-47.963	0.0692
22	36	landing	-842.530590	66.373073	-265.248109	17.848	-47.963	0.1347
22	37	landing	-842.542606	65.966272	-265.135261	17.848	-47.963	0.0860
23	0	tracking	-850.645964	68.867102	-257.032114	-139.104	-4.000	0.4523
23	1	tracking	-849.991601	68.807284	-257.601772	-164.104	-0.670	0.3687
23	2	tracking	-849.422535	68.751906	-258.196524	170.896	-8.670	0.3535
23	3	tracking	-848.951149	68.710040	-258.797665	153.407	-16.670	0.3327
23	4	tracking	-848.533079	68.685017	-259.402840	178.407	-24.670	0.3299
23	5	tracking	-848.135704	68.677907	-259.999512	-156.593	-32.670	0.3142
23	6	tracking	-847.761383	68.687936	-260.584443	-159.186	-40.670	0.3049
23	7	tracking	-847.390151	68.712344	-261.142272	-134.186	-46.375	0.3013
23	8	corrected	-847.001857	68.816641	-261.651689	-150.375	-40.740	3.2271
23	9	tracking	-846.674702	68.877450	-262.195388	-150.375	-32.907	0.4902
23	10	tracking	-846.356890	68.940614	-262.726099	-150.375	-25.073	0.3446
23	11	tracking	-846.046678	69.000748	-263.246519	-150.375	-17.240	0.2699
23	12	tracking	-845.728879	69.061794	-263.739607	-125.375	-25.240	0.3061
23	13	tracking	-845.399867	69.124688	-264.187343	-100.375	-33.240	0.2296
23	14	tracking	-845.066124	69.187118	-264.575683	-75.375	-41.240	0.2532
23	15	tracking	-844.740361	69.243616	-264.898180	-50.375	-49.240	0.2068
23	16	tracking	-844.423065	69.291512	-265.164206	-51.747	-42.073	0.1980
23	17	tracking	-844.125643	69.329459	-265.372044	-26.747	-34.240	0.1890
23	18	tracking	-843.847062	69.355660	-265.530285	-26.747	-26.407	0.1807
23	19	tracking	-843.586624	69.368531	-265.647027	-26.747	-25.522	0.4451
23	20	tracking	-843.353776	69.368121	-265.724867	-1.747	-17.689	0.0800
23	21	tracking	-843.156078	69.353743	-265.771485	23.253	-9.689	0.0534
23	22	tracking	-842.993568	69.325864	-265.795489	37.878	-7.940	0.0475
23	23	tracking	-842.860891	69.285380	-265.801295	37.878	-7.940	0.0532
23	24	tracking	-842.757987	69.232137	-265.798626	62.878	-15.940	0.0537
23	25	tracking	-842.680090	69.162721	-265.790634	67.848	-23.940	0.0430
23	26	tracking	-842.622807	69.071328	-265.778577	67.848	-31.940	0.0419
23	27	tracking	-842.582499	68.950485	-265.763466	67.848	-39.940	0.0390
23	28	tracking	-842.553566	68.792638	-265.742475	42.848	-47.168	0.0376
23	29	tracking	-842.531237	68.599530	-265.713057	17.848	-47.168	0.0505
23	30	tracking	-842.509748	68.373573	-265.674149	-7.152	-47.168	0.0339
23	31	tracking	-842.482781	68.117604	-265.627039	-32.152	-47.168	0.0325
23	32	tracking	-842.457137	67.823242	-265.572182	-7.152	-55.168	0.0325
23	33	tracking	-842.438620	67.492000	-265.509853	17.848	-55.963	0.0312
23	34	landing	-842.428272	67.138294	-265.435213	17.848	-47.963	0.0267
23	35	landing	-842.425708	66.764522	-265.348037	17.848	-47.963	0.0256
23	36	landing	-842.430590	66.373073	-265.248109	17.848	-47.963	0.0226
23	37	landing	-842.442606	65.966272	-265.135261	17.848	-47.963	0.0220
24	0	tracking	-850.645964	68.867102	-257.032114	-139.104	-4.000	0.2059
24	1	tracking	-849.991601	68.807284	-257.601772	-164.104	-0.670	0.1258
24	2	tracking	-849.422535	68.751906	-258.196524	170.896	-8.670	0.1344
24	3	tracking	-848.951149	68.710040	-258.797665	153.407	-16.670	0.1134
24	4	tracking	-848.533079	68.685017	-259.402840	178.407	-24.670	0.1173
24	5	tracking	-848.135704	68.677907	-259.999512	-156.593	-32.670	0.1432
24	6	tracking	-847.761383	68.687936	-260.584443	-159.186	-40.670	0.1113
24	7	tracking	-847.390151	68.712344	-261.142272	-134.186	-46.375	0.1072
25	0	tracking	-850.645964	68.867102	-257.032114	-139.104	-4.000	0.4268
25	1	tracking	-849.991601	68.807284	-257.601772	-164.104	-0.670	0.1580
25	2	tracking	-849.422535	68.751906	-258.196524	170.896	-8.670	0.1160
25	3	tracking	-848.951149	68.710040	-258.797665	153.407	-16.670	0.2533
25	4	tracking	-848.533079	68.685017	-259.402840	178.407	-24.670	0.1437
25	5	tracking	-848.135704	68.677907	-259.999512	-156.593	-32.670	0.1026
25	6	tracking	-847.761383	68.687936	-260.584443	-159.186	-40.670	0.2950
25	7	tracking	-847.390151	68.712344	-261.142272	-134.186	-46.375	0.1519
26	0	tracking	-850.645964	68.867102	-257.032114	-139.104	-4.000	0.3466
26	1	tracking	-849.991601	68.807284	-257.601772	-164.104	-0.670	0.2174
26	2	tracking	-849.422535	68.751906	-258.196524	170.896	-8.670	0.1929
26	3	tracking	-848.951149	68.710040	-258.797665	153.407	-16.670	0.1961
26	4	tracking	-848.533079	68.685017	-259.402840	178.407	-24.670	0.1807
26	5	tracking	-848.135704	68.677907	-259.999512	-156.593	-32.670	0.1775
26	6	tracking	-847.761383	68.687936	-260.584443	-159.186	-40.670	0.2228
26	7	tracking	-847.390151	68.712344	-261.142272	-134.186	-46.375	0.1775
27	0	tracking	-850.645964	68.867102	-257.032114	-139.104	-4.000	0.3264
27	1	tracking	-849.991601	68.807284	-257.601772	-164.104	-0.670	0.2278
27	2	tracking	-849.422535	68.751906	-258.196524	170.896	-8.670	0.2102
27	3	tracking	-848.951149	68.710040	-258.797665	153.407	-16.670	0.2219
27	4	tracking	-848.533079	68.685017	-259.402840	178.407	-24.670	0.1976
27	5	tracking	-848.135704	68.677907	-259.999512	-156.593	-32.670	0.2103
27	6	tracking	-847.761383	68.687936	-260.584443	-159.186	-40.670	0.2131
27	7	tracking	-847.390151	68.712344	-261.142272	-134.186	-46.375	0.1882
28	0	tracking	-850.645964	68.867102	-257.032114	-139.104	-4.000	0.3645
28	1	tracking	-849.991601	68.807284	-257.601772	-164.104	-0.670	0.2534
28	2	tracking	-849.422535	68.751906	-258.196524	170.896	-8.670	0.2614
28	3	tracking	-848.951149	68.710040	-258.797665	153.407	-16.670	0.2299
28	4	tracking	-848.533079	68.685017	-259.402840	178.407	-24.670	0.2130
28	5	tracking	-848.135704	68.677907	-259.999512	-156.593	-32.670	0.2839
28	6	tracking	-847.761383	68.687936	-260.584443	-159.186	-40.670	0.3915
28	7	tracking	-847.390151	68.712344	-261.142272	-134.186	-46.375	0.2209
29	0	tracking	-850.645964	68.867102	-257.032114	-139.104	-4.000	0.2084
29	1	tracking	-849.991601	68.807284	-257.601772	-164.104	-0.670	0.1374
29	2	tracking	-849.422535	68.751906	-258.196524	170.896	-8.670	0.1264
29	3	tracking	-848.951149	68.710040	-258.797665	153.407	-16.670	0.1172
29	4	tracking	-848.533079	68.685017	-259.402840	178.407	-24.670	0.1090
29	5	tracking	-848.135704	68.677907	-259.999512	-156.593	-32.670	0.1151
29	6	tracking	-847.761383	68.687936	-260.584443	-159.186	-40.670	0.1057
29	7	tracking	-847.390151	68.712344	-261.142272	-134.186	-46.375	0.1011
30	0	tracking	-850.645964	68.867102	-257.032114	-139.104	-4.000	0.2082
30	1	tracking	-849.991601	68.807284	-257.601772	-164.104	-0.670	0.1484
30	2	tracking	-849.422535	68.751906	-258.196524	170.896	-8.670	0.1394
30	3	tracking	-848.951149	68.710040	-258.797665	153.407	-16.670	0.1169
30	4	tracking	-848.533079	68.685017	-259.402840	178.407	-24.670	0.1047
30	5	tracking	-848.135704	68.677907	-259.999512	-156.593	-32.670	0.1010
30	6	tracking	-847.761383	68.687936	-260.584443	-159.186	-40.670	0.1140
30	7	tracking	-847.390151	68.712344	-261.142272	-134.186	-46.375	0.1036
31	0	tracking	-850.645964	68.867102	-257.032114	-139.104	-4.000	0.1767
31	1	tracking	-849.991601	68.807284	-257.601772	-164.104	-0.670	0.1247
31	2	tracking	-849.422535	68.751906	-258.196524	170.896	-8.670	0.1110
31	3	tracking	-848.951149	68.710040	-258.797665	153.407	-16.670	0.1030
31	4	tracking	-848.533079	68.685017	-259.402840	178.407	-24.670	0.1113
31	5	tracking	-848.135704	68.677907	-259.999512	-156.593	-32.670	0.0976
31	6	tracking	-847.761383	68.687936	-260.584443	-159.186	-40.670	0.0928
31	7	tracking	-847.390151	68.712344	-261.142272	-134.186	-46.375	0.0898
32	0	tracking	-850.645964	68.867102	-257.032114	-139.104	-4.000	0.2298
32	1	tracking	-849.991601	68.807284	-257.601772	-164.104	-0.670	0.1455
32	2	tracking	-849.422535	68.751906	-258.196524	170.896	-8.670	0.1269
32	3	tracking	-848.951149	68.710040	-258.797665	153.407	-16.670	0.1043
32	4	tracking	-848.533079	68.685017	-259.402840	178.407	-24.670	0.0983
32	5	tracking	-848.135704	68.677907	-259.999512	-156.593	-32.670	0.0933
32	6	tracking	-847.761383	68.687936	-260.584443	-159.186	-40.670	0.0906
32	7	tracking	-847.390151	68.712344	-261.142272	-134.186	-46.375	0.0903
32	8	tracking	-847.102421	68.676951	-261.715058	-150.375	-42.740	0.0779
32	9	tracking	-846.776554	68.698707	-262.224734	-150.375	-34.740	0.0751
32	10	tracking	-846.461032	68.723481	-262.723126	-150.375	-26.740	0.0796
32	11	tracking	-846.154318	68.745986	-263.212185	-150.375	-18.740	0.0701
32	12	tracking	-845.841425	68.769874	-263.676059	-125.375	-26.740	0.0673
32	13	tracking	-845.518405	68.795618	-264.097469	-100.375	-34.740	0.0629
32	14	tracking	-845.191140	68.820524	-264.462650	-75.375	-42.740	0.0594
32	15	tracking	-844.871723	68.838928	-264.764989	-50.375	-50.740	0.0588
32	16	tracking	-844.560181	68.849268	-265.013131	-51.747	-42.740	0.0580
32	17	tracking	-844.267703	68.851106	-265.204672	-26.747	-34.740	0.1803
32	18	tracking	-843.993082	68.843505	-265.347510	-26.747	-26.740	0.2228
32	19	tracking	-843.735489	68.825333	-265.449171	-26.747	-25.689	0.1416
32	20	tracking	-843.505121	68.796939	-265.511812	-1.747	-17.689	0.1085
32	21	tracking	-843.310341	68.757658	-265.543241	23.253	-9.689	0.0893
32	22	tracking	-843.151431	68.707667	-265.552425	37.878	-7.940	0.1054
32	23	tracking	-843.022853	68.647551	-265.543880	37.878	-7.940	0.0919
32	24	tracking	-842.924728	68.576711	-265.527848	62.878	-15.940	0.0951
32	25	tracking	-842.852027	68.491312	-265.507567	67.848	-23.940	0.0886
32	26	tracking	-842.800115	68.385197	-265.484259	67.848	-31.940	0.0894
32	27	tracking	-842.765190	68.250642	-265.458880	67.848	-39.940	0.0797
32	28	tracking	-842.741444	68.079989	-265.428320	42.848	-47.168	0.0840
32	29	tracking	-842.723964	67.875184	-265.389668	17.848	-47.168	0.0894
32	30	tracking	-842.706686	67.638799	-265.341658	-7.152	-47.168	0.1079
32	31	tracking	-842.682987	67.373688	-265.285669	-32.152	-47.168	0.0630
32	32	tracking	-842.660165	67.071329	-265.222187	-7.152	-55.168	0.0658
32	33	tracking	-842.644378	66.733214	-265.151503	17.848	-55.963	0.0343
32	34	landing	-842.636712	66.373764	-265.068647	17.848	-47.963	0.0283
32	35	landing	-842.636782	65.995347	-264.973389	17.848	-47.963	0.0244
33	0	tracking	-850.645964	68.867102	-257.032114	-139.104	-4.000	0.3457
33	1	tracking	-849.991601	68.807284	-257.601772	-164.104	-0.670	0.1404
33	2	tracking	-849.422535	68.751906	-258.196524	170.896	-8.670	0.1147
33	3	tracking	-848.951149	68.710040	-258.797665	153.407	-16.670	0.1101
33	4	tracking	-848.533079	68.685017	-259.402840	178.407	-24.670	0.1148
33	5	tracking	-848.135704	68.677907	-259.999512	-156.593	-32.670	0.0975
33	6	tracking	-847.761383	68.687936	-260.584443	-159.186	-40.670	0.1065
33	7	tracking	-847.390151	68.712344	-261.142272	-134.186	-46.375	0.1073
33	8	tracking	-847.002421	68.676951	-261.715058	-150.375	-42.740	0.0802
33	9	tracking	-846.676554	68.698707	-262.224734	-150.375	-34.740	0.0745
33	10	tracking	-846.361032	68.723481	-262.723126	-150.375	-26.740	0.0673
33	11	tracking	-846.054318	68.745986	-263.212185	-150.375	-18.740	0.0650
33	12	tracking	-845.741425	68.769874	-263.676059	-125.375	-26.740	0.0640
33	13	tracking	-845.418405	68.795618	-264.097469	-100.375	-34.740	0.0968
33	14	tracking	-845.091140	68.820524	-264.462650	-75.375	-42.740	0.0872
33	15	tracking	-844.771723	68.838928	-264.764989	-50.375	-50.740	0.0736
33	16	tracking	-844.460181	68.849268	-265.013131	-51.747	-42.740	0.0546
33	17	tracking	-844.167703	68.851106	-265.204672	-26.747	-34.740	0.0482
33	18	tracking	-843.893082	68.843505	-265.347510	-26.747	-26.740	0.0503
33	19	tracking	-843.635489	68.825333	-265.449171	-26.747	-25.689	0.0438
33	20	tracking	-843.405121	68.796939	-265.511812	-1.747	-17.689	0.0481
33	21	tracking	-843.210341	68.757658	-265.543241	23.253	-9.689	0.0412
33	22	tracking	-843.051431	68.707667	-265.552425	37.878	-7.940	0.0555
33	23	tracking	-842.922853	68.647551	-265.543880	37.878	-7.940	0.0386
33	24	tracking	-842.824728	68.576711	-265.527848	62.878	-15.940	0.0413
33	25	tracking	-842.752027	68.491312	-265.507567	67.848	-23.940	0.0365
33	26	tracking	-842.700115	68.385197	-265.484259	67.848	-31.940	0.0481
33	27	tracking	-842.665190	68.250642	-265.458880	67.848	-39.940	0.0319
33	28	tracking	-842.641444	68.079989	-265.428320	42.848	-47.168	0.0318
33	29	tracking	-842.623964	67.875184	-265.389668	17.848	-47.168	0.0327
33	30	tracking	-842.606686	67.638799	-265.341658	-7.152	-47.168	0.0289
33	31	tracking	-842.582987	67.373688	-265.285669	-32.152	-47.168	0.0276
33	32	tracking	-842.560165	67.071329	-265.222187	-7.152	-55.168	0.0302
33	33	tracking	-842.544378	66.733214	-265.151503	17.848	-55.963	0.0222
33	34	landing	-842.536712	66.373764	-265.068647	17.848	-47.963	0.0193
33	35	landing	-842.536782	65.995347	-264.973389	17.848	-47.963	0.0185
34	0	tracking	-850.645964	68.867102	-257.032114	-139.104	-4.000	0.1991
34	1	tracking	-849.991601	68.807284	-257.601772	-164.104	-0.670	0.1232
34	2	tracking	-849.422535	68.751906	-258.196524	170.896	-8.670	0.1117
34	3	tracking	-848.951149	68.710040	-258.797665	153.407	-16.670	0.1300
34	4	tracking	-848.533079	68.685017	-259.402840	178.407	-24.670	0.1043
34	5	tracking	-848.135704	68.677907	-259.999512	-156.593	-32.670	0.0986
34	6	tracking	-847.761383	68.687936	-260.584443	-159.186	-40.670	0.0917
34	7	tracking	-847.390151	68.712344	-261.142272	-134.186	-46.375	0.0906
34	8	tracking	-847.102421	68.776951	-261.715058	-150.375	-42.740	0.0852
34	9	tracking	-846.776554	68.798707	-262.224734	-150.375	-34.740	0.0804
34	10	tracking	-846.461032	68.823481	-262.723126	-150.375	-26.740	0.0807
34	11	tracking	-846.154318	68.845986	-263.212185	-150.375	-18.740	0.1380
34	12	tracking	-845.841425	68.869874	-263.676059	-125.375	-26.740	0.1350
34	13	tracking	-845.518405	68.895618	-264.097469	-100.375	-34.740	0.1473
34	14	tracking	-845.191140	68.920524	-264.462650	-75.375	-42.740	0.1093
34	15	tracking	-844.871723	68.938928	-264.764989	-50.375	-50.740	0.1250
34	16	tracking	-844.560181	68.949268	-265.013131	-51.747	-42.740	0.1107
34	17	tracking	-844.267703	68.951106	-265.204672	-26.747	-34.740	0.1064
34	18	tracking	-843.993082	68.943505	-265.347510	-26.747	-26.740	0.1013
34	19	tracking	-843.735489	68.925333	-265.449171	-26.747	-25.689	0.1127
34	20	tracking	-843.505121	68.896939	-265.511812	-1.747	-17.689	0.0803
34	21	tracking	-843.310341	68.857658	-265.543241	23.253	-9.689	0.1252
34	22	tracking	-843.151431	68.807667	-265.552425	37.878	-7.940	0.0645
34	23	tracking	-843.022853	68.747551	-265.543880	37.878	-7.940	0.0728
34	24	tracking	-842.924728	68.676711	-265.527848	62.878	-15.940	0.0385
34	25	tracking	-842.852027	68.591312	-265.507567	67.848	-23.940	0.0422
34	26	tracking	-842.800115	68.485197	-265.484259	67.848	-31.940	0.0335
34	27	tracking	-842.765190	68.350642	-265.458880	67.848	-39.940	0.0336
34	28	tracking	-842.741444	68.179989	-265.428320	42.848	-47.168	0.0314
34	29	tracking	-842.723964	67.975184	-265.389668	17.848	-47.168	0.0350
34	30	tracking	-842.706686	67.738799	-265.341658	-7.152	-47.168	0.0303
34	31	tracking	-842.682987	67.473688	-265.285669	-32.152	-47.168	0.0300
34	32	tracking	-842.660165	67.171329	-265.222187	-7.152	-55.168	0.0265
34	33	tracking	-842.644378	66.833214	-265.151503	17.848	-55.963	0.0251
34	34	landing	-842.636712	66.473764	-265.068647	17.848	-47.963	0.0224
34	35	landing	-842.636782	66.095347	-264.973389	17.848	-47.963	0.0210
34	36	landing	-842.644246	65.700299	-264.865528	17.848	-47.963	0.0177
35	0	tracking	-850.645964	68.867102	-257.032114	-139.104	-4.000	0.1641
35	1	tracking	-849.991601	68.807284	-257.601772	-164.104	-0.670	0.1143
35	2	tracking	-849.422535	68.751906	-258.196524	170.896	-8.670	0.1032
35	3	tracking	-848.951149	68.710040	-258.797665	153.407	-16.670	0.0984
35	4	tracking	-848.533079	68.685017	-259.402840	178.407	-24.670	0.1220
35	5	tracking	-848.135704	68.677907	-259.999512	-156.593	-32.670	0.1042
35	6	tracking	-847.761383	68.687936	-260.584443	-159.186	-40.670	0.0928
35	7	tracking	-847.390151	68.712344	-261.142272	-134.186	-46.375	0.0893
35	8	tracking	-847.002421	68.776951	-261.715058	-150.375	-42.740	0.0804
35	9	tracking	-846.676554	68.798707	-262.224734	-150.375	-34.740	0.0868
35	10	tracking	-846.361032	68.823481	-262.723126	-150.375	-26.740	0.0735
35	11	tracking	-846.054318	68.845986	-263.212185	-150.375	-18.740	0.0675
35	12	tracking	-845.741425	68.869874	-263.676059	-125.375	-26.740	0.0616
35	13	tracking	-845.418405	68.895618	-264.097469	-100.375	-34.740	0.0814
35	14	tracking	-845.091140	68.920524	-264.462650	-75.375	-42.740	0.0589
35	15	tracking	-844.771723	68.938928	-264.764989	-50.375	-50.740	0.0577
35	16	tracking	-844.460181	68.949268	-265.013131	-51.747	-42.740	0.0506
35	17	tracking	-844.167703	68.951106	-265.204672	-26.747	-34.740	0.0509
35	18	tracking	-843.893082	68.943505	-265.347510	-26.747	-26.740	0.0626
35	19	tracking	-843.635489	68.925333	-265.449171	-26.747	-25.689	0.0562
35	20	tracking	-843.405121	68.896939	-265.511812	-1.747	-17.689	0.0725
35	21	tracking	-843.210341	68.857658	-265.543241	23.253	-9.689	0.0634
35	22	tracking	-843.051431	68.807667	-265.552425	37.878	-7.940	0.0710
35	23	tracking	-842.922853	68.747551	-265.543880	37.878	-7.940	0.0691
35	24	tracking	-842.824728	68.676711	-265.527848	62.878	-15.940	0.0466
35	25	tracking	-842.752027	68.591312	-265.507567	67.848	-23.940	0.0343
35	26	tracking	-842.700115	68.485197	-265.484259	67.848	-31.940	0.0364
35	27	tracking	-842.665190	68.350642	-265.458880	67.848	-39.940	0.0318
35	28	tracking	-842.641444	68.179989	-265.428320	42.848	-47.168	0.0377
35	29	tracking	-842.623964	67.975184	-265.389668	17.848	-47.168	0.0302
35	30	tracking	-842.606686	67.738799	-265.341658	-7.152	-47.168	0.0427
35	31	tracking	-842.582987	67.473688	-265.285669	-32.152	-47.168	0.0500
35	32	tracking	-842.560165	67.171329	-265.222187	-7.152	-55.168	0.0264
35	33	tracking	-842.544378	66.833214	-265.151503	17.848	-55.963	0.0248
35	34	landing	-842.536712	66.473764	-265.068647	17.848	-47.963	0.0249
35	35	landing	-842.536782	66.095347	-264.973389	17.848	-47.963	0.0188
35	36	landing	-842.544246	65.700299	-264.865528	17.848	-47.963	0.0173
36	0	tracking	-850.645964	68.867102	-257.032114	-139.104	-4.000	0.2394
36	1	tracking	-849.991601	68.807284	-257.601772	-164.104	-0.670	0.1973
36	2	tracking	-849.422535	68.751906	-258.196524	170.896	-8.670	0.1225
36	3	tracking	-848.951149	68.710040	-258.797665	153.407	-16.670	0.1135
36	4	tracking	-848.533079	68.685017	-259.402840	178.407	-24.670	0.1186
36	5	tracking	-848.135704	68.677907	-259.999512	-156.593	-32.670	0.1101
36	6	tracking	-847.761383	68.687936	-260.584443	-159.186	-40.670	0.0933
36	7	tracking	-847.390151	68.712344	-261.142272	-134.186	-46.375	0.0915
36	8	tracking	-847.102421	68.676951	-261.615058	-150.375	-42.740	0.0947
36	9	tracking	-846.776554	68.698707	-262.124734	-150.375	-34.740	0.0936
36	10	tracking	-846.461032	68.723481	-262.623126	-150.375	-26.740	0.0778
36	11	tracking	-846.154318	68.745986	-263.112185	-150.375	-18.740	0.0722
36	12	tracking	-845.841425	68.769874	-263.576059	-125.375	-26.740	0.1857
36	13	tracking	-845.518405	68.795618	-263.997469	-100.375	-34.740	0.1380
36	14	tracking	-845.191140	68.820524	-264.362650	-75.375	-42.740	0.1215
36	15	tracking	-844.871723	68.838928	-264.664989	-50.375	-50.740	0.1218
36	16	tracking	-844.560181	68.849268	-264.913131	-51.747	-42.740	0.1001
36	17	tracking	-844.267703	68.851106	-265.104672	-26.747	-34.740	0.1043
36	18	tracking	-843.993082	68.843505	-265.247510	-26.747	-26.740	0.0988
36	19	tracking	-843.735489	68.825333	-265.349171	-26.747	-25.689	0.0902
36	20	tracking	-843.505121	68.796939	-265.411812	-1.747	-17.689	0.0915
36	21	tracking	-843.310341	68.757658	-265.443241	23.253	-9.689	0.1081
36	22	tracking	-843.151431	68.707667	-265.452425	37.878	-7.940	0.0863
36	23	tracking	-843.022853	68.647551	-265.443880	37.878	-7.940	0.0829
36	24	tracking	-842.924728	68.576711	-265.427848	62.878	-15.940	0.0962
36	25	tracking	-842.852027	68.491312	-265.407567	67.848	-23.940	0.0531
36	26	tracking	-842.800115	68.385197	-265.384259	67.848	-31.940	0.0381
36	27	tracking	-842.765190	68.250642	-265.358880	67.848	-39.940	0.0416
36	28	tracking	-842.741444	68.079989	-265.328320	42.848	-47.168	0.0326
36	29	tracking	-842.723964	67.875184	-265.289668	17.848	-47.168	0.0364
36	30	tracking	-842.706686	67.638799	-265.241658	-7.152	-47.168	0.0274
36	31	tracking	-842.682987	67.373688	-265.185669	-32.152	-47.168	0.0301
36	32	tracking	-842.660165	67.071329	-265.122187	-7.152	-55.168	0.0265
36	33	tracking	-842.644378	66.733214	-265.051503	17.848	-55.963	0.0221
36	34	landing	-842.636712	66.373764	-264.968647	17.848	-47.963	0.0284
36	35	landing	-842.636782	65.995347	-264.873389	17.848	-47.963	0.0217
37	0	tracking	-850.645964	68.867102	-257.032114	-139.104	-4.000	0.1710
37	1	tracking	-849.991601	68.807284	-257.601772	-164.104	-0.670	0.1222
37	2	tracking	-849.422535	68.751906	-258.196524	170.896	-8.670	0.1071
37	3	tracking	-848.951149	68.710040	-258.797665	153.407	-16.670	0.1026
37	4	tracking	-848.533079	68.685017	-259.402840	178.407	-24.670	0.0962
37	5	tracking	-848.135704	68.677907	-259.999512	-156.593	-32.670	0.0911
37	6	tracking	-847.761383	68.687936	-260.584443	-159.186	-40.670	0.0857
37	7	tracking	-847.390151	68.712344	-261.142272	-134.186	-46.375	0.0976
37	8	tracking	-847.002421	68.676951	-261.615058	-150.375	-42.740	0.0850
37	9	tracking	-846.676554	68.698707	-262.124734	-150.375	-34.740	0.0712
37	10	tracking	-846.361032	68.723481	-262.623126	-150.375	-26.740	0.0698
37	11	tracking	-846.054318	68.745986	-263.112185	-150.375	-18.740	0.0899
37	12	tracking	-845.741425	68.769874	-263.576059	-125.375	-26.740	0.0844
37	13	tracking	-845.418405	68.795618	-263.997469	-100.375	-34.740	0.0630
37	14	tracking	-845.091140	68.820524	-264.362650	-75.375	-42.740	0.0657
37	15	tracking	-844.771723	68.838928	-264.664989	-50.375	-50.740	0.0628
37	16	tracking	-844.460181	68.849268	-264.913131	-51.747	-42.740	0.0619
37	17	tracking	-844.167703	68.851106	-265.104672	-26.747	-34.740	0.0527
37	18	tracking	-843.893082	68.843505	-265.247510	-26.747	-26.740	0.0488
37	19	tracking	-843.635489	68.825333	-265.349171	-26.747	-25.689	0.0455
37	20	tracking	-843.405121	68.796939	-265.411812	-1.747	-17.689	0.0468
37	21	tracking	-843.210341	68.757658	-265.443241	23.253	-9.689	0.0450
37	22	tracking	-843.051431	68.707667	-265.452425	37.878	-7.940	0.0460
37	23	tracking	-842.922853	68.647551	-265.443880	37.878	-7.940	0.0371
37	24	tracking	-842.824728	68.576711	-265.427848	62.878	-15.940	0.0420
37	25	tracking	-842.752027	68.491312	-265.407567	67.848	-23.940	0.0326
37	26	tracking	-842.700115	68.385197	-265.384259	67.848	-31.940	0.0342
37	27	tracking	-842.665190	68.250642	-265.358880	67.848	-39.940	0.0300
37	28	tracking	-842.641444	68.079989	-265.328320	42.848	-47.168	0.0268
37	29	tracking	-842.623964	67.875184	-265.289668	17.848	-47.168	0.0296
37	30	tracking	-842.606686	67.638799	-265.241658	-7.152	-47.168	0.0232
37	31	tracking	-842.582987	67.373688	-265.185669	-32.152	-47.168	0.0205
37	32	tracking	-842.560165	67.071329	-265.122187	-7.152	-55.168	0.0254
37	33	tracking	-842.544378	66.733214	-265.051503	17.848	-55.963	0.0175
37	34	landing	-842.536712	66.373764	-264.968647	17.848	-47.963	0.0160
37	35	landing	-842.536782	65.995347	-264.873389	17.848	-47.963	0.0123
38	0	tracking	-850.645964	68.867102	-257.032114	-139.104	-4.000	0.3868
38	1	tracking	-849.991601	68.807284	-257.601772	-164.104	-0.670	0.2329
38	2	tracking	-849.422535	68.751906	-258.196524	170.896	-8.670	0.2178
38	3	tracking	-848.951149	68.710040	-258.797665	153.407	-16.670	0.2065
38	4	tracking	-848.533079	68.685017	-259.402840	178.407	-24.670	0.1982
38	5	tracking	-848.135704	68.677907	-259.999512	-156.593	-32.670	0.1944
38	6	tracking	-847.761383	68.687936	-260.584443	-159.186	-40.670	0.2463
38	7	tracking	-847.390151	68.712344	-261.142272	-134.186	-46.375	0.1169
38	8	tracking	-847.102421	68.776951	-261.615058	-150.375	-42.740	1.4266
38	9	tracking	-846.776554	68.798707	-262.124734	-150.375	-34.740	0.2109
38	10	tracking	-846.461032	68.823481	-262.623126	-150.375	-26.740	0.1567
38	11	tracking	-846.154318	68.845986	-263.112185	-150.375	-18.740	0.1495
38	12	tracking	-845.841425	68.869874	-263.576059	-125.375	-26.740	0.1427
38	13	tracking	-845.518405	68.895618	-263.997469	-100.375	-34.740	0.1403
38	14	tracking	-845.191140	68.920524	-264.362650	-75.375	-42.740	0.1680
38	15	tracking	-844.871723	68.938928	-264.664989	-50.375	-50.740	0.1825
38	16	tracking	-844.560181	68.949268	-264.913131	-51.747	-42.740	0.1969
38	17	tracking	-844.267703	68.951106	-265.104672	-26.747	-34.740	0.1360
38	18	tracking	-843.993082	68.943505	-265.247510	-26.747	-26.740	0.1443
38	19	tracking	-843.735489	68.925333	-265.349171	-26.747	-25.689	0.1495
38	20	tracking	-843.505121	68.896939	-265.411812	-1.747	-17.689	0.1206
38	21	tracking	-843.310341	68.857658	-265.443241	23.253	-9.689	0.1183
38	22	tracking	-843.151431	68.807667	-265.452425	37.878	-7.940	0.1168
38	23	tracking	-843.022853	68.747551	-265.443880	37.878	-7.940	0.1252
38	24	tracking	-842.924728	68.676711	-265.427848	62.878	-15.940	0.1126
38	25	tracking	-842.852027	68.591312	-265.407567	67.848	-23.940	0.1094
38	26	tracking	-842.800115	68.485197	-265.384259	67.848	-31.940	0.1307
38	27	tracking	-842.765190	68.350642	-265.358880	67.848	-39.940	0.1288
38	28	tracking	-842.741444	68.179989	-265.328320	42.848	-47.168	0.1049
38	29	tracking	-842.723964	67.975184	-265.289668	17.848	-47.168	0.1130
38	30	tracking	-842.706686	67.738799	-265.241658	-7.152	-47.168	0.1094
38	31	tracking	-842.682987	67.473688	-265.185669	-32.152	-47.168	0.0985
38	32	tracking	-842.660165	67.171329	-265.122187	-7.152	-55.168	0.1068
38	33	tracking	-842.644378	66.833214	-265.051503	17.848	-55.963	0.1124
38	34	landing	-842.644512	66.473764	-264.973214	42.848	-47.963	0.0238
38	35	landing	-842.659702	66.094889	-264.887212	42.848	-47.963	0.0216
38	36	landing	-842.689280	65.698673	-264.793288	42.848	-47.963	0.0183
39	0	tracking	-850.645964	68.867102	-257.032114	-139.104	-4.000	0.1640
39	1	tracking	-849.991601	68.807284	-257.601772	-164.104	-0.670	0.1138
39	2	tracking	-849.422535	68.751906	-258.196524	170.896	-8.670	0.1031
39	3	tracking	-848.951149	68.710040	-258.797665	153.407	-16.670	0.1046
39	4	tracking	-848.533079	68.685017	-259.402840	178.407	-24.670	0.1139
39	5	tracking	-848.135704	68.677907	-259.999512	-156.593	-32.670	0.0881
39	6	tracking	-847.761383	68.687936	-260.584443	-159.186	-40.670	0.0845
39	7	tracking	-847.390151	68.712344	-261.142272	-134.186	-46.375	0.0827
39	8	tracking	-847.002421	68.776951	-261.615058	-150.375	-42.740	0.1127
39	9	tracking	-846.676554	68.798707	-262.124734	-150.375	-34.740	0.1009
39	10	tracking	-846.361032	68.823481	-262.623126	-150.375	-26.740	0.0927
39	11	tracking	-846.054318	68.845986	-263.112185	-150.375	-18.740	0.0903
39	12	tracking	-845.741425	68.869874	-263.576059	-125.375	-26.740	0.0861
39	13	tracking	-845.418405	68.895618	-263.997469	-100.375	-34.740	0.0894
39	14	tracking	-845.091140	68.920524	-264.362650	-75.375	-42.740	0.0818
39	15	tracking	-844.771723	68.938928	-264.664989	-50.375	-50.740	0.0812
39	16	tracking	-844.460181	68.949268	-264.913131	-51.747	-42.740	0.0778
39	17	tracking	-844.167703	68.951106	-265.104672	-26.747	-34.740	0.0775
39	18	tracking	-843.893082	68.943505	-265.247510	-26.747	-26.740	0.0816
39	19	tracking	-843.635489	68.925333	-265.349171	-26.747	-25.689	0.0820
39	20	tracking	-843.405121	68.896939	-265.411812	-1.747	-17.689	0.0699
39	21	tracking	-843.210341	68.857658	-265.443241	23.253	-9.689	0.0682
39	22	tracking	-843.051431	68.807667	-265.452425	37.878	-7.940	0.0661
39	23	tracking	-842.922853	68.747551	-265.443880	37.878	-7.940	0.0832
39	24	tracking	-842.824728	68.676711	-265.427848	62.878	-15.940	0.1048
39	25	tracking	-842.752027	68.591312	-265.407567	67.848	-23.940	0.1298
39	26	tracking	-842.700115	68.485197	-265.384259	67.848	-31.940	0.0816
39	27	tracking	-842.665190	68.350642	-265.358880	67.848	-39.940	0.0591
39	28	tracking	-842.641444	68.179989	-265.328320	42.848	-47.168	0.0559
39	29	tracking	-842.623964	67.975184	-265.289668	17.848	-47.168	0.0578
39	30	tracking	-842.606686	67.738799	-265.241658	-7.152	-47.168	0.0538
39	31	tracking	-842.582987	67.473688	-265.185669	-32.152	-47.168	0.0508
39	32	tracking	-842.560165	67.171329	-265.122187	-7.152	-55.168	0.0646
39	33	tracking	-842.544378	66.833214	-265.051503	17.848	-55.963	0.0609
39	34	landing	-842.540704	66.473764	-264.970412	29.848	-47.963	0.0207
39	35	landing	-842.548564	66.095157	-264.878758	29.848	-47.963	0.0228
39	36	landing	-842.567472	65.699628	-264.776349	29.848	-47.963	0.0238
40	0	tracking	-850.645964	68.867102	-257.032114	-139.104	-4.000	0.1885
40	1	tracking	-849.991601	68.807284	-257.601772	-164.104	-0.670	0.1162
40	2	tracking	-849.422535	68.751906	-258.196524	170.896	-8.670	0.1272
40	3	tracking	-848.951149	68.710040	-258.797665	153.407	-16.670	0.1065
40	4	tracking	-848.533079	68.685017	-259.402840	178.407	-24.670	0.0961
40	5	tracking	-848.135704	68.677907	-259.999512	-156.593	-32.670	0.0904
40	6	tracking	-847.761383	68.687936	-260.584443	-159.186	-40.670	0.0874
40	7	tracking	-847.390151	68.712344	-261.142272	-134.186	-46.375	0.0874
40	8	tracking	-847.065941	68.678885	-261.716535	-150.375	-42.740	0.0798
40	9	tracking	-846.706783	68.703962	-262.228913	-150.375	-34.740	0.0745
40	10	tracking	-846.360863	68.732902	-262.731005	-150.375	-26.740	0.0687
40	11	tracking	-846.026261	68.760166	-263.224772	-150.375	-18.740	0.0691
40	12	tracking	-845.687499	68.789427	-263.693567	-125.375	-26.740	0.0647
40	13	tracking	-845.340288	68.821430	-264.119570	-100.375	-34.740	0.0584
40	14	tracking	-844.990413	68.853723	-264.488569	-75.375	-42.740	0.0585
40	15	tracking	-844.650057	68.880836	-264.793651	-50.375	-50.740	0.0673
40	16	tracking	-844.319173	68.900721	-265.043697	-51.747	-42.740	0.0565
40	17	tracking	-844.009137	68.912457	-265.236291	-26.747	-34.740	0.0487
40	18	tracking	-843.718613	68.914650	-265.379557	-26.747	-26.740	0.0505
40	19	tracking	-843.446630	68.906079	-265.481159	-26.747	-25.689	0.0522
40	20	tracking	-843.203428	68.886751	-265.543341	-1.747	-17.689	0.0588
40	21	tracking	-842.997354	68.855750	-265.574033	23.253	-9.689	0.0530
40	22	tracking	-842.828575	68.813270	-265.582310	37.878	-7.940	0.0442
40	23	tracking	-842.691368	68.759963	-265.572748	37.878	-7.940	0.0466
40	24	tracking	-842.585744	68.695477	-265.555712	62.878	-15.940	0.0412
40	25	tracking	-842.506515	68.616170	-265.534473	67.848	-23.940	0.0390
40	26	tracking	-842.448911	68.516029	-265.510262	67.848	-31.940	0.0367
40	27	tracking	-842.409018	68.387435	-265.484035	67.848	-39.940	0.0361
40	28	tracking	-842.380905	68.222774	-265.452656	42.848	-47.168	0.0340
40	29	tracking	-842.359535	68.023885	-265.413272	17.848	-47.168	0.0369
40	30	tracking	-842.338800	67.793249	-265.364678	-7.152	-47.168	0.0314
40	31	tracking	-842.312076	67.533678	-265.308258	-32.152	-47.168	0.0326
40	32	tracking	-842.286566	67.236739	-265.244439	-7.152	-55.168	0.0308
40	33	tracking	-842.268363	66.903901	-265.173515	17.848	-55.963	0.0336
40	34	landing	-842.258498	66.549465	-265.090590	17.848	-47.963	0.0270
40	35	landing	-842.256554	66.175770	-264.995441	17.848	-47.963	0.0213
40	36	landing	-842.262164	65.785134	-264.887863	17.848	-47.963	0.0213
41	0	tracking	-850.645964	68.867102	-257.032114	-139.104	-4.000	0.1977
41	1	tracking	-849.991601	68.807284	-257.601772	-164.104	-0.670	0.1268
41	2	tracking	-849.422535	68.751906	-258.196524	170.896	-8.670	0.1175
41	3	tracking	-848.951149	68.710040	-258.797665	153.407	-16.670	0.1224
41	4	tracking	-848.533079	68.685017	-259.402840	178.407	-24.670	0.1035
41	5	tracking	-848.135704	68.677907	-259.999512	-156.593	-32.670	0.0955
41	6	tracking	-847.761383	68.687936	-260.584443	-159.186	-40.670	0.0962
41	7	tracking	-847.390151	68.712344	-261.142272	-134.186	-46.375	0.1000
41	8	tracking	-846.965941	68.678885	-261.716535	-150.375	-42.740	0.0807
41	9	tracking	-846.606783	68.703962	-262.228913	-150.375	-34.740	0.0778
41	10	tracking	-846.260863	68.732902	-262.731005	-150.375	-26.740	0.0919
41	11	tracking	-845.926261	68.760166	-263.224772	-150.375	-18.740	0.0677
41	12	tracking	-845.587499	68.789427	-263.693567	-125.375	-26.740	0.0622
41	13	tracking	-845.240288	68.821430	-264.119570	-100.375	-34.740	0.0650
41	14	tracking	-844.890413	68.853723	-264.488569	-75.375	-42.740	0.0604
41	15	tracking	-844.550057	68.880836	-264.793651	-50.375	-50.740	0.0588
41	16	tracking	-844.219173	68.900721	-265.043697	-51.747	-42.740	0.0538
41	17	tracking	-843.909137	68.912457	-265.236291	-26.747	-34.740	0.0546
41	18	tracking	-843.618613	68.914650	-265.379557	-26.747	-26.740	0.0537
41	19	tracking	-843.346630	68.906079	-265.481159	-26.747	-25.689	0.0467
41	20	tracking	-843.103428	68.886751	-265.543341	-1.747	-17.689	0.0480
41	21	tracking	-842.897354	68.855750	-265.574033	23.253	-9.689	0.0501
41	22	tracking	-842.728575	68.813270	-265.582310	37.878	-7.940	0.0425
41	23	tracking	-842.591368	68.759963	-265.572748	37.878	-7.940	0.0481
41	24	tracking	-842.485744	68.695477	-265.555712	62.878	-15.940	0.0391
41	25	tracking	-842.406515	68.616170	-265.534473	67.848	-23.940	0.0427
41	26	tracking	-842.348911	68.516029	-265.510262	67.848	-31.940	0.0357
41	27	tracking	-842.309018	68.387435	-265.484035	67.848	-39.940	0.0374
41	28	tracking	-842.280905	68.222774	-265.452656	42.848	-47.168	0.0321
41	29	tracking	-842.259535	68.023885	-265.413272	17.848	-47.168	0.0430
41	30	tracking	-842.238800	67.793249	-265.364678	-7.152	-47.168	0.0380
41	31	tracking	-842.212076	67.533678	-265.308258	-32.152	-47.168	0.0449
41	32	tracking	-842.186566	67.236739	-265.244439	-7.152	-55.168	0.0316
41	33	tracking	-842.168363	66.903901	-265.173515	17.848	-55.963	0.0251
41	34	landing	-842.158498	66.549465	-265.090590	17.848	-47.963	0.0232
41	35	landing	-842.156554	66.175770	-264.995441	17.848	-47.963	0.0403
41	36	landing	-842.162164	65.785134	-264.887863	17.848	-47.963	0.0358
42	0	tracking	-850.645964	68.867102	-257.032114	-139.104	-4.000	0.1874
42	1	tracking	-849.991601	68.807284	-257.601772	-164.104	-0.670	0.1281
42	2	tracking	-849.422535	68.751906	-258.196524	170.896	-8.670	0.1362
42	3	tracking	-848.951149	68.710040	-258.797665	153.407	-16.670	0.1129
42	4	tracking	-848.533079	68.685017	-259.402840	178.407	-24.670	0.1019
42	5	tracking	-848.135704	68.677907	-259.999512	-156.593	-32.670	0.0958
42	6	tracking	-847.761383	68.687936	-260.584443	-159.186	-40.670	0.0959
42	7	tracking	-847.390151	68.712344	-261.142272	-134.186	-46.375	0.0906
42	8	tracking	-847.065941	68.778885	-261.716535	-150.375	-42.740	0.0875
42	9	tracking	-846.706783	68.803962	-262.228913	-150.375	-34.740	0.0773
42	10	tracking	-846.360863	68.832902	-262.731005	-150.375	-26.740	0.0712
42	11	tracking	-846.026261	68.860166	-263.224772	-150.375	-18.740	0.0720
42	12	tracking	-845.687499	68.889427	-263.693567	-125.375	-26.740	0.0971
42	13	tracking	-845.340288	68.921430	-264.119570	-100.375	-34.740	0.0701
42	14	tracking	-844.990413	68.953723	-264.488569	-75.375	-42.740	0.0632
42	15	tracking	-844.650057	68.980836	-264.793651	-50.375	-50.740	0.0586
42	16	tracking	-844.319173	69.000721	-265.043697	-51.747	-42.740	0.0643
42	17	tracking	-844.009137	69.012457	-265.236291	-26.747	-34.740	0.0629
42	18	tracking	-843.718613	69.014650	-265.379557	-26.747	-26.740	0.0532
42	19	tracking	-843.446630	69.006079	-265.481159	-26.747	-25.689	0.0494
42	20	tracking	-843.203428	68.986751	-265.543341	-1.747	-17.689	0.0505
42	21	tracking	-842.997354	68.955750	-265.574033	23.253	-9.689	0.0474
42	22	tracking	-842.828575	68.913270	-265.582310	37.878	-7.940	0.0470
42	23	tracking	-842.691368	68.859963	-265.572748	37.878	-7.940	0.0452
42	24	tracking	-842.585744	68.795477	-265.555712	62.878	-15.940	0.0422
42	25	tracking	-842.506515	68.716170	-265.534473	67.848	-23.940	0.0419
42	26	tracking	-842.448911	68.616029	-265.510262	67.848	-31.940	0.0364
42	27	tracking	-842.409018	68.487435	-265.484035	67.848	-39.940	0.0391
42	28	tracking	-842.380905	68.322774	-265.452656	42.848	-47.168	0.0334
42	29	tracking	-842.359535	68.123885	-265.413272	17.848	-47.168	0.0372
42	30	tracking	-842.338800	67.893249	-265.364678	-7.152	-47.168	0.0329
42	31	tracking	-842.312076	67.633678	-265.308258	-32.152	-47.168	0.0287
42	32	tracking	-842.286566	67.336739	-265.244439	-7.152	-55.168	0.0311
42	33	tracking	-842.268363	67.003901	-265.173515	17.848	-55.963	0.0272
42	34	landing	-842.258498	66.649465	-265.090590	17.848	-47.963	0.0258
42	35	landing	-842.256554	66.275770	-264.995441	17.848	-47.963	0.0244
42	36	landing	-842.262164	65.885134	-264.887863	17.848	-47.963	0.0199
43	0	tracking	-850.645964	68.867102	-257.032114	-139.104	-4.000	0.1658
43	1	tracking	-849.991601	68.807284	-257.601772	-164.104	-0.670	0.1482
43	2	tracking	-849.422535	68.751906	-258.196524	170.896	-8.670	0.1277
43	3	tracking	-848.951149	68.710040	-258.797665	153.407	-16.670	0.1109
43	4	tracking	-848.533079	68.685017	-259.402840	178.407	-24.670	0.1003
43	5	tracking	-848.135704	68.677907	-259.999512	-156.593	-32.670	0.0951
43	6	tracking	-847.761383	68.687936	-260.584443	-159.186	-40.670	0.0918
43	7	tracking	-847.390151	68.712344	-261.142272	-134.186	-46.375	0.0905
43	8	tracking	-846.965941	68.778885	-261.716535	-150.375	-42.740	0.0808
43	9	tracking	-846.606783	68.803962	-262.228913	-150.375	-34.740	0.0803
43	10	tracking	-846.260863	68.832902	-262.731005	-150.375	-26.740	0.0747
43	11	tracking	-845.926261	68.860166	-263.224772	-150.375	-18.740	0.0732
43	12	tracking	-845.587499	68.889427	-263.693567	-125.375	-26.740	0.0676
43	13	tracking	-845.240288	68.921430	-264.119570	-100.375	-34.740	0.0658
43	14	tracking	-844.890413	68.953723	-264.488569	-75.375	-42.740	0.0980
43	15	tracking	-844.550057	68.980836	-264.793651	-50.375	-50.740	0.0643
43	16	tracking	-844.219173	69.000721	-265.043697	-51.747	-42.740	0.0570
43	17	tracking	-843.909137	69.012457	-265.236291	-26.747	-34.740	0.0538
43	18	tracking	-843.618613	69.014650	-265.379557	-26.747	-26.740	0.0498
43	19	tracking	-843.346630	69.006079	-265.481159	-26.747	-25.689	0.0600
43	20	tracking	-843.103428	68.986751	-265.543341	-1.747	-17.689	0.0535
43	21	tracking	-842.897354	68.955750	-265.574033	23.253	-9.689	0.0453
43	22	tracking	-842.728575	68.913270	-265.582310	37.878	-7.940	0.0476
43	23	tracking	-842.591368	68.859963	-265.572748	37.878	-7.940	0.0616
43	24	tracking	-842.485744	68.795477	-265.555712	62.878	-15.940	0.0411
43	25	tracking	-842.406515	68.716170	-265.534473	67.848	-23.940	0.0440
43	26	tracking	-842.348911	68.616029	-265.510262	67.848	-31.940	0.0364
43	27	tracking	-842.309018	68.487435	-265.484035	67.848	-39.940	0.0341
43	28	tracking	-842.280905	68.322774	-265.452656	42.848	-47.168	0.0330
43	29	tracking	-842.259535	68.123885	-265.413272	17.848	-47.168	0.0319
43	30	tracking	-842.238800	67.893249	-265.364678	-7.152	-47.168	0.0483
43	31	tracking	-842.212076	67.633678	-265.308258	-32.152	-47.168	0.0298
43	32	tracking	-842.186566	67.336739	-265.244439	-7.152	-55.168	0.0329
43	33	tracking	-842.168363	67.003901	-265.173515	17.848	-55.963	0.0268
43	34	landing	-842.158498	66.649465	-265.090590	17.848	-47.963	0.0229
43	35	landing	-842.156554	66.275770	-264.995441	17.848	-47.963	0.0241
43	36	landing	-842.162164	65.885134	-264.887863	17.848	-47.963	0.0198
44	0	tracking	-850.645964	68.867102	-257.032114	-139.104	-4.000	0.1742
44	1	tracking	-849.991601	68.807284	-257.601772	-164.104	-0.670	0.1193
44	2	tracking	-849.422535	68.751906	-258.196524	170.896	-8.670	0.1117
44	3	tracking	-848.951149	68.710040	-258.797665	153.407	-16.670	0.1070
44	4	tracking	-848.533079	68.685017	-259.402840	178.407	-24.670	0.0996
44	5	tracking	-848.135704	68.677907	-259.999512	-156.593	-32.670	0.0944
44	6	tracking	-847.761383	68.687936	-260.584443	-159.186	-40.670	0.1042
44	7	tracking	-847.390151	68.712344	-261.142272	-134.186	-46.375	0.0911
44	8	tracking	-847.065941	68.678885	-261.616535	-150.375	-42.740	0.3003
44	9	tracking	-846.706783	68.703962	-262.128913	-150.375	-34.740	0.2537
44	10	tracking	-846.360863	68.732902	-262.631005	-150.375	-26.740	0.1798
44	11	tracking	-846.026261	68.760166	-263.124772	-150.375	-18.740	0.1281
44	12	tracking	-845.687499	68.789427	-263.593567	-125.375	-26.740	0.1099
44	13	tracking	-845.340288	68.821430	-264.019570	-100.375	-34.740	0.1275
44	14	tracking	-844.990413	68.853723	-264.388569	-75.375	-42.740	0.1066
44	15	tracking	-844.650057	68.880836	-264.693651	-50.375	-50.740	0.1149
44	16	tracking	-844.319173	68.900721	-264.943697	-51.747	-42.740	0.1207
44	17	tracking	-844.009137	68.912457	-265.136291	-26.747	-34.740	0.1094
44	18	tracking	-843.718613	68.914650	-265.279557	-26.747	-26.740	0.0974
44	19	tracking	-843.446630	68.906079	-265.381159	-26.747	-25.689	0.1041
44	20	tracking	-843.203428	68.886751	-265.443341	-1.747	-17.689	0.1023
44	21	tracking	-842.997354	68.855750	-265.474033	23.253	-9.689	0.0870
44	22	tracking	-842.828575	68.813270	-265.482310	37.878	-7.940	0.3008
44	23	tracking	-842.691368	68.759963	-265.472748	37.878	-7.940	0.1217
44	24	tracking	-842.585744	68.695477	-265.455712	62.878	-15.940	0.1020
44	25	tracking	-842.506515	68.616170	-265.434473	67.848	-23.940	0.0878
44	26	tracking	-842.448911	68.516029	-265.410262	67.848	-31.940	0.0851
44	27	tracking	-842.409018	68.387435	-265.384035	67.848	-39.940	0.0893
44	28	tracking	-842.380905	68.222774	-265.352656	42.848	-47.168	0.0914
44	29	tracking	-842.359535	68.023885	-265.313272	17.848	-47.168	0.0771
44	30	tracking	-842.338800	67.793249	-265.264678	-7.152	-47.168	0.0664
44	31	tracking	-842.312076	67.533678	-265.208258	-32.152	-47.168	0.0700
44	32	tracking	-842.286566	67.236739	-265.144439	-7.152	-55.168	0.0721
44	33	tracking	-842.268363	66.903901	-265.073515	17.848	-55.963	0.0769
44	34	landing	-842.262461	66.549465	-264.992342	29.848	-47.963	0.0251
44	35	landing	-842.268244	66.175573	-264.900776	29.848	-47.963	0.0219
44	36	landing	-842.285198	65.784433	-264.798623	29.848	-47.963	0.0274
45	0	tracking	-850.645964	68.867102	-257.032114	-139.104	-4.000	0.1909
45	1	tracking	-849.991601	68.807284	-257.601772	-164.104	-0.670	0.1504
45	2	tracking	-849.422535	68.751906	-258.196524	170.896	-8.670	0.1222
45	3	tracking	-848.951149	68.710040	-258.797665	153.407	-16.670	0.1080
45	4	tracking	-848.533079	68.685017	-259.402840	178.407	-24.670	0.1032
45	5	tracking	-848.135704	68.677907	-259.999512	-156.593	-32.670	0.0968
45	6	tracking	-847.761383	68.687936	-260.584443	-159.186	-40.670	0.0936
45	7	tracking	-847.390151	68.712344	-261.142272	-134.186	-46.375	0.1149
45	8	tracking	-846.965941	68.678885	-261.616535	-150.375	-42.740	0.1413
45	9	tracking	-846.606783	68.703962	-262.128913	-150.375	-34.740	0.1288
45	10	tracking	-846.260863	68.732902	-262.631005	-150.375	-26.740	0.1114
45	11	tracking	-845.926261	68.760166	-263.124772	-150.375	-18.740	0.1307
45	12	tracking	-845.587499	68.789427	-263.593567	-125.375	-26.740	0.1112
45	13	tracking	-845.240288	68.821430	-264.019570	-100.375	-34.740	0.1007
45	14	tracking	-844.890413	68.853723	-264.388569	-75.375	-42.740	0.1186
45	15	tracking	-844.550057	68.880836	-264.693651	-50.375	-50.740	0.1051
45	16	tracking	-844.219173	68.900721	-264.943697	-51.747	-42.740	0.1082
45	17	tracking	-843.909137	68.912457	-265.136291	-26.747	-34.740	0.0877
45	18	tracking	-843.618613	68.914650	-265.279557	-26.747	-26.740	0.0855
45	19	tracking	-843.346630	68.906079	-265.381159	-26.747	-25.689	0.0853
45	20	tracking	-843.103428	68.886751	-265.443341	-1.747	-17.689	0.0833
45	21	tracking	-842.897354	68.855750	-265.474033	23.253	-9.689	0.0951
45	22	tracking	-842.728575	68.813270	-265.482310	37.878	-7.940	0.0814
45	23	tracking	-842.591368	68.759963	-265.472748	37.878	-7.940	0.0767
45	24	tracking	-842.485744	68.695477	-265.455712	62.878	-15.940	0.0747
45	25	tracking	-842.406515	68.616170	-265.434473	67.848	-23.940	0.1397
45	26	tracking	-842.348911	68.516029	-265.410262	67.848	-31.940	0.0820
45	27	tracking	-842.309018	68.387435	-265.384035	67.848	-39.940	0.0734
45	28	tracking	-842.280905	68.222774	-265.352656	42.848	-47.168	0.0721
45	29	tracking	-842.259535	68.023885	-265.313272	17.848	-47.168	0.0671
45	30	tracking	-842.238800	67.793249	-265.264678	-7.152	-47.168	0.0796
45	31	tracking	-842.212076	67.533678	-265.208258	-32.152	-47.168	0.0856
45	32	tracking	-842.186566	67.236739	-265.144439	-7.152	-55.168	0.0648
45	33	tracking	-842.168363	66.903901	-265.073515	17.848	-55.963	0.0759
45	34	landing	-842.162461	66.549465	-264.992342	29.848	-47.963	0.0350
45	35	landing	-842.168244	66.175573	-264.900776	29.848	-47.963	0.0458
45	36	landing	-842.185198	65.784433	-264.798623	29.848	-47.963	0.0228
46	0	tracking	-850.645964	68.867102	-257.032114	-139.104	-4.000	0.1664
46	1	tracking	-849.991601	68.807284	-257.601772	-164.104	-0.670	0.1191
46	2	tracking	-849.422535	68.751906	-258.196524	170.896	-8.670	0.1100
46	3	tracking	-848.951149	68.710040	-258.797665	153.407	-16.670	0.1197
46	4	tracking	-848.533079	68.685017	-259.402840	178.407	-24.670	0.0982
46	5	tracking	-848.135704	68.677907	-259.999512	-156.593	-32.670	0.0942
46	6	tracking	-847.761383	68.687936	-260.584443	-159.186	-40.670	0.0885
46	7	tracking	-847.390151	68.712344	-261.142272	-134.186	-46.375	0.0910
46	8	tracking	-847.065941	68.778885	-261.616535	-150.375	-42.740	0.1731
46	9	tracking	-846.706783	68.803962	-262.128913	-150.375	-34.740	0.1324
46	10	tracking	-846.360863	68.832902	-262.631005	-150.375	-26.740	0.1501
46	11	tracking	-846.026261	68.860166	-263.124772	-150.375	-18.740	0.1191
46	12	tracking	-845.687499	68.889427	-263.593567	-125.375	-26.740	0.1140
46	13	tracking	-845.340288	68.921430	-264.019570	-100.375	-34.740	0.1045
46	14	tracking	-844.990413	68.953723	-264.388569	-75.375	-42.740	0.1007
46	15	tracking	-844.650057	68.980836	-264.693651	-50.375	-50.740	0.0945
46	16	tracking	-844.319173	69.000721	-264.943697	-51.747	-42.740	0.0950
46	17	tracking	-844.009137	69.012457	-265.136291	-26.747	-34.740	0.0855
46	18	tracking	-843.718613	69.014650	-265.279557	-26.747	-26.740	0.0877
46	19	tracking	-843.446630	69.006079	-265.381159	-26.747	-25.689	0.0934
46	20	tracking	-843.203428	68.986751	-265.443341	-1.747	-17.689	0.0814
46	21	tracking	-842.997354	68.955750	-265.474033	23.253	-9.689	0.0846
46	22	tracking	-842.828575	68.913270	-265.482310	37.878	-7.940	0.0957
46	23	tracking	-842.691368	68.859963	-265.472748	37.878	-7.940	0.0957
46	24	tracking	-842.585744	68.795477	-265.455712	62.878	-15.940	0.0847
46	25	tracking	-842.506515	68.716170	-265.434473	67.848	-23.940	0.0750
46	26	tracking	-842.448911	68.616029	-265.410262	67.848	-31.940	0.0733
46	27	tracking	-842.409018	68.487435	-265.384035	67.848	-39.940	0.0713
46	28	tracking	-842.380905	68.322774	-265.352656	42.848	-47.168	0.0689
46	29	tracking	-842.359535	68.123885	-265.313272	17.848	-47.168	0.0664
46	30	tracking	-842.338800	67.893249	-265.264678	-7.152	-47.168	0.0667
46	31	tracking	-842.312076	67.633678	-265.208258	-32.152	-47.168	0.0634
46	32	tracking	-842.286566	67.336739	-265.144439	-7.152	-55.168	0.0625
46	33	tracking	-842.268363	67.003901	-265.073515	17.848	-55.963	0.0617
46	34	landing	-842.262461	66.649465	-264.992342	29.848	-47.963	0.0218
46	35	landing	-842.268244	66.275573	-264.900776	29.848	-47.963	0.0192
46	36	landing	-842.285198	65.884433	-264.798623	29.848	-47.963	0.0219
47	0	tracking	-850.645964	68.867102	-257.032114	-139.104	-4.000	0.1925
47	1	tracking	-849.991601	68.807284	-257.601772	-164.104	-0.670	0.1145
47	2	tracking	-849.422535	68.751906	-258.196524	170.896	-8.670	0.1169
47	3	tracking	-848.951149	68.710040	-258.797665	153.407	-16.670	0.1065
47	4	tracking	-848.533079	68.685017	-259.402840	178.407	-24.670	0.1009
47	5	tracking	-848.135704	68.677907	-259.999512	-156.593	-32.670	0.0996
47	6	tracking	-847.761383	68.687936	-260.584443	-159.186	-40.670	0.0882
47	7	tracking	-847.390151	68.712344	-261.142272	-134.186	-46.375	0.0857
47	8	tracking	-846.965941	68.778885	-261.616535	-150.375	-42.740	0.1196
47	9	tracking	-846.606783	68.803962	-262.128913	-150.375	-34.740	0.1106
47	10	tracking	-846.260863	68.832902	-262.631005	-150.375	-26.740	0.1048
47	11	tracking	-845.926261	68.860166	-263.124772	-150.375	-18.740	0.1032
47	12	tracking	-845.587499	68.889427	-263.593567	-125.375	-26.740	0.1084
47	13	tracking	-845.240288	68.921430	-264.019570	-100.375	-34.740	0.0963
47	14	tracking	-844.890413	68.953723	-264.388569	-75.375	-42.740	0.1039
47	15	tracking	-844.550057	68.980836	-264.693651	-50.375	-50.740	0.0948
47	16	tracking	-844.219173	69.000721	-264.943697	-51.747	-42.740	0.0984
47	17	tracking	-843.909137	69.012457	-265.136291	-26.747	-34.740	0.0928
47	18	tracking	-843.618613	69.014650	-265.279557	-26.747	-26.740	0.1087
47	19	tracking	-843.346630	69.006079	-265.381159	-26.747	-25.689	0.0918
47	20	tracking	-843.103428	68.986751	-265.443341	-1.747	-17.689	0.1127
47	21	tracking	-842.897354	68.955750	-265.474033	23.253	-9.689	0.0811
47	22	tracking	-842.728575	68.913270	-265.482310	37.878	-7.940	0.0789
47	23	tracking	-842.591368	68.859963	-265.472748	37.878	-7.940	0.0794
47	24	tracking	-842.485744	68.795477	-265.455712	62.878	-15.940	0.0769
47	25	tracking	-842.406515	68.716170	-265.434473	67.848	-23.940	0.0742
47	26	tracking	-842.348911	68.616029	-265.410262	67.848	-31.940	0.0732
47	27	tracking	-842.309018	68.487435	-265.384035	67.848	-39.940	0.0714
47	28	tracking	-842.280905	68.322774	-265.352656	42.848	-47.168	0.0718
47	29	tracking	-842.259535	68.123885	-265.313272	17.848	-47.168	0.0668
47	30	tracking	-842.238800	67.893249	-265.264678	-7.152	-47.168	0.0786
47	31	tracking	-842.212076	67.633678	-265.208258	-32.152	-47.168	0.2499
47	32	tracking	-842.186566	67.336739	-265.144439	-7.152	-55.168	0.1442
47	33	tracking	-842.168363	67.003901	-265.073515	17.848	-55.963	0.1250
47	34	landing	-842.162461	66.649465	-264.992342	29.848	-47.963	0.0390
47	35	landing	-842.168244	66.275573	-264.900776	29.848	-47.963	0.0350
47	36	landing	-842.185198	65.884433	-264.798623	29.848	-47.963	0.0484
48	0	tracking	-850.645964	68.867102	-257.032114	-139.104	-4.000	0.3280
48	1	tracking	-849.991601	68.807284	-257.601772	-164.104	-0.670	0.1822
48	2	tracking	-849.422535	68.751906	-258.196524	170.896	-8.670	0.1231
48	3	tracking	-848.951149	68.710040	-258.797665	153.407	-16.670	0.1087
48	4	tracking	-848.533079	68.685017	-259.402840	178.407	-24.670	0.0985
48	5	tracking	-848.135704	68.677907	-259.999512	-156.593	-32.670	0.0990
48	6	tracking	-847.761383	68.687936	-260.584443	-159.186	-40.670	0.0934
48	7	tracking	-847.390151	68.712344	-261.142272	-134.186	-46.375	0.1217
48	8	tracking	-847.103371	68.714036	-261.713386	-150.375	-42.740	0.2773
48	9	tracking	-846.779166	68.770353	-262.220142	-150.375	-34.740	0.2228
48	10	tracking	-846.465627	68.827994	-262.715047	-150.375	-26.740	0.1379
48	11	tracking	-846.160908	68.882424	-263.200595	-150.375	-18.740	0.1147
48	12	tracking	-845.850626	68.936615	-263.660751	-125.375	-26.740	0.1538
48	13	tracking	-845.531206	68.990701	-264.078615	-100.375	-34.740	0.1099
48	14	tracking	-845.208529	69.041799	-264.440997	-75.375	-42.740	0.1012
48	15	tracking	-844.894203	69.084342	-264.741672	-50.375	-50.740	0.1037
48	16	tracking	-844.588392	69.116652	-264.989274	-51.747	-42.740	0.1070
48	17	tracking	-844.301785	69.138223	-265.181851	-26.747	-34.740	0.0996
48	18	tracking	-844.033188	69.148173	-265.327185	-26.747	-26.740	0.0914
48	19	tracking	-843.781690	69.145579	-265.432514	-26.747	-25.689	0.0922
48	20	tracking	-843.556802	69.130904	-265.500057	-1.747	-17.689	0.0867
48	21	tracking	-843.366292	69.103677	-265.537281	23.253	-9.689	0.0919
48	22	tracking	-843.210356	69.064287	-265.552697	37.878	-7.940	0.1074
48	23	tracking	-843.083716	69.013496	-265.550620	37.878	-7.940	0.0922
48	24	tracking	-842.986459	68.950875	-265.540790	62.878	-15.940	0.0832
48	25	tracking	-842.913834	68.872772	-265.526319	67.848	-23.940	0.0954
48	26	tracking	-842.861449	68.773197	-265.508409	67.848	-31.940	0.0820
48	27	tracking	-842.825678	68.644551	-265.488011	67.848	-39.940	0.0845
48	28	tracking	-842.800913	68.479238	-265.462175	42.848	-47.168	0.0758
48	29	tracking	-842.782393	68.279156	-265.428143	17.848	-47.168	0.0708
48	30	tracking	-842.764246	68.046847	-265.384708	-7.152	-47.168	0.0722
48	31	tracking	-842.740015	67.785183	-265.333182	-32.152	-47.168	0.0728
48	32	tracking	-842.716766	67.485694	-265.274043	-7.152	-55.168	0.0713
48	33	tracking	-842.700489	67.149897	-265.207563	17.848	-55.963	0.0699
48	34	landing	-842.696190	66.792245	-265.130549	29.848	-47.963	0.0267
48	35	landing	-842.703311	66.414946	-265.042844	29.848	-47.963	0.0303
48	36	landing	-842.721390	66.020268	-264.944250	29.848	-47.963	0.0233
48	37	landing	-842.750020	65.610463	-264.834580	29.848	-47.963	0.0211
49	0	tracking	-850.645964	68.867102	-257.032114	-139.104	-4.000	0.1958
49	1	tracking	-849.991601	68.807284	-257.601772	-164.104	-0.670	0.1212
49	2	tracking	-849.422535	68.751906	-258.196524	170.896	-8.670	0.1123
49	3	tracking	-848.951149	68.710040	-258.797665	153.407	-16.670	0.1031
49	4	tracking	-848.533079	68.685017	-259.402840	178.407	-24.670	0.1135
49	5	tracking	-848.135704	68.677907	-259.999512	-156.593	-32.670	0.1172
49	6	tracking	-847.761383	68.687936	-260.584443	-159.186	-40.670	0.0874
49	7	tracking	-847.390151	68.712344	-261.142272	-134.186	-46.375	0.2875
49	8	tracking	-847.003371	68.714036	-261.713386	-150.375	-42.740	0.0888
49	9	tracking	-846.679166	68.770353	-262.220142	-150.375	-34.740	0.0827
49	10	tracking	-846.365627	68.827994	-262.715047	-150.375	-26.740	0.0760
49	11	tracking	-846.060908	68.882424	-263.200595	-150.375	-18.740	0.0742
49	12	tracking	-845.750626	68.936615	-263.660751	-125.375	-26.740	0.0666
49	13	tracking	-845.431206	68.990701	-264.078615	-100.375	-34.740	0.0629
49	14	tracking	-845.108529	69.041799	-264.440997	-75.375	-42.740	0.0741
49	15	tracking	-844.794203	69.084342	-264.741672	-50.375	-50.740	0.0670
49	16	tracking	-844.488392	69.116652	-264.989274	-51.747	-42.740	0.0575
49	17	tracking	-844.201785	69.138223	-265.181851	-26.747	-34.740	0.0541
49	18	tracking	-843.933188	69.148173	-265.327185	-26.747	-26.740	0.0525
49	19	tracking	-843.681690	69.145579	-265.432514	-26.747	-25.689	0.0502
49	20	tracking	-843.456802	69.130904	-265.500057	-1.747	-17.689	0.0484
49	21	tracking	-843.266292	69.103677	-265.537281	23.253	-9.689	0.1340
49	22	tracking	-843.110356	69.064287	-265.552697	37.878	-7.940	0.0617
49	23	tracking	-842.983716	69.013496	-265.550620	37.878	-7.940	0.0439
49	24	tracking	-842.886459	68.950875	-265.540790	62.878	-15.940	0.0655
49	25	tracking	-842.813834	68.872772	-265.526319	67.848	-23.940	0.0447
49	26	tracking	-842.761449	68.773197	-265.508409	67.848	-31.940	0.0359
49	27	tracking	-842.725678	68.644551	-265.488011	67.848	-39.940	0.0369
49	28	tracking	-842.700913	68.479238	-265.462175	42.848	-47.168	0.0344
49	29	tracking	-842.682393	68.279156	-265.428143	17.848	-47.168	0.0512
49	30	tracking	-842.664246	68.046847	-265.384708	-7.152	-47.168	0.0325
49	31	tracking	-842.640015	67.785183	-265.333182	-32.152	-47.168	0.0298
49	32	tracking	-842.616766	67.485694	-265.274043	-7.152	-55.168	0.0316
49	33	tracking	-842.600489	67.149897	-265.207563	17.848	-55.963	0.0272
49	34	landing	-842.592270	66.792245	-265.128816	17.848	-47.963	0.0266
49	35	landing	-842.591736	66.415137	-265.037566	17.848	-47.963	0.0203
49	36	landing	-842.598557	66.020940	-264.933603	17.848	-47.963	0.0395
49	37	landing	-842.612427	65.611953	-264.816769	17.848	-47.963	0.0174
50	0	tracking	-850.645964	68.867102	-257.032114	-139.104	-4.000	0.1726
50	1	tracking	-849.991601	68.807284	-257.601772	-164.104	-0.670	0.1301
50	2	tracking	-849.422535	68.751906	-258.196524	170.896	-8.670	0.1246
50	3	tracking	-848.951149	68.710040	-258.797665	153.407	-16.670	0.0981
50	4	tracking	-848.533079	68.685017	-259.402840	178.407	-24.670	0.0922
50	5	tracking	-848.135704	68.677907	-259.999512	-156.593	-32.670	0.0905
50	6	tracking	-847.761383	68.687936	-260.584443	-159.186	-40.670	0.0832
50	7	tracking	-847.390151	68.712344	-261.142272	-134.186	-46.375	0.0972
50	8	tracking	-847.103371	68.814036	-261.713386	-150.375	-42.740	0.1692
50	9	tracking	-846.779166	68.870353	-262.220142	-150.375	-34.740	0.1169
50	10	tracking	-846.465627	68.927994	-262.715047	-150.375	-26.740	0.1162
50	11	tracking	-846.160908	68.982424	-263.200595	-150.375	-18.740	0.1311
50	12	tracking	-845.850626	69.036615	-263.660751	-125.375	-26.740	0.1429
50	13	tracking	-845.531206	69.090701	-264.078615	-100.375	-34.740	0.1112
50	14	tracking	-845.208529	69.141799	-264.440997	-75.375	-42.740	0.1121
50	15	tracking	-844.894203	69.184342	-264.741672	-50.375	-50.740	0.0980
50	16	tracking	-844.588392	69.216652	-264.989274	-51.747	-42.740	0.0942
50	17	tracking	-844.301785	69.238223	-265.181851	-26.747	-34.740	0.0937
50	18	tracking	-844.033188	69.248173	-265.327185	-26.747	-26.740	0.0907
50	19	tracking	-843.781690	69.245579	-265.432514	-26.747	-25.689	0.0932
50	20	tracking	-843.556802	69.230904	-265.500057	-1.747	-17.689	0.1070
50	21	tracking	-843.366292	69.203677	-265.537281	23.253	-9.689	0.1646
50	22	tracking	-843.210356	69.164287	-265.552697	37.878	-7.940	0.1060
50	23	tracking	-843.083716	69.113496	-265.550620	37.878	-7.940	0.0831
50	24	tracking	-842.986459	69.050875	-265.540790	62.878	-15.940	0.0791
50	25	tracking	-842.913834	68.972772	-265.526319	67.848	-23.940	0.0965
50	26	tracking	-842.861449	68.873197	-265.508409	67.848	-31.940	0.0802
50	27	tracking	-842.825678	68.744551	-265.488011	67.848	-39.940	0.0753
50	28	tracking	-842.800913	68.579238	-265.462175	42.848	-47.168	0.0721
50	29	tracking	-842.782393	68.379156	-265.428143	17.848	-47.168	0.0717
50	30	tracking	-842.764246	68.146847	-265.384708	-7.152	-47.168	0.0705
50	31	tracking	-842.740015	67.885183	-265.333182	-32.152	-47.168	0.0683
50	32	tracking	-842.716766	67.585694	-265.274043	-7.152	-55.168	0.0711
50	33	tracking	-842.700489	67.249897	-265.207563	17.848	-55.963	0.0618
50	34	landing	-842.696190	66.892245	-265.130549	29.848	-47.963	0.0276
50	35	landing	-842.703311	66.514946	-265.042844	29.848	-47.963	0.0209
50	36	landing	-842.721390	66.120268	-264.944250	29.848	-47.963	0.0196
50	37	landing	-842.750020	65.710463	-264.834580	29.848	-47.963	0.0207
51	0	tracking	-850.645964	68.867102	-257.032114	-139.104	-4.000	0.2297
51	1	tracking	-849.991601	68.807284	-257.601772	-164.104	-0.670	0.1317
51	2	tracking	-849.422535	68.751906	-258.196524	170.896	-8.670	0.1115
51	3	tracking	-848.951149	68.710040	-258.797665	153.407	-16.670	0.0999
51	4	tracking	-848.533079	68.685017	-259.402840	178.407	-24.670	0.2029
51	5	tracking	-848.135704	68.677907	-259.999512	-156.593	-32.670	0.1375
51	6	tracking	-847.761383	68.687936	-260.584443	-159.186	-40.670	0.1012
51	7	tracking	-847.390151	68.712344	-261.142272	-134.186	-46.375	0.0837
51	8	tracking	-847.003371	68.814036	-261.713386	-150.375	-42.740	0.0848
51	9	tracking	-846.679166	68.870353	-262.220142	-150.375	-34.740	0.0775
51	10	tracking	-846.365627	68.927994	-262.715047	-150.375	-26.740	0.1083
51	11	tracking	-846.060908	68.982424	-263.200595	-150.375	-18.740	0.0745
51	12	tracking	-845.750626	69.036615	-263.660751	-125.375	-26.740	0.0698
51	13	tracking	-845.431206	69.090701	-264.078615	-100.375	-34.740	0.0621
51	14	tracking	-845.108529	69.141799	-264.440997	-75.375	-42.740	0.0586
51	15	tracking	-844.794203	69.184342	-264.741672	-50.375	-50.740	0.0551
51	16	tracking	-844.488392	69.216652	-264.989274	-51.747	-42.740	0.0664
51	17	tracking	-844.201785	69.238223	-265.181851	-26.747	-34.740	0.0539
51	18	tracking	-843.933188	69.248173	-265.327185	-26.747	-26.740	0.0493
51	19	tracking	-843.681690	69.245579	-265.432514	-26.747	-25.689	0.0453
51	20	tracking	-843.456802	69.230904	-265.500057	-1.747	-17.689	0.0475
51	21	tracking	-843.266292	69.203677	-265.537281	23.253	-9.689	0.0456
51	22	tracking	-843.110356	69.164287	-265.552697	37.878	-7.940	0.0420
51	23	tracking	-842.983716	69.113496	-265.550620	37.878	-7.940	0.0439
51	24	tracking	-842.886459	69.050875	-265.540790	62.878	-15.940	0.0489
51	25	tracking	-842.813834	68.972772	-265.526319	67.848	-23.940	0.0415
51	26	tracking	-842.761449	68.873197	-265.508409	67.848	-31.940	0.0338
51	27	tracking	-842.725678	68.744551	-265.488011	67.848	-39.940	0.0359
51	28	tracking	-842.700913	68.579238	-265.462175	42.848	-47.168	0.0317
51	29	tracking	-842.682393	68.379156	-265.428143	17.848	-47.168	0.0351
51	30	tracking	-842.664246	68.146847	-265.384708	-7.152	-47.168	0.0297
51	31	tracking	-842.640015	67.885183	-265.333182	-32.152	-47.168	0.0297
51	32	tracking	-842.616766	67.585694	-265.274043	-7.152	-55.168	0.0263
51	33	tracking	-842.600489	67.249897	-265.207563	17.848	-55.963	0.0266
51	34	landing	-842.592270	66.892245	-265.128816	17.848	-47.963	0.0282
51	35	landing	-842.591736	66.515137	-265.037566	17.848	-47.963	0.0225
51	36	landing	-842.598557	66.120940	-264.933603	17.848	-47.963	0.0239
51	37	landing	-842.612427	65.711953	-264.816769	17.848	-47.963	0.0162
52	0	tracking	-850.645964	68.867102	-257.032114	-139.104	-4.000	0.1626
52	1	tracking	-849.991601	68.807284	-257.601772	-164.104	-0.670	0.1141
52	2	tracking	-849.422535	68.751906	-258.196524	170.896	-8.670	0.1006
52	3	tracking	-848.951149	68.710040	-258.797665	153.407	-16.670	0.1120
52	4	tracking	-848.533079	68.685017	-259.402840	178.407	-24.670	0.1015
52	5	tracking	-848.135704	68.677907	-259.999512	-156.593	-32.670	0.0879
52	6	tracking	-847.761383	68.687936	-260.584443	-159.186	-40.670	0.1949
52	7	tracking	-847.390151	68.712344	-261.142272	-134.186	-46.375	0.0971
52	8	corrected	-847.104617	68.713871	-261.614635	-152.375	-40.740	3.2654
52	9	tracking	-846.782603	68.769721	-262.123801	-152.208	-32.907	0.1573
52	10	tracking	-846.471992	68.826321	-262.622111	-152.042	-25.073	0.1529
52	11	tracking	-846.170759	68.878853	-263.111904	-151.875	-17.240	0.1432
52	12	tracking	-845.863813	68.930801	-263.577225	-126.875	-25.240	0.1415
52	13	tracking	-845.546975	68.982771	-264.000941	-101.875	-33.240	0.1736
52	14	tracking	-845.225768	69.032300	-264.369400	-76.875	-41.240	0.1408
52	15	tracking	-844.911738	69.074152	-264.675854	-51.875	-49.240	0.1291
52	16	tracking	-844.605621	69.106321	-264.928647	-52.414	-42.073	0.2961
52	17	tracking	-844.318249	69.128110	-265.125694	-27.414	-34.240	0.1325
52	18	tracking	-844.048682	69.138464	-265.274825	-27.080	-26.407	0.1214
52	19	tracking	-843.796153	69.136403	-265.383379	-26.914	-25.522	0.1322
52	20	tracking	-843.570265	69.122288	-265.453647	-1.914	-17.689	0.1224
52	21	tracking	-843.378841	69.095593	-265.493165	23.086	-9.689	0.1115
52	22	tracking	-843.222140	69.056697	-265.510561	37.878	-7.940	0.1899
52	23	tracking	-843.094848	69.006360	-265.510211	37.878	-7.940	0.1145
52	24	tracking	-842.997028	68.944163	-265.501910	62.878	-15.940	0.1521
52	25	tracking	-842.923903	68.866463	-265.488801	67.848	-23.940	0.1732
52	26	tracking	-842.871068	68.767270	-265.472106	67.848	-31.940	0.1109
52	27	tracking	-842.834880	68.638981	-265.452798	67.848	-39.940	0.1069
52	28	tracking	-842.809726	68.473987	-265.427951	42.848	-47.168	0.1052
52	29	tracking	-842.790845	68.274162	-265.394844	17.848	-47.168	0.1047
52	30	tracking	-842.772384	68.042037	-265.352290	-7.152	-47.168	0.1263
52	31	tracking	-842.747904	67.780480	-265.301597	-32.152	-47.168	0.0978
52	32	tracking	-842.724439	67.481027	-265.243247	-7.152	-55.168	0.0979
52	33	tracking	-842.707955	67.145196	-265.177515	17.848	-55.963	0.1011
52	34	landing	-842.707178	66.787449	-265.103953	42.848	-47.963	0.0223
52	35	landing	-842.721276	66.409729	-265.022464	42.848	-47.963	0.0194
52	36	landing	-842.749621	66.014163	-264.932840	42.848	-47.963	0.0225
52	37	landing	-842.791702	65.602946	-264.834846	42.848	-47.963	0.0183
53	0	tracking	-850.645964	68.867102	-257.032114	-139.104	-4.000	0.1554
53	1	tracking	-849.991601	68.807284	-257.601772	-164.104	-0.670	0.1238
53	2	tracking	-849.422535	68.751906	-258.196524	170.896	-8.670	0.1008
53	3	tracking	-848.951149	68.710040	-258.797665	153.407	-16.670	0.0927
53	4	tracking	-848.533079	68.685017	-259.402840	178.407	-24.670	0.0885
53	5	tracking	-848.135704	68.677907	-259.999512	-156.593	-32.670	0.0837
53	6	tracking	-847.761383	68.687936	-260.584443	-159.186	-40.670	0.1218
53	7	tracking	-847.390151	68.712344	-261.142272	-134.186	-46.375	0.0828
53	8	corrected	-847.003987	68.713965	-261.614015	-151.375	-41.740	0.9237
53	9	tracking	-846.680864	68.770073	-262.121980	-151.292	-33.823	0.1451
53	10	tracking	-846.368772	68.827229	-262.618595	-151.208	-25.907	0.1548
53	11	tracking	-846.065774	68.880756	-263.106273	-151.125	-17.990	0.1494
53	12	tracking	-845.757134	68.933882	-263.569018	-126.125	-25.990	0.1308
53	13	tracking	-845.438979	68.986975	-263.989811	-101.125	-33.990	0.1277
53	14	tracking	-845.117012	69.037360	-264.355229	-76.125	-41.990	0.1213
53	15	tracking	-844.802814	69.079629	-264.658788	-51.125	-49.990	0.1263
53	16	tracking	-844.496836	69.111938	-264.908983	-52.080	-42.407	0.1176
53	17	tracking	-844.209836	69.133682	-265.103795	-27.080	-34.490	0.1132
53	18	tracking	-843.940748	69.143894	-265.251031	-26.914	-26.573	0.1340
53	19	tracking	-843.688730	69.141621	-265.357978	-26.830	-25.606	0.1172
53	20	tracking	-843.463339	69.127274	-265.426894	-1.830	-17.689	0.1179
53	21	tracking	-843.272367	69.100356	-265.465278	23.170	-9.689	0.1225
53	22	tracking	-843.116043	69.061250	-265.481697	37.878	-7.940	0.1127
53	23	tracking	-842.989070	69.010720	-265.480498	37.878	-7.940	0.2390
53	24	tracking	-842.891522	68.948341	-265.471447	62.878	-15.940	0.1906
53	25	tracking	-842.818638	68.870467	-265.457670	67.848	-23.940	0.1434
53	26	tracking	-842.766018	68.771108	-265.440379	67.848	-31.940	0.1065
53	27	tracking	-842.730029	68.642664	-265.420538	67.848	-39.940	0.1026
53	28	tracking	-842.705060	68.477532	-265.395207	42.848	-47.168	0.1000
53	29	tracking	-842.686351	68.277598	-265.361649	17.848	-47.168	0.1043
53	30	tracking	-842.668040	68.045399	-265.318666	-7.152	-47.168	0.0995
53	31	tracking	-842.643678	67.783804	-265.267567	-32.152	-47.168	0.0939
53	32	tracking	-842.620315	67.484348	-265.208833	-7.152	-55.168	0.1102
53	33	tracking	-842.603930	67.148546	-265.142738	17.848	-55.963	0.0970
53	34	landing	-842.603256	66.790858	-265.068835	42.848	-47.963	0.0263
53	35	landing	-842.617461	66.413224	-264.987026	42.848	-47.963	0.0206
53	36	landing	-842.645915	66.017770	-264.897103	42.848	-47.963	0.0576
53	37	landing	-842.688107	65.606687	-264.798828	42.848	-47.963	0.0166
54	0	tracking	-850.645964	68.867102	-257.032114	-139.104	-4.000	0.1702
54	1	tracking	-849.991601	68.807284	-257.601772	-164.104	-0.670	0.1119
54	2	tracking	-849.422535	68.751906	-258.196524	170.896	-8.670	0.0994
54	3	tracking	-848.951149	68.710040	-258.797665	153.407	-16.670	0.0931
54	4	tracking	-848.533079	68.685017	-259.402840	178.407	-24.670	0.0844
54	5	tracking	-848.135704	68.677907	-259.999512	-156.593	-32.670	0.0807
54	6	tracking	-847.761383	68.687936	-260.584443	-159.186	-40.670	0.0788
54	7	tracking	-847.390151	68.712344	-261.142272	-134.186	-46.375	0.0770
54	8	corrected	-847.104617	68.813871	-261.614635	-152.375	-40.740	2.8720
54	9	tracking	-846.782603	68.869721	-262.123801	-152.208	-32.907	0.1549
54	10	tracking	-846.471992	68.926321	-262.622111	-152.042	-25.073	0.1449
54	11	tracking	-846.170759	68.978853	-263.111904	-151.875	-17.240	0.1304
54	12	tracking	-845.863813	69.030801	-263.577225	-126.875	-25.240	0.1301
54	13	tracking	-845.546975	69.082771	-264.000941	-101.875	-33.240	0.1285
54	14	tracking	-845.225768	69.132300	-264.369400	-76.875	-41.240	0.1255
54	15	tracking	-844.911738	69.174152	-264.675854	-51.875	-49.240	0.1329
54	16	tracking	-844.605621	69.206321	-264.928647	-52.414	-42.073	0.1173
54	17	tracking	-844.318249	69.228110	-265.125694	-27.414	-34.240	0.1166
54	18	tracking	-844.048682	69.238464	-265.274825	-27.080	-26.407	0.1138
54	19	tracking	-843.796153	69.236403	-265.383379	-26.914	-25.522	0.1130
54	20	tracking	-843.570265	69.222288	-265.453647	-1.914	-17.689	0.1110
54	21	tracking	-843.378841	69.195593	-265.493165	23.086	-9.689	0.1057
54	22	tracking	-843.222140	69.156697	-265.510561	37.878	-7.940	0.1070
54	23	tracking	-843.094848	69.106360	-265.510211	37.878	-7.940	0.1088
54	24	tracking	-842.997028	69.044163	-265.501910	62.878	-15.940	0.1071
54	25	tracking	-842.923903	68.966463	-265.488801	67.848	-23.940	0.1861
54	26	tracking	-842.871068	68.867270	-265.472106	67.848	-31.940	0.1305
54	27	tracking	-842.834880	68.738981	-265.452798	67.848	-39.940	0.1024
54	28	tracking	-842.809726	68.573987	-265.427951	42.848	-47.168	0.1025
54	29	tracking	-842.790845	68.374162	-265.394844	17.848	-47.168	0.1412
54	30	tracking	-842.772384	68.142037	-265.352290	-7.152	-47.168	0.1006
54	31	tracking	-842.747904	67.880480	-265.301597	-32.152	-47.168	0.0957
54	32	tracking	-842.724439	67.581027	-265.243247	-7.152	-55.168	0.1002
54	33	tracking	-842.707955	67.245196	-265.177515	17.848	-55.963	0.0928
54	34	landing	-842.707178	66.887449	-265.103953	42.848	-47.963	0.0231
54	35	landing	-842.721276	66.509729	-265.022464	42.848	-47.963	0.0216
54	36	landing	-842.749621	66.114163	-264.932840	42.848	-47.963	0.0225
54	37	landing	-842.791702	65.702946	-264.834846	42.848	-47.963	0.0163
55	0	tracking	-850.645964	68.867102	-257.032114	-139.104	-4.000	0.1797
55	1	tracking	-849.991601	68.807284	-257.601772	-164.104	-0.670	0.1123
55	2	tracking	-849.422535	68.751906	-258.196524	170.896	-8.670	0.1130
55	3	tracking	-848.951149	68.710040	-258.797665	153.407	-16.670	0.0876
55	4	tracking	-848.533079	68.685017	-259.402840	178.407	-24.670	0.0818
55	5	tracking	-848.135704	68.677907	-259.999512	-156.593	-32.670	0.0782
55	6	tracking	-847.761383	68.687936	-260.584443	-159.186	-40.670	0.0751
55	7	tracking	-847.390151	68.712344	-261.142272	-134.186	-46.375	0.0735
55	8	corrected	-847.003987	68.813965	-261.614015	-151.375	-41.740	0.8990
55	9	tracking	-846.680864	68.870073	-262.121980	-151.292	-33.823	0.1324
55	10	tracking	-846.368772	68.927229	-262.618595	-151.208	-25.907	0.1259
55	11	tracking	-846.065774	68.980756	-263.106273	-151.125	-17.990	0.1299
55	12	tracking	-845.757134	69.033882	-263.569018	-126.125	-25.990	0.1298
55	13	tracking	-845.438979	69.086975	-263.989811	-101.125	-33.990	0.1274
55	14	tracking	-845.117012	69.137360	-264.355229	-76.125	-41.990	0.1241
55	15	tracking	-844.802814	69.179629	-264.658788	-51.125	-49.990	0.1234
55	16	tracking	-844.496836	69.211938	-264.908983	-52.080	-42.407	0.1260
55	17	tracking	-844.209836	69.233682	-265.103795	-27.080	-34.490	0.1152
55	18	tracking	-843.940748	69.243894	-265.251031	-26.914	-26.573	0.1098
55	19	tracking	-843.688730	69.241621	-265.357978	-26.830	-25.606	0.1107
55	20	tracking	-843.463339	69.227274	-265.426894	-1.830	-17.689	0.1124
55	21	tracking	-843.272367	69.200356	-265.465278	23.170	-9.689	0.0998
55	22	tracking	-843.116043	69.161250	-265.481697	37.878	-7.940	0.1421
55	23	tracking	-842.989070	69.110720	-265.480498	37.878	-7.940	0.1028
55	24	tracking	-842.891522	69.048341	-265.471447	62.878	-15.940	0.0961
55	25	tracking	-842.818638	68.970467	-265.457670	67.848	-23.940	0.0963
55	26	tracking	-842.766018	68.871108	-265.440379	67.848	-31.940	0.0934
55	27	tracking	-842.730029	68.742664	-265.420538	67.848	-39.940	0.1085
55	28	tracking	-842.705060	68.577532	-265.395207	42.848	-47.168	0.0907
55	29	tracking	-842.686351	68.377598	-265.361649	17.848	-47.168	0.0911
55	30	tracking	-842.668040	68.145399	-265.318666	-7.152	-47.168	0.0921
55	31	tracking	-842.643678	67.883804	-265.267567	-32.152	-47.168	0.0893
55	32	tracking	-842.620315	67.584348	-265.208833	-7.152	-55.168	0.0849
55	33	tracking	-842.603930	67.248546	-265.142738	17.848	-55.963	0.0831
55	34	landing	-842.603256	66.890858	-265.068835	42.848	-47.963	0.0382
55	35	landing	-842.617461	66.513224	-264.987026	42.848	-47.963	0.0183
55	36	landing	-842.645915	66.117770	-264.897103	42.848	-47.963	0.0171
55	37	landing	-842.688107	65.706687	-264.798828	42.848	-47.963	0.0183
56	0	tracking	-850.645964	68.867102	-257.032114	-139.104	-4.000	0.1453
56	1	tracking	-849.991601	68.807284	-257.601772	-164.104	-0.670	0.1053
56	2	tracking	-849.422535	68.751906	-258.196524	170.896	-8.670	0.0988
56	3	tracking	-848.951149	68.710040	-258.797665	153.407	-16.670	0.0908
56	4	tracking	-848.533079	68.685017	-259.402840	178.407	-24.670	0.1037
56	5	tracking	-848.135704	68.677907	-259.999512	-156.593	-32.670	0.0883
56	6	tracking	-847.761383	68.687936	-260.584443	-159.186	-40.670	0.0783
56	7	tracking	-847.390151	68.712344	-261.142272	-134.186	-46.375	0.0753
56	8	tracking	-847.066891	68.715970	-261.714864	-150.375	-42.740	0.0778
56	9	tracking	-846.709337	68.775736	-262.224422	-150.375	-34.740	0.0720
56	10	tracking	-846.365226	68.837936	-262.723332	-150.375	-26.740	0.0679
56	11	tracking	-846.032394	68.897649	-263.213986	-150.375	-18.740	0.0662
56	12	tracking	-845.695734	68.958126	-263.679635	-125.375	-26.740	0.0607
56	13	tracking	-845.351293	69.019773	-264.102672	-100.375	-34.740	0.1462
56	14	tracking	-845.004907	69.079947	-264.469293	-75.375	-42.740	0.0567
56	15	tracking	-844.668536	69.133054	-264.772983	-50.375	-50.740	0.0792
56	16	tracking	-844.342207	69.176996	-265.022580	-51.747	-42.740	0.0525
56	17	tracking	-844.036897	69.210732	-265.216101	-26.747	-34.740	0.0476
56	18	tracking	-843.751369	69.232692	-265.361748	-26.747	-26.740	0.0462
56	19	tracking	-843.484608	69.241735	-265.467002	-26.747	-25.689	0.0491
56	20	tracking	-843.246113	69.237965	-265.534177	-1.747	-17.689	0.0489
56	21	tracking	-843.043581	69.220662	-265.570832	23.253	-9.689	0.0464
56	22	tracking	-842.877077	69.190245	-265.585555	37.878	-7.940	0.0462
56	23	tracking	-842.741144	69.147567	-265.582705	37.878	-7.940	0.0489
56	24	tracking	-842.635751	69.092482	-265.572111	62.878	-15.940	0.0469
56	25	tracking	-842.555997	69.021563	-265.556911	67.848	-23.940	0.0469
56	26	tracking	-842.497363	68.928996	-265.538309	67.848	-31.940	0.0478
56	27	tracking	-842.456118	68.807309	-265.517257	67.848	-39.940	0.0401
56	28	tracking	-842.426534	68.648972	-265.490774	42.848	-47.168	0.0297
56	29	tracking	-842.403721	68.455771	-265.456167	17.848	-47.168	0.0323
56	30	tracking	-842.381759	68.230143	-265.412307	-7.152	-47.168	0.0288
56	31	tracking	-842.354199	67.974905	-265.360511	-32.152	-47.168	0.0271
56	32	tracking	-842.327991	67.681687	-265.301197	-7.152	-55.168	0.0283
56	33	tracking	-842.309053	67.351978	-265.234643	17.848	-55.963	0.0228
56	34	landing	-842.298404	67.000095	-265.156009	17.848	-47.963	0.0254
56	35	landing	-842.295639	66.628403	-265.065068	17.848	-47.963	0.0292
56	36	landing	-842.300399	66.239252	-264.961603	17.848	-47.963	0.0207
56	37	landing	-842.312358	65.834930	-264.845448	17.848	-47.963	0.0168
57	0	tracking	-850.645964	68.867102	-257.032114	-139.104	-4.000	0.1545
57	1	tracking	-849.991601	68.807284	-257.601772	-164.104	-0.670	0.1063
57	2	tracking	-849.422535	68.751906	-258.196524	170.896	-8.670	0.1005
57	3	tracking	-848.951149	68.710040	-258.797665	153.407	-16.670	0.0951
57	4	tracking	-848.533079	68.685017	-259.402840	178.407	-24.670	0.0941
57	5	tracking	-848.135704	68.677907	-259.999512	-156.593	-32.670	0.0872
57	6	tracking	-847.761383	68.687936	-260.584443	-159.186	-40.670	0.0819
57	7	tracking	-847.390151	68.712344	-261.142272	-134.186	-46.375	0.0802
57	8	tracking	-846.966891	68.715970	-261.714864	-150.375	-42.740	0.1194
57	9	tracking	-846.609337	68.775736	-262.224422	-150.375	-34.740	0.0886
57	10	tracking	-846.265226	68.837936	-262.723332	-150.375	-26.740	0.0767
57	11	tracking	-845.932394	68.897649	-263.213986	-150.375	-18.740	0.0729
57	12	tracking	-845.595734	68.958126	-263.679635	-125.375	-26.740	0.0705
57	13	tracking	-845.251293	69.019773	-264.102672	-100.375	-34.740	0.0641
57	14	tracking	-844.904907	69.079947	-264.469293	-75.375	-42.740	0.0607
57	15	tracking	-844.568536	69.133054	-264.772983	-50.375	-50.740	0.0616
57	16	tracking	-844.242207	69.176996	-265.022580	-51.747	-42.740	0.0587
57	17	tracking	-843.936897	69.210732	-265.216101	-26.747	-34.740	0.0558
57	18	tracking	-843.651369	69.232692	-265.361748	-26.747	-26.740	0.0516
57	19	tracking	-843.384608	69.241735	-265.467002	-26.747	-25.689	0.0519
57	20	tracking	-843.146113	69.237965	-265.534177	-1.747	-17.689	0.0492
57	21	tracking	-842.943581	69.220662	-265.570832	23.253	-9.689	0.0464
57	22	tracking	-842.777077	69.190245	-265.585555	37.878	-7.940	0.0466
57	23	tracking	-842.641144	69.147567	-265.582705	37.878	-7.940	0.0418
57	24	tracking	-842.535751	69.092482	-265.572111	62.878	-15.940	0.0429
57	25	tracking	-842.455997	69.021563	-265.556911	67.848	-23.940	0.0495
57	26	tracking	-842.397363	68.928996	-265.538309	67.848	-31.940	0.0388
57	27	tracking	-842.356118	68.807309	-265.517257	67.848	-39.940	0.0334
57	28	tracking	-842.326534	68.648972	-265.490774	42.848	-47.168	0.0370
57	29	tracking	-842.303721	68.455771	-265.456167	17.848	-47.168	0.0316
57	30	tracking	-842.281759	68.230143	-265.412307	-7.152	-47.168	0.0349
57	31	tracking	-842.254199	67.974905	-265.360511	-32.152	-47.168	0.0293
57	32	tracking	-842.227991	67.681687	-265.301197	-7.152	-55.168	0.0326
57	33	tracking	-842.209053	67.351978	-265.234643	17.848	-55.963	0.0306
57	34	landing	-842.198404	67.000095	-265.156009	17.848	-47.963	0.0272
57	35	landing	-842.195639	66.628403	-265.065068	17.848	-47.963	0.0272
57	36	landing	-842.200399	66.239252	-264.961603	17.848	-47.963	0.0189
57	37	landing	-842.212358	65.834930	-264.845448	17.848	-47.963	0.0182
58	0	tracking	-850.645964	68.867102	-257.032114	-139.104	-4.000	0.1831
58	1	tracking	-849.991601	68.807284	-257.601772	-164.104	-0.670	0.1314
58	2	tracking	-849.422535	68.751906	-258.196524	170.896	-8.670	0.1350
58	3	tracking	-848.951149	68.710040	-258.797665	153.407	-16.670	0.1086
58	4	tracking	-848.533079	68.685017	-259.402840	178.407	-24.670	0.0986
58	5	tracking	-848.135704	68.677907	-259.999512	-156.593	-32.670	0.0928
58	6	tracking	-847.761383	68.687936	-260.584443	-159.186	-40.670	0.0890
58	7	tracking	-847.390151	68.712344	-261.142272	-134.186	-46.375	0.0867
58	8	corrected	-847.067652	68.815970	-261.715288	-151.375	-42.740	0.2304
58	9	tracking	-846.711485	68.875729	-262.225611	-151.292	-34.740	0.0832
58	10	tracking	-846.369274	68.937913	-262.725557	-151.208	-26.740	0.0794
58	11	tracking	-846.038749	68.997601	-263.217457	-151.125	-18.740	0.0901
58	12	tracking	-845.704538	69.058039	-263.684726	-126.125	-26.740	0.0778
58	13	tracking	-845.362398	69.119640	-264.109785	-101.125	-34.740	0.0667
58	14	tracking	-845.017922	69.179778	-264.478723	-76.125	-42.740	0.0619
58	15	tracking	-844.682934	69.232888	-264.784827	-51.125	-50.740	0.0598
58	16	tracking	-844.357679	69.276884	-265.036702	-52.080	-42.740	0.0581
58	17	tracking	-844.053140	69.310712	-265.232300	-27.080	-34.740	0.0516
58	18	tracking	-843.768204	69.332787	-265.379802	-26.914	-26.740	0.0543
58	19	tracking	-843.501926	69.341951	-265.486711	-26.830	-25.689	0.0520
58	20	tracking	-843.263821	69.338296	-265.555357	-1.830	-17.689	0.0465
58	21	tracking	-843.061602	69.321095	-265.593315	23.170	-9.689	0.0484
58	22	tracking	-842.895366	69.290767	-265.609212	37.878	-7.940	0.0473
58	23	tracking	-842.759658	69.248166	-265.607424	37.878	-7.940	0.0422
58	24	tracking	-842.654441	69.193139	-265.597791	62.878	-15.940	0.0431
58	25	tracking	-842.574818	69.122260	-265.583457	67.848	-23.940	0.0404
58	26	tracking	-842.516278	69.029709	-265.565635	67.848	-31.940	0.0402
58	27	tracking	-842.475092	68.908012	-265.545288	67.848	-39.940	0.0350
58	28	tracking	-842.445544	68.749632	-265.519453	42.848	-47.168	0.0367
58	29	tracking	-842.422753	68.556348	-265.485454	17.848	-47.168	0.0326
58	30	tracking	-842.400815	68.330595	-265.442168	-7.152	-47.168	0.0346
58	31	tracking	-842.373293	68.075191	-265.390914	-32.152	-47.168	0.0304
58	32	tracking	-842.347124	67.781766	-265.332110	-7.152	-55.168	0.0514
58	33	tracking	-842.328211	67.451810	-265.266038	17.848	-55.963	0.0259
58	34	landing	-842.317578	67.099652	-265.187856	17.848	-47.963	0.0239
58	35	landing	-842.314820	66.727661	-265.097338	17.848	-47.963	0.0253
58	36	landing	-842.319581	66.338189	-264.994269	17.848	-47.963	0.0186
58	37	landing	-842.331535	65.933532	-264.878481	17.848	-47.963	0.0180
59	0	tracking	-850.645964	68.867102	-257.032114	-139.104	-4.000	0.1785
59	1	tracking	-849.991601	68.807284	-257.601772	-164.104	-0.670	0.1157
59	2	tracking	-849.422535	68.751906	-258.196524	170.896	-8.670	0.1076
59	3	tracking	-848.951149	68.710040	-258.797665	153.407	-16.670	0.1122
59	4	tracking	-848.533079	68.685017	-259.402840	178.407	-24.670	0.0973
59	5	tracking	-848.135704	68.677907	-259.999512	-156.593	-32.670	0.0920
59	6	tracking	-847.761383	68.687936	-260.584443	-159.186	-40.670	0.0883
59	7	tracking	-847.390151	68.712344	-261.142272	-134.186	-46.375	0.0872
59	8	corrected	-846.969978	68.815970	-261.716479	-154.375	-42.740	1.3501
59	9	tracking	-846.618050	68.875702	-262.228951	-154.042	-34.740	0.0854
59	10	tracking	-846.281637	68.937824	-262.731805	-153.708	-26.740	0.0854
59	11	tracking	-845.958155	68.997416	-263.227199	-153.375	-18.740	0.0766
59	12	tracking	-845.631450	69.057706	-263.699069	-128.375	-26.740	0.0662
59	13	tracking	-845.296419	69.119121	-264.129951	-103.375	-34.740	0.0624
59	14	tracking	-844.957910	69.179092	-264.505640	-78.375	-42.740	0.0609
59	15	tracking	-844.627320	69.232127	-264.818836	-53.375	-50.740	0.0659
59	16	tracking	-844.305526	69.276188	-265.077430	-53.080	-42.740	0.0627
59	17	tracking	-844.003517	69.310183	-265.279175	-28.080	-34.740	0.0517
59	18	tracking	-843.720554	69.332493	-265.432182	-27.414	-26.740	0.0491
59	19	tracking	-843.455903	69.341913	-265.544003	-27.080	-25.689	0.0519
59	20	tracking	-843.219132	69.338501	-265.617017	-2.080	-17.689	0.0494
59	21	tracking	-843.017990	69.321513	-265.658847	22.920	-9.689	0.0456
59	22	tracking	-842.852685	69.291369	-265.678231	37.878	-7.940	0.0457
59	23	tracking	-842.717765	69.248920	-265.679604	37.878	-7.940	0.0405
59	24	tracking	-842.613175	69.194002	-265.672825	62.878	-15.940	0.0451
59	25	tracking	-842.534037	69.123177	-265.661064	67.848	-23.940	0.0756
59	26	tracking	-842.475860	69.030616	-265.645564	67.848	-31.940	0.0357
59	27	tracking	-842.434929	68.908830	-265.627314	67.848	-39.940	0.0376
59	28	tracking	-842.405554	68.750263	-265.603403	42.848	-47.168	0.0350
59	29	tracking	-842.382888	68.556679	-265.571208	17.848	-47.168	0.0457
59	30	tracking	-842.361075	68.330502	-265.529629	-7.152	-47.168	0.0302
59	31	tracking	-842.333717	68.074558	-265.479977	-32.152	-47.168	0.0284
59	32	tracking	-842.307704	67.780466	-265.422690	-7.152	-55.168	0.0312
59	33	tracking	-842.288905	67.449728	-265.358046	17.848	-55.963	0.0251
59	34	landing	-842.278352	67.096706	-265.281204	17.848	-47.963	0.0271
59	35	landing	-842.275646	66.723782	-265.191940	17.848	-47.963	0.0225
59	36	landing	-842.280437	66.333320	-265.090038	17.848	-47.963	0.0352
59	37	landing	-842.292404	65.927627	-264.975334	17.848	-47.963	0.0191
60	0	tracking	-850.645964	68.867102	-257.032114	-139.104	-4.000	0.1556
60	1	tracking	-849.991601	68.807284	-257.601772	-164.104	-0.670	0.1227
60	2	tracking	-849.422535	68.751906	-258.196524	170.896	-8.670	0.1071
60	3	tracking	-848.951149	68.710040	-258.797665	153.407	-16.670	0.9597
60	4	tracking	-848.533079	68.685017	-259.402840	178.407	-24.670	0.1645
60	5	tracking	-848.135704	68.677907	-259.999512	-156.593	-32.670	0.2087
60	6	tracking	-847.761383	68.687936	-260.584443	-159.186	-40.670	0.2201
60	7	tracking	-847.390151	68.712344	-261.142272	-134.186	-46.375	0.1882
60	8	tracking	-847.066891	68.715970	-261.614864	-150.375	-42.740	0.2884
60	9	tracking	-846.709337	68.775736	-262.124422	-150.375	-34.740	0.3068
60	10	tracking	-846.365226	68.837936	-262.623332	-150.375	-26.740	0.1902
60	11	tracking	-846.032394	68.897649	-263.113986	-150.375	-18.740	0.1283
60	12	tracking	-845.695734	68.958126	-263.579635	-125.375	-26.740	0.1211
60	13	tracking	-845.351293	69.019773	-264.002672	-100.375	-34.740	0.1146
60	14	tracking	-845.004907	69.079947	-264.369293	-75.375	-42.740	0.1201
60	15	tracking	-844.668536	69.133054	-264.672983	-50.375	-50.740	0.2803
60	16	tracking	-844.342207	69.176996	-264.922580	-51.747	-42.740	0.1431
60	17	tracking	-844.036897	69.210732	-265.116101	-26.747	-34.740	0.1568
60	18	tracking	-843.751369	69.232692	-265.261748	-26.747	-26.740	0.1538
60	19	tracking	-843.484608	69.241735	-265.367002	-26.747	-25.689	0.1835
60	20	tracking	-843.246113	69.237965	-265.434177	-1.747	-17.689	0.1478
60	21	tracking	-843.043581	69.220662	-265.470832	23.253	-9.689	0.1071
60	22	tracking	-842.877077	69.190245	-265.485555	37.878	-7.940	0.1676
60	23	tracking	-842.741144	69.147567	-265.482705	37.878	-7.940	0.1164
60	24	tracking	-842.635751	69.092482	-265.472111	62.878	-15.940	0.1032
60	25	tracking	-842.555997	69.021563	-265.456911	67.848	-23.940	0.0985
60	26	tracking	-842.497363	68.928996	-265.438309	67.848	-31.940	0.0937
60	27	tracking	-842.456118	68.807309	-265.417257	67.848	-39.940	0.0944
60	28	tracking	-842.426534	68.648972	-265.390774	42.848	-47.168	0.1036
60	29	tracking	-842.403721	68.455771	-265.356167	17.848	-47.168	0.0911
60	30	tracking	-842.381759	68.230143	-265.312307	-7.152	-47.168	0.0931
60	31	tracking	-842.354199	67.974905	-265.260511	-32.152	-47.168	0.0926
60	32	tracking	-842.327991	67.681687	-265.201197	-7.152	-55.168	0.0845
60	33	tracking	-842.309053	67.351978	-265.134643	17.848	-55.963	0.0819
60	34	landing	-842.305992	67.000095	-265.060452	42.848	-47.963	0.0213
60	35	landing	-842.317930	66.627928	-264.978537	42.848	-47.963	0.0178
60	36	landing	-842.344204	66.237568	-264.888692	42.848	-47.963	0.0156
60	37	landing	-842.384279	65.831186	-264.790674	42.848	-47.963	0.0152
61	0	tracking	-850.645964	68.867102	-257.032114	-139.104	-4.000	0.3002
61	1	tracking	-849.991601	68.807284	-257.601772	-164.104	-0.670	0.2491
61	2	tracking	-849.422535	68.751906	-258.196524	170.896	-8.670	0.2765
61	3	tracking	-848.951149	68.710040	-258.797665	153.407	-16.670	0.2481
61	4	tracking	-848.533079	68.685017	-259.402840	178.407	-24.670	0.2170
61	5	tracking	-848.135704	68.677907	-259.999512	-156.593	-32.670	0.2198
61	6	tracking	-847.761383	68.687936	-260.584443	-159.186	-40.670	0.1017
61	7	tracking	-847.390151	68.712344	-261.142272	-134.186	-46.375	0.0796
61	8	tracking	-846.966891	68.715970	-261.614864	-150.375	-42.740	0.1390
61	9	tracking	-846.609337	68.775736	-262.124422	-150.375	-34.740	0.1807
61	10	tracking	-846.265226	68.837936	-262.623332	-150.375	-26.740	0.2400
61	11	tracking	-845.932394	68.897649	-263.113986	-150.375	-18.740	0.1766
61	12	tracking	-845.595734	68.958126	-263.579635	-125.375	-26.740	0.1167
61	13	tracking	-845.251293	69.019773	-264.002672	-100.375	-34.740	0.1199
61	14	tracking	-844.904907	69.079947	-264.369293	-75.375	-42.740	0.1116
61	15	tracking	-844.568536	69.133054	-264.672983	-50.375	-50.740	0.1124
61	16	tracking	-844.242207	69.176996	-264.922580	-51.747	-42.740	0.1092
61	17	tracking	-843.936897	69.210732	-265.116101	-26.747	-34.740	0.1043
61	18	tracking	-843.651369	69.232692	-265.261748	-26.747	-26.740	0.1079
61	19	tracking	-843.384608	69.241735	-265.367002	-26.747	-25.689	0.1303
61	20	tracking	-843.146113	69.237965	-265.434177	-1.747	-17.689	0.1090
61	21	tracking	-842.943581	69.220662	-265.470832	23.253	-9.689	0.0973
61	22	tracking	-842.777077	69.190245	-265.485555	37.878	-7.940	0.0957
61	23	tracking	-842.641144	69.147567	-265.482705	37.878	-7.940	0.1997
61	24	tracking	-842.535751	69.092482	-265.472111	62.878	-15.940	0.1058
61	25	tracking	-842.455997	69.021563	-265.456911	67.848	-23.940	0.0918
61	26	tracking	-842.397363	68.928996	-265.438309	67.848	-31.940	0.0895
61	27	tracking	-842.356118	68.807309	-265.417257	67.848	-39.940	0.0901
61	28	tracking	-842.326534	68.648972	-265.390774	42.848	-47.168	0.0881
61	29	tracking	-842.303721	68.455771	-265.356167	17.848	-47.168	0.0868
61	30	tracking	-842.281759	68.230143	-265.312307	-7.152	-47.168	0.0883
61	31	tracking	-842.254199	67.974905	-265.260511	-32.152	-47.168	0.0829
61	32	tracking	-842.227991	67.681687	-265.201197	-7.152	-55.168	0.0825
61	33	tracking	-842.209053	67.351978	-265.134643	17.848	-55.963	0.2602
61	34	landing	-842.205992	67.000095	-265.060452	42.848	-47.963	0.0249
61	35	landing	-842.217930	66.627928	-264.978537	42.848	-47.963	0.0176
61	36	landing	-842.244204	66.237568	-264.888692	42.848	-47.963	0.0159
61	37	landing	-842.284279	65.831186	-264.790674	42.848	-47.963	0.0157
62	0	tracking	-850.645964	68.867102	-257.032114	-139.104	-4.000	0.1538
62	1	tracking	-849.991601	68.807284	-257.601772	-164.104	-0.670	0.1006
62	2	tracking	-849.422535	68.751906	-258.196524	170.896	-8.670	0.0924
62	3	tracking	-848.951149	68.710040	-258.797665	153.407	-16.670	0.2196
62	4	tracking	-848.533079	68.685017	-259.402840	178.407	-24.670	0.0859
62	5	tracking	-848.135704	68.677907	-259.999512	-156.593	-32.670	0.0797
62	6	tracking	-847.761383	68.687936	-260.584443	-159.186	-40.670	0.0777
62	7	tracking	-847.390151	68.712344	-261.142272	-134.186	-46.375	0.1041
62	8	corrected	-847.069978	68.815970	-261.616479	-154.375	-42.740	1.1564
62	9	tracking	-846.718050	68.875702	-262.128951	-154.042	-34.740	0.0762
62	10	tracking	-846.381637	68.937824	-262.631805	-153.708	-26.740	0.0680
62	11	tracking	-846.058155	68.997416	-263.127199	-153.375	-18.740	0.0620
62	12	tracking	-845.731450	69.057706	-263.599069	-128.375	-26.740	0.0584
62	13	tracking	-845.396419	69.119121	-264.029951	-103.375	-34.740	0.0548
62	14	tracking	-845.057910	69.179092	-264.405640	-78.375	-42.740	0.0499
62	15	tracking	-844.727320	69.232127	-264.718836	-53.375	-50.740	0.0488
62	16	tracking	-844.405526	69.276188	-264.977430	-53.080	-42.740	0.0461
62	17	tracking	-844.103517	69.310183	-265.179175	-28.080	-34.740	0.0459
62	18	tracking	-843.820554	69.332493	-265.332182	-27.414	-26.740	0.0420
62	19	tracking	-843.555903	69.341913	-265.444003	-27.080	-25.689	0.0404
62	20	tracking	-843.319132	69.338501	-265.517017	-2.080	-17.689	0.0400
62	21	tracking	-843.117990	69.321513	-265.558847	22.920	-9.689	0.0385
62	22	tracking	-842.952685	69.291369	-265.578231	37.878	-7.940	0.0370
62	23	tracking	-842.817765	69.248920	-265.579604	37.878	-7.940	0.0885
62	24	tracking	-842.713175	69.194002	-265.572825	62.878	-15.940	0.0340
62	25	tracking	-842.634037	69.123177	-265.561064	67.848	-23.940	0.0336
62	26	tracking	-842.575860	69.030616	-265.545564	67.848	-31.940	0.0318
62	27	tracking	-842.534929	68.908830	-265.527314	67.848	-39.940	0.0288
62	28	tracking	-842.505554	68.750263	-265.503403	42.848	-47.168	0.0269
62	29	tracking	-842.482888	68.556679	-265.471208	17.848	-47.168	0.1893
62	30	tracking	-842.461075	68.330502	-265.429629	-7.152	-47.168	0.0315
62	31	tracking	-842.433717	68.074558	-265.379977	-32.152	-47.168	0.0253
62	32	tracking	-842.407704	67.780466	-265.322690	-7.152	-55.168	0.0307
62	33	tracking	-842.388905	67.449728	-265.258046	17.848	-55.963	0.0227
62	34	landing	-842.378352	67.096706	-265.181204	17.848	-47.963	0.0210
62	35	landing	-842.375646	66.723782	-265.091940	17.848	-47.963	0.0195
62	36	landing	-842.380437	66.333320	-264.990038	17.848	-47.963	0.0173
62	37	landing	-842.392404	65.927627	-264.875334	17.848	-47.963	0.0161
63	0	tracking	-850.645964	68.867102	-257.032114	-139.104	-4.000	0.1562
63	1	tracking	-849.991601	68.807284	-257.601772	-164.104	-0.670	0.0982
63	2	tracking	-849.422535	68.751906	-258.196524	170.896	-8.670	0.0897
63	3	tracking	-848.951149	68.710040	-258.797665	153.407	-16.670	0.0850
63	4	tracking	-848.533079	68.685017	-259.402840	178.407	-24.670	0.0815
63	5	tracking	-848.135704	68.677907	-259.999512	-156.593	-32.670	0.0742
63	6	tracking	-847.761383	68.687936	-260.584443	-159.186	-40.670	0.0718
63	7	tracking	-847.390151	68.712344	-261.142272	-134.186	-46.375	0.0702
63	8	corrected	-846.969753	68.815730	-261.616949	-154.375	-40.740	2.0943
63	9	tracking	-846.617340	68.874862	-262.130423	-154.042	-32.907	0.1721
63	10	tracking	-846.280197	68.935757	-262.634772	-153.708	-25.073	0.2459
63	11	tracking	-845.955759	68.993224	-263.132108	-153.375	-17.240	0.1572
63	12	tracking	-845.627673	69.051012	-263.606128	-128.375	-25.240	0.1382
63	13	tracking	-845.290780	69.110015	-264.039077	-103.375	-33.240	0.0671
63	14	tracking	-844.950038	69.168050	-264.416488	-78.375	-41.240	0.0516
63	15	tracking	-844.617053	69.219900	-264.730919	-53.375	-49.240	0.0488
63	16	tracking	-844.292860	69.263208	-264.990411	-53.080	-42.073	0.0449
63	17	tracking	-843.988572	69.296742	-265.192695	-28.080	-34.240	0.0435
63	18	tracking	-843.703463	69.318760	-265.345959	-27.414	-26.407	0.0412
63	19	tracking	-843.436804	69.328045	-265.457822	-27.080	-25.522	0.0753
63	20	tracking	-843.198238	69.324583	-265.530698	-2.080	-17.689	0.0398
63	21	tracking	-842.995559	69.307587	-265.572257	22.920	-9.689	0.0461
63	22	tracking	-842.828969	69.277460	-265.591291	37.878	-7.940	0.0359
63	23	tracking	-842.692974	69.235048	-265.592262	37.878	-7.940	0.0355
63	24	tracking	-842.587508	69.180200	-265.585083	62.878	-15.940	0.0336
63	25	tracking	-842.507656	69.109484	-265.572939	67.848	-23.940	0.0330
63	26	tracking	-842.448893	69.017072	-265.557076	67.848	-31.940	0.0301
63	27	tracking	-842.407478	68.895477	-265.538487	67.848	-39.940	0.0405
63	28	tracking	-842.377697	68.737142	-265.514250	42.848	-47.168	0.1053
63	29	tracking	-842.354677	68.543823	-265.481735	17.848	-47.168	0.0301
63	30	tracking	-842.332546	68.317936	-265.439850	-7.152	-47.168	0.0252
63	31	tracking	-842.304894	68.062301	-265.389910	-32.152	-47.168	0.0240
63	32	tracking	-842.278617	67.768544	-265.332347	-7.152	-55.168	0.0309
63	33	tracking	-842.259588	67.438160	-265.267442	17.848	-55.963	0.0202
63	34	landing	-842.248833	67.085500	-265.190360	17.848	-47.963	0.0362
63	35	landing	-842.245948	66.712939	-265.100876	17.848	-47.963	0.0171
63	36	landing	-842.250580	66.322838	-264.998779	17.848	-47.963	0.0143
63	37	landing	-842.262406	65.917500	-264.883900	17.848	-47.963	0.0313
