-1	0	tracking	-850.645964	68.867102	-257.032114	-139.104	-4.000	9.8036
-1	1	tracking	-849.991601	68.807284	-257.601772	-164.104	-0.670	6.8720
-1	2	tracking	-849.422535	68.751906	-258.196524	170.896	-8.670	3.2152
-1	3	tracking	-848.951149	68.710040	-258.797665	153.407	-16.670	1.4348
-1	4	tracking	-848.533079	68.685017	-259.402840	178.407	-24.670	1.4168
-1	5	tracking	-848.135704	68.677907	-259.999512	-156.593	-32.670	1.4480
-1	6	tracking	-847.761383	68.687936	-260.584443	-159.186	-40.670	1.4067
-1	7	tracking	-847.390151	68.712344	-261.142272	-134.186	-46.375	1.2705
-1	8	tracking	-847.034052	68.747852	-261.683844	-150.375	-42.740	4.2920
-1	9	tracking	-846.691437	68.790551	-262.210929	-150.375	-34.740	1.6727
-1	10	tracking	-846.360385	68.836374	-262.725899	-150.375	-26.740	2.8071
-1	11	tracking	-846.038924	68.880283	-263.231329	-150.375	-18.740	1.8103
-1	12	tracking	-845.711981	68.925618	-263.710438	-125.375	-26.740	1.6567
-1	13	tracking	-845.375779	68.972813	-264.145543	-100.375	-34.740	1.8892
-1	14	tracking	-845.036398	69.019217	-264.522830	-75.375	-42.740	1.4985
-1	15	tracking	-844.705837	69.059505	-264.835665	-50.375	-50.740	1.5807
-1	16	tracking	-844.384292	69.091438	-265.093102	-51.747	-42.740	1.4616
-1	17	tracking	-844.083004	69.113982	-265.293128	-26.747	-34.740	1.7587
-1	18	tracking	-843.800745	69.125732	-265.443948	-26.747	-26.740	1.4320
-1	19	tracking	-843.536584	69.125555	-265.553190	-26.747	-25.689	1.4046
-1	20	tracking	-843.300384	69.113535	-265.623253	-1.747	-17.689	1.4054
-1	21	tracking	-843.100129	69.088903	-265.661946	23.253	-9.689	1.5918
-1	22	tracking	-842.935939	69.051976	-265.678117	37.878	-7.940	1.3546
-1	23	tracking	-842.802291	69.003506	-265.676269	37.878	-7.940	1.2653
-1	24	tracking	-842.699176	68.943190	-265.666444	62.878	-15.940	1.2828
-1	25	tracking	-842.621629	68.867454	-265.651857	67.848	-23.940	1.3153
-1	26	tracking	-842.565079	68.770355	-265.633754	67.848	-31.940	1.4628
-1	27	tracking	-842.525759	68.644315	-265.613118	67.848	-39.940	1.3578
-1	28	tracking	-842.497919	68.481735	-265.586975	42.848	-47.168	1.1880
-1	29	tracking	-842.476678	68.284429	-265.552612	17.848	-47.168	3.0462
-1	30	tracking	-842.456107	68.054867	-265.508875	-7.152	-47.168	1.2179
-1	31	tracking	-842.429727	67.795885	-265.457098	-32.152	-47.168	1.8343
-1	32	tracking	-842.404562	67.499061	-265.397731	-7.152	-55.168	1.6227
-1	33	tracking	-842.386576	67.165890	-265.331058	17.848	-55.963	1.7877
-1	34	landing	-842.376815	66.810754	-265.252196	17.848	-47.963	0.1129
-1	35	landing	-842.374883	66.436026	-265.160919	17.848	-47.963	0.0921
-1	36	landing	-842.380430	66.044063	-265.057020	17.848	-47.963	0.0832
-1	37	landing	-842.393135	65.637154	-264.940337	17.848	-47.963	0.0725
0	0	tracking	-850.712875	68.799418	-257.100983	-139.104	-4.000	1.7957
0	1	tracking	-850.073193	68.723999	-257.688813	-164.104	-0.670	1.3984
0	2	tracking	-849.517440	68.654849	-258.301206	170.896	-8.670	1.3321
0	3	tracking	-849.058572	68.600863	-258.919376	153.407	-16.670	1.3457
0	4	tracking	-848.651694	68.565254	-259.541115	178.407	-24.670	1.3590
0	5	tracking	-848.263789	68.549013	-260.153709	-156.593	-32.670	1.2738
0	6	tracking	-847.897518	68.551279	-260.753843	-159.186	-40.670	1.3078
0	7	tracking	-847.532770	68.569224	-261.325888	-134.186	-46.375	1.3979
0	8	tracking	-847.181984	68.599453	-261.880941	-150.375	-42.740	1.2752
0	9	tracking	-846.843618	68.637932	-262.420892	-150.375	-34.740	1.3011
0	10	tracking	-846.516001	68.680101	-262.947943	-150.375	-26.740	1.2855
0	11	tracking	-846.197238	68.720768	-263.464775	-150.375	-18.740	1.4651
0	12	tracking	-845.872142	68.763391	-263.954437	-125.375	-26.740	1.2743
0	13	tracking	-845.536987	68.808480	-264.399055	-100.375	-34.740	1.3407
0	14	tracking	-845.197941	68.853520	-264.784662	-75.375	-42.740	1.2198
0	15	tracking	-844.867311	68.893108	-265.104606	-50.375	-50.740	1.1769
0	16	tracking	-844.545386	68.924815	-265.368126	-51.747	-42.740	1.1656
0	17	tracking	-844.243607	68.947447	-265.573270	-26.747	-34.740	1.1921
0	18	tracking	-843.960792	68.959461	-265.728415	-26.747	-26.740	2.1480
0	19	tracking	-843.696048	68.959659	-265.841337	-26.747	-25.689	1.1635
0	20	tracking	-843.459325	68.948049	-265.914536	-1.747	-17.689	1.2443
0	21	tracking	-843.258640	68.923808	-265.955935	23.253	-9.689	1.2017
0	22	tracking	-843.094102	68.887244	-265.974474	37.878	-7.940	1.3690
0	23	tracking	-842.960159	68.839106	-265.974716	37.878	-7.940	1.1480
0	24	tracking	-842.856780	68.779094	-265.966755	62.878	-15.940	1.0977
0	25	tracking	-842.778983	68.703637	-265.953835	67.848	-23.940	1.1108
0	26	tracking	-842.722191	68.606788	-265.937223	67.848	-31.940	2.1254
0	27	tracking	-842.682629	68.480963	-265.917928	67.848	-39.940	1.5923
0	28	tracking	-842.654549	68.318547	-265.893007	42.848	-47.168	0.6279
0	29	tracking	-842.633077	68.121335	-265.859783	17.848	-47.168	0.6091
0	30	tracking	-842.612307	67.891784	-265.817127	-7.152	-47.168	0.5748
0	31	tracking	-842.585786	67.632731	-265.766367	-32.152	-47.168	0.6005
0	32	tracking	-842.560502	67.335752	-265.707962	-7.152	-55.168	1.1163
0	33	tracking	-842.542393	67.002348	-265.642199	17.848	-55.963	0.6166
0	34	landing	-842.532507	66.646914	-265.564196	17.848	-47.963	0.0309
0	35	landing	-842.530449	66.271831	-265.473732	17.848	-47.963	0.0249
0	36	landing	-842.535869	65.879459	-265.370598	17.848	-47.963	0.0231
1	0	tracking	-850.612875	68.799418	-257.100983	-139.104	-4.000	0.7418
1	1	tracking	-849.973193	68.723999	-257.688813	-164.104	-0.670	0.6860
1	2	tracking	-849.417440	68.654849	-258.301206	170.896	-8.670	0.6642
1	3	tracking	-848.958572	68.600863	-258.919376	153.407	-16.670	0.8766
1	4	tracking	-848.551694	68.565254	-259.541115	178.407	-24.670	0.6701
1	5	tracking	-848.163789	68.549013	-260.153709	-156.593	-32.670	0.9262
1	6	tracking	-847.797518	68.551279	-260.753843	-159.186	-40.670	0.7144
1	7	tracking	-847.432770	68.569224	-261.325888	-134.186	-46.375	0.7307
1	8	tracking	-847.081984	68.599453	-261.880941	-150.375	-42.740	0.6851
1	9	tracking	-846.743618	68.637932	-262.420892	-150.375	-34.740	0.7131
1	10	tracking	-846.416001	68.680101	-262.947943	-150.375	-26.740	0.7077
1	11	tracking	-846.097238	68.720768	-263.464775	-150.375	-18.740	0.6895
1	12	tracking	-845.772142	68.763391	-263.954437	-125.375	-26.740	0.6633
1	13	tracking	-845.436987	68.808480	-264.399055	-100.375	-34.740	0.8849
1	14	tracking	-845.097941	68.853520	-264.784662	-75.375	-42.740	0.6824
1	15	tracking	-844.767311	68.893108	-265.104606	-50.375	-50.740	0.8272
1	16	tracking	-844.445386	68.924815	-265.368126	-51.747	-42.740	0.7940
1	17	tracking	-844.143607	68.947447	-265.573270	-26.747	-34.740	0.8523
1	18	tracking	-843.860792	68.959461	-265.728415	-26.747	-26.740	0.6783
1	19	tracking	-843.596048	68.959659	-265.841337	-26.747	-25.689	0.7502
1	20	tracking	-843.359325	68.948049	-265.914536	-1.747	-17.689	1.2525
1	21	tracking	-843.158640	68.923808	-265.955935	23.253	-9.689	0.6237
1	22	tracking	-842.994102	68.887244	-265.974474	37.878	-7.940	0.6703
1	23	tracking	-842.860159	68.839106	-265.974716	37.878	-7.940	0.6264
1	24	tracking	-842.756780	68.779094	-265.966755	62.878	-15.940	0.6370
1	25	tracking	-842.678983	68.703637	-265.953835	67.848	-23.940	0.5919
1	26	tracking	-842.622191	68.606788	-265.937223	67.848	-31.940	0.6059
1	27	tracking	-842.582629	68.480963	-265.917928	67.848	-39.940	0.7204
1	28	tracking	-842.554549	68.318547	-265.893007	42.848	-47.168	0.6123
1	29	tracking	-842.533077	68.121335	-265.859783	17.848	-47.168	0.6413
1	30	tracking	-842.512307	67.891784	-265.817127	-7.152	-47.168	0.6595
1	31	tracking	-842.485786	67.632731	-265.766367	-32.152	-47.168	0.5825
1	32	tracking	-842.460502	67.335752	-265.707962	-7.152	-55.168	0.5715
1	33	tracking	-842.442393	67.002348	-265.642199	17.848	-55.963	0.5918
1	34	landing	-842.432507	66.646914	-265.564196	17.848	-47.963	0.0383
1	35	landing	-842.430449	66.271831	-265.473732	17.848	-47.963	0.0340
1	36	landing	-842.435869	65.879459	-265.370598	17.848	-47.963	0.0312
2	0	tracking	-850.712875	68.899418	-257.100983	-139.104	-4.000	0.6254
2	1	tracking	-850.073193	68.823999	-257.688813	-164.104	-0.670	0.5888
2	2	tracking	-849.517440	68.754849	-258.301206	170.896	-8.670	0.5776
2	3	tracking	-849.058572	68.700863	-258.919376	153.407	-16.670	1.0031
2	4	tracking	-848.651694	68.665254	-259.541115	178.407	-24.670	1.0949
2	5	tracking	-848.263789	68.649013	-260.153709	-156.593	-32.670	0.7611
2	6	tracking	-847.897518	68.651279	-260.753843	-159.186	-40.670	0.6570
2	7	tracking	-847.532770	68.669224	-261.325888	-134.186	-46.375	0.5410
2	8	tracking	-847.181984	68.699453	-261.880941	-150.375	-42.740	0.7617
2	9	tracking	-846.843618	68.737932	-262.420892	-150.375	-34.740	0.6297
2	10	tracking	-846.516001	68.780101	-262.947943	-150.375	-26.740	0.6342
2	11	tracking	-846.197238	68.820768	-263.464775	-150.375	-18.740	0.6019
2	12	tracking	-845.872142	68.863391	-263.954437	-125.375	-26.740	0.5913
2	13	tracking	-845.536987	68.908480	-264.399055	-100.375	-34.740	0.5241
2	14	tracking	-845.197941	68.953520	-264.784662	-75.375	-42.740	0.5458
2	15	tracking	-844.867311	68.993108	-265.104606	-50.375	-50.740	0.5240
2	16	tracking	-844.545386	69.024815	-265.368126	-51.747	-42.740	0.5122
2	17	tracking	-844.243607	69.047447	-265.573270	-26.747	-34.740	0.4817
2	18	tracking	-843.960792	69.059461	-265.728415	-26.747	-26.740	0.4706
2	19	tracking	-843.696048	69.059659	-265.841337	-26.747	-25.689	0.5530
2	20	tracking	-843.459325	69.048049	-265.914536	-1.747	-17.689	0.5228
2	21	tracking	-843.258640	69.023808	-265.955935	23.253	-9.689	0.5360
2	22	tracking	-843.094102	68.987244	-265.974474	37.878	-7.940	0.4999
2	23	tracking	-842.960159	68.939106	-265.974716	37.878	-7.940	0.4508
2	24	tracking	-842.856780	68.879094	-265.966755	62.878	-15.940	0.4563
2	25	tracking	-842.778983	68.803637	-265.953835	67.848	-23.940	0.4462
2	26	tracking	-842.722191	68.706788	-265.937223	67.848	-31.940	0.4512
2	27	tracking	-842.682629	68.580963	-265.917928	67.848	-39.940	0.4379
2	28	tracking	-842.654549	68.418547	-265.893007	42.848	-47.168	0.4425
2	29	tracking	-842.633077	68.221335	-265.859783	17.848	-47.168	0.4444
2	30	tracking	-842.612307	67.991784	-265.817127	-7.152	-47.168	0.4682
2	31	tracking	-842.585786	67.732731	-265.766367	-32.152	-47.168	0.4457
2	32	tracking	-842.560502	67.435752	-265.707962	-7.152	-55.168	0.4342
2	33	tracking	-842.542393	67.102348	-265.642199	17.848	-55.963	0.4447
2	34	landing	-842.532507	66.746914	-265.564196	17.848	-47.963	0.0235
2	35	landing	-842.530449	66.371831	-265.473732	17.848	-47.963	0.0202
2	36	landing	-842.535869	65.979459	-265.370598	17.848	-47.963	0.0183
3	0	tracking	-850.612875	68.899418	-257.100983	-139.104	-4.000	0.6397
3	1	tracking	-849.973193	68.823999	-257.688813	-164.104	-0.670	0.5690
3	2	tracking	-849.417440	68.754849	-258.301206	170.896	-8.670	0.6843
3	3	tracking	-848.958572	68.700863	-258.919376	153.407	-16.670	0.5805
3	4	tracking	-848.551694	68.665254	-259.541115	178.407	-24.670	0.5611
3	5	tracking	-848.163789	68.649013	-260.153709	-156.593	-32.670	0.5602
3	6	tracking	-847.797518	68.651279	-260.753843	-159.186	-40.670	0.5582
3	7	tracking	-847.432770	68.669224	-261.325888	-134.186	-46.375	0.5437
3	8	tracking	-847.081984	68.699453	-261.880941	-150.375	-42.740	0.7242
3	9	tracking	-846.743618	68.737932	-262.420892	-150.375	-34.740	0.6366
3	10	tracking	-846.416001	68.780101	-262.947943	-150.375	-26.740	0.6533
3	11	tracking	-846.097238	68.820768	-263.464775	-150.375	-18.740	0.6059
3	12	tracking	-845.772142	68.863391	-263.954437	-125.375	-26.740	0.5754
3	13	tracking	-845.436987	68.908480	-264.399055	-100.375	-34.740	0.5859
3	14	tracking	-845.097941	68.953520	-264.784662	-75.375	-42.740	0.6418
3	15	tracking	-844.767311	68.993108	-265.104606	-50.375	-50.740	0.6388
3	16	tracking	-844.445386	69.024815	-265.368126	-51.747	-42.740	0.6670
3	17	tracking	-844.143607	69.047447	-265.573270	-26.747	-34.740	0.6950
3	18	tracking	-843.860792	69.059461	-265.728415	-26.747	-26.740	0.6979
3	19	tracking	-843.596048	69.059659	-265.841337	-26.747	-25.689	0.6923
3	20	tracking	-843.359325	69.048049	-265.914536	-1.747	-17.689	0.7204
3	21	tracking	-843.158640	69.023808	-265.955935	23.253	-9.689	0.6293
3	22	tracking	-842.994102	68.987244	-265.974474	37.878	-7.940	0.6280
3	23	tracking	-842.860159	68.939106	-265.974716	37.878	-7.940	0.5923
3	24	tracking	-842.756780	68.879094	-265.966755	62.878	-15.940	0.5935
3	25	tracking	-842.678983	68.803637	-265.953835	67.848	-23.940	0.9201
3	26	tracking	-842.622191	68.706788	-265.937223	67.848	-31.940	1.0859
3	27	tracking	-842.582629	68.580963	-265.917928	67.848	-39.940	0.6928
3	28	tracking	-842.554549	68.418547	-265.893007	42.848	-47.168	0.6596
3	29	tracking	-842.533077	68.221335	-265.859783	17.848	-47.168	0.6061
3	30	tracking	-842.512307	67.991784	-265.817127	-7.152	-47.168	0.6448
3	31	tracking	-842.485786	67.732731	-265.766367	-32.152	-47.168	0.6247
3	32	tracking	-842.460502	67.435752	-265.707962	-7.152	-55.168	0.6237
3	33	tracking	-842.442393	67.102348	-265.642199	17.848	-55.963	0.7110
3	34	landing	-842.432507	66.746914	-265.564196	17.848	-47.963	0.0459
3	35	landing	-842.430449	66.371831	-265.473732	17.848	-47.963	0.0374
3	36	landing	-842.435869	65.979459	-265.370598	17.848	-47.963	0.0494
4	0	tracking	-850.712875	68.799418	-257.000983	-139.104	-4.000	0.8112
4	1	tracking	-850.073193	68.723999	-257.588813	-164.104	-0.670	0.6883
4	2	tracking	-849.517440	68.654849	-258.201206	170.896	-8.670	0.6432
4	3	tracking	-849.058572	68.600863	-258.819376	153.407	-16.670	0.6031
4	4	tracking	-848.651694	68.565254	-259.441115	178.407	-24.670	0.6524
4	5	tracking	-848.263789	68.549013	-260.053709	-156.593	-32.670	0.5910
4	6	tracking	-847.897518	68.551279	-260.653843	-159.186	-40.670	0.5800
4	7	tracking	-847.532770	68.569224	-261.225888	-134.186	-46.375	0.7754
4	8	tracking	-847.181984	68.599453	-261.780941	-150.375	-42.740	0.6405
4	9	tracking	-846.843618	68.637932	-262.320892	-150.375	-34.740	0.6943
4	10	tracking	-846.516001	68.680101	-262.847943	-150.375	-26.740	0.7340
4	11	tracking	-846.197238	68.720768	-263.364775	-150.375	-18.740	0.5002
4	12	tracking	-845.872142	68.763391	-263.854437	-125.375	-26.740	0.4928
4	13	tracking	-845.536987	68.808480	-264.299055	-100.375	-34.740	0.4687
4	14	tracking	-845.197941	68.853520	-264.684662	-75.375	-42.740	0.4412
4	15	tracking	-844.867311	68.893108	-265.004606	-50.375	-50.740	0.4966
4	16	tracking	-844.545386	68.924815	-265.268126	-51.747	-42.740	0.4625
4	17	tracking	-844.243607	68.947447	-265.473270	-26.747	-34.740	0.5061
4	18	tracking	-843.960792	68.959461	-265.628415	-26.747	-26.740	0.4467
4	19	tracking	-843.696048	68.959659	-265.741337	-26.747	-25.689	0.4183
4	20	tracking	-843.459325	68.948049	-265.814536	-1.747	-17.689	0.4241
4	21	tracking	-843.258640	68.923808	-265.855935	23.253	-9.689	0.4387
4	22	tracking	-843.094102	68.887244	-265.874474	37.878	-7.940	0.3971
4	23	tracking	-842.960159	68.839106	-265.874716	37.878	-7.940	0.3828
4	24	tracking	-842.856780	68.779094	-265.866755	62.878	-15.940	0.3898
4	25	tracking	-842.778983	68.703637	-265.853835	67.848	-23.940	0.4226
4	26	tracking	-842.722191	68.606788	-265.837223	67.848	-31.940	0.4123
4	27	tracking	-842.682629	68.480963	-265.817928	67.848	-39.940	0.3904
4	28	tracking	-842.654549	68.318547	-265.793007	42.848	-47.168	0.4011
4	29	tracking	-842.633077	68.121335	-265.759783	17.848	-47.168	0.3890
4	30	tracking	-842.612307	67.891784	-265.717127	-7.152	-47.168	0.3855
4	31	tracking	-842.585786	67.632731	-265.666367	-32.152	-47.168	0.6509
4	32	tracking	-842.560502	67.335752	-265.607962	-7.152	-55.168	0.5211
4	33	tracking	-842.542393	67.002348	-265.542199	17.848	-55.963	0.3946
4	34	landing	-842.532507	66.646914	-265.464196	17.848	-47.963	0.0206
4	35	landing	-842.530449	66.271831	-265.373732	17.848	-47.963	0.0171
4	36	landing	-842.535869	65.879459	-265.270598	17.848	-47.963	0.0199
5	0	tracking	-850.612875	68.799418	-257.000983	-139.104	-4.000	0.7751
5	1	tracking	-849.973193	68.723999	-257.588813	-164.104	-0.670	0.4055
5	2	tracking	-849.417440	68.654849	-258.201206	170.896	-8.670	0.3952
5	3	tracking	-848.958572	68.600863	-258.819376	153.407	-16.670	0.3841
5	4	tracking	-848.551694	68.565254	-259.441115	178.407	-24.670	0.3667
5	5	tracking	-848.163789	68.549013	-260.053709	-156.593	-32.670	0.3852
5	6	tracking	-847.797518	68.551279	-260.653843	-159.186	-40.670	0.3758
5	7	tracking	-847.432770	68.569224	-261.225888	-134.186	-46.375	0.3508
5	8	tracking	-847.081984	68.599453	-261.780941	-150.375	-42.740	0.3525
5	9	tracking	-846.743618	68.637932	-262.320892	-150.375	-34.740	0.8654
5	10	tracking	-846.416001	68.680101	-262.847943	-150.375	-26.740	0.5305
5	11	tracking	-846.097238	68.720768	-263.364775	-150.375	-18.740	0.3754
5	12	tracking	-845.772142	68.763391	-263.854437	-125.375	-26.740	0.3801
5	13	tracking	-845.436987	68.808480	-264.299055	-100.375	-34.740	0.3674
5	14	tracking	-845.097941	68.853520	-264.684662	-75.375	-42.740	0.4193
5	15	tracking	-844.767311	68.893108	-265.004606	-50.375	-50.740	0.3826
5	16	tracking	-844.445386	68.924815	-265.268126	-51.747	-42.740	0.3511
5	17	tracking	-844.143607	68.947447	-265.473270	-26.747	-34.740	0.3229
5	18	tracking	-843.860792	68.959461	-265.628415	-26.747	-26.740	0.3772
5	19	tracking	-843.596048	68.959659	-265.741337	-26.747	-25.689	0.3546
5	20	tracking	-843.359325	68.948049	-265.814536	-1.747	-17.689	0.3252
5	21	tracking	-843.158640	68.923808	-265.855935	23.253	-9.689	0.3226
5	22	tracking	-842.994102	68.887244	-265.874474	37.878	-7.940	0.3291
5	23	tracking	-842.860159	68.839106	-265.874716	37.878	-7.940	0.3879
5	24	tracking	-842.756780	68.779094	-265.866755	62.878	-15.940	0.3507
5	25	tracking	-842.678983	68.703637	-265.853835	67.848	-23.940	0.3590
5	26	tracking	-842.622191	68.606788	-265.837223	67.848	-31.940	0.3209
5	27	tracking	-842.582629	68.480963	-265.817928	67.848	-39.940	0.3215
5	28	tracking	-842.554549	68.318547	-265.793007	42.848	-47.168	0.3118
5	29	tracking	-842.533077	68.121335	-265.759783	17.848	-47.168	0.3347
5	30	tracking	-842.512307	67.891784	-265.717127	-7.152	-47.168	0.3187
5	31	tracking	-842.485786	67.632731	-265.666367	-32.152	-47.168	0.3193
5	32	tracking	-842.460502	67.335752	-265.607962	-7.152	-55.168	0.3065
5	33	tracking	-842.442393	67.002348	-265.542199	17.848	-55.963	0.3037
5	34	landing	-842.432507	66.646914	-265.464196	17.848	-47.963	0.0218
5	35	landing	-842.430449	66.271831	-265.373732	17.848	-47.963	0.0185
5	36	landing	-842.435869	65.879459	-265.270598	17.848	-47.963	0.0169
6	0	tracking	-850.712875	68.899418	-257.000983	-139.104	-4.000	0.4012
6	1	tracking	-850.073193	68.823999	-257.588813	-164.104	-0.670	0.3422
6	2	tracking	-849.517440	68.754849	-258.201206	170.896	-8.670	0.3328
6	3	tracking	-849.058572	68.700863	-258.819376	153.407	-16.670	0.3336
6	4	tracking	-848.651694	68.665254	-259.441115	178.407	-24.670	0.4379
6	5	tracking	-848.263789	68.649013	-260.053709	-156.593	-32.670	0.3295
6	6	tracking	-847.897518	68.651279	-260.653843	-159.186	-40.670	0.6262
6	7	tracking	-847.532770	68.669224	-261.225888	-134.186	-46.375	0.6597
6	8	tracking	-847.181984	68.699453	-261.780941	-150.375	-42.740	0.6903
6	9	tracking	-846.843618	68.737932	-262.320892	-150.375	-34.740	0.7240
6	10	tracking	-846.516001	68.780101	-262.847943	-150.375	-26.740	0.5321
6	11	tracking	-846.197238	68.820768	-263.364775	-150.375	-18.740	0.4476
6	12	tracking	-845.872142	68.863391	-263.854437	-125.375	-26.740	0.3323
6	13	tracking	-845.536987	68.908480	-264.299055	-100.375	-34.740	0.3253
6	14	tracking	-845.197941	68.953520	-264.684662	-75.375	-42.740	0.3471
6	15	tracking	-844.867311	68.993108	-265.004606	-50.375	-50.740	0.2995
6	16	tracking	-844.545386	69.024815	-265.268126	-51.747	-42.740	0.4854
6	17	tracking	-844.243607	69.047447	-265.473270	-26.747	-34.740	0.5342
6	18	tracking	-843.960792	69.059461	-265.628415	-26.747	-26.740	0.4038
6	19	tracking	-843.696048	69.059659	-265.741337	-26.747	-25.689	0.3957
6	20	tracking	-843.459325	69.048049	-265.814536	-1.747	-17.689	0.3079
6	21	tracking	-843.258640	69.023808	-265.855935	23.253	-9.689	0.2762
6	22	tracking	-843.094102	68.987244	-265.874474	37.878	-7.940	0.2713
6	23	tracking	-842.960159	68.939106	-265.874716	37.878	-7.940	0.2665
6	24	tracking	-842.856780	68.879094	-265.866755	62.878	-15.940	0.3045
6	25	tracking	-842.778983	68.803637	-265.853835	67.848	-23.940	0.3455
6	26	tracking	-842.722191	68.706788	-265.837223	67.848	-31.940	0.2718
6	27	tracking	-842.682629	68.580963	-265.817928	67.848	-39.940	0.2698
6	28	tracking	-842.654549	68.418547	-265.793007	42.848	-47.168	0.2594
6	29	tracking	-842.633077	68.221335	-265.759783	17.848	-47.168	0.2573
6	30	tracking	-842.612307	67.991784	-265.717127	-7.152	-47.168	0.2600
6	31	tracking	-842.585786	67.732731	-265.666367	-32.152	-47.168	0.2911
6	32	tracking	-842.560502	67.435752	-265.607962	-7.152	-55.168	0.2643
6	33	tracking	-842.542393	67.102348	-265.542199	17.848	-55.963	0.2540
6	34	landing	-842.532507	66.746914	-265.464196	17.848	-47.963	0.0137
6	35	landing	-842.530449	66.371831	-265.373732	17.848	-47.963	0.0103
6	36	landing	-842.535869	65.979459	-265.270598	17.848	-47.963	0.0101
7	0	tracking	-850.612875	68.899418	-257.000983	-139.104	-4.000	0.4320
7	1	tracking	-849.973193	68.823999	-257.588813	-164.104	-0.670	0.6864
7	2	tracking	-849.417440	68.754849	-258.201206	170.896	-8.670	0.5168
7	3	tracking	-848.958572	68.700863	-258.819376	153.407	-16.670	0.3749
7	4	tracking	-848.551694	68.665254	-259.441115	178.407	-24.670	0.3338
7	5	tracking	-848.163789	68.649013	-260.053709	-156.593	-32.670	0.3299
7	6	tracking	-847.797518	68.651279	-260.653843	-159.186	-40.670	0.3437
7	7	tracking	-847.432770	68.669224	-261.225888	-134.186	-46.375	0.3285
7	8	tracking	-847.081984	68.699453	-261.780941	-150.375	-42.740	0.3187
7	9	tracking	-846.743618	68.737932	-262.320892	-150.375	-34.740	0.3335
7	10	tracking	-846.416001	68.780101	-262.847943	-150.375	-26.740	0.3150
7	11	tracking	-846.097238	68.820768	-263.364775	-150.375	-18.740	0.3141
7	12	tracking	-845.772142	68.863391	-263.854437	-125.375	-26.740	0.3483
7	13	tracking	-845.436987	68.908480	-264.299055	-100.375	-34.740	0.3150
7	14	tracking	-845.097941	68.953520	-264.684662	-75.375	-42.740	0.3082
7	15	tracking	-844.767311	68.993108	-265.004606	-50.375	-50.740	0.3481
7	16	tracking	-844.445386	69.024815	-265.268126	-51.747	-42.740	0.3097
7	17	tracking	-844.143607	69.047447	-265.473270	-26.747	-34.740	0.3036
7	18	tracking	-843.860792	69.059461	-265.628415	-26.747	-26.740	0.3398
7	19	tracking	-843.596048	69.059659	-265.741337	-26.747	-25.689	0.5131
7	20	tracking	-843.359325	69.048049	-265.814536	-1.747	-17.689	0.3204
7	21	tracking	-843.158640	69.023808	-265.855935	23.253	-9.689	0.3193
7	22	tracking	-842.994102	68.987244	-265.874474	37.878	-7.940	0.3000
7	23	tracking	-842.860159	68.939106	-265.874716	37.878	-7.940	0.3085
7	24	tracking	-842.756780	68.879094	-265.866755	62.878	-15.940	0.3489
7	25	tracking	-842.678983	68.803637	-265.853835	67.848	-23.940	0.2985
7	26	tracking	-842.622191	68.706788	-265.837223	67.848	-31.940	0.2940
7	27	tracking	-842.582629	68.580963	-265.817928	67.848	-39.940	0.3088
7	28	tracking	-842.554549	68.418547	-265.793007	42.848	-47.168	0.3062
7	29	tracking	-842.533077	68.221335	-265.759783	17.848	-47.168	0.5400
7	30	tracking	-842.512307	67.991784	-265.717127	-7.152	-47.168	0.4852
7	31	tracking	-842.485786	67.732731	-265.666367	-32.152	-47.168	0.5248
7	32	tracking	-842.460502	67.435752	-265.607962	-7.152	-55.168	0.5030
7	33	tracking	-842.442393	67.102348	-265.542199	17.848	-55.963	0.5332
7	34	landing	-842.432507	66.746914	-265.464196	17.848	-47.963	0.0320
7	35	landing	-842.430449	66.371831	-265.373732	17.848	-47.963	0.0260
7	36	landing	-842.435869	65.979459	-265.270598	17.848	-47.963	0.0325
8	0	tracking	-850.675217	68.799697	-257.103313	-139.104	-4.000	0.8511
8	1	tracking	-850.001151	68.724570	-257.696135	-164.104	-0.670	0.5443
8	2	tracking	-849.415186	68.656225	-258.315623	170.896	-8.670	0.4682
8	3	tracking	-848.930394	68.603882	-258.942099	153.407	-16.670	0.4408
8	4	tracking	-848.500465	68.570916	-259.572992	178.407	-24.670	0.3931
8	5	tracking	-848.091441	68.558465	-260.195083	-156.593	-32.670	0.3870
8	6	tracking	-847.705899	68.565819	-260.804874	-159.186	-40.670	0.3556
8	7	tracking	-847.323171	68.590181	-261.386310	-134.186	-46.375	0.3781
8	8	tracking	-846.955865	68.627863	-261.950611	-150.375	-42.740	0.3568
8	9	tracking	-846.602351	68.674347	-262.499554	-150.375	-34.740	0.4206
8	10	tracking	-846.260593	68.725248	-263.035751	-150.375	-26.740	0.3845
8	11	tracking	-845.928568	68.775088	-263.561893	-150.375	-18.740	0.3540
8	12	tracking	-845.590648	68.827541	-264.060568	-125.375	-26.740	0.3760
8	13	tracking	-845.242934	68.883311	-264.513424	-100.375	-34.740	0.4143
8	14	tracking	-844.891791	68.939889	-264.906134	-75.375	-42.740	0.3955
8	15	tracking	-844.549949	68.991650	-265.232048	-50.375	-50.740	0.3930
8	16	tracking	-844.217620	69.035902	-265.500561	-51.747	-42.740	0.3733
8	17	tracking	-843.906384	69.071115	-265.709783	-26.747	-34.740	0.3689
8	18	tracking	-843.615071	69.095287	-265.868415	-26.747	-26.740	0.6046
8	19	tracking	-843.342806	69.106928	-265.984549	-26.747	-25.689	0.7552
8	20	tracking	-843.099388	69.105826	-266.060814	-1.747	-17.689	0.7157
8	21	tracking	-842.892648	69.091037	-266.105157	23.253	-9.689	0.7438
8	22	tracking	-842.722585	69.062940	-266.126486	37.878	-7.940	0.7360
8	23	tracking	-842.583600	69.022387	-266.129366	37.878	-7.940	0.6179
8	24	tracking	-842.475575	68.969295	-266.123834	62.878	-15.940	0.3692
8	25	tracking	-842.393513	68.900282	-266.113128	67.848	-23.940	0.3880
8	26	tracking	-842.332827	68.809551	-266.098529	67.848	-31.940	0.4298
8	27	tracking	-842.289727	68.689631	-266.081054	67.848	-39.940	0.3730
8	28	tracking	-842.258452	68.532964	-266.057801	42.848	-47.168	0.3332
8	29	tracking	-842.234094	68.341256	-266.026189	17.848	-47.168	0.3259
8	30	tracking	-842.210778	68.116883	-265.985168	-7.152	-47.168	0.3629
8	31	tracking	-842.182110	67.862644	-265.936063	-32.152	-47.168	0.3414
8	32	tracking	-842.154935	67.570189	-265.879299	-7.152	-55.168	0.4674
8	33	tracking	-842.135088	67.241004	-265.815165	17.848	-55.963	0.8589
8	34	landing	-842.123578	66.889420	-265.738849	17.848	-47.963	0.0274
8	35	landing	-842.119992	66.517806	-265.650133	17.848	-47.963	0.0161
8	36	landing	-842.123972	66.128522	-265.548807	17.848	-47.963	0.0204
8	37	landing	-842.135189	65.723875	-265.434702	17.848	-47.963	0.0131
9	0	tracking	-850.575217	68.799697	-257.103313	-139.104	-4.000	0.5083
9	1	tracking	-849.901151	68.724570	-257.696135	-164.104	-0.670	0.4472
9	2	tracking	-849.315186	68.656225	-258.315623	170.896	-8.670	0.3892
9	3	tracking	-848.830394	68.603882	-258.942099	153.407	-16.670	0.4119
9	4	tracking	-848.400465	68.570916	-259.572992	178.407	-24.670	0.3767
9	5	tracking	-847.991441	68.558465	-260.195083	-156.593	-32.670	0.3671
9	6	tracking	-847.605899	68.565819	-260.804874	-159.186	-40.670	0.3985
9	7	tracking	-847.223171	68.590181	-261.386310	-134.186	-46.375	0.3623
9	8	tracking	-846.855865	68.627863	-261.950611	-150.375	-42.740	0.4190
9	9	tracking	-846.502351	68.674347	-262.499554	-150.375	-34.740	0.3719
9	10	tracking	-846.160593	68.725248	-263.035751	-150.375	-26.740	0.3710
9	11	tracking	-845.828568	68.775088	-263.561893	-150.375	-18.740	0.4116
9	12	tracking	-845.490648	68.827541	-264.060568	-125.375	-26.740	0.3629
9	13	tracking	-845.142934	68.883311	-264.513424	-100.375	-34.740	0.4246
9	14	tracking	-844.791791	68.939889	-264.906134	-75.375	-42.740	0.3641
9	15	tracking	-844.449949	68.991650	-265.232048	-50.375	-50.740	0.3507
9	16	tracking	-844.117620	69.035902	-265.500561	-51.747	-42.740	0.3746
9	17	tracking	-843.806384	69.071115	-265.709783	-26.747	-34.740	0.5804
9	18	tracking	-843.515071	69.095287	-265.868415	-26.747	-26.740	0.4004
9	19	tracking	-843.242806	69.106928	-265.984549	-26.747	-25.689	0.4255
9	20	tracking	-842.999388	69.105826	-266.060814	-1.747	-17.689	0.3485
9	21	tracking	-842.792648	69.091037	-266.105157	23.253	-9.689	0.3610
9	22	tracking	-842.622585	69.062940	-266.126486	37.878	-7.940	0.3439
9	23	tracking	-842.483600	69.022387	-266.129366	37.878	-7.940	0.3344
9	24	tracking	-842.375575	68.969295	-266.123834	62.878	-15.940	0.3442
9	25	tracking	-842.293513	68.900282	-266.113128	67.848	-23.940	0.3227
9	26	tracking	-842.232827	68.809551	-266.098529	67.848	-31.940	0.3420
9	27	tracking	-842.189727	68.689631	-266.081054	67.848	-39.940	0.3339
9	28	tracking	-842.158452	68.532964	-266.057801	42.848	-47.168	0.3201
9	29	tracking	-842.134094	68.341256	-266.026189	17.848	-47.168	0.3263
9	30	tracking	-842.110778	68.116883	-265.985168	-7.152	-47.168	0.3336
9	31	tracking	-842.082110	67.862644	-265.936063	-32.152	-47.168	0.3239
9	32	tracking	-842.054935	67.570189	-265.879299	-7.152	-55.168	0.3355
9	33	tracking	-842.035088	67.241004	-265.815165	17.848	-55.963	0.3311
9	34	landing	-842.023578	66.889420	-265.738849	17.848	-47.963	0.0382
9	35	landing	-842.019992	66.517806	-265.650133	17.848	-47.963	0.0176
9	36	landing	-842.023972	66.128522	-265.548807	17.848	-47.963	0.0132
9	37	landing	-842.035189	65.723875	-265.434702	17.848	-47.963	0.0117
10	0	tracking	-850.675217	68.899697	-257.103313	-139.104	-4.000	0.4442
10	1	tracking	-850.001151	68.824570	-257.696135	-164.104	-0.670	0.3921
10	2	tracking	-849.415186	68.756225	-258.315623	170.896	-8.670	0.4000
10	3	tracking	-848.930394	68.703882	-258.942099	153.407	-16.670	0.3849
10	4	tracking	-848.500465	68.670916	-259.572992	178.407	-24.670	0.3785
10	5	tracking	-848.091441	68.658465	-260.195083	-156.593	-32.670	0.3935
10	6	tracking	-847.705899	68.665819	-260.804874	-159.186	-40.670	0.3727
10	7	tracking	-847.323171	68.690181	-261.386310	-134.186	-46.375	0.3841
10	8	tracking	-846.955865	68.727863	-261.950611	-150.375	-42.740	0.3910
10	9	tracking	-846.602351	68.774347	-262.499554	-150.375	-34.740	0.3861
10	10	tracking	-846.260593	68.825248	-263.035751	-150.375	-26.740	0.3939
10	11	tracking	-845.928568	68.875088	-263.561893	-150.375	-18.740	0.3408
10	12	tracking	-845.590648	68.927541	-264.060568	-125.375	-26.740	0.4214
10	13	tracking	-845.242934	68.983311	-264.513424	-100.375	-34.740	0.3415
10	14	tracking	-844.891791	69.039889	-264.906134	-75.375	-42.740	0.3544
10	15	tracking	-844.549949	69.091650	-265.232048	-50.375	-50.740	0.3624
10	16	tracking	-844.217620	69.135902	-265.500561	-51.747	-42.740	0.3379
10	17	tracking	-843.906384	69.171115	-265.709783	-26.747	-34.740	0.4922
10	18	tracking	-843.615071	69.195287	-265.868415	-26.747	-26.740	0.3972
10	19	tracking	-843.342806	69.206928	-265.984549	-26.747	-25.689	0.3407
10	20	tracking	-843.099388	69.205826	-266.060814	-1.747	-17.689	0.3480
10	21	tracking	-842.892648	69.191037	-266.105157	23.253	-9.689	0.3751
10	22	tracking	-842.722585	69.162940	-266.126486	37.878	-7.940	0.3844
10	23	tracking	-842.583600	69.122387	-266.129366	37.878	-7.940	0.6339
10	24	tracking	-842.475575	69.069295	-266.123834	62.878	-15.940	0.4333
10	25	tracking	-842.393513	69.000282	-266.113128	67.848	-23.940	0.3694
10	26	tracking	-842.332827	68.909551	-266.098529	67.848	-31.940	0.3590
10	27	tracking	-842.289727	68.789631	-266.081054	67.848	-39.940	0.3368
10	28	tracking	-842.258452	68.632964	-266.057801	42.848	-47.168	0.3374
10	29	tracking	-842.234094	68.441256	-266.026189	17.848	-47.168	0.3327
10	30	tracking	-842.210778	68.216883	-265.985168	-7.152	-47.168	0.3209
10	31	tracking	-842.182110	67.962644	-265.936063	-32.152	-47.168	0.3496
10	32	tracking	-842.154935	67.670189	-265.879299	-7.152	-55.168	0.3053
10	33	tracking	-842.135088	67.341004	-265.815165	17.848	-55.963	0.3296
10	34	landing	-842.123578	66.989420	-265.738849	17.848	-47.963	0.0239
10	35	landing	-842.119992	66.617806	-265.650133	17.848	-47.963	0.0136
10	36	landing	-842.123972	66.228522	-265.548807	17.848	-47.963	0.0152
10	37	landing	-842.135189	65.823875	-265.434702	17.848	-47.963	0.0113
11	0	corrected	-850.575217	68.899697	-257.103313	-139.104	-4.000	0.6864
11	1	tracking	-849.901151	68.824570	-257.696135	-164.104	-0.670	0.3621
11	2	tracking	-849.315186	68.756225	-258.315623	170.896	-8.670	0.3862
11	3	tracking	-848.831366	68.703882	-258.941604	152.657	-16.670	0.3723
11	4	tracking	-848.403252	68.670865	-259.571941	177.657	-24.670	0.3717
11	5	tracking	-847.996675	68.658266	-260.193765	-157.343	-32.670	0.3845
11	6	tracking	-847.613838	68.665356	-260.803396	-159.686	-40.670	0.3871
11	7	tracking	-847.233928	68.689328	-261.384957	-134.686	-46.375	1.0022
11	8	tracking	-846.869446	68.726527	-261.949443	-150.708	-42.740	0.3212
11	9	tracking	-846.518689	68.772469	-262.498597	-150.625	-34.740	0.2985
11	10	tracking	-846.179578	68.822767	-263.034964	-150.542	-26.740	0.2843
11	11	tracking	-845.850037	68.871963	-263.561201	-150.458	-18.740	0.3022
11	12	tracking	-845.514457	68.923716	-264.059962	-125.458	-26.740	0.2929
11	13	tracking	-845.168937	68.978711	-264.512944	-100.458	-34.740	0.2787
11	14	tracking	-844.819822	69.034424	-264.905850	-75.458	-42.740	0.2746
11	15	tracking	-844.479812	69.085231	-265.232030	-50.458	-50.740	0.2909
11	16	tracking	-844.149182	69.128451	-265.500832	-51.747	-42.740	0.2863
11	17	tracking	-843.839500	69.162571	-265.710391	-26.747	-34.740	0.2944
11	18	tracking	-843.549612	69.185610	-265.869406	-26.747	-26.740	0.2918
11	19	tracking	-843.278621	69.196173	-265.985887	-26.747	-25.689	0.3220
11	20	tracking	-843.036338	69.194071	-266.062466	-1.747	-17.689	0.2611
11	21	tracking	-842.830607	69.178377	-266.107092	23.253	-9.689	0.2577
11	22	tracking	-842.661438	69.149463	-266.128681	37.878	-7.940	0.2983
11	23	tracking	-842.523244	69.108173	-266.131799	37.878	-7.940	0.2660
11	24	tracking	-842.415916	69.054399	-266.126484	62.878	-15.940	0.2530
11	25	tracking	-842.334466	68.984737	-266.115975	67.848	-23.940	0.2591
11	26	tracking	-842.274317	68.893374	-266.101554	67.848	-31.940	0.2501
11	27	tracking	-842.231687	68.772826	-266.084242	67.848	-39.940	0.2469
11	28	tracking	-842.200823	68.615526	-266.061141	42.848	-47.168	0.2567
11	29	tracking	-842.176830	68.423189	-266.029669	17.848	-47.168	0.4026
11	30	tracking	-842.153839	68.198195	-265.988772	-7.152	-47.168	0.2940
11	31	tracking	-842.125458	67.943353	-265.939771	-32.152	-47.168	0.2453
11	32	tracking	-842.098538	67.650301	-265.883100	-7.152	-55.168	0.2415
11	33	tracking	-842.078919	67.320530	-265.819044	17.848	-55.963	0.2526
11	34	landing	-842.067616	66.968384	-265.742786	17.848	-47.963	0.0195
11	35	landing	-842.064220	66.596234	-265.654107	17.848	-47.963	0.0155
11	36	landing	-842.068375	66.206446	-265.552796	17.848	-47.963	0.0114
11	37	landing	-842.079753	65.801326	-265.438686	17.848	-47.963	0.0101
12	0	tracking	-850.675217	68.799697	-257.003313	-139.104	-4.000	0.3723
12	1	tracking	-850.001151	68.724570	-257.596135	-164.104	-0.670	0.3293
12	2	tracking	-849.415186	68.656225	-258.215623	170.896	-8.670	0.3228
12	3	tracking	-848.930394	68.603882	-258.842099	153.407	-16.670	0.4275
12	4	tracking	-848.500465	68.570916	-259.472992	178.407	-24.670	0.3424
12	5	tracking	-848.091441	68.558465	-260.095083	-156.593	-32.670	0.3288
12	6	tracking	-847.705899	68.565819	-260.704874	-159.186	-40.670	0.3396
12	7	tracking	-847.323171	68.590181	-261.286310	-134.186	-46.375	0.3219
12	8	tracking	-846.955865	68.627863	-261.850611	-150.375	-42.740	0.3026
12	9	tracking	-846.602351	68.674347	-262.399554	-150.375	-34.740	0.3181
12	10	tracking	-846.260593	68.725248	-262.935751	-150.375	-26.740	0.2889
12	11	tracking	-845.928568	68.775088	-263.461893	-150.375	-18.740	0.2997
12	12	tracking	-845.590648	68.827541	-263.960568	-125.375	-26.740	0.2933
12	13	tracking	-845.242934	68.883311	-264.413424	-100.375	-34.740	0.2917
12	14	tracking	-844.891791	68.939889	-264.806134	-75.375	-42.740	0.2868
12	15	tracking	-844.549949	68.991650	-265.132048	-50.375	-50.740	0.2861
12	16	tracking	-844.217620	69.035902	-265.400561	-51.747	-42.740	0.2839
12	17	tracking	-843.906384	69.071115	-265.609783	-26.747	-34.740	0.2911
12	18	tracking	-843.615071	69.095287	-265.768415	-26.747	-26.740	0.2783
12	19	tracking	-843.342806	69.106928	-265.884549	-26.747	-25.689	0.2724
12	20	tracking	-843.099388	69.105826	-265.960814	-1.747	-17.689	0.2723
12	21	tracking	-842.892648	69.091037	-266.005157	23.253	-9.689	0.2722
12	22	tracking	-842.722585	69.062940	-266.026486	37.878	-7.940	0.2704
12	23	tracking	-842.583600	69.022387	-266.029366	37.878	-7.940	0.3411
12	24	tracking	-842.475575	68.969295	-266.023834	62.878	-15.940	0.2835
12	25	tracking	-842.393513	68.900282	-266.013128	67.848	-23.940	0.2695
12	26	tracking	-842.332827	68.809551	-265.998529	67.848	-31.940	0.3049
12	27	tracking	-842.289727	68.689631	-265.981054	67.848	-39.940	0.3196
12	28	tracking	-842.258452	68.532964	-265.957801	42.848	-47.168	0.3184
12	29	tracking	-842.234094	68.341256	-265.926189	17.848	-47.168	0.2837
12	30	tracking	-842.210778	68.116883	-265.885168	-7.152	-47.168	0.2756
12	31	tracking	-842.182110	67.862644	-265.836063	-32.152	-47.168	0.2662
12	32	tracking	-842.154935	67.570189	-265.779299	-7.152	-55.168	0.2626
12	33	tracking	-842.135088	67.241004	-265.715165	17.848	-55.963	0.2543
12	34	landing	-842.123578	66.889420	-265.638849	17.848	-47.963	0.0207
12	35	landing	-842.119992	66.517806	-265.550133	17.848	-47.963	0.0127
12	36	landing	-842.123972	66.128522	-265.448807	17.848	-47.963	0.0115
12	37	landing	-842.135189	65.723875	-265.334702	17.848	-47.963	0.0102
13	0	tracking	-850.575217	68.799697	-257.003313	-139.104	-4.000	0.4001
13	1	tracking	-849.901151	68.724570	-257.596135	-164.104	-0.670	0.3364
13	2	tracking	-849.315186	68.656225	-258.215623	170.896	-8.670	0.3524
13	3	tracking	-848.830394	68.603882	-258.842099	153.407	-16.670	0.3119
13	4	tracking	-848.400465	68.570916	-259.472992	178.407	-24.670	0.3162
13	5	tracking	-847.991441	68.558465	-260.095083	-156.593	-32.670	0.3102
13	6	tracking	-847.605899	68.565819	-260.704874	-159.186	-40.670	0.3103
13	7	tracking	-847.223171	68.590181	-261.286310	-134.186	-46.375	0.3447
13	8	tracking	-846.855865	68.627863	-261.850611	-150.375	-42.740	0.3314
13	9	tracking	-846.502351	68.674347	-262.399554	-150.375	-34.740	0.3067
13	10	tracking	-846.160593	68.725248	-262.935751	-150.375	-26.740	0.3131
13	11	tracking	-845.828568	68.775088	-263.461893	-150.375	-18.740	0.3277
13	12	tracking	-845.490648	68.827541	-263.960568	-125.375	-26.740	0.3208
13	13	tracking	-845.142934	68.883311	-264.413424	-100.375	-34.740	0.2946
13	14	tracking	-844.791791	68.939889	-264.806134	-75.375	-42.740	0.2858
13	15	tracking	-844.449949	68.991650	-265.132048	-50.375	-50.740	0.2812
13	16	tracking	-844.117620	69.035902	-265.400561	-51.747	-42.740	0.2832
13	17	tracking	-843.806384	69.071115	-265.609783	-26.747	-34.740	0.2864
13	18	tracking	-843.515071	69.095287	-265.768415	-26.747	-26.740	0.2821
13	19	tracking	-843.242806	69.106928	-265.884549	-26.747	-25.689	0.2996
13	20	tracking	-842.999388	69.105826	-265.960814	-1.747	-17.689	0.2843
13	21	tracking	-842.792648	69.091037	-266.005157	23.253	-9.689	0.2834
13	22	tracking	-842.622585	69.062940	-266.026486	37.878	-7.940	0.5329
13	23	tracking	-842.483600	69.022387	-266.029366	37.878	-7.940	0.6693
13	24	tracking	-842.375575	68.969295	-266.023834	62.878	-15.940	0.6674
13	25	tracking	-842.293513	68.900282	-266.013128	67.848	-23.940	0.3121
13	26	tracking	-842.232827	68.809551	-265.998529	67.848	-31.940	0.2825
13	27	tracking	-842.189727	68.689631	-265.981054	67.848	-39.940	0.2735
13	28	tracking	-842.158452	68.532964	-265.957801	42.848	-47.168	0.2715
13	29	tracking	-842.134094	68.341256	-265.926189	17.848	-47.168	0.2726
13	30	tracking	-842.110778	68.116883	-265.885168	-7.152	-47.168	0.2865
13	31	tracking	-842.082110	67.862644	-265.836063	-32.152	-47.168	0.2749
13	32	tracking	-842.054935	67.570189	-265.779299	-7.152	-55.168	0.2706
13	33	tracking	-842.035088	67.241004	-265.715165	17.848	-55.963	0.2700
13	34	landing	-842.023578	66.889420	-265.638849	17.848	-47.963	0.0155
13	35	landing	-842.019992	66.517806	-265.550133	17.848	-47.963	0.0129
13	36	landing	-842.023972	66.128522	-265.448807	17.848	-47.963	0.0118
13	37	landing	-842.035189	65.723875	-265.334702	17.848	-47.963	0.0104
14	0	tracking	-850.675217	68.899697	-257.003313	-139.104	-4.000	0.4063
14	1	tracking	-850.001151	68.824570	-257.596135	-164.104	-0.670	0.4303
14	2	tracking	-849.415186	68.756225	-258.215623	170.896	-8.670	0.3461
14	3	tracking	-848.930394	68.703882	-258.842099	153.407	-16.670	0.3245
14	4	tracking	-848.500465	68.670916	-259.472992	178.407	-24.670	0.3416
14	5	tracking	-848.091441	68.658465	-260.095083	-156.593	-32.670	0.3250
14	6	tracking	-847.705899	68.665819	-260.704874	-159.186	-40.670	0.3290
14	7	tracking	-847.323171	68.690181	-261.286310	-134.186	-46.375	0.3306
14	8	tracking	-846.955865	68.727863	-261.850611	-150.375	-42.740	0.3281
14	9	tracking	-846.602351	68.774347	-262.399554	-150.375	-34.740	0.3228
14	10	tracking	-846.260593	68.825248	-262.935751	-150.375	-26.740	0.3600
14	11	tracking	-845.928568	68.875088	-263.461893	-150.375	-18.740	0.3930
14	12	tracking	-845.590648	68.927541	-263.960568	-125.375	-26.740	0.3117
14	13	tracking	-845.242934	68.983311	-264.413424	-100.375	-34.740	0.3015
14	14	tracking	-844.891791	69.039889	-264.806134	-75.375	-42.740	0.2995
14	15	tracking	-844.549949	69.091650	-265.132048	-50.375	-50.740	0.2992
14	16	tracking	-844.217620	69.135902	-265.400561	-51.747	-42.740	0.2951
14	17	tracking	-843.906384	69.171115	-265.609783	-26.747	-34.740	0.5047
14	18	tracking	-843.615071	69.195287	-265.768415	-26.747	-26.740	0.3266
14	19	tracking	-843.342806	69.206928	-265.884549	-26.747	-25.689	0.2891
14	20	tracking	-843.099388	69.205826	-265.960814	-1.747	-17.689	0.2836
14	21	tracking	-842.892648	69.191037	-266.005157	23.253	-9.689	0.2735
14	22	tracking	-842.722585	69.162940	-266.026486	37.878	-7.940	0.3099
14	23	tracking	-842.583600	69.122387	-266.029366	37.878	-7.940	0.2905
14	24	tracking	-842.475575	69.069295	-266.023834	62.878	-15.940	0.3058
14	25	tracking	-842.393513	69.000282	-266.013128	67.848	-23.940	0.2987
14	26	tracking	-842.332827	68.909551	-265.998529	67.848	-31.940	0.2694
14	27	tracking	-842.289727	68.789631	-265.981054	67.848	-39.940	0.2682
14	28	tracking	-842.258452	68.632964	-265.957801	42.848	-47.168	0.2742
14	29	tracking	-842.234094	68.441256	-265.926189	17.848	-47.168	0.2629
14	30	tracking	-842.210778	68.216883	-265.885168	-7.152	-47.168	0.2591
14	31	tracking	-842.182110	67.962644	-265.836063	-32.152	-47.168	0.2603
14	32	tracking	-842.154935	67.670189	-265.779299	-7.152	-55.168	0.2820
14	33	tracking	-842.135088	67.341004	-265.715165	17.848	-55.963	0.2564
14	34	landing	-842.123578	66.989420	-265.638849	17.848	-47.963	0.0156
14	35	landing	-842.119992	66.617806	-265.550133	17.848	-47.963	0.0149
14	36	landing	-842.123972	66.228522	-265.448807	17.848	-47.963	0.0108
14	37	landing	-842.135189	65.823875	-265.334702	17.848	-47.963	0.0103
15	0	tracking	-850.575217	68.899697	-257.003313	-139.104	-4.000	0.3905
15	1	tracking	-849.901151	68.824570	-257.596135	-164.104	-0.670	0.3289
15	2	tracking	-849.315186	68.756225	-258.215623	170.896	-8.670	0.3176
15	3	tracking	-848.830394	68.703882	-258.842099	153.407	-16.670	0.3407
15	4	tracking	-848.400465	68.670916	-259.472992	178.407	-24.670	0.3136
15	5	tracking	-847.991441	68.658465	-260.095083	-156.593	-32.670	0.3109
15	6	tracking	-847.605899	68.665819	-260.704874	-159.186	-40.670	0.3246
15	7	tracking	-847.223171	68.690181	-261.286310	-134.186	-46.375	0.3161
15	8	tracking	-846.855865	68.727863	-261.850611	-150.375	-42.740	0.3020
15	9	tracking	-846.502351	68.774347	-262.399554	-150.375	-34.740	0.2964
15	10	tracking	-846.160593	68.825248	-262.935751	-150.375	-26.740	0.3586
15	11	tracking	-845.828568	68.875088	-263.461893	-150.375	-18.740	0.3076
15	12	tracking	-845.490648	68.927541	-263.960568	-125.375	-26.740	0.2945
15	13	tracking	-845.142934	68.983311	-264.413424	-100.375	-34.740	0.2989
15	14	tracking	-844.791791	69.039889	-264.806134	-75.375	-42.740	0.2907
15	15	tracking	-844.449949	69.091650	-265.132048	-50.375	-50.740	0.2832
15	16	tracking	-844.117620	69.135902	-265.400561	-51.747	-42.740	0.2826
15	17	tracking	-843.806384	69.171115	-265.609783	-26.747	-34.740	0.2901
15	18	tracking	-843.515071	69.195287	-265.768415	-26.747	-26.740	0.2782
15	19	tracking	-843.242806	69.206928	-265.884549	-26.747	-25.689	0.2752
15	20	tracking	-842.999388	69.205826	-265.960814	-1.747	-17.689	0.2822
15	21	tracking	-842.792648	69.191037	-266.005157	23.253	-9.689	0.2732
15	22	tracking	-842.622585	69.162940	-266.026486	37.878	-7.940	0.2737
15	23	tracking	-842.483600	69.122387	-266.029366	37.878	-7.940	0.2730
15	24	tracking	-842.375575	69.069295	-266.023834	62.878	-15.940	0.4382
15	25	tracking	-842.293513	69.000282	-266.013128	67.848	-23.940	0.2924
15	26	tracking	-842.232827	68.909551	-265.998529	67.848	-31.940	0.2818
15	27	tracking	-842.189727	68.789631	-265.981054	67.848	-39.940	0.2779
15	28	tracking	-842.158452	68.632964	-265.957801	42.848	-47.168	0.2939
15	29	tracking	-842.134094	68.441256	-265.926189	17.848	-47.168	0.2721
15	30	tracking	-842.110778	68.216883	-265.885168	-7.152	-47.168	0.2688
15	31	tracking	-842.082110	67.962644	-265.836063	-32.152	-47.168	0.2604
15	32	tracking	-842.054935	67.670189	-265.779299	-7.152	-55.168	0.2600
15	33	tracking	-842.035088	67.341004	-265.715165	17.848	-55.963	0.2598
15	34	landing	-842.023578	66.989420	-265.638849	17.848	-47.963	0.0161
15	35	landing	-842.019992	66.617806	-265.550133	17.848	-47.963	0.0122
15	36	landing	-842.023972	66.228522	-265.448807	17.848	-47.963	0.0105
15	37	landing	-842.035189	65.823875	-265.334702	17.848	-47.963	0.0100
16	0	tracking	-850.715197	68.834717	-257.098302	-139.104	-4.000	0.4164
16	1	tracking	-850.078540	68.790427	-257.680388	-164.104	-0.670	0.3317
16	2	tracking	-849.524962	68.748687	-258.284421	170.896	-8.670	0.3159
16	3	tracking	-849.066725	68.718822	-258.892532	153.407	-16.670	0.3091
16	4	tracking	-848.660341	68.704459	-259.502826	178.407	-24.670	0.3865
16	5	tracking	-848.273719	68.706898	-260.103271	-156.593	-32.670	0.3326
16	6	tracking	-847.909226	68.725523	-260.690912	-159.186	-40.670	0.3719
16	7	tracking	-847.547168	68.757686	-261.250751	-134.186	-46.375	0.3375
16	8	tracking	-847.199550	68.800099	-261.793573	-150.375	-42.740	0.3199
16	9	tracking	-846.864749	68.849047	-262.321319	-150.375	-34.740	0.3349
16	10	tracking	-846.540810	68.900787	-262.836614	-150.375	-26.740	0.3076
16	11	tracking	-846.225840	68.950352	-263.342064	-150.375	-18.740	0.3003
16	12	tracking	-845.904913	69.001035	-263.821024	-125.375	-26.740	0.2944
16	13	tracking	-845.574341	69.053222	-264.255948	-100.375	-34.740	0.2917
16	14	tracking	-845.240256	69.104191	-264.633146	-75.375	-42.740	0.2894
16	15	tracking	-844.914737	69.148424	-264.946170	-50.375	-50.740	0.2897
16	16	tracking	-844.598040	69.183716	-265.204055	-51.747	-42.740	0.2815
16	17	tracking	-844.301285	69.209079	-265.404906	-26.747	-34.740	0.2755
16	18	tracking	-844.023280	69.223187	-265.556886	-26.747	-26.740	0.2795
16	19	tracking	-843.763105	69.224957	-265.667551	-26.747	-25.689	0.2767
16	20	tracking	-843.530470	69.214554	-265.739315	-1.747	-17.689	0.2866
16	21	tracking	-843.333228	69.191291	-265.779901	23.253	-9.689	0.2667
16	22	tracking	-843.171501	69.155529	-265.798046	37.878	-7.940	0.3372
16	23	tracking	-843.039855	69.108050	-265.798203	37.878	-7.940	0.2862
16	24	tracking	-842.938292	69.048546	-265.790284	62.878	-15.940	0.2689
16	25	tracking	-842.861937	68.973452	-265.777473	67.848	-23.940	0.2637
16	26	tracking	-842.806300	68.876838	-265.761012	67.848	-31.940	0.2595
16	27	tracking	-842.767676	68.751137	-265.741888	67.848	-39.940	0.2637
16	28	tracking	-842.740381	68.588754	-265.717172	42.848	-47.168	0.3029
16	29	tracking	-842.719593	68.391505	-265.684183	17.848	-47.168	0.2851
16	30	tracking	-842.699438	68.161867	-265.641775	-7.152	-47.168	0.2756
16	31	tracking	-842.673481	67.902688	-265.591263	-32.152	-47.168	0.2589
16	32	tracking	-842.648703	67.605541	-265.533110	-7.152	-55.168	0.2590
16	33	tracking	-842.631038	67.271931	-265.467593	17.848	-55.963	0.2551
16	34	landing	-842.621542	66.916273	-265.389828	17.848	-47.963	0.0146
16	35	landing	-842.619828	66.540952	-265.299586	17.848	-47.963	0.0118
16	36	landing	-842.625552	66.148337	-265.196658	17.848	-47.963	0.0126
16	37	landing	-842.638402	65.740728	-265.080882	17.848	-47.963	0.0095
17	0	tracking	-850.615197	68.834717	-257.098302	-139.104	-4.000	0.3129
17	1	tracking	-849.978540	68.790427	-257.680388	-164.104	-0.670	0.2895
17	2	tracking	-849.424962	68.748687	-258.284421	170.896	-8.670	0.2798
17	3	tracking	-848.966725	68.718822	-258.892532	153.407	-16.670	0.4713
17	4	tracking	-848.560341	68.704459	-259.502826	178.407	-24.670	0.4838
17	5	tracking	-848.173719	68.706898	-260.103271	-156.593	-32.670	0.4876
17	6	tracking	-847.809226	68.725523	-260.690912	-159.186	-40.670	0.4447
17	7	tracking	-847.447168	68.757686	-261.250751	-134.186	-46.375	0.4577
17	8	tracking	-847.099550	68.800099	-261.793573	-150.375	-42.740	0.4393
17	9	tracking	-846.764749	68.849047	-262.321319	-150.375	-34.740	0.4452
17	10	tracking	-846.440810	68.900787	-262.836614	-150.375	-26.740	0.4342
17	11	tracking	-846.125840	68.950352	-263.342064	-150.375	-18.740	0.3995
17	12	tracking	-845.804913	69.001035	-263.821024	-125.375	-26.740	0.4309
17	13	tracking	-845.474341	69.053222	-264.255948	-100.375	-34.740	0.4334
17	14	tracking	-845.140256	69.104191	-264.633146	-75.375	-42.740	0.4184
17	15	tracking	-844.814737	69.148424	-264.946170	-50.375	-50.740	0.4346
17	16	tracking	-844.498040	69.183716	-265.204055	-51.747	-42.740	0.4122
17	17	tracking	-844.201285	69.209079	-265.404906	-26.747	-34.740	0.4054
17	18	tracking	-843.923280	69.223187	-265.556886	-26.747	-26.740	0.3900
17	19	tracking	-843.663105	69.224957	-265.667551	-26.747	-25.689	0.3897
17	20	tracking	-843.430470	69.214554	-265.739315	-1.747	-17.689	0.4537
17	21	tracking	-843.233228	69.191291	-265.779901	23.253	-9.689	0.3675
17	22	tracking	-843.071501	69.155529	-265.798046	37.878	-7.940	0.2861
17	23	tracking	-842.939855	69.108050	-265.798203	37.878	-7.940	0.2221
17	24	tracking	-842.838292	69.048546	-265.790284	62.878	-15.940	0.2803
17	25	tracking	-842.761937	68.973452	-265.777473	67.848	-23.940	0.4726
17	26	tracking	-842.706300	68.876838	-265.761012	67.848	-31.940	0.3948
17	27	tracking	-842.667676	68.751137	-265.741888	67.848	-39.940	0.2127
17	28	tracking	-842.640381	68.588754	-265.717172	42.848	-47.168	0.2227
17	29	tracking	-842.619593	68.391505	-265.684183	17.848	-47.168	0.2046
17	30	tracking	-842.599438	68.161867	-265.641775	-7.152	-47.168	0.1962
17	31	tracking	-842.573481	67.902688	-265.591263	-32.152	-47.168	0.1939
17	32	tracking	-842.548703	67.605541	-265.533110	-7.152	-55.168	0.1959
17	33	tracking	-842.531038	67.271931	-265.467593	17.848	-55.963	0.4614
17	34	landing	-842.521542	66.916273	-265.389828	17.848	-47.963	0.0135
17	35	landing	-842.519828	66.540952	-265.299586	17.848	-47.963	0.0094
17	36	landing	-842.525552	66.148337	-265.196658	17.848	-47.963	0.0082
17	37	landing	-842.538402	65.740728	-265.080882	17.848	-47.963	0.0080
18	0	tracking	-850.715197	68.934717	-257.098302	-139.104	-4.000	0.6710
18	1	tracking	-850.078540	68.890427	-257.680388	-164.104	-0.670	0.6615
18	2	tracking	-849.524962	68.848687	-258.284421	170.896	-8.670	0.4922
18	3	tracking	-849.066725	68.818822	-258.892532	153.407	-16.670	0.4947
18	4	tracking	-848.660341	68.804459	-259.502826	178.407	-24.670	0.5572
18	5	tracking	-848.273719	68.806898	-260.103271	-156.593	-32.670	0.5301
18	6	tracking	-847.909226	68.825523	-260.690912	-159.186	-40.670	0.3312
18	7	tracking	-847.547168	68.857686	-261.250751	-134.186	-46.375	0.2911
18	8	tracking	-847.199550	68.900099	-261.793573	-150.375	-42.740	0.2906
18	9	tracking	-846.864749	68.949047	-262.321319	-150.375	-34.740	0.3119
18	10	tracking	-846.540810	69.000787	-262.836614	-150.375	-26.740	0.5671
18	11	tracking	-846.225840	69.050352	-263.342064	-150.375	-18.740	0.5523
18	12	tracking	-845.904913	69.101035	-263.821024	-125.375	-26.740	0.5453
18	13	tracking	-845.574341	69.153222	-264.255948	-100.375	-34.740	0.8884
18	14	tracking	-845.240256	69.204191	-264.633146	-75.375	-42.740	0.8273
18	15	tracking	-844.914737	69.248424	-264.946170	-50.375	-50.740	0.6336
18	16	tracking	-844.598040	69.283716	-265.204055	-51.747	-42.740	0.6426
18	17	tracking	-844.301285	69.309079	-265.404906	-26.747	-34.740	0.6286
18	18	tracking	-844.023280	69.323187	-265.556886	-26.747	-26.740	0.6186
18	19	tracking	-843.763105	69.324957	-265.667551	-26.747	-25.689	0.6920
18	20	tracking	-843.530470	69.314554	-265.739315	-1.747	-17.689	0.5171
18	21	tracking	-843.333228	69.291291	-265.779901	23.253	-9.689	0.4921
18	22	tracking	-843.171501	69.255529	-265.798046	37.878	-7.940	0.5292
18	23	tracking	-843.039855	69.208050	-265.798203	37.878	-7.940	0.4896
18	24	tracking	-842.938292	69.148546	-265.790284	62.878	-15.940	0.4001
18	25	tracking	-842.861937	69.073452	-265.777473	67.848	-23.940	0.2991
18	26	tracking	-842.806300	68.976838	-265.761012	67.848	-31.940	0.2821
18	27	tracking	-842.767676	68.851137	-265.741888	67.848	-39.940	0.3055
18	28	tracking	-842.740381	68.688754	-265.717172	42.848	-47.168	0.2982
18	29	tracking	-842.719593	68.491505	-265.684183	17.848	-47.168	0.2968
18	30	tracking	-842.699438	68.261867	-265.641775	-7.152	-47.168	0.2874
18	31	tracking	-842.673481	68.002688	-265.591263	-32.152	-47.168	0.2797
18	32	tracking	-842.648703	67.705541	-265.533110	-7.152	-55.168	0.2649
18	33	tracking	-842.631038	67.371931	-265.467593	17.848	-55.963	0.2621
18	34	landing	-842.621542	67.016273	-265.389828	17.848	-47.963	0.0153
18	35	landing	-842.619828	66.640952	-265.299586	17.848	-47.963	0.0126
18	36	landing	-842.625552	66.248337	-265.196658	17.848	-47.963	0.0108
18	37	landing	-842.638402	65.840728	-265.080882	17.848	-47.963	0.0109
19	0	tracking	-850.615197	68.934717	-257.098302	-139.104	-4.000	0.3876
19	1	tracking	-849.978540	68.890427	-257.680388	-164.104	-0.670	0.5202
19	2	tracking	-849.424962	68.848687	-258.284421	170.896	-8.670	0.4963
19	3	tracking	-848.966725	68.818822	-258.892532	153.407	-16.670	0.5835
19	4	tracking	-848.560341	68.804459	-259.502826	178.407	-24.670	0.5368
19	5	tracking	-848.173719	68.806898	-260.103271	-156.593	-32.670	0.5092
19	6	tracking	-847.809226	68.825523	-260.690912	-159.186	-40.670	0.3264
19	7	tracking	-847.447168	68.857686	-261.250751	-134.186	-46.375	0.3100
19	8	tracking	-847.099550	68.900099	-261.793573	-150.375	-42.740	0.2642
19	9	tracking	-846.764749	68.949047	-262.321319	-150.375	-34.740	0.2611
19	10	tracking	-846.440810	69.000787	-262.836614	-150.375	-26.740	0.2568
19	11	tracking	-846.125840	69.050352	-263.342064	-150.375	-18.740	0.2544
19	12	tracking	-845.804913	69.101035	-263.821024	-125.375	-26.740	0.3204
19	13	tracking	-845.474341	69.153222	-264.255948	-100.375	-34.740	0.3847
19	14	tracking	-845.140256	69.204191	-264.633146	-75.375	-42.740	0.3926
19	15	tracking	-844.814737	69.248424	-264.946170	-50.375	-50.740	0.2762
19	16	tracking	-844.498040	69.283716	-265.204055	-51.747	-42.740	0.2655
19	17	tracking	-844.201285	69.309079	-265.404906	-26.747	-34.740	0.2608
19	18	tracking	-843.923280	69.323187	-265.556886	-26.747	-26.740	0.2568
19	19	tracking	-843.663105	69.324957	-265.667551	-26.747	-25.689	0.3344
19	20	tracking	-843.430470	69.314554	-265.739315	-1.747	-17.689	0.3304
19	21	tracking	-843.233228	69.291291	-265.779901	23.253	-9.689	0.3890
19	22	tracking	-843.071501	69.255529	-265.798046	37.878	-7.940	0.3361
19	23	tracking	-842.939855	69.208050	-265.798203	37.878	-7.940	0.2884
19	24	tracking	-842.838292	69.148546	-265.790284	62.878	-15.940	0.2454
19	25	tracking	-842.761937	69.073452	-265.777473	67.848	-23.940	0.2417
19	26	tracking	-842.706300	68.976838	-265.761012	67.848	-31.940	0.2517
19	27	tracking	-842.667676	68.851137	-265.741888	67.848	-39.940	0.2349
19	28	tracking	-842.640381	68.688754	-265.717172	42.848	-47.168	0.2259
19	29	tracking	-842.619593	68.491505	-265.684183	17.848	-47.168	0.2236
19	30	tracking	-842.599438	68.261867	-265.641775	-7.152	-47.168	0.2294
19	31	tracking	-842.573481	68.002688	-265.591263	-32.152	-47.168	0.2674
19	32	tracking	-842.548703	67.705541	-265.533110	-7.152	-55.168	0.2234
19	33	tracking	-842.531038	67.371931	-265.467593	17.848	-55.963	0.2217
19	34	landing	-842.521542	67.016273	-265.389828	17.848	-47.963	0.0124
19	35	landing	-842.519828	66.640952	-265.299586	17.848	-47.963	0.0110
19	36	landing	-842.525552	66.248337	-265.196658	17.848	-47.963	0.0096
19	37	landing	-842.538402	65.840728	-265.080882	17.848	-47.963	0.0085
20	0	tracking	-850.715197	68.834717	-256.998302	-139.104	-4.000	0.4010
20	1	tracking	-850.078540	68.790427	-257.580388	-164.104	-0.670	0.4628
20	2	tracking	-849.524962	68.748687	-258.184421	170.896	-8.670	0.3877
20	3	tracking	-849.066725	68.718822	-258.792532	153.407	-16.670	0.4540
20	4	tracking	-848.660341	68.704459	-259.402826	178.407	-24.670	1.5525
20	5	tracking	-848.273719	68.706898	-260.003271	-156.593	-32.670	0.7583
20	6	tracking	-847.909226	68.725523	-260.590912	-159.186	-40.670	0.3946
20	7	tracking	-847.547168	68.757686	-261.150751	-134.186	-46.375	0.3398
20	8	tracking	-847.199550	68.800099	-261.693573	-150.375	-42.740	0.3336
20	9	tracking	-846.864749	68.849047	-262.221319	-150.375	-34.740	0.3324
20	10	tracking	-846.540810	68.900787	-262.736614	-150.375	-26.740	0.3475
20	11	tracking	-846.225840	68.950352	-263.242064	-150.375	-18.740	0.3193
20	12	tracking	-845.904913	69.001035	-263.721024	-125.375	-26.740	0.3155
20	13	tracking	-845.574341	69.053222	-264.155948	-100.375	-34.740	0.3109
20	14	tracking	-845.240256	69.104191	-264.533146	-75.375	-42.740	0.3112
20	15	tracking	-844.914737	69.148424	-264.846170	-50.375	-50.740	0.3072
20	16	tracking	-844.598040	69.183716	-265.104055	-51.747	-42.740	0.3286
20	17	tracking	-844.301285	69.209079	-265.304906	-26.747	-34.740	0.3106
20	18	tracking	-844.023280	69.223187	-265.456886	-26.747	-26.740	0.3082
20	19	tracking	-843.763105	69.224957	-265.567551	-26.747	-25.689	0.3085
20	20	tracking	-843.530470	69.214554	-265.639315	-1.747	-17.689	0.2980
20	21	tracking	-843.333228	69.191291	-265.679901	23.253	-9.689	0.2946
20	22	tracking	-843.171501	69.155529	-265.698046	37.878	-7.940	0.2946
20	23	tracking	-843.039855	69.108050	-265.698203	37.878	-7.940	0.3032
20	24	tracking	-842.938292	69.048546	-265.690284	62.878	-15.940	0.2948
20	25	tracking	-842.861937	68.973452	-265.677473	67.848	-23.940	0.2883
20	26	tracking	-842.806300	68.876838	-265.661012	67.848	-31.940	0.3085
20	27	tracking	-842.767676	68.751137	-265.641888	67.848	-39.940	0.3200
20	28	tracking	-842.740381	68.588754	-265.617172	42.848	-47.168	0.2846
20	29	tracking	-842.719593	68.391505	-265.584183	17.848	-47.168	0.2878
20	30	tracking	-842.699438	68.161867	-265.541775	-7.152	-47.168	0.2811
20	31	tracking	-842.673481	67.902688	-265.491263	-32.152	-47.168	0.3143
20	32	tracking	-842.648703	67.605541	-265.433110	-7.152	-55.168	0.2824
20	33	tracking	-842.631038	67.271931	-265.367593	17.848	-55.963	0.2691
20	34	landing	-842.621542	66.916273	-265.289828	17.848	-47.963	0.0149
20	35	landing	-842.619828	66.540952	-265.199586	17.848	-47.963	0.0125
20	36	landing	-842.625552	66.148337	-265.096658	17.848	-47.963	0.0123
20	37	landing	-842.638402	65.740728	-264.980882	17.848	-47.963	0.0111
21	0	tracking	-850.615197	68.834717	-256.998302	-139.104	-4.000	0.3434
21	1	tracking	-849.978540	68.790427	-257.580388	-164.104	-0.670	0.2902
21	2	tracking	-849.424962	68.748687	-258.184421	170.896	-8.670	0.2791
21	3	tracking	-848.966725	68.718822	-258.792532	153.407	-16.670	0.2715
21	4	tracking	-848.560341	68.704459	-259.402826	178.407	-24.670	0.2658
21	5	tracking	-848.173719	68.706898	-260.003271	-156.593	-32.670	0.2604
21	6	tracking	-847.809226	68.725523	-260.590912	-159.186	-40.670	0.2703
21	7	tracking	-847.447168	68.757686	-261.150751	-134.186	-46.375	0.2598
21	8	tracking	-847.099550	68.800099	-261.693573	-150.375	-42.740	0.2536
21	9	tracking	-846.764749	68.849047	-262.221319	-150.375	-34.740	0.2522
21	10	tracking	-846.440810	68.900787	-262.736614	-150.375	-26.740	0.2558
21	11	tracking	-846.125840	68.950352	-263.242064	-150.375	-18.740	0.2493
21	12	tracking	-845.804913	69.001035	-263.721024	-125.375	-26.740	0.2497
21	13	tracking	-845.474341	69.053222	-264.155948	-100.375	-34.740	0.2489
21	14	tracking	-845.140256	69.104191	-264.533146	-75.375	-42.740	0.2471
21	15	tracking	-844.814737	69.148424	-264.846170	-50.375	-50.740	0.2359
21	16	tracking	-844.498040	69.183716	-265.104055	-51.747	-42.740	0.2353
21	17	tracking	-844.201285	69.209079	-265.304906	-26.747	-34.740	0.2310
21	18	tracking	-843.923280	69.223187	-265.456886	-26.747	-26.740	0.2296
21	19	tracking	-843.663105	69.224957	-265.567551	-26.747	-25.689	0.2290
21	20	tracking	-843.430470	69.214554	-265.639315	-1.747	-17.689	0.2207
21	21	tracking	-843.233228	69.191291	-265.679901	23.253	-9.689	0.2188
21	22	tracking	-843.071501	69.155529	-265.698046	37.878	-7.940	0.2319
21	23	tracking	-842.939855	69.108050	-265.698203	37.878	-7.940	0.4087
21	24	tracking	-842.838292	69.048546	-265.690284	62.878	-15.940	0.3900
21	25	tracking	-842.761937	68.973452	-265.677473	67.848	-23.940	0.3919
21	26	tracking	-842.706300	68.876838	-265.661012	67.848	-31.940	0.3790
21	27	tracking	-842.667676	68.751137	-265.641888	67.848	-39.940	0.4280
21	28	tracking	-842.640381	68.588754	-265.617172	42.848	-47.168	0.4127
21	29	tracking	-842.619593	68.391505	-265.584183	17.848	-47.168	0.3603
21	30	tracking	-842.599438	68.161867	-265.541775	-7.152	-47.168	0.3361
21	31	tracking	-842.573481	67.902688	-265.491263	-32.152	-47.168	0.3564
21	32	tracking	-842.548703	67.605541	-265.433110	-7.152	-55.168	0.3669
21	33	tracking	-842.531038	67.271931	-265.367593	17.848	-55.963	0.2364
21	34	landing	-842.521542	66.916273	-265.289828	17.848	-47.963	0.0303
21	35	landing	-842.519828	66.540952	-265.199586	17.848	-47.963	0.0192
21	36	landing	-842.525552	66.148337	-265.096658	17.848	-47.963	0.0089
21	37	landing	-842.538402	65.740728	-264.980882	17.848	-47.963	0.0085
22	0	tracking	-850.715197	68.934717	-256.998302	-139.104	-4.000	0.5944
22	1	tracking	-850.078540	68.890427	-257.580388	-164.104	-0.670	0.5915
22	2	tracking	-849.524962	68.848687	-258.184421	170.896	-8.670	0.5160
22	3	tracking	-849.066725	68.818822	-258.792532	153.407	-16.670	0.4401
22	4	tracking	-848.660341	68.804459	-259.402826	178.407	-24.670	0.3943
22	5	tracking	-848.273719	68.806898	-260.003271	-156.593	-32.670	0.3490
22	6	tracking	-847.909226	68.825523	-260.590912	-159.186	-40.670	0.3520
22	7	tracking	-847.547168	68.857686	-261.150751	-134.186	-46.375	0.3481
22	8	tracking	-847.199550	68.900099	-261.693573	-150.375	-42.740	0.3483
22	9	tracking	-846.864749	68.949047	-262.221319	-150.375	-34.740	0.3321
22	10	tracking	-846.540810	69.000787	-262.736614	-150.375	-26.740	0.3557
22	11	tracking	-846.225840	69.050352	-263.242064	-150.375	-18.740	0.3307
22	12	tracking	-845.904913	69.101035	-263.721024	-125.375	-26.740	0.3171
22	13	tracking	-845.574341	69.153222	-264.155948	-100.375	-34.740	0.3061
22	14	tracking	-845.240256	69.204191	-264.533146	-75.375	-42.740	0.2999
22	15	tracking	-844.914737	69.248424	-264.846170	-50.375	-50.740	0.3064
22	16	tracking	-844.598040	69.283716	-265.104055	-51.747	-42.740	0.3093
22	17	tracking	-844.301285	69.309079	-265.304906	-26.747	-34.740	0.3047
22	18	tracking	-844.023280	69.323187	-265.456886	-26.747	-26.740	0.3074
22	19	tracking	-843.763105	69.324957	-265.567551	-26.747	-25.689	0.3061
22	20	tracking	-843.530470	69.314554	-265.639315	-1.747	-17.689	0.5088
22	21	tracking	-843.333228	69.291291	-265.679901	23.253	-9.689	0.3797
22	22	tracking	-843.171501	69.255529	-265.698046	37.878	-7.940	0.2998
22	23	tracking	-843.039855	69.208050	-265.698203	37.878	-7.940	0.2964
22	24	tracking	-842.938292	69.148546	-265.690284	62.878	-15.940	0.2904
22	25	tracking	-842.861937	69.073452	-265.677473	67.848	-23.940	0.2913
22	26	tracking	-842.806300	68.976838	-265.661012	67.848	-31.940	0.3219
22	27	tracking	-842.767676	68.851137	-265.641888	67.848	-39.940	0.2864
22	28	tracking	-842.740381	68.688754	-265.617172	42.848	-47.168	0.2865
22	29	tracking	-842.719593	68.491505	-265.584183	17.848	-47.168	0.3642
22	30	tracking	-842.699438	68.261867	-265.541775	-7.152	-47.168	0.3998
22	31	tracking	-842.673481	68.002688	-265.491263	-32.152	-47.168	0.2784
22	32	tracking	-842.648703	67.705541	-265.433110	-7.152	-55.168	0.2757
22	33	tracking	-842.631038	67.371931	-265.367593	17.848	-55.963	0.2726
22	34	landing	-842.621542	67.016273	-265.289828	17.848	-47.963	0.0136
22	35	landing	-842.619828	66.640952	-265.199586	17.848	-47.963	0.0112
22	36	landing	-842.625552	66.248337	-265.096658	17.848	-47.963	0.0098
22	37	landing	-842.638402	65.840728	-264.980882	17.848	-47.963	0.0098
23	0	tracking	-850.615197	68.934717	-256.998302	-139.104	-4.000	0.3281
23	1	tracking	-849.978540	68.890427	-257.580388	-164.104	-0.670	0.2816
23	2	tracking	-849.424962	68.848687	-258.184421	170.896	-8.670	0.2865
23	3	tracking	-848.966725	68.818822	-258.792532	153.407	-16.670	0.2814
23	4	tracking	-848.560341	68.804459	-259.402826	178.407	-24.670	0.2761
23	5	tracking	-848.173719	68.806898	-260.003271	-156.593	-32.670	0.2769
23	6	tracking	-847.809226	68.825523	-260.590912	-159.186	-40.670	0.3078
23	7	tracking	-847.447168	68.857686	-261.150751	-134.186	-46.375	0.2971
23	8	tracking	-847.099550	68.900099	-261.693573	-150.375	-42.740	0.2538
23	9	tracking	-846.764749	68.949047	-262.221319	-150.375	-34.740	0.2525
23	10	tracking	-846.440810	69.000787	-262.736614	-150.375	-26.740	0.2414
23	11	tracking	-846.125840	69.050352	-263.242064	-150.375	-18.740	0.2396
23	12	tracking	-845.804913	69.101035	-263.721024	-125.375	-26.740	0.2398
23	13	tracking	-845.474341	69.153222	-264.155948	-100.375	-34.740	0.2455
23	14	tracking	-845.140256	69.204191	-264.533146	-75.375	-42.740	0.2352
23	15	tracking	-844.814737	69.248424	-264.846170	-50.375	-50.740	0.2361
23	16	tracking	-844.498040	69.283716	-265.104055	-51.747	-42.740	0.2319
23	17	tracking	-844.201285	69.309079	-265.304906	-26.747	-34.740	0.2468
23	18	tracking	-843.923280	69.323187	-265.456886	-26.747	-26.740	0.2325
23	19	tracking	-843.663105	69.324957	-265.567551	-26.747	-25.689	0.2516
23	20	tracking	-843.430470	69.314554	-265.639315	-1.747	-17.689	0.2302
23	21	tracking	-843.233228	69.291291	-265.679901	23.253	-9.689	0.2370
23	22	tracking	-843.071501	69.255529	-265.698046	37.878	-7.940	0.2275
23	23	tracking	-842.939855	69.208050	-265.698203	37.878	-7.940	0.2233
23	24	tracking	-842.838292	69.148546	-265.690284	62.878	-15.940	0.2241
23	25	tracking	-842.761937	69.073452	-265.677473	67.848	-23.940	0.2301
23	26	tracking	-842.706300	68.976838	-265.661012	67.848	-31.940	0.2288
23	27	tracking	-842.667676	68.851137	-265.641888	67.848	-39.940	0.2317
23	28	tracking	-842.640381	68.688754	-265.617172	42.848	-47.168	0.2327
23	29	tracking	-842.619593	68.491505	-265.584183	17.848	-47.168	0.2340
23	30	tracking	-842.599438	68.261867	-265.541775	-7.152	-47.168	0.2418
23	31	tracking	-842.573481	68.002688	-265.491263	-32.152	-47.168	0.2248
23	32	tracking	-842.548703	67.705541	-265.433110	-7.152	-55.168	0.2208
23	33	tracking	-842.531038	67.371931	-265.367593	17.848	-55.963	0.2244
23	34	landing	-842.521542	67.016273	-265.289828	17.848	-47.963	0.0122
23	35	landing	-842.519828	66.640952	-265.199586	17.848	-47.963	0.0099
23	36	landing	-842.525552	66.248337	-265.096658	17.848	-47.963	0.0087
23	37	landing	-842.538402	65.840728	-264.980882	17.848	-47.963	0.0081
24	0	corrected	-850.677539	68.834996	-257.100632	-139.104	-4.000	1.1419
24	1	tracking	-850.006393	68.789643	-257.688078	-164.104	1.163	0.3793
24	2	tracking	-849.422695	68.744478	-258.300685	170.896	-6.837	0.3562
24	3	tracking	-848.940192	68.710268	-258.919180	152.657	-14.837	0.3551
24	4	tracking	-848.513209	68.691739	-259.541795	177.657	-22.837	0.3599
24	5	tracking	-848.107915	68.690998	-260.156081	-157.343	-30.837	0.3597
24	6	tracking	-847.726383	68.708076	-260.758559	-159.686	-38.837	0.3428
24	7	tracking	-847.348100	68.740716	-261.333287	-134.686	-45.542	0.3404
24	8	tracking	-846.985419	68.785307	-261.891058	-150.708	-42.073	0.3469
24	9	tracking	-846.636506	68.837749	-262.433803	-150.625	-34.240	0.3458
24	10	tracking	-846.299240	68.893908	-262.964103	-150.542	-26.407	0.3530
24	11	tracking	-845.971577	68.948489	-263.484523	-150.458	-18.573	0.3478
24	12	tracking	-845.638024	69.005120	-263.977848	-125.458	-26.573	0.5383
24	13	tracking	-845.294696	69.064474	-264.425916	-100.458	-34.573	0.3630
24	14	tracking	-844.947872	69.124033	-264.814531	-75.458	-42.573	0.3377
24	15	tracking	-844.610144	69.178186	-265.137086	-50.458	-50.573	0.3283
24	16	tracking	-844.281792	69.224332	-265.402851	-51.747	-42.740	0.4412
24	17	tracking	-843.974269	69.261057	-265.609964	-26.747	-34.740	0.3406
24	18	tracking	-843.686424	69.286469	-265.767032	-26.747	-26.740	0.3248
24	19	tracking	-843.417432	69.299021	-265.882136	-26.747	-25.689	0.3159
24	20	tracking	-843.176942	69.298601	-265.957858	-1.747	-17.689	0.3137
24	21	tracking	-842.972679	69.284352	-266.002023	23.253	-9.689	0.3242
24	22	tracking	-842.804650	69.256691	-266.023414	37.878	-7.940	0.3195
24	23	tracking	-842.667340	69.216487	-266.026528	37.878	-7.940	0.3070
24	24	tracking	-842.560648	69.163649	-266.021286	62.878	-15.940	0.3008
24	25	tracking	-842.479652	69.094795	-266.010889	67.848	-23.940	0.3064
24	26	tracking	-842.419824	69.004136	-265.996601	67.848	-31.940	0.3195
24	27	tracking	-842.377422	68.884209	-265.979432	67.848	-39.940	0.3370
24	28	tracking	-842.346731	68.727466	-265.956491	42.848	-47.168	0.3311
24	29	tracking	-842.322879	68.535627	-265.925200	17.848	-47.168	0.3218
24	30	tracking	-842.300018	68.311079	-265.884500	-7.152	-47.168	0.3103
24	31	tracking	-842.271773	68.056631	-265.835706	-32.152	-47.168	0.3028
24	32	tracking	-842.244977	67.763927	-265.779247	-7.152	-55.168	0.3038
24	33	tracking	-842.225461	67.434462	-265.715406	17.848	-55.963	0.2922
24	34	landing	-842.214240	67.082580	-265.639367	17.848	-47.963	0.0162
24	35	landing	-842.210909	66.710656	-265.550909	17.848	-47.963	0.0124
24	36	landing	-842.215114	66.321059	-265.449819	17.848	-47.963	0.0109
24	37	landing	-842.226530	65.916096	-265.335928	17.848	-47.963	0.0104
25	0	corrected	-850.577539	68.834996	-257.100632	-139.104	-4.000	1.5540
25	1	tracking	-849.906393	68.789643	-257.688078	-164.104	1.163	0.3579
25	2	tracking	-849.322695	68.744478	-258.300685	170.896	-6.837	0.3420
25	3	tracking	-848.841140	68.710268	-258.918682	151.907	-14.837	0.3361
25	4	tracking	-848.415933	68.691692	-259.540726	176.907	-22.837	0.3536
25	5	tracking	-848.013047	68.690813	-260.154716	-158.093	-30.837	0.3442
25	6	tracking	-847.634179	68.707640	-260.757000	-160.186	-38.837	0.3395
25	7	tracking	-847.258678	68.739904	-261.331812	-135.186	-45.542	0.8672
25	8	tracking	-846.898786	68.784026	-261.889728	-151.042	-42.073	0.4827
25	9	tracking	-846.552611	68.835909	-262.432618	-150.875	-34.240	0.3100
25	10	tracking	-846.217976	68.891444	-262.963026	-150.708	-26.407	0.2869
25	11	tracking	-845.892784	68.945361	-263.483480	-150.542	-18.573	0.2809
25	12	tracking	-845.561562	69.001270	-263.976834	-125.542	-26.573	0.2781
25	13	tracking	-845.220422	69.059826	-264.424977	-100.542	-34.573	0.2863
25	14	tracking	-844.875625	69.118494	-264.813741	-75.542	-42.573	0.2757
25	15	tracking	-844.539736	69.171655	-265.136528	-50.542	-50.573	0.2741
25	16	tracking	-844.213091	69.216728	-265.402554	-51.747	-42.740	0.5386
25	17	tracking	-843.907132	69.252319	-265.609980	-26.747	-34.740	0.3708
25	18	tracking	-843.620720	69.276558	-265.767410	-26.747	-26.740	0.2752
25	19	tracking	-843.353009	69.287994	-265.882842	-26.747	-25.689	0.2727
25	20	tracking	-843.113659	69.286539	-265.958858	-1.747	-17.689	0.4543
25	21	tracking	-842.910411	69.271354	-266.003288	23.253	-9.689	0.5983
25	22	tracking	-842.743284	69.242848	-266.024920	37.878	-7.940	0.2901
25	23	tracking	-842.606771	69.201884	-266.028255	37.878	-7.940	0.2657
25	24	tracking	-842.500783	69.148342	-266.023213	62.878	-15.940	0.2627
25	25	tracking	-842.420407	69.078819	-266.012998	67.848	-23.940	0.2594
25	26	tracking	-842.361124	68.987510	-265.998875	67.848	-31.940	0.2580
25	27	tracking	-842.319198	68.866938	-265.981855	67.848	-39.940	0.2661
25	28	tracking	-842.288925	68.709546	-265.959056	42.848	-47.168	0.2586
25	29	tracking	-842.265445	68.517062	-265.927894	17.848	-47.168	0.2693
25	30	tracking	-842.242915	68.291880	-265.887307	-7.152	-47.168	0.2616
25	31	tracking	-842.214960	68.036816	-265.838606	-32.152	-47.168	0.2530
25	32	tracking	-842.188423	67.743505	-265.782229	-7.152	-55.168	0.2503
25	33	tracking	-842.169138	67.413444	-265.718457	17.848	-55.963	0.2513
25	34	landing	-842.158128	67.060992	-265.642466	17.848	-47.963	0.0138
25	35	landing	-842.154991	66.688528	-265.554034	17.848	-47.963	0.0112
25	36	landing	-842.159374	66.298421	-265.452950	17.848	-47.963	0.0095
25	37	landing	-842.170954	65.892982	-265.339044	17.848	-47.963	0.0092
26	0	corrected	-850.677539	68.934996	-257.100632	-139.104	-4.000	2.7878
26	1	tracking	-850.006392	68.889508	-257.688079	-164.104	2.997	0.3029
26	2	tracking	-849.422856	68.841054	-258.301703	170.896	-5.003	0.2845
26	3	tracking	-848.943958	68.801544	-258.920692	150.407	-13.003	0.2795
26	4	tracking	-848.523081	68.776598	-259.544680	175.407	-21.003	0.2722
26	5	tracking	-848.125230	68.768932	-260.162071	-159.593	-29.003	0.2933
26	6	tracking	-847.751470	68.779059	-260.768739	-161.186	-37.003	0.2713
26	7	tracking	-847.380748	68.805122	-261.348578	-136.186	-44.708	0.2680
26	8	tracking	-847.025351	68.843553	-261.911814	-151.708	-41.407	0.2663
26	9	tracking	-846.683419	68.889883	-262.459964	-151.375	-33.740	0.2757
26	10	tracking	-846.352690	68.939947	-262.995474	-151.042	-26.073	0.2664
26	11	tracking	-846.030990	68.988476	-263.520780	-150.708	-18.407	0.2863
26	12	tracking	-845.702765	69.039170	-264.018721	-125.708	-26.407	0.2928
26	13	tracking	-845.364104	69.092747	-264.471126	-100.708	-34.407	0.2673
26	14	tracking	-845.021305	69.146718	-264.863761	-75.708	-42.407	0.2593
26	15	tracking	-844.686967	69.195542	-265.189949	-50.708	-50.407	0.2578
26	16	tracking	-844.361630	69.236472	-265.458947	-51.747	-42.740	0.2729
26	17	tracking	-844.056805	69.268064	-265.668959	-26.747	-34.740	0.2715
26	18	tracking	-843.771367	69.288457	-265.828621	-26.747	-26.740	0.2715
26	19	tracking	-843.504389	69.296443	-265.945774	-26.747	-25.689	0.2863
26	20	tracking	-843.265685	69.291915	-266.023044	-1.747	-17.689	0.2678
26	21	tracking	-843.063108	69.274005	-266.068367	23.253	-9.689	0.2627
26	22	tracking	-842.896698	69.243084	-266.090641	37.878	-7.940	0.4133
26	23	tracking	-842.760919	69.199973	-266.094428	37.878	-7.940	0.4984
26	24	tracking	-842.655684	69.144497	-266.089737	62.878	-15.940	0.4916
26	25	tracking	-842.576051	69.073199	-266.079805	67.848	-23.940	0.4499
26	26	tracking	-842.517479	68.980223	-266.065915	67.848	-31.940	0.4655
26	27	tracking	-842.476216	68.858054	-266.049091	67.848	-39.940	0.4191
26	28	tracking	-842.446543	68.699106	-266.026454	42.848	-47.168	0.4398
26	29	tracking	-842.423604	68.505114	-265.995417	17.848	-47.168	0.4374
26	30	tracking	-842.401553	68.278484	-265.954909	-7.152	-47.168	0.3687
26	31	tracking	-842.374005	68.022040	-265.906248	-32.152	-47.168	0.2577
26	32	tracking	-842.347827	67.727395	-265.849882	-7.152	-55.168	0.4438
26	33	tracking	-842.328871	67.396051	-265.786096	17.848	-55.963	0.5725
26	34	landing	-842.318167	67.042391	-265.710048	17.848	-47.963	0.0397
26	35	landing	-842.315317	66.668796	-265.621520	17.848	-47.963	0.0216
26	36	landing	-842.319972	66.277640	-265.520300	17.848	-47.963	0.0111
26	37	landing	-842.331812	65.871233	-265.406223	17.848	-47.963	0.0094
27	0	corrected	-850.577539	68.934996	-257.100632	-139.104	-4.000	2.7905
27	1	tracking	-849.906392	68.889508	-257.688079	-164.104	2.997	0.3200
27	2	tracking	-849.322856	68.841054	-258.301703	170.896	-5.003	0.2994
27	3	tracking	-848.843958	68.801544	-258.920692	150.407	-13.003	0.2964
27	4	tracking	-848.423081	68.776598	-259.544680	175.407	-21.003	0.2920
27	5	tracking	-848.025230	68.768932	-260.162071	-159.593	-29.003	0.2867
27	6	tracking	-847.651470	68.779059	-260.768739	-161.186	-37.003	0.2871
27	7	tracking	-847.280748	68.805122	-261.348578	-136.186	-44.708	0.2846
27	8	tracking	-846.925351	68.843553	-261.911814	-151.708	-41.407	0.2961
27	9	tracking	-846.583419	68.889883	-262.459964	-151.375	-33.740	0.2808
27	10	tracking	-846.252690	68.939947	-262.995474	-151.042	-26.073	0.2784
27	11	tracking	-845.930990	68.988476	-263.520780	-150.708	-18.407	0.2791
27	12	tracking	-845.602765	69.039170	-264.018721	-125.708	-26.407	0.2827
27	13	tracking	-845.264104	69.092747	-264.471126	-100.708	-34.407	0.2624
27	14	tracking	-844.921305	69.146718	-264.863761	-75.708	-42.407	0.2973
27	15	tracking	-844.586967	69.195542	-265.189949	-50.708	-50.407	0.2931
27	16	tracking	-844.261630	69.236472	-265.458947	-51.747	-42.740	0.3472
27	17	tracking	-843.956805	69.268064	-265.668959	-26.747	-34.740	0.2646
27	18	tracking	-843.671367	69.288457	-265.828621	-26.747	-26.740	0.2577
27	19	tracking	-843.404389	69.296443	-265.945774	-26.747	-25.689	0.2566
27	20	tracking	-843.165685	69.291915	-266.023044	-1.747	-17.689	0.2532
27	21	tracking	-842.963108	69.274005	-266.068367	23.253	-9.689	0.2493
27	22	tracking	-842.796698	69.243084	-266.090641	37.878	-7.940	0.2736
27	23	tracking	-842.660919	69.199973	-266.094428	37.878	-7.940	0.2539
27	24	tracking	-842.555684	69.144497	-266.089737	62.878	-15.940	0.2761
27	25	tracking	-842.476051	69.073199	-266.079805	67.848	-23.940	0.2482
27	26	tracking	-842.417479	68.980223	-266.065915	67.848	-31.940	0.3184
27	27	tracking	-842.376216	68.858054	-266.049091	67.848	-39.940	0.2474
27	28	tracking	-842.346543	68.699106	-266.026454	42.848	-47.168	0.2388
27	29	tracking	-842.323604	68.505114	-265.995417	17.848	-47.168	0.2448
27	30	tracking	-842.301553	68.278484	-265.954909	-7.152	-47.168	0.2394
27	31	tracking	-842.274005	68.022040	-265.906248	-32.152	-47.168	0.2303
27	32	tracking	-842.247827	67.727395	-265.849882	-7.152	-55.168	0.2320
27	33	tracking	-842.228871	67.396051	-265.786096	17.848	-55.963	0.2285
27	34	landing	-842.218167	67.042391	-265.710048	17.848	-47.963	0.0138
27	35	landing	-842.215317	66.668796	-265.621520	17.848	-47.963	0.0102
27	36	landing	-842.219972	66.277640	-265.520300	17.848	-47.963	0.0090
27	37	landing	-842.231812	65.871233	-265.406223	17.848	-47.963	0.0089
28	0	corrected	-850.677539	68.834996	-257.000632	-139.104	-4.000	1.1551
28	1	tracking	-850.006393	68.789643	-257.588078	-164.104	1.163	0.3122
28	2	tracking	-849.422695	68.744478	-258.200685	170.896	-6.837	0.2903
28	3	tracking	-848.940192	68.710268	-258.819180	152.657	-14.837	0.2833
28	4	tracking	-848.513209	68.691739	-259.441795	177.657	-22.837	0.2890
28	5	tracking	-848.107915	68.690998	-260.056081	-157.343	-30.837	0.2750
28	6	tracking	-847.726383	68.708076	-260.658559	-159.686	-38.837	0.2649
28	7	tracking	-847.348100	68.740716	-261.233287	-134.686	-45.542	0.2655
28	8	tracking	-846.985419	68.785307	-261.791058	-150.708	-42.073	0.2625
28	9	tracking	-846.636506	68.837749	-262.333803	-150.625	-34.240	0.2602
28	10	tracking	-846.299240	68.893908	-262.864103	-150.542	-26.407	0.2621
28	11	tracking	-845.971577	68.948489	-263.384523	-150.458	-18.573	0.2760
28	12	tracking	-845.638024	69.005120	-263.877848	-125.458	-26.573	0.2715
28	13	tracking	-845.294696	69.064474	-264.325916	-100.458	-34.573	0.3868
28	14	tracking	-844.947872	69.124033	-264.714531	-75.458	-42.573	0.5826
28	15	tracking	-844.610144	69.178186	-265.037086	-50.458	-50.573	0.2703
28	16	tracking	-844.281792	69.224332	-265.302851	-51.747	-42.740	0.2459
28	17	tracking	-843.974269	69.261057	-265.509964	-26.747	-34.740	0.2432
28	18	tracking	-843.686424	69.286469	-265.667032	-26.747	-26.740	0.2428
28	19	tracking	-843.417432	69.299021	-265.782136	-26.747	-25.689	0.2417
28	20	tracking	-843.176942	69.298601	-265.857858	-1.747	-17.689	0.9013
28	21	tracking	-842.972679	69.284352	-265.902023	23.253	-9.689	0.2497
28	22	tracking	-842.804650	69.256691	-265.923414	37.878	-7.940	0.2358
28	23	tracking	-842.667340	69.216487	-265.926528	37.878	-7.940	0.2528
28	24	tracking	-842.560648	69.163649	-265.921286	62.878	-15.940	0.2321
28	25	tracking	-842.479652	69.094795	-265.910889	67.848	-23.940	0.2304
28	26	tracking	-842.419824	69.004136	-265.896601	67.848	-31.940	0.2270
28	27	tracking	-842.377422	68.884209	-265.879432	67.848	-39.940	0.2441
28	28	tracking	-842.346731	68.727466	-265.856491	42.848	-47.168	0.2305
28	29	tracking	-842.322879	68.535627	-265.825200	17.848	-47.168	0.2252
28	30	tracking	-842.300018	68.311079	-265.784500	-7.152	-47.168	0.2263
28	31	tracking	-842.271773	68.056631	-265.735706	-32.152	-47.168	0.3071
28	32	tracking	-842.244977	67.763927	-265.679247	-7.152	-55.168	0.2488
28	33	tracking	-842.225461	67.434462	-265.615406	17.848	-55.963	0.2264
28	34	landing	-842.214240	67.082580	-265.539367	17.848	-47.963	0.0125
28	35	landing	-842.210909	66.710656	-265.450909	17.848	-47.963	0.0106
28	36	landing	-842.215114	66.321059	-265.349819	17.848	-47.963	0.0090
28	37	landing	-842.226530	65.916096	-265.235928	17.848	-47.963	0.0087
29	0	corrected	-850.577539	68.834996	-257.000632	-139.104	-4.000	1.6259
29	1	tracking	-849.906393	68.789643	-257.588078	-164.104	1.163	0.3020
29	2	tracking	-849.322695	68.744478	-258.200685	170.896	-6.837	0.2741
29	3	tracking	-848.841140	68.710268	-258.818682	151.907	-14.837	0.2640
29	4	tracking	-848.415933	68.691692	-259.440726	176.907	-22.837	0.3054
29	5	tracking	-848.013047	68.690813	-260.054716	-158.093	-30.837	0.2594
29	6	tracking	-847.634179	68.707640	-260.657000	-160.186	-38.837	0.2552
29	7	tracking	-847.258678	68.739904	-261.231812	-135.186	-45.542	0.2540
29	8	tracking	-846.898786	68.784026	-261.789728	-151.042	-42.073	0.2537
29	9	tracking	-846.552611	68.835909	-262.332618	-150.875	-34.240	0.2856
29	10	tracking	-846.217976	68.891444	-262.863026	-150.708	-26.407	0.4429
29	11	tracking	-845.892784	68.945361	-263.383480	-150.542	-18.573	0.5898
29	12	tracking	-845.561562	69.001270	-263.876834	-125.542	-26.573	0.3792
29	13	tracking	-845.220422	69.059826	-264.324977	-100.542	-34.573	0.2517
29	14	tracking	-844.875625	69.118494	-264.713741	-75.542	-42.573	0.2385
29	15	tracking	-844.539736	69.171655	-265.036528	-50.542	-50.573	0.2367
29	16	tracking	-844.213091	69.216728	-265.302554	-51.747	-42.740	0.2348
29	17	tracking	-843.907132	69.252319	-265.509980	-26.747	-34.740	0.2338
29	18	tracking	-843.620720	69.276558	-265.667410	-26.747	-26.740	0.2525
29	19	tracking	-843.353009	69.287994	-265.782842	-26.747	-25.689	0.2670
29	20	tracking	-843.113659	69.286539	-265.858858	-1.747	-17.689	0.2532
29	21	tracking	-842.910411	69.271354	-265.903288	23.253	-9.689	0.2770
29	22	tracking	-842.743284	69.242848	-265.924920	37.878	-7.940	0.2504
29	23	tracking	-842.606771	69.201884	-265.928255	37.878	-7.940	0.2467
29	24	tracking	-842.500783	69.148342	-265.923213	62.878	-15.940	0.2455
29	25	tracking	-842.420407	69.078819	-265.912998	67.848	-23.940	0.2292
29	26	tracking	-842.361124	68.987510	-265.898875	67.848	-31.940	0.2340
29	27	tracking	-842.319198	68.866938	-265.881855	67.848	-39.940	0.2248
29	28	tracking	-842.288925	68.709546	-265.859056	42.848	-47.168	0.2285
29	29	tracking	-842.265445	68.517062	-265.827894	17.848	-47.168	0.2234
29	30	tracking	-842.242915	68.291880	-265.787307	-7.152	-47.168	0.2246
29	31	tracking	-842.214960	68.036816	-265.738606	-32.152	-47.168	0.2294
29	32	tracking	-842.188423	67.743505	-265.682229	-7.152	-55.168	0.2266
29	33	tracking	-842.169138	67.413444	-265.618457	17.848	-55.963	0.2229
29	34	landing	-842.158128	67.060992	-265.542466	17.848	-47.963	0.0137
29	35	landing	-842.154991	66.688528	-265.454034	17.848	-47.963	0.0132
29	36	landing	-842.159374	66.298421	-265.352950	17.848	-47.963	0.0098
29	37	landing	-842.170954	65.892982	-265.239044	17.848	-47.963	0.0092
30	0	corrected	-850.677539	68.934996	-257.000632	-139.104	-4.000	2.2944
30	1	tracking	-850.006392	68.889508	-257.588079	-164.104	2.997	0.3103
30	2	tracking	-849.422856	68.841054	-258.201703	170.896	-5.003	0.2945
30	3	tracking	-848.942052	68.801544	-258.821741	151.907	-13.003	0.2927
30	4	tracking	-848.517588	68.776688	-259.446963	176.907	-21.003	0.2993
30	5	tracking	-848.114851	68.769288	-260.065060	-158.093	-29.003	0.2918
30	6	tracking	-847.735672	68.779903	-260.672234	-160.186	-37.003	0.2826
30	7	tracking	-847.359286	68.806712	-261.252016	-135.186	-44.708	0.2799
30	8	tracking	-846.998210	68.846083	-261.815074	-151.042	-41.407	0.2774
30	9	tracking	-846.650706	68.893530	-262.363039	-150.875	-33.740	0.2757
30	10	tracking	-846.314623	68.944843	-262.898435	-150.708	-26.073	0.4294
30	11	tracking	-845.987896	68.994706	-263.423770	-150.542	-18.407	0.3289
30	12	tracking	-845.654924	69.046855	-263.921745	-125.542	-26.407	0.2884
30	13	tracking	-845.311803	69.102047	-264.374084	-100.542	-34.407	0.2748
30	14	tracking	-844.964869	69.157822	-264.766491	-75.542	-42.407	0.3165
30	15	tracking	-844.626821	69.208596	-265.092314	-50.542	-50.407	0.2989
30	16	tracking	-844.298037	69.251641	-265.360875	-51.747	-42.740	0.2787
30	17	tracking	-843.990056	69.285478	-265.570331	-26.747	-34.740	0.2606
30	18	tracking	-843.701738	69.308156	-265.729361	-26.747	-26.740	0.2662
30	19	tracking	-843.432186	69.318320	-265.845936	-26.747	-25.689	0.2502
30	20	tracking	-843.191187	69.315813	-265.922678	-1.747	-17.689	0.2482
30	21	tracking	-842.986572	69.299735	-265.967519	23.253	-9.689	0.2445
30	22	tracking	-842.818356	69.270465	-265.989349	37.878	-7.940	0.2457
30	23	tracking	-842.680978	69.228844	-265.992726	37.878	-7.940	0.2472
30	24	tracking	-842.574337	69.174748	-265.987662	62.878	-15.940	0.2502
30	25	tracking	-842.493467	69.104761	-265.977390	67.848	-23.940	0.2486
30	26	tracking	-842.433809	69.013062	-265.963191	67.848	-31.940	0.2444
30	27	tracking	-842.391595	68.892162	-265.946085	67.848	-39.940	0.2459
30	28	tracking	-842.361090	68.734490	-265.923182	42.848	-47.168	0.2450
30	29	tracking	-842.337411	68.541767	-265.891900	17.848	-47.168	0.2416
30	30	tracking	-842.314701	68.316383	-265.851180	-7.152	-47.168	0.2391
30	31	tracking	-842.286574	68.061148	-265.802342	-32.152	-47.168	0.2408
30	32	tracking	-842.259881	67.767696	-265.745824	-7.152	-55.168	0.2642
30	33	tracking	-842.240462	67.437521	-265.681909	17.848	-55.963	0.2615
30	34	landing	-842.229338	67.084979	-265.605774	17.848	-47.963	0.0153
30	35	landing	-842.226104	66.712445	-265.517200	17.848	-47.963	0.0118
30	36	landing	-842.230404	66.322287	-265.415975	17.848	-47.963	0.0105
30	37	landing	-842.241916	65.916813	-265.301934	17.848	-47.963	0.0097
31	0	corrected	-850.577539	68.934996	-257.000632	-139.104	-4.000	3.8748
31	1	tracking	-849.906392	68.889508	-257.588079	-164.104	2.997	0.3557
31	2	tracking	-849.322856	68.841054	-258.201703	170.896	-5.003	0.3160
31	3	tracking	-848.843958	68.801544	-258.820692	150.407	-13.003	0.3112
31	4	tracking	-848.423081	68.776598	-259.444680	175.407	-21.003	0.3106
31	5	tracking	-848.025230	68.768932	-260.062071	-159.593	-29.003	0.3047
31	6	tracking	-847.651470	68.779059	-260.668739	-161.186	-37.003	0.3260
31	7	tracking	-847.280748	68.805122	-261.248578	-136.186	-44.708	0.3143
31	8	tracking	-846.925351	68.843553	-261.811814	-151.708	-41.407	0.2914
31	9	tracking	-846.583419	68.889883	-262.359964	-151.375	-33.740	0.2830
31	10	tracking	-846.252690	68.939947	-262.895474	-151.042	-26.073	0.2826
31	11	tracking	-845.930990	68.988476	-263.420780	-150.708	-18.407	0.2843
31	12	tracking	-845.602765	69.039170	-263.918721	-125.708	-26.407	0.2868
31	13	tracking	-845.264104	69.092747	-264.371126	-100.708	-34.407	0.2974
31	14	tracking	-844.921305	69.146718	-264.763761	-75.708	-42.407	0.3773
31	15	tracking	-844.586967	69.195542	-265.089949	-50.708	-50.407	0.2967
31	16	tracking	-844.261630	69.236472	-265.358947	-51.747	-42.740	0.2694
31	17	tracking	-843.956805	69.268064	-265.568959	-26.747	-34.740	0.2642
31	18	tracking	-843.671367	69.288457	-265.728621	-26.747	-26.740	0.2616
31	19	tracking	-843.404389	69.296443	-265.845774	-26.747	-25.689	0.2610
31	20	tracking	-843.165685	69.291915	-265.923044	-1.747	-17.689	0.2602
31	21	tracking	-842.963108	69.274005	-265.968367	23.253	-9.689	0.2875
31	22	tracking	-842.796698	69.243084	-265.990641	37.878	-7.940	0.2605
31	23	tracking	-842.660919	69.199973	-265.994428	37.878	-7.940	0.2631
31	24	tracking	-842.555684	69.144497	-265.989737	62.878	-15.940	0.2707
31	25	tracking	-842.476051	69.073199	-265.979805	67.848	-23.940	0.4411
31	26	tracking	-842.417479	68.980223	-265.965915	67.848	-31.940	0.4292
31	27	tracking	-842.376216	68.858054	-265.949091	67.848	-39.940	0.2712
31	28	tracking	-842.346543	68.699106	-265.926454	42.848	-47.168	0.2498
31	29	tracking	-842.323604	68.505114	-265.895417	17.848	-47.168	0.2475
31	30	tracking	-842.301553	68.278484	-265.854909	-7.152	-47.168	0.2447
31	31	tracking	-842.274005	68.022040	-265.806248	-32.152	-47.168	0.2446
31	32	tracking	-842.247827	67.727395	-265.749882	-7.152	-55.168	0.2553
31	33	tracking	-842.228871	67.396051	-265.686096	17.848	-55.963	0.2427
31	34	landing	-842.218167	67.042391	-265.610048	17.848	-47.963	0.0138
31	35	landing	-842.215317	66.668796	-265.521520	17.848	-47.963	0.0111
31	36	landing	-842.219972	66.277640	-265.420300	17.848	-47.963	0.0103
31	37	landing	-842.231812	65.871233	-265.306223	17.848	-47.963	0.0104
32	0	tracking	-850.714387	68.799208	-257.063597	-139.104	-4.000	0.3248
32	1	tracking	-850.076702	68.723569	-257.615837	-164.104	-0.670	0.2890
32	2	tracking	-849.522357	68.653748	-258.194209	170.896	-8.670	0.2808
32	3	tracking	-849.063742	68.598235	-258.780065	153.407	-16.670	0.2746
32	4	tracking	-848.657032	68.559900	-259.370951	178.407	-24.670	0.2785
32	5	tracking	-848.270022	68.539435	-259.954330	-156.593	-32.670	0.2671
32	6	tracking	-847.905146	68.535756	-260.526865	-159.186	-40.670	0.2664
32	7	tracking	-847.542728	68.545958	-261.073262	-134.186	-46.375	0.2641
32	8	tracking	-847.194676	68.567070	-261.604306	-150.375	-42.740	0.2603
32	9	tracking	-846.859318	68.595668	-262.121859	-150.375	-34.740	0.2778
32	10	tracking	-846.535097	68.627276	-262.627694	-150.375	-26.740	0.2760
32	11	tracking	-846.220214	68.656795	-263.124119	-150.375	-18.740	0.2799
32	12	tracking	-845.899734	68.687605	-263.594777	-125.375	-26.740	0.2638
32	13	tracking	-845.569598	68.720382	-264.022296	-100.375	-34.740	0.2565
32	14	tracking	-845.235656	68.752590	-264.392832	-75.375	-42.740	0.2579
32	15	tracking	-844.910026	68.778682	-264.699724	-50.375	-50.740	0.2524
32	16	tracking	-844.592789	68.796802	-264.951798	-51.747	-42.740	0.2476
32	17	tracking	-844.295203	68.806243	-265.146775	-26.747	-34.740	0.2483
32	18	tracking	-844.016043	68.805846	-265.292700	-26.747	-26.740	0.2592
32	19	tracking	-843.754436	68.794457	-265.397171	-26.747	-25.689	0.2448
32	20	tracking	-843.520496	68.772288	-265.462443	-1.747	-17.689	0.2422
32	21	tracking	-843.322473	68.738602	-265.496358	23.253	-9.689	0.2397
32	22	tracking	-843.160581	68.693620	-265.507875	37.878	-7.940	0.2376
32	23	tracking	-843.029258	68.637985	-265.501523	37.878	-7.940	0.2396
32	24	tracking	-842.928567	68.571221	-265.487506	62.878	-15.940	0.2369
32	25	tracking	-842.853473	68.489596	-265.469064	67.848	-23.940	0.2351
32	26	tracking	-842.799341	68.387035	-265.447430	67.848	-31.940	0.2260
32	27	tracking	-842.762365	68.255871	-265.423572	67.848	-39.940	0.2342
32	28	tracking	-842.736737	68.088465	-265.394426	42.848	-47.168	0.2294
32	29	tracking	-842.717541	67.886704	-265.357153	17.848	-47.168	0.2240
32	30	tracking	-842.698756	67.653119	-265.310532	-7.152	-47.168	0.2221
32	31	tracking	-842.673804	67.390554	-265.255926	-32.152	-47.168	0.2218
32	32	tracking	-842.649882	67.090532	-265.193801	-7.152	-55.168	0.5266
32	33	tracking	-842.633075	66.754543	-265.124448	17.848	-55.963	0.4056
32	34	landing	-842.624450	66.396983	-265.042932	17.848	-47.963	0.0236
32	35	landing	-842.623617	66.020220	-264.949025	17.848	-47.963	0.0185
32	36	landing	-842.630225	65.626596	-264.842524	17.848	-47.963	0.0142
33	0	tracking	-850.614387	68.799208	-257.063597	-139.104	-4.000	0.3850
33	1	tracking	-849.976702	68.723569	-257.615837	-164.104	-0.670	0.2491
33	2	tracking	-849.422357	68.653748	-258.194209	170.896	-8.670	0.2168
33	3	tracking	-848.963742	68.598235	-258.780065	153.407	-16.670	0.2117
33	4	tracking	-848.557032	68.559900	-259.370951	178.407	-24.670	0.2005
33	5	tracking	-848.170022	68.539435	-259.954330	-156.593	-32.670	0.2481
33	6	tracking	-847.805146	68.535756	-260.526865	-159.186	-40.670	0.2018
33	7	tracking	-847.442728	68.545958	-261.073262	-134.186	-46.375	0.1971
33	8	tracking	-847.094676	68.567070	-261.604306	-150.375	-42.740	0.1964
33	9	tracking	-846.759318	68.595668	-262.121859	-150.375	-34.740	0.1952
33	10	tracking	-846.435097	68.627276	-262.627694	-150.375	-26.740	0.2045
33	11	tracking	-846.120214	68.656795	-263.124119	-150.375	-18.740	0.1902
33	12	tracking	-845.799734	68.687605	-263.594777	-125.375	-26.740	0.1856
33	13	tracking	-845.469598	68.720382	-264.022296	-100.375	-34.740	0.1798
33	14	tracking	-845.135656	68.752590	-264.392832	-75.375	-42.740	0.1758
33	15	tracking	-844.810026	68.778682	-264.699724	-50.375	-50.740	0.1894
33	16	tracking	-844.492789	68.796802	-264.951798	-51.747	-42.740	0.1766
33	17	tracking	-844.195203	68.806243	-265.146775	-26.747	-34.740	0.1843
33	18	tracking	-843.916043	68.805846	-265.292700	-26.747	-26.740	0.1733
33	19	tracking	-843.654436	68.794457	-265.397171	-26.747	-25.689	0.1703
33	20	tracking	-843.420496	68.772288	-265.462443	-1.747	-17.689	0.1706
33	21	tracking	-843.222473	68.738602	-265.496358	23.253	-9.689	0.1768
33	22	tracking	-843.060581	68.693620	-265.507875	37.878	-7.940	0.1693
33	23	tracking	-842.929258	68.637985	-265.501523	37.878	-7.940	0.1668
33	24	tracking	-842.828567	68.571221	-265.487506	62.878	-15.940	0.1704
33	25	tracking	-842.753473	68.489596	-265.469064	67.848	-23.940	0.1715
33	26	tracking	-842.699341	68.387035	-265.447430	67.848	-31.940	0.1877
33	27	tracking	-842.662365	68.255871	-265.423572	67.848	-39.940	0.1724
33	28	tracking	-842.636737	68.088465	-265.394426	42.848	-47.168	0.1647
33	29	tracking	-842.617541	67.886704	-265.357153	17.848	-47.168	0.2465
33	30	tracking	-842.598756	67.653119	-265.310532	-7.152	-47.168	0.1610
33	31	tracking	-842.573804	67.390554	-265.255926	-32.152	-47.168	0.1597
33	32	tracking	-842.549882	67.090532	-265.193801	-7.152	-55.168	0.1582
33	33	tracking	-842.533075	66.754543	-265.124448	17.848	-55.963	0.1551
33	34	landing	-842.524450	66.396983	-265.042932	17.848	-47.963	0.0082
33	35	landing	-842.523617	66.020220	-264.949025	17.848	-47.963	0.0062
33	36	landing	-842.530225	65.626596	-264.842524	17.848	-47.963	0.0054
34	0	tracking	-850.714387	68.899208	-257.063597	-139.104	-4.000	0.3008
34	1	tracking	-850.076702	68.823569	-257.615837	-164.104	-0.670	0.2650
34	2	tracking	-849.522357	68.753748	-258.194209	170.896	-8.670	0.3284
34	3	tracking	-849.063742	68.698235	-258.780065	153.407	-16.670	0.3015
34	4	tracking	-848.657032	68.659900	-259.370951	178.407	-24.670	0.2593
34	5	tracking	-848.270022	68.639435	-259.954330	-156.593	-32.670	0.2509
34	6	tracking	-847.905146	68.635756	-260.526865	-159.186	-40.670	0.2535
34	7	tracking	-847.542728	68.645958	-261.073262	-134.186	-46.375	0.2515
34	8	tracking	-847.194676	68.667070	-261.604306	-150.375	-42.740	0.2478
34	9	tracking	-846.859318	68.695668	-262.121859	-150.375	-34.740	0.2549
34	10	tracking	-846.535097	68.727276	-262.627694	-150.375	-26.740	0.2385
34	11	tracking	-846.220214	68.756795	-263.124119	-150.375	-18.740	0.2372
34	12	tracking	-845.899734	68.787605	-263.594777	-125.375	-26.740	0.2322
34	13	tracking	-845.569598	68.820382	-264.022296	-100.375	-34.740	0.2342
34	14	tracking	-845.235656	68.852590	-264.392832	-75.375	-42.740	0.2334
34	15	tracking	-844.910026	68.878682	-264.699724	-50.375	-50.740	0.2355
34	16	tracking	-844.592789	68.896802	-264.951798	-51.747	-42.740	0.2325
34	17	tracking	-844.295203	68.906243	-265.146775	-26.747	-34.740	0.2799
34	18	tracking	-844.016043	68.905846	-265.292700	-26.747	-26.740	0.2387
34	19	tracking	-843.754436	68.894457	-265.397171	-26.747	-25.689	0.2315
34	20	tracking	-843.520496	68.872288	-265.462443	-1.747	-17.689	0.2201
34	21	tracking	-843.322473	68.838602	-265.496358	23.253	-9.689	0.2190
34	22	tracking	-843.160581	68.793620	-265.507875	37.878	-7.940	0.2204
34	23	tracking	-843.029258	68.737985	-265.501523	37.878	-7.940	0.2209
34	24	tracking	-842.928567	68.671221	-265.487506	62.878	-15.940	0.2230
34	25	tracking	-842.853473	68.589596	-265.469064	67.848	-23.940	0.2250
34	26	tracking	-842.799341	68.487035	-265.447430	67.848	-31.940	0.3501
34	27	tracking	-842.762365	68.355871	-265.423572	67.848	-39.940	0.2359
34	28	tracking	-842.736737	68.188465	-265.394426	42.848	-47.168	0.2252
34	29	tracking	-842.717541	67.986704	-265.357153	17.848	-47.168	0.2164
34	30	tracking	-842.698756	67.753119	-265.310532	-7.152	-47.168	0.2474
34	31	tracking	-842.673804	67.490554	-265.255926	-32.152	-47.168	0.4842
34	32	tracking	-842.649882	67.190532	-265.193801	-7.152	-55.168	0.4870
34	33	tracking	-842.633075	66.854543	-265.124448	17.848	-55.963	0.3066
34	34	landing	-842.624450	66.496983	-265.042932	17.848	-47.963	0.0192
34	35	landing	-842.623617	66.120220	-264.949025	17.848	-47.963	0.0161
34	36	landing	-842.630225	65.726596	-264.842524	17.848	-47.963	0.0136
35	0	tracking	-850.614387	68.899208	-257.063597	-139.104	-4.000	0.4883
35	1	tracking	-849.976702	68.823569	-257.615837	-164.104	-0.670	0.4307
35	2	tracking	-849.422357	68.753748	-258.194209	170.896	-8.670	0.3637
35	3	tracking	-848.963742	68.698235	-258.780065	153.407	-16.670	0.3579
35	4	tracking	-848.557032	68.659900	-259.370951	178.407	-24.670	0.3411
35	5	tracking	-848.170022	68.639435	-259.954330	-156.593	-32.670	0.3335
35	6	tracking	-847.805146	68.635756	-260.526865	-159.186	-40.670	0.3384
35	7	tracking	-847.442728	68.645958	-261.073262	-134.186	-46.375	0.3281
35	8	tracking	-847.094676	68.667070	-261.604306	-150.375	-42.740	0.3259
35	9	tracking	-846.759318	68.695668	-262.121859	-150.375	-34.740	0.3327
35	10	tracking	-846.435097	68.727276	-262.627694	-150.375	-26.740	0.3343
35	11	tracking	-846.120214	68.756795	-263.124119	-150.375	-18.740	0.3137
35	12	tracking	-845.799734	68.787605	-263.594777	-125.375	-26.740	0.3122
35	13	tracking	-845.469598	68.820382	-264.022296	-100.375	-34.740	0.2779
35	14	tracking	-845.135656	68.852590	-264.392832	-75.375	-42.740	0.3090
35	15	tracking	-844.810026	68.878682	-264.699724	-50.375	-50.740	0.3712
35	16	tracking	-844.492789	68.896802	-264.951798	-51.747	-42.740	0.3323
35	17	tracking	-844.195203	68.906243	-265.146775	-26.747	-34.740	0.4067
35	18	tracking	-843.916043	68.905846	-265.292700	-26.747	-26.740	0.2007
35	19	tracking	-843.654436	68.894457	-265.397171	-26.747	-25.689	0.1807
35	20	tracking	-843.420496	68.872288	-265.462443	-1.747	-17.689	0.2355
35	21	tracking	-843.222473	68.838602	-265.496358	23.253	-9.689	0.2989
35	22	tracking	-843.060581	68.793620	-265.507875	37.878	-7.940	0.5635
35	23	tracking	-842.929258	68.737985	-265.501523	37.878	-7.940	0.5627
35	24	tracking	-842.828567	68.671221	-265.487506	62.878	-15.940	0.3163
35	25	tracking	-842.753473	68.589596	-265.469064	67.848	-23.940	0.3193
35	26	tracking	-842.699341	68.487035	-265.447430	67.848	-31.940	0.1947
35	27	tracking	-842.662365	68.355871	-265.423572	67.848	-39.940	0.1708
35	28	tracking	-842.636737	68.188465	-265.394426	42.848	-47.168	0.2647
35	29	tracking	-842.617541	67.986704	-265.357153	17.848	-47.168	0.8614
35	30	tracking	-842.598756	67.753119	-265.310532	-7.152	-47.168	0.2905
35	31	tracking	-842.573804	67.490554	-265.255926	-32.152	-47.168	0.2949
35	32	tracking	-842.549882	67.190532	-265.193801	-7.152	-55.168	0.2841
35	33	tracking	-842.533075	66.854543	-265.124448	17.848	-55.963	0.3406
35	34	landing	-842.524450	66.496983	-265.042932	17.848	-47.963	0.0165
35	35	landing	-842.523617	66.120220	-264.949025	17.848	-47.963	0.0118
35	36	landing	-842.530225	65.726596	-264.842524	17.848	-47.963	0.0097
36	0	corrected	-850.714387	68.799208	-256.963597	-139.104	-4.000	2.9982
36	1	tracking	-850.076603	68.722313	-257.516183	-164.104	0.247	1.1012
36	2	tracking	-849.522271	68.649994	-258.095485	170.896	-7.753	1.0946
36	3	tracking	-849.063995	68.591275	-258.682825	153.407	-15.753	1.1230
36	4	tracking	-848.657608	68.549494	-259.275779	178.407	-23.753	0.8505
36	5	tracking	-848.270595	68.525674	-259.861672	-156.593	-31.753	0.7273
36	6	tracking	-847.905473	68.518970	-260.437087	-159.186	-39.753	0.3505
36	7	tracking	-847.542508	68.526599	-260.986369	-134.186	-45.958	0.3380
36	8	tracking	-847.193756	68.545548	-261.520357	-150.375	-42.407	0.3255
36	9	tracking	-846.857562	68.572317	-262.040906	-150.375	-34.490	0.3300
36	10	tracking	-846.532387	68.602368	-262.549780	-150.375	-26.573	0.3365
36	11	tracking	-846.216507	68.630433	-263.049172	-150.375	-18.657	0.3244
36	12	tracking	-845.894828	68.660071	-263.522692	-125.375	-26.657	0.4187
36	13	tracking	-845.563300	68.691984	-263.952822	-100.375	-34.657	0.3895
36	14	tracking	-845.227848	68.723649	-264.325614	-75.375	-42.657	0.3868
36	15	tracking	-844.900697	68.749518	-264.634370	-50.375	-50.657	0.3479
36	16	tracking	-844.581957	68.767634	-264.887988	-51.747	-42.740	0.4292
36	17	tracking	-844.282956	68.777224	-265.084190	-26.747	-34.740	0.3698
36	18	tracking	-844.002471	68.777066	-265.231079	-26.747	-26.740	0.2933
36	19	tracking	-843.739629	68.765980	-265.336303	-26.747	-25.689	0.2886
36	20	tracking	-843.504586	68.744136	-265.402145	-1.747	-17.689	0.2890
36	21	tracking	-843.305614	68.710764	-265.436490	23.253	-9.689	0.2943
36	22	tracking	-843.142917	68.666076	-265.448337	37.878	-7.940	0.2831
36	23	tracking	-843.010910	68.610715	-265.442238	37.878	-7.940	0.2912
36	24	tracking	-842.909642	68.544217	-265.428429	62.878	-15.940	0.3779
36	25	tracking	-842.834058	68.462860	-265.410162	67.848	-23.940	0.3160
36	26	tracking	-842.779506	68.360571	-265.388678	67.848	-31.940	0.2785
36	27	tracking	-842.742166	68.229686	-265.364950	67.848	-39.940	0.3209
36	28	tracking	-842.716218	68.062561	-265.335914	42.848	-47.168	0.2728
36	29	tracking	-842.696737	67.861075	-265.298742	17.848	-47.168	0.2958
36	30	tracking	-842.677697	67.627751	-265.252220	-7.152	-47.168	0.2671
36	31	tracking	-842.652525	67.365431	-265.197709	-32.152	-47.168	0.2866
36	32	tracking	-842.628407	67.065641	-265.135677	-7.152	-55.168	0.2734
36	33	tracking	-842.611423	66.729870	-265.066414	17.848	-55.963	0.2927
36	34	landing	-842.602638	66.372511	-264.984989	17.848	-47.963	0.0154
36	35	landing	-842.601656	65.995929	-264.891176	17.848	-47.963	0.0141
37	0	corrected	-850.614387	68.799208	-256.963597	-139.104	-4.000	0.9239
37	1	tracking	-849.976603	68.722313	-257.516183	-164.104	0.247	0.2526
37	2	tracking	-849.422271	68.649994	-258.095485	170.896	-7.753	0.2426
37	3	tracking	-848.963995	68.591275	-258.682825	153.407	-15.753	0.2349
37	4	tracking	-848.557608	68.549494	-259.275779	178.407	-23.753	0.2296
37	5	tracking	-848.170595	68.525674	-259.861672	-156.593	-31.753	0.2322
37	6	tracking	-847.805473	68.518970	-260.437087	-159.186	-39.753	0.2334
37	7	tracking	-847.442508	68.526599	-260.986369	-134.186	-45.958	0.3408
37	8	tracking	-847.093756	68.545548	-261.520357	-150.375	-42.407	0.2513
37	9	tracking	-846.757562	68.572317	-262.040906	-150.375	-34.490	0.2239
37	10	tracking	-846.432387	68.602368	-262.549780	-150.375	-26.573	0.2231
37	11	tracking	-846.116507	68.630433	-263.049172	-150.375	-18.657	0.2161
37	12	tracking	-845.794828	68.660071	-263.522692	-125.375	-26.657	0.2129
37	13	tracking	-845.463300	68.691984	-263.952822	-100.375	-34.657	0.2098
37	14	tracking	-845.127848	68.723649	-264.325614	-75.375	-42.657	0.2252
37	15	tracking	-844.800697	68.749518	-264.634370	-50.375	-50.657	0.2135
37	16	tracking	-844.481957	68.767634	-264.887988	-51.747	-42.740	0.2080
37	17	tracking	-844.182956	68.777224	-265.084190	-26.747	-34.740	0.2087
37	18	tracking	-843.902471	68.777066	-265.231079	-26.747	-26.740	0.2152
37	19	tracking	-843.639629	68.765980	-265.336303	-26.747	-25.689	0.2272
37	20	tracking	-843.404586	68.744136	-265.402145	-1.747	-17.689	0.2472
37	21	tracking	-843.205614	68.710764	-265.436490	23.253	-9.689	0.2268
37	22	tracking	-843.042917	68.666076	-265.448337	37.878	-7.940	0.2089
37	23	tracking	-842.910910	68.610715	-265.442238	37.878	-7.940	0.2116
37	24	tracking	-842.809642	68.544217	-265.428429	62.878	-15.940	0.1929
37	25	tracking	-842.734058	68.462860	-265.410162	67.848	-23.940	0.1912
37	26	tracking	-842.679506	68.360571	-265.388678	67.848	-31.940	0.1897
37	27	tracking	-842.642166	68.229686	-265.364950	67.848	-39.940	0.1880
37	28	tracking	-842.616218	68.062561	-265.335914	42.848	-47.168	0.1902
37	29	tracking	-842.596737	67.861075	-265.298742	17.848	-47.168	0.1845
37	30	tracking	-842.577697	67.627751	-265.252220	-7.152	-47.168	0.1852
37	31	tracking	-842.552525	67.365431	-265.197709	-32.152	-47.168	0.1814
37	32	tracking	-842.528407	67.065641	-265.135677	-7.152	-55.168	0.1953
37	33	tracking	-842.511423	66.729870	-265.066414	17.848	-55.963	0.1846
37	34	landing	-842.502638	66.372511	-264.984989	17.848	-47.963	0.0094
37	35	landing	-842.501656	65.995929	-264.891176	17.848	-47.963	0.0074
38	0	corrected	-850.714387	68.899208	-256.963597	-139.104	-4.000	1.7406
38	1	tracking	-850.076603	68.822313	-257.516183	-164.104	0.247	0.3832
38	2	tracking	-849.522271	68.749994	-258.095485	170.896	-7.753	0.3451
38	3	tracking	-849.063995	68.691275	-258.682825	153.407	-15.753	0.3550
38	4	tracking	-848.657608	68.649494	-259.275779	178.407	-23.753	0.3580
38	5	tracking	-848.270595	68.625674	-259.861672	-156.593	-31.753	0.3512
38	6	tracking	-847.905473	68.618970	-260.437087	-159.186	-39.753	0.3760
38	7	tracking	-847.542508	68.626599	-260.986369	-134.186	-45.958	0.3339
38	8	tracking	-847.193756	68.645548	-261.520357	-150.375	-42.407	0.3276
38	9	tracking	-846.857562	68.672317	-262.040906	-150.375	-34.490	0.3232
38	10	tracking	-846.532387	68.702368	-262.549780	-150.375	-26.573	0.3291
38	11	tracking	-846.216507	68.730433	-263.049172	-150.375	-18.657	0.3235
38	12	tracking	-845.894828	68.760071	-263.522692	-125.375	-26.657	0.3181
38	13	tracking	-845.563300	68.791984	-263.952822	-100.375	-34.657	0.3128
38	14	tracking	-845.227848	68.823649	-264.325614	-75.375	-42.657	0.3194
38	15	tracking	-844.900697	68.849518	-264.634370	-50.375	-50.657	0.3192
38	16	tracking	-844.581957	68.867634	-264.887988	-51.747	-42.740	0.3244
38	17	tracking	-844.282956	68.877224	-265.084190	-26.747	-34.740	0.3218
38	18	tracking	-844.002471	68.877066	-265.231079	-26.747	-26.740	0.3451
38	19	tracking	-843.739629	68.865980	-265.336303	-26.747	-25.689	0.3481
38	20	tracking	-843.504586	68.844136	-265.402145	-1.747	-17.689	0.3397
38	21	tracking	-843.305614	68.810764	-265.436490	23.253	-9.689	0.3398
38	22	tracking	-843.142917	68.766076	-265.448337	37.878	-7.940	0.3614
38	23	tracking	-843.010910	68.710715	-265.442238	37.878	-7.940	0.3545
38	24	tracking	-842.909642	68.644217	-265.428429	62.878	-15.940	0.3475
38	25	tracking	-842.834058	68.562860	-265.410162	67.848	-23.940	0.3278
38	26	tracking	-842.779506	68.460571	-265.388678	67.848	-31.940	0.3189
38	27	tracking	-842.742166	68.329686	-265.364950	67.848	-39.940	0.3183
38	28	tracking	-842.716218	68.162561	-265.335914	42.848	-47.168	0.3281
38	29	tracking	-842.696737	67.961075	-265.298742	17.848	-47.168	0.3243
38	30	tracking	-842.677697	67.727751	-265.252220	-7.152	-47.168	0.3347
38	31	tracking	-842.652525	67.465431	-265.197709	-32.152	-47.168	0.3435
38	32	tracking	-842.628407	67.165641	-265.135677	-7.152	-55.168	0.3436
38	33	tracking	-842.611423	66.829870	-265.066414	17.848	-55.963	0.3422
38	34	landing	-842.602638	66.472511	-264.984989	17.848	-47.963	0.0172
38	35	landing	-842.601656	66.095929	-264.891176	17.848	-47.963	0.0236
38	36	landing	-842.608129	65.702465	-264.784772	17.848	-47.963	0.0139
39	0	corrected	-850.614387	68.899208	-256.963597	-139.104	-4.000	1.0824
39	1	tracking	-849.976603	68.822313	-257.516183	-164.104	0.247	0.3365
39	2	tracking	-849.422271	68.749994	-258.095485	170.896	-7.753	0.3267
39	3	tracking	-848.963995	68.691275	-258.682825	153.407	-15.753	0.3135
39	4	tracking	-848.557608	68.649494	-259.275779	178.407	-23.753	0.3543
39	5	tracking	-848.170595	68.625674	-259.861672	-156.593	-31.753	0.3126
39	6	tracking	-847.805473	68.618970	-260.437087	-159.186	-39.753	0.3659
39	7	tracking	-847.442508	68.626599	-260.986369	-134.186	-45.958	0.3169
39	8	tracking	-847.093756	68.645548	-261.520357	-150.375	-42.407	0.3207
39	9	tracking	-846.757562	68.672317	-262.040906	-150.375	-34.490	0.3600
39	10	tracking	-846.432387	68.702368	-262.549780	-150.375	-26.573	0.3055
39	11	tracking	-846.116507	68.730433	-263.049172	-150.375	-18.657	0.2985
39	12	tracking	-845.794828	68.760071	-263.522692	-125.375	-26.657	0.3001
39	13	tracking	-845.463300	68.791984	-263.952822	-100.375	-34.657	0.3733
39	14	tracking	-845.127848	68.823649	-264.325614	-75.375	-42.657	0.3079
39	15	tracking	-844.800697	68.849518	-264.634370	-50.375	-50.657	0.2960
39	16	tracking	-844.481957	68.867634	-264.887988	-51.747	-42.740	0.2873
39	17	tracking	-844.182956	68.877224	-265.084190	-26.747	-34.740	0.2881
39	18	tracking	-843.902471	68.877066	-265.231079	-26.747	-26.740	0.2802
39	19	tracking	-843.639629	68.865980	-265.336303	-26.747	-25.689	0.2790
39	20	tracking	-843.404586	68.844136	-265.402145	-1.747	-17.689	0.2767
39	21	tracking	-843.205614	68.810764	-265.436490	23.253	-9.689	0.2853
39	22	tracking	-843.042917	68.766076	-265.448337	37.878	-7.940	0.2751
39	23	tracking	-842.910910	68.710715	-265.442238	37.878	-7.940	0.2718
39	24	tracking	-842.809642	68.644217	-265.428429	62.878	-15.940	0.2685
39	25	tracking	-842.734058	68.562860	-265.410162	67.848	-23.940	0.2650
39	26	tracking	-842.679506	68.460571	-265.388678	67.848	-31.940	0.2679
39	27	tracking	-842.642166	68.329686	-265.364950	67.848	-39.940	0.2632
39	28	tracking	-842.616218	68.162561	-265.335914	42.848	-47.168	0.2708
39	29	tracking	-842.596737	67.961075	-265.298742	17.848	-47.168	0.2600
39	30	tracking	-842.577697	67.727751	-265.252220	-7.152	-47.168	0.2593
39	31	tracking	-842.552525	67.465431	-265.197709	-32.152	-47.168	0.2541
39	32	tracking	-842.528407	67.165641	-265.135677	-7.152	-55.168	0.2948
39	33	tracking	-842.511423	66.829870	-265.066414	17.848	-55.963	0.2620
39	34	landing	-842.502638	66.472511	-264.984989	17.848	-47.963	0.0117
39	35	landing	-842.501656	66.095929	-264.891176	17.848	-47.963	0.0097
39	36	landing	-842.508129	65.702465	-264.784772	17.848	-47.963	0.0083
40	0	tracking	-850.676676	68.799495	-257.065989	-139.104	-4.000	0.4871
40	1	tracking	-850.004538	68.724156	-257.623348	-164.104	-0.670	0.4219
40	2	tracking	-849.419931	68.655159	-258.208991	170.896	-8.670	0.4123
40	3	tracking	-848.935370	68.601329	-258.803357	153.407	-16.670	0.4082
40	4	tracking	-848.505591	68.565702	-259.403623	178.407	-24.670	0.4175
40	5	tracking	-848.097433	68.549122	-259.996735	-156.593	-32.670	0.4106
40	6	tracking	-847.713247	68.550656	-260.579166	-159.186	-40.670	0.3952
40	7	tracking	-847.332796	68.567433	-261.135186	-134.186	-46.375	0.3918
40	8	tracking	-846.968165	68.596179	-261.675703	-150.375	-42.740	0.4075
40	9	tracking	-846.617598	68.632973	-262.202465	-150.375	-34.740	0.4639
40	10	tracking	-846.279293	68.673240	-262.717444	-150.375	-26.740	0.4194
40	11	tracking	-845.951197	68.711864	-263.223183	-150.375	-18.740	0.3900
40	12	tracking	-845.618083	68.752237	-263.702751	-125.375	-26.740	0.3797
40	13	tracking	-845.276081	68.794847	-264.138320	-100.375	-34.740	0.4016
40	14	tracking	-844.931036	68.837333	-264.515891	-75.375	-42.740	0.3762
40	15	tracking	-844.595100	68.874326	-264.828708	-50.375	-50.740	0.3809
40	16	tracking	-844.268411	68.903537	-265.085849	-51.747	-42.740	0.3712
40	17	tracking	-843.962330	68.923868	-265.285194	-26.747	-34.740	0.5030
40	18	tracking	-843.675595	68.933828	-265.435000	-26.747	-26.740	0.4024
40	19	tracking	-843.407256	68.932228	-265.542961	-26.747	-25.689	0.3646
40	20	tracking	-843.167321	68.919069	-265.611471	-1.747	-17.689	0.4851
40	21	tracking	-842.963892	68.893496	-265.648418	23.253	-9.689	0.5963
40	22	tracking	-842.797086	68.855785	-265.662763	37.878	-7.940	0.7158
40	23	tracking	-842.661291	68.806666	-265.659051	37.878	-7.940	0.7657
40	24	tracking	-842.556484	68.745847	-265.647453	62.878	-15.940	0.3594
40	25	tracking	-842.477610	68.669754	-265.631213	67.848	-23.940	0.3388
40	26	tracking	-842.420019	68.572438	-265.611579	67.848	-31.940	0.3446
40	27	tracking	-842.379885	68.446317	-265.589532	67.848	-39.940	0.3245
40	28	tracking	-842.351392	68.283788	-265.562057	42.848	-47.168	0.3258
40	29	tracking	-842.329599	68.086657	-265.526411	17.848	-47.168	0.3434
40	30	tracking	-842.308524	67.857386	-265.481439	-7.152	-47.168	0.3407
40	31	tracking	-842.281650	67.598799	-265.428489	-32.152	-47.168	0.3650
40	32	tracking	-842.256035	67.302480	-265.368000	-7.152	-55.168	0.3625
40	33	tracking	-842.237670	66.969914	-265.300262	17.848	-55.963	0.3515
40	34	landing	-842.227589	66.615449	-265.220396	17.848	-47.963	0.0215
40	35	landing	-842.225387	66.241447	-265.128178	17.848	-47.963	0.0139
40	36	landing	-842.230704	65.850251	-265.023403	17.848	-47.963	0.0129
41	0	tracking	-850.576676	68.799495	-257.065989	-139.104	-4.000	0.4529
41	1	tracking	-849.904538	68.724156	-257.623348	-164.104	-0.670	0.3973
41	2	tracking	-849.319931	68.655159	-258.208991	170.896	-8.670	0.3792
41	3	tracking	-848.835370	68.601329	-258.803357	153.407	-16.670	0.3922
41	4	tracking	-848.405591	68.565702	-259.403623	178.407	-24.670	0.3630
41	5	tracking	-847.997433	68.549122	-259.996735	-156.593	-32.670	0.3620
41	6	tracking	-847.613247	68.550656	-260.579166	-159.186	-40.670	0.3610
41	7	tracking	-847.232796	68.567433	-261.135186	-134.186	-46.375	0.3469
41	8	tracking	-846.868165	68.596179	-261.675703	-150.375	-42.740	0.3433
41	9	tracking	-846.517598	68.632973	-262.202465	-150.375	-34.740	0.3517
41	10	tracking	-846.179293	68.673240	-262.717444	-150.375	-26.740	0.3437
41	11	tracking	-845.851197	68.711864	-263.223183	-150.375	-18.740	0.3698
41	12	tracking	-845.518083	68.752237	-263.702751	-125.375	-26.740	0.3388
41	13	tracking	-845.176081	68.794847	-264.138320	-100.375	-34.740	0.3368
41	14	tracking	-844.831036	68.837333	-264.515891	-75.375	-42.740	0.3419
41	15	tracking	-844.495100	68.874326	-264.828708	-50.375	-50.740	0.3303
41	16	tracking	-844.168411	68.903537	-265.085849	-51.747	-42.740	0.3283
41	17	tracking	-843.862330	68.923868	-265.285194	-26.747	-34.740	0.3459
41	18	tracking	-843.575595	68.933828	-265.435000	-26.747	-26.740	0.3273
41	19	tracking	-843.307256	68.932228	-265.542961	-26.747	-25.689	0.3276
41	20	tracking	-843.067321	68.919069	-265.611471	-1.747	-17.689	0.3251
41	21	tracking	-842.863892	68.893496	-265.648418	23.253	-9.689	0.3262
41	22	tracking	-842.697086	68.855785	-265.662763	37.878	-7.940	0.3421
41	23	tracking	-842.561291	68.806666	-265.659051	37.878	-7.940	0.3204
41	24	tracking	-842.456484	68.745847	-265.647453	62.878	-15.940	0.3201
41	25	tracking	-842.377610	68.669754	-265.631213	67.848	-23.940	0.5603
41	26	tracking	-842.320019	68.572438	-265.611579	67.848	-31.940	0.3202
41	27	tracking	-842.279885	68.446317	-265.589532	67.848	-39.940	0.3331
41	28	tracking	-842.251392	68.283788	-265.562057	42.848	-47.168	0.3179
41	29	tracking	-842.229599	68.086657	-265.526411	17.848	-47.168	0.3185
41	30	tracking	-842.208524	67.857386	-265.481439	-7.152	-47.168	0.3234
41	31	tracking	-842.181650	67.598799	-265.428489	-32.152	-47.168	0.3127
41	32	tracking	-842.156035	67.302480	-265.368000	-7.152	-55.168	0.3122
41	33	tracking	-842.137670	66.969914	-265.300262	17.848	-55.963	0.3190
41	34	landing	-842.127589	66.615449	-265.220396	17.848	-47.963	0.0157
41	35	landing	-842.125387	66.241447	-265.128178	17.848	-47.963	0.0131
41	36	landing	-842.130704	65.850251	-265.023403	17.848	-47.963	0.0127
42	0	tracking	-850.676676	68.899495	-257.065989	-139.104	-4.000	0.8684
42	1	tracking	-850.004538	68.824156	-257.623348	-164.104	-0.670	0.7150
42	2	tracking	-849.419931	68.755159	-258.208991	170.896	-8.670	0.4527
42	3	tracking	-848.935370	68.701329	-258.803357	153.407	-16.670	0.3840
42	4	tracking	-848.505591	68.665702	-259.403623	178.407	-24.670	0.3245
42	5	tracking	-848.097433	68.649122	-259.996735	-156.593	-32.670	0.3684
42	6	tracking	-847.713247	68.650656	-260.579166	-159.186	-40.670	0.3120
42	7	tracking	-847.332796	68.667433	-261.135186	-134.186	-46.375	0.4606
42	8	tracking	-846.968165	68.696179	-261.675703	-150.375	-42.740	0.3283
42	9	tracking	-846.617598	68.732973	-262.202465	-150.375	-34.740	0.3243
42	10	tracking	-846.279293	68.773240	-262.717444	-150.375	-26.740	0.4387
42	11	tracking	-845.951197	68.811864	-263.223183	-150.375	-18.740	0.3145
42	12	tracking	-845.618083	68.852237	-263.702751	-125.375	-26.740	0.3011
42	13	tracking	-845.276081	68.894847	-264.138320	-100.375	-34.740	0.3308
42	14	tracking	-844.931036	68.937333	-264.515891	-75.375	-42.740	0.2952
42	15	tracking	-844.595100	68.974326	-264.828708	-50.375	-50.740	0.2941
42	16	tracking	-844.268411	69.003537	-265.085849	-51.747	-42.740	0.3701
42	17	tracking	-843.962330	69.023868	-265.285194	-26.747	-34.740	0.3432
42	18	tracking	-843.675595	69.033828	-265.435000	-26.747	-26.740	0.2922
42	19	tracking	-843.407256	69.032228	-265.542961	-26.747	-25.689	0.3248
42	20	tracking	-843.167321	69.019069	-265.611471	-1.747	-17.689	0.2882
42	21	tracking	-842.963892	68.993496	-265.648418	23.253	-9.689	0.2834
42	22	tracking	-842.797086	68.955785	-265.662763	37.878	-7.940	0.2806
42	23	tracking	-842.661291	68.906666	-265.659051	37.878	-7.940	0.2887
42	24	tracking	-842.556484	68.845847	-265.647453	62.878	-15.940	0.2797
42	25	tracking	-842.477610	68.769754	-265.631213	67.848	-23.940	0.3412
42	26	tracking	-842.420019	68.672438	-265.611579	67.848	-31.940	0.2924
42	27	tracking	-842.379885	68.546317	-265.589532	67.848	-39.940	0.2836
42	28	tracking	-842.351392	68.383788	-265.562057	42.848	-47.168	0.3234
42	29	tracking	-842.329599	68.186657	-265.526411	17.848	-47.168	0.3081
42	30	tracking	-842.308524	67.957386	-265.481439	-7.152	-47.168	0.3043
42	31	tracking	-842.281650	67.698799	-265.428489	-32.152	-47.168	0.3888
42	32	tracking	-842.256035	67.402480	-265.368000	-7.152	-55.168	0.5834
42	33	tracking	-842.237670	67.069914	-265.300262	17.848	-55.963	0.5374
42	34	landing	-842.227589	66.715449	-265.220396	17.848	-47.963	0.0279
42	35	landing	-842.225387	66.341447	-265.128178	17.848	-47.963	0.0251
42	36	landing	-842.230704	65.950251	-265.023403	17.848	-47.963	0.0180
43	0	tracking	-850.576676	68.899495	-257.065989	-139.104	-4.000	0.6731
43	1	tracking	-849.904538	68.824156	-257.623348	-164.104	-0.670	0.6046
43	2	tracking	-849.319931	68.755159	-258.208991	170.896	-8.670	0.6083
43	3	tracking	-848.835370	68.701329	-258.803357	153.407	-16.670	0.3596
43	4	tracking	-848.405591	68.665702	-259.403623	178.407	-24.670	0.3317
43	5	tracking	-847.997433	68.649122	-259.996735	-156.593	-32.670	0.3351
43	6	tracking	-847.613247	68.650656	-260.579166	-159.186	-40.670	0.3178
43	7	tracking	-847.232796	68.667433	-261.135186	-134.186	-46.375	0.3102
43	8	tracking	-846.868165	68.696179	-261.675703	-150.375	-42.740	0.3429
43	9	tracking	-846.517598	68.732973	-262.202465	-150.375	-34.740	0.3273
43	10	tracking	-846.179293	68.773240	-262.717444	-150.375	-26.740	0.2567
43	11	tracking	-845.851197	68.811864	-263.223183	-150.375	-18.740	0.2516
43	12	tracking	-845.518083	68.852237	-263.702751	-125.375	-26.740	0.2475
43	13	tracking	-845.176081	68.894847	-264.138320	-100.375	-34.740	0.2353
43	14	tracking	-844.831036	68.937333	-264.515891	-75.375	-42.740	0.2353
43	15	tracking	-844.495100	68.974326	-264.828708	-50.375	-50.740	0.2453
43	16	tracking	-844.168411	69.003537	-265.085849	-51.747	-42.740	0.2345
43	17	tracking	-843.862330	69.023868	-265.285194	-26.747	-34.740	0.2323
43	18	tracking	-843.575595	69.033828	-265.435000	-26.747	-26.740	0.2364
43	19	tracking	-843.307256	69.032228	-265.542961	-26.747	-25.689	0.2292
43	20	tracking	-843.067321	69.019069	-265.611471	-1.747	-17.689	0.2280
43	21	tracking	-842.863892	68.993496	-265.648418	23.253	-9.689	0.2268
43	22	tracking	-842.697086	68.955785	-265.662763	37.878	-7.940	0.2256
43	23	tracking	-842.561291	68.906666	-265.659051	37.878	-7.940	0.2233
43	24	tracking	-842.456484	68.845847	-265.647453	62.878	-15.940	0.2370
43	25	tracking	-842.377610	68.769754	-265.631213	67.848	-23.940	0.2236
43	26	tracking	-842.320019	68.672438	-265.611579	67.848	-31.940	0.2206
43	27	tracking	-842.279885	68.546317	-265.589532	67.848	-39.940	0.2192
43	28	tracking	-842.251392	68.383788	-265.562057	42.848	-47.168	0.2184
43	29	tracking	-842.229599	68.186657	-265.526411	17.848	-47.168	0.2204
43	30	tracking	-842.208524	67.957386	-265.481439	-7.152	-47.168	0.2170
43	31	tracking	-842.181650	67.698799	-265.428489	-32.152	-47.168	0.2126
43	32	tracking	-842.156035	67.402480	-265.368000	-7.152	-55.168	0.2269
43	33	tracking	-842.137670	67.069914	-265.300262	17.848	-55.963	0.2144
43	34	landing	-842.127589	66.715449	-265.220396	17.848	-47.963	0.0120
43	35	landing	-842.125387	66.341447	-265.128178	17.848	-47.963	0.0094
43	36	landing	-842.130704	65.950251	-265.023403	17.848	-47.963	0.0089
44	0	tracking	-850.676676	68.799495	-256.965989	-139.104	-4.000	0.2942
44	1	tracking	-850.004538	68.724156	-257.523348	-164.104	-0.670	0.2672
44	2	tracking	-849.419931	68.655159	-258.108991	170.896	-8.670	0.2589
44	3	tracking	-848.935370	68.601329	-258.703357	153.407	-16.670	0.2575
44	4	tracking	-848.505591	68.565702	-259.303623	178.407	-24.670	0.2528
44	5	tracking	-848.097433	68.549122	-259.896735	-156.593	-32.670	0.2613
44	6	tracking	-847.713247	68.550656	-260.479166	-159.186	-40.670	0.2495
44	7	tracking	-847.332796	68.567433	-261.035186	-134.186	-46.375	0.3041
44	8	tracking	-846.968165	68.596179	-261.575703	-150.375	-42.740	0.2419
44	9	tracking	-846.617598	68.632973	-262.102465	-150.375	-34.740	0.2443
44	10	tracking	-846.279293	68.673240	-262.617444	-150.375	-26.740	0.2682
44	11	tracking	-845.951197	68.711864	-263.123183	-150.375	-18.740	0.4311
44	12	tracking	-845.618083	68.752237	-263.602751	-125.375	-26.740	0.2813
44	13	tracking	-845.276081	68.794847	-264.038320	-100.375	-34.740	0.2432
44	14	tracking	-844.931036	68.837333	-264.415891	-75.375	-42.740	0.2376
44	15	tracking	-844.595100	68.874326	-264.728708	-50.375	-50.740	0.2344
44	16	tracking	-844.268411	68.903537	-264.985849	-51.747	-42.740	0.2362
44	17	tracking	-843.962330	68.923868	-265.185194	-26.747	-34.740	0.2392
44	18	tracking	-843.675595	68.933828	-265.335000	-26.747	-26.740	0.2423
44	19	tracking	-843.407256	68.932228	-265.442961	-26.747	-25.689	0.2287
44	20	tracking	-843.167321	68.919069	-265.511471	-1.747	-17.689	0.2270
44	21	tracking	-842.963892	68.893496	-265.548418	23.253	-9.689	0.2243
44	22	tracking	-842.797086	68.855785	-265.562763	37.878	-7.940	0.2205
44	23	tracking	-842.661291	68.806666	-265.559051	37.878	-7.940	0.2202
44	24	tracking	-842.556484	68.745847	-265.547453	62.878	-15.940	0.2176
44	25	tracking	-842.477610	68.669754	-265.531213	67.848	-23.940	0.2150
44	26	tracking	-842.420019	68.572438	-265.511579	67.848	-31.940	0.2238
44	27	tracking	-842.379885	68.446317	-265.489532	67.848	-39.940	0.2121
44	28	tracking	-842.351392	68.283788	-265.462057	42.848	-47.168	0.2099
44	29	tracking	-842.329599	68.086657	-265.426411	17.848	-47.168	0.2115
44	30	tracking	-842.308524	67.857386	-265.381439	-7.152	-47.168	0.2099
44	31	tracking	-842.281650	67.598799	-265.328489	-32.152	-47.168	0.2073
44	32	tracking	-842.256035	67.302480	-265.268000	-7.152	-55.168	0.2086
44	33	tracking	-842.237670	66.969914	-265.200262	17.848	-55.963	0.2050
44	34	landing	-842.227589	66.615449	-265.120396	17.848	-47.963	0.0113
44	35	landing	-842.225387	66.241447	-265.028178	17.848	-47.963	0.0094
44	36	landing	-842.230704	65.850251	-264.923403	17.848	-47.963	0.0094
45	0	tracking	-850.576676	68.799495	-256.965989	-139.104	-4.000	0.3095
45	1	tracking	-849.904538	68.724156	-257.523348	-164.104	-0.670	0.2590
45	2	tracking	-849.319931	68.655159	-258.108991	170.896	-8.670	0.2559
45	3	tracking	-848.835370	68.601329	-258.703357	153.407	-16.670	0.2689
45	4	tracking	-848.405591	68.565702	-259.303623	178.407	-24.670	0.2527
45	5	tracking	-847.997433	68.549122	-259.896735	-156.593	-32.670	0.2557
45	6	tracking	-847.613247	68.550656	-260.479166	-159.186	-40.670	0.2556
45	7	tracking	-847.232796	68.567433	-261.035186	-134.186	-46.375	0.5174
45	8	tracking	-846.868165	68.596179	-261.575703	-150.375	-42.740	0.5527
45	9	tracking	-846.517598	68.632973	-262.102465	-150.375	-34.740	0.5434
45	10	tracking	-846.179293	68.673240	-262.617444	-150.375	-26.740	0.4636
45	11	tracking	-845.851197	68.711864	-263.123183	-150.375	-18.740	0.2869
45	12	tracking	-845.518083	68.752237	-263.602751	-125.375	-26.740	0.2514
45	13	tracking	-845.176081	68.794847	-264.038320	-100.375	-34.740	0.2493
45	14	tracking	-844.831036	68.837333	-264.415891	-75.375	-42.740	0.2477
45	15	tracking	-844.495100	68.874326	-264.728708	-50.375	-50.740	0.2824
45	16	tracking	-844.168411	68.903537	-264.985849	-51.747	-42.740	0.2425
45	17	tracking	-843.862330	68.923868	-265.185194	-26.747	-34.740	0.2373
45	18	tracking	-843.575595	68.933828	-265.335000	-26.747	-26.740	0.2296
45	19	tracking	-843.307256	68.932228	-265.442961	-26.747	-25.689	0.2268
45	20	tracking	-843.067321	68.919069	-265.511471	-1.747	-17.689	0.2269
45	21	tracking	-842.863892	68.893496	-265.548418	23.253	-9.689	0.2237
45	22	tracking	-842.697086	68.855785	-265.562763	37.878	-7.940	0.2445
45	23	tracking	-842.561291	68.806666	-265.559051	37.878	-7.940	0.2264
45	24	tracking	-842.456484	68.745847	-265.547453	62.878	-15.940	0.2487
45	25	tracking	-842.377610	68.669754	-265.531213	67.848	-23.940	0.2280
45	26	tracking	-842.320019	68.572438	-265.511579	67.848	-31.940	0.2336
45	27	tracking	-842.279885	68.446317	-265.489532	67.848	-39.940	0.2477
45	28	tracking	-842.251392	68.283788	-265.462057	42.848	-47.168	0.2259
45	29	tracking	-842.229599	68.086657	-265.426411	17.848	-47.168	0.2248
45	30	tracking	-842.208524	67.857386	-265.381439	-7.152	-47.168	0.2358
45	31	tracking	-842.181650	67.598799	-265.328489	-32.152	-47.168	0.2543
45	32	tracking	-842.156035	67.302480	-265.268000	-7.152	-55.168	0.4565
45	33	tracking	-842.137670	66.969914	-265.200262	17.848	-55.963	0.4638
45	34	landing	-842.127589	66.615449	-265.120396	17.848	-47.963	0.0247
45	35	landing	-842.125387	66.241447	-265.028178	17.848	-47.963	0.0205
45	36	landing	-842.130704	65.850251	-264.923403	17.848	-47.963	0.0186
46	0	tracking	-850.676676	68.899495	-256.965989	-139.104	-4.000	0.7033
46	1	tracking	-850.004538	68.824156	-257.523348	-164.104	-0.670	0.2985
46	2	tracking	-849.419931	68.755159	-258.108991	170.896	-8.670	0.2723
46	3	tracking	-848.935370	68.701329	-258.703357	153.407	-16.670	0.2677
46	4	tracking	-848.505591	68.665702	-259.303623	178.407	-24.670	0.2620
46	5	tracking	-848.097433	68.649122	-259.896735	-156.593	-32.670	0.2578
46	6	tracking	-847.713247	68.650656	-260.479166	-159.186	-40.670	0.2677
46	7	tracking	-847.332796	68.667433	-261.035186	-134.186	-46.375	0.3606
46	8	tracking	-846.968165	68.696179	-261.575703	-150.375	-42.740	0.2864
46	9	tracking	-846.617598	68.732973	-262.102465	-150.375	-34.740	0.2678
46	10	tracking	-846.279293	68.773240	-262.617444	-150.375	-26.740	0.2667
46	11	tracking	-845.951197	68.811864	-263.123183	-150.375	-18.740	0.2666
46	12	tracking	-845.618083	68.852237	-263.602751	-125.375	-26.740	0.2633
46	13	tracking	-845.276081	68.894847	-264.038320	-100.375	-34.740	0.2672
46	14	tracking	-844.931036	68.937333	-264.415891	-75.375	-42.740	0.2526
46	15	tracking	-844.595100	68.974326	-264.728708	-50.375	-50.740	0.2517
46	16	tracking	-844.268411	69.003537	-264.985849	-51.747	-42.740	0.2434
46	17	tracking	-843.962330	69.023868	-265.185194	-26.747	-34.740	0.2431
46	18	tracking	-843.675595	69.033828	-265.335000	-26.747	-26.740	0.2402
46	19	tracking	-843.407256	69.032228	-265.442961	-26.747	-25.689	0.2396
46	20	tracking	-843.167321	69.019069	-265.511471	-1.747	-17.689	0.2470
46	21	tracking	-842.963892	68.993496	-265.548418	23.253	-9.689	0.2403
46	22	tracking	-842.797086	68.955785	-265.562763	37.878	-7.940	0.2392
46	23	tracking	-842.661291	68.906666	-265.559051	37.878	-7.940	0.2345
46	24	tracking	-842.556484	68.845847	-265.547453	62.878	-15.940	0.2356
46	25	tracking	-842.477610	68.769754	-265.531213	67.848	-23.940	0.2342
46	26	tracking	-842.420019	68.672438	-265.511579	67.848	-31.940	0.2307
46	27	tracking	-842.379885	68.546317	-265.489532	67.848	-39.940	0.2298
46	28	tracking	-842.351392	68.383788	-265.462057	42.848	-47.168	0.2303
46	29	tracking	-842.329599	68.186657	-265.426411	17.848	-47.168	0.2347
46	30	tracking	-842.308524	67.957386	-265.381439	-7.152	-47.168	0.4655
46	31	tracking	-842.281650	67.698799	-265.328489	-32.152	-47.168	0.5146
46	32	tracking	-842.256035	67.402480	-265.268000	-7.152	-55.168	0.4886
46	33	tracking	-842.237670	67.069914	-265.200262	17.848	-55.963	0.5016
46	34	landing	-842.227589	66.715449	-265.120396	17.848	-47.963	0.0187
46	35	landing	-842.225387	66.341447	-265.028178	17.848	-47.963	0.0123
46	36	landing	-842.230704	65.950251	-264.923403	17.848	-47.963	0.0116
47	0	tracking	-850.576676	68.899495	-256.965989	-139.104	-4.000	0.3519
47	1	tracking	-849.904538	68.824156	-257.523348	-164.104	-0.670	0.2834
47	2	tracking	-849.319931	68.755159	-258.108991	170.896	-8.670	0.2769
47	3	tracking	-848.835370	68.701329	-258.703357	153.407	-16.670	0.2724
47	4	tracking	-848.405591	68.665702	-259.303623	178.407	-24.670	0.3162
47	5	tracking	-847.997433	68.649122	-259.896735	-156.593	-32.670	0.2830
47	6	tracking	-847.613247	68.650656	-260.479166	-159.186	-40.670	0.2599
47	7	tracking	-847.232796	68.667433	-261.035186	-134.186	-46.375	0.2567
47	8	tracking	-846.868165	68.696179	-261.575703	-150.375	-42.740	0.2569
47	9	tracking	-846.517598	68.732973	-262.102465	-150.375	-34.740	0.2593
47	10	tracking	-846.179293	68.773240	-262.617444	-150.375	-26.740	0.3017
47	11	tracking	-845.851197	68.811864	-263.123183	-150.375	-18.740	0.2705
47	12	tracking	-845.518083	68.852237	-263.602751	-125.375	-26.740	0.2975
47	13	tracking	-845.176081	68.894847	-264.038320	-100.375	-34.740	0.2746
47	14	tracking	-844.831036	68.937333	-264.415891	-75.375	-42.740	0.2902
47	15	tracking	-844.495100	68.974326	-264.728708	-50.375	-50.740	0.2753
47	16	tracking	-844.168411	69.003537	-264.985849	-51.747	-42.740	0.2626
47	17	tracking	-843.862330	69.023868	-265.185194	-26.747	-34.740	0.2585
47	18	tracking	-843.575595	69.033828	-265.335000	-26.747	-26.740	0.2570
47	19	tracking	-843.307256	69.032228	-265.442961	-26.747	-25.689	0.9652
47	20	tracking	-843.067321	69.019069	-265.511471	-1.747	-17.689	0.2516
47	21	tracking	-842.863892	68.993496	-265.548418	23.253	-9.689	0.2416
47	22	tracking	-842.697086	68.955785	-265.562763	37.878	-7.940	0.2354
47	23	tracking	-842.561291	68.906666	-265.559051	37.878	-7.940	0.2294
47	24	tracking	-842.456484	68.845847	-265.547453	62.878	-15.940	0.2251
47	25	tracking	-842.377610	68.769754	-265.531213	67.848	-23.940	0.2260
47	26	tracking	-842.320019	68.672438	-265.511579	67.848	-31.940	0.2238
47	27	tracking	-842.279885	68.546317	-265.489532	67.848	-39.940	0.2222
47	28	tracking	-842.251392	68.383788	-265.462057	42.848	-47.168	0.2267
47	29	tracking	-842.229599	68.186657	-265.426411	17.848	-47.168	0.3117
47	30	tracking	-842.208524	67.957386	-265.381439	-7.152	-47.168	0.2714
47	31	tracking	-842.181650	67.698799	-265.328489	-32.152	-47.168	0.2333
47	32	tracking	-842.156035	67.402480	-265.268000	-7.152	-55.168	0.2239
47	33	tracking	-842.137670	67.069914	-265.200262	17.848	-55.963	0.2382
47	34	landing	-842.127589	66.715449	-265.120396	17.848	-47.963	0.0128
47	35	landing	-842.125387	66.341447	-265.028178	17.848	-47.963	0.0096
47	36	landing	-842.130704	65.950251	-264.923403	17.848	-47.963	0.0101
48	0	corrected	-850.715562	68.834507	-257.059905	-138.104	-4.000	7.4397
48	1	tracking	-850.078270	68.788588	-257.605435	-163.104	2.997	0.3141
48	2	tracking	-849.522611	68.739173	-258.176952	171.896	-5.003	0.7668
48	3	tracking	-849.061802	68.697409	-258.756959	154.157	-13.003	0.3213
48	4	tracking	-848.652342	68.668565	-259.343005	179.074	-21.003	0.2854
48	5	tracking	-848.262015	68.655076	-259.922468	-156.010	-29.003	0.2579
48	6	tracking	-847.893399	68.657156	-260.492168	-158.686	-37.003	0.2741
48	7	tracking	-847.527191	68.672730	-261.035954	-133.769	-44.708	0.2607
48	8	tracking	-847.175437	68.698755	-261.564642	-150.042	-41.407	0.5448
48	9	tracking	-846.836588	68.731609	-262.079983	-150.125	-33.740	0.5155
48	10	tracking	-846.509137	68.766851	-262.583757	-150.208	-26.073	0.5028
48	11	tracking	-846.191249	68.799724	-263.078412	-150.292	-18.407	0.4436
48	12	tracking	-845.868147	68.833512	-263.547454	-125.375	-26.407	0.4992
48	13	tracking	-845.535761	68.868980	-263.973518	-100.375	-34.407	0.2596
48	14	tracking	-845.199852	68.903741	-264.342767	-75.375	-42.407	0.2261
48	15	tracking	-844.872471	68.932373	-264.648513	-50.375	-50.407	0.2283
48	16	tracking	-844.553741	68.952890	-264.899618	-51.747	-42.740	0.2212
48	17	tracking	-844.254869	68.964562	-265.093821	-26.747	-34.740	0.2185
48	18	tracking	-843.974610	68.966214	-265.239149	-26.747	-26.740	0.2182
48	19	tracking	-843.712065	68.956708	-265.343169	-26.747	-25.689	0.2276
48	20	tracking	-843.477291	68.936244	-265.408129	-1.747	-17.689	0.2132
48	21	tracking	-843.278493	68.904082	-265.441840	23.253	-9.689	0.2152
48	22	tracking	-843.115871	68.860459	-265.453227	37.878	-7.940	0.2119
48	23	tracking	-842.983867	68.806037	-265.446799	37.878	-7.940	0.2093
48	24	tracking	-842.882534	68.740376	-265.432731	62.878	-15.940	0.2108
48	25	tracking	-842.806842	68.659774	-265.414255	67.848	-23.940	0.2092
48	26	tracking	-842.752161	68.558184	-265.392597	67.848	-31.940	0.2112
48	27	tracking	-842.714684	68.427956	-265.368723	67.848	-39.940	0.2084
48	28	tracking	-842.688605	68.261465	-265.339567	42.848	-47.168	0.2148
48	29	tracking	-842.669004	68.060587	-265.302300	17.848	-47.168	0.2085
48	30	tracking	-842.649859	67.827844	-265.255708	-7.152	-47.168	0.2015
48	31	tracking	-842.624602	67.566077	-265.201149	-32.152	-47.168	0.2029
48	32	tracking	-842.600409	67.266819	-265.139085	-7.152	-55.168	0.2008
48	33	tracking	-842.583356	66.931560	-265.069803	17.848	-55.963	0.1976
48	34	landing	-842.574503	66.574683	-264.988378	17.848	-47.963	0.0127
48	35	landing	-842.573456	66.198553	-264.894583	17.848	-47.963	0.0101
48	36	landing	-842.579863	65.805510	-264.788214	17.848	-47.963	0.0099
49	0	corrected	-850.616709	68.834507	-257.060916	-139.104	-4.000	5.3769
49	1	tracking	-849.981949	68.788588	-257.607760	-164.104	2.997	0.2564
49	2	tracking	-849.430018	68.739161	-258.180121	170.896	-5.003	0.2411
49	3	tracking	-848.973375	68.697330	-258.760265	153.407	-13.003	0.4758
49	4	tracking	-848.568426	68.668316	-259.346207	178.407	-21.003	0.5447
49	5	tracking	-848.182785	68.654511	-259.925644	-156.593	-29.003	0.2416
49	6	tracking	-847.818878	68.656102	-260.495328	-159.186	-37.003	0.2340
49	7	tracking	-847.457248	68.670996	-261.039256	-134.186	-44.708	0.2257
49	8	tracking	-847.109905	68.696190	-261.568090	-150.375	-41.407	0.2594
49	9	tracking	-846.775245	68.728124	-262.083556	-150.375	-33.740	0.2464
49	10	tracking	-846.451746	68.762345	-262.587357	-150.375	-26.073	0.2242
49	11	tracking	-846.137538	68.794134	-263.081912	-150.375	-18.407	0.2194
49	12	tracking	-845.817850	68.826750	-263.550769	-125.375	-26.407	0.2206
49	13	tracking	-845.488598	68.860999	-263.976651	-100.375	-34.407	0.2161
49	14	tracking	-845.155574	68.894457	-264.345763	-75.375	-42.407	0.2167
49	15	tracking	-844.830839	68.921667	-264.651449	-50.375	-50.407	0.2172
49	16	tracking	-844.514529	68.940697	-264.902550	-51.747	-42.740	0.2441
49	17	tracking	-844.217840	68.950874	-265.096802	-26.747	-34.740	0.2244
49	18	tracking	-843.939547	68.951077	-265.242214	-26.747	-26.740	0.2078
49	19	tracking	-843.678769	68.940173	-265.346341	-26.747	-25.689	0.2089
49	20	tracking	-843.445571	68.918402	-265.411425	-1.747	-17.689	0.2048
49	21	tracking	-843.248167	68.885053	-265.445270	23.253	-9.689	0.2010
49	22	tracking	-843.086773	68.840357	-265.456794	37.878	-7.940	0.2022
49	23	tracking	-842.955850	68.784966	-265.450505	37.878	-7.940	0.2003
49	24	tracking	-842.855464	68.718405	-265.436568	62.878	-15.940	0.2084
49	25	tracking	-842.780605	68.636947	-265.418214	67.848	-23.940	0.1995
49	26	tracking	-842.726653	68.534522	-265.396670	67.848	-31.940	0.1963
49	27	tracking	-842.689817	68.403466	-265.372901	67.848	-39.940	0.1986
49	28	tracking	-842.664302	68.236146	-265.343846	42.848	-47.168	0.2665
49	29	tracking	-842.645204	68.034453	-265.306668	17.848	-47.168	0.3824
49	30	tracking	-842.626506	67.800919	-265.260143	-7.152	-47.168	0.3755
49	31	tracking	-842.601638	67.538391	-265.205632	-32.152	-47.168	0.3554
49	32	tracking	-842.577792	67.238391	-265.143601	-7.152	-55.168	0.3622
49	33	tracking	-842.561051	66.902410	-265.074340	17.848	-55.963	0.3500
49	34	landing	-842.552482	66.544849	-264.992914	17.848	-47.963	0.0226
49	35	landing	-842.551695	66.168077	-264.899093	17.848	-47.963	0.0196
49	36	landing	-842.558344	65.774435	-264.792675	17.848	-47.963	0.0232
50	0	corrected	-850.715562	68.934507	-257.059905	-138.104	-4.000	9.5322
50	1	tracking	-850.078270	68.888588	-257.605435	-163.104	2.997	0.3710
50	2	tracking	-849.522611	68.839173	-258.176952	171.896	-5.003	0.3023
50	3	tracking	-849.061802	68.797409	-258.756959	154.157	-13.003	0.2703
50	4	tracking	-848.652342	68.768565	-259.343005	179.074	-21.003	0.2628
50	5	tracking	-848.262015	68.755076	-259.922468	-156.010	-29.003	0.3394
50	6	tracking	-847.893399	68.757156	-260.492168	-158.686	-37.003	0.2820
50	7	tracking	-847.527191	68.772730	-261.035954	-133.769	-44.708	0.2561
50	8	tracking	-847.175437	68.798755	-261.564642	-150.042	-41.407	0.2626
50	9	tracking	-846.836588	68.831609	-262.079983	-150.125	-33.740	0.2604
50	10	tracking	-846.509137	68.866851	-262.583757	-150.208	-26.073	0.2524
50	11	tracking	-846.191249	68.899724	-263.078412	-150.292	-18.407	0.2523
50	12	tracking	-845.868147	68.933512	-263.547454	-125.375	-26.407	0.2627
50	13	tracking	-845.535761	68.968980	-263.973518	-100.375	-34.407	0.2397
50	14	tracking	-845.199852	69.003741	-264.342767	-75.375	-42.407	0.2408
50	15	tracking	-844.872471	69.032373	-264.648513	-50.375	-50.407	0.2385
50	16	tracking	-844.553741	69.052890	-264.899618	-51.747	-42.740	0.2349
50	17	tracking	-844.254869	69.064562	-265.093821	-26.747	-34.740	0.2358
50	18	tracking	-843.974610	69.066214	-265.239149	-26.747	-26.740	0.2400
50	19	tracking	-843.712065	69.056708	-265.343169	-26.747	-25.689	0.2271
50	20	tracking	-843.477291	69.036244	-265.408129	-1.747	-17.689	0.2466
50	21	tracking	-843.278493	69.004082	-265.441840	23.253	-9.689	0.2431
50	22	tracking	-843.115871	68.960459	-265.453227	37.878	-7.940	0.2309
50	23	tracking	-842.983867	68.906037	-265.446799	37.878	-7.940	0.2964
50	24	tracking	-842.882534	68.840376	-265.432731	62.878	-15.940	0.2604
50	25	tracking	-842.806842	68.759774	-265.414255	67.848	-23.940	0.2215
50	26	tracking	-842.752161	68.658184	-265.392597	67.848	-31.940	0.2269
50	27	tracking	-842.714684	68.527956	-265.368723	67.848	-39.940	0.2155
50	28	tracking	-842.688605	68.361465	-265.339567	42.848	-47.168	0.2425
50	29	tracking	-842.669004	68.160587	-265.302300	17.848	-47.168	0.2187
50	30	tracking	-842.649859	67.927844	-265.255708	-7.152	-47.168	0.2280
50	31	tracking	-842.624602	67.666077	-265.201149	-32.152	-47.168	0.2130
50	32	tracking	-842.600409	67.366819	-265.139085	-7.152	-55.168	0.2077
50	33	tracking	-842.583356	67.031560	-265.069803	17.848	-55.963	0.2101
50	34	landing	-842.574503	66.674683	-264.988378	17.848	-47.963	0.0122
50	35	landing	-842.573456	66.298553	-264.894583	17.848	-47.963	0.0098
50	36	landing	-842.579863	65.905510	-264.788214	17.848	-47.963	0.0099
51	0	corrected	-850.616709	68.934507	-257.060916	-139.104	-4.000	7.1063
51	1	tracking	-849.981949	68.888588	-257.607760	-164.104	2.997	0.2598
51	2	tracking	-849.430018	68.839161	-258.180121	170.896	-5.003	0.2456
51	3	tracking	-848.973375	68.797330	-258.760265	153.407	-13.003	0.2386
51	4	tracking	-848.568426	68.768316	-259.346207	178.407	-21.003	0.2507
51	5	tracking	-848.182785	68.754511	-259.925644	-156.593	-29.003	0.2334
51	6	tracking	-847.818878	68.756102	-260.495328	-159.186	-37.003	0.2444
51	7	tracking	-847.457248	68.770996	-261.039256	-134.186	-44.708	0.2872
51	8	tracking	-847.109905	68.796190	-261.568090	-150.375	-41.407	0.2414
51	9	tracking	-846.775245	68.828124	-262.083556	-150.375	-33.740	0.2405
51	10	tracking	-846.451746	68.862345	-262.587357	-150.375	-26.073	0.2349
51	11	tracking	-846.137538	68.894134	-263.081912	-150.375	-18.407	0.2275
51	12	tracking	-845.817850	68.926750	-263.550769	-125.375	-26.407	0.2142
51	13	tracking	-845.488598	68.960999	-263.976651	-100.375	-34.407	0.2131
51	14	tracking	-845.155574	68.994457	-264.345763	-75.375	-42.407	0.2085
51	15	tracking	-844.830839	69.021667	-264.651449	-50.375	-50.407	0.2381
51	16	tracking	-844.514529	69.040697	-264.902550	-51.747	-42.740	0.2086
51	17	tracking	-844.217840	69.050874	-265.096802	-26.747	-34.740	0.2064
51	18	tracking	-843.939547	69.051077	-265.242214	-26.747	-26.740	0.2035
51	19	tracking	-843.678769	69.040173	-265.346341	-26.747	-25.689	0.2022
51	20	tracking	-843.445571	69.018402	-265.411425	-1.747	-17.689	0.2001
51	21	tracking	-843.248167	68.985053	-265.445270	23.253	-9.689	0.1997
51	22	tracking	-843.086773	68.940357	-265.456794	37.878	-7.940	0.1957
51	23	tracking	-842.955850	68.884966	-265.450505	37.878	-7.940	0.1946
51	24	tracking	-842.855464	68.818405	-265.436568	62.878	-15.940	0.1956
51	25	tracking	-842.780605	68.736947	-265.418214	67.848	-23.940	0.2030
51	26	tracking	-842.726653	68.634522	-265.396670	67.848	-31.940	0.1974
51	27	tracking	-842.689817	68.503466	-265.372901	67.848	-39.940	0.1865
51	28	tracking	-842.664302	68.336146	-265.343846	42.848	-47.168	0.1876
51	29	tracking	-842.645204	68.134453	-265.306668	17.848	-47.168	0.1848
51	30	tracking	-842.626506	67.900919	-265.260143	-7.152	-47.168	0.1812
51	31	tracking	-842.601638	67.638391	-265.205632	-32.152	-47.168	0.1804
51	32	tracking	-842.577792	67.338391	-265.143601	-7.152	-55.168	0.1824
51	33	tracking	-842.561051	67.002410	-265.074340	17.848	-55.963	0.1773
51	34	landing	-842.552482	66.644849	-264.992914	17.848	-47.963	0.0114
51	35	landing	-842.551695	66.268077	-264.899093	17.848	-47.963	0.0098
51	36	landing	-842.558344	65.874435	-264.792675	17.848	-47.963	0.0088
52	0	corrected	-850.716709	68.834507	-256.960916	-139.104	-4.000	9.2186
52	1	tracking	-850.081949	68.788464	-257.507761	-164.104	4.000	0.2677
52	2	tracking	-849.530267	68.733816	-258.081679	170.896	-2.003	0.2746
52	3	tracking	-849.074749	68.683499	-258.665015	153.407	-10.003	0.2501
52	4	tracking	-848.670864	68.644407	-259.255988	178.407	-18.003	0.2700
52	5	tracking	-848.285275	68.620151	-259.841978	-156.593	-26.003	0.2492
52	6	tracking	-847.920635	68.611845	-260.419547	-159.186	-34.003	0.2682
52	7	tracking	-847.556986	68.618096	-260.971830	-134.186	-42.003	0.3501
52	8	tracking	-847.207118	68.635867	-261.509384	-150.375	-40.073	0.2576
52	9	tracking	-846.869492	68.661369	-262.033878	-150.375	-32.740	0.2473
52	10	tracking	-846.542658	68.689950	-262.546942	-150.375	-25.407	0.2393
52	11	tracking	-846.225003	68.716373	-263.050586	-150.375	-18.073	0.2375
52	12	tracking	-845.901209	68.744548	-263.528276	-125.375	-26.073	0.2415
52	13	tracking	-845.567205	68.775375	-263.962229	-100.375	-34.073	0.2565
52	14	tracking	-845.229039	68.806484	-264.338295	-75.375	-42.073	0.2401
52	15	tracking	-844.899131	68.832418	-264.649687	-50.375	-50.073	0.2359
52	16	tracking	-844.577713	68.850918	-264.905479	-51.747	-42.740	0.2360
52	17	tracking	-844.276213	68.861106	-265.103396	-26.747	-34.740	0.2313
52	18	tracking	-843.993408	68.861659	-265.251627	-26.747	-26.740	0.2269
52	19	tracking	-843.728422	68.851358	-265.357893	-26.747	-25.689	0.2215
52	20	tracking	-843.491464	68.830305	-265.424517	-1.747	-17.689	0.2358
52	21	tracking	-843.290834	68.797675	-265.459446	23.253	-9.689	0.2950
52	22	tracking	-843.126720	68.753674	-265.471736	37.878	-7.940	0.2228
52	23	tracking	-842.993497	68.698945	-265.465971	37.878	-7.940	0.2177
52	24	tracking	-842.891195	68.633050	-265.452435	62.878	-15.940	0.2143
52	25	tracking	-842.814725	68.552285	-265.434397	67.848	-23.940	0.2205
52	26	tracking	-842.759409	68.450589	-265.413107	67.848	-31.940	0.2151
52	27	tracking	-842.721404	68.320301	-265.389544	67.848	-39.940	0.2102
52	28	tracking	-842.694870	68.153778	-265.360649	42.848	-47.168	0.2121
52	29	tracking	-842.674866	67.952883	-265.323606	17.848	-47.168	0.2088
52	30	tracking	-842.655363	67.720122	-265.277213	-7.152	-47.168	0.2155
52	31	tracking	-842.629787	67.458334	-265.222834	-32.152	-47.168	0.2073
52	32	tracking	-842.605312	67.159053	-265.160931	-7.152	-55.168	0.2062
52	33	tracking	-842.588005	66.823767	-265.091795	17.848	-55.963	0.2032
52	34	landing	-842.578925	66.466858	-265.010505	17.848	-47.963	0.0121
52	35	landing	-842.577673	66.090688	-264.916837	17.848	-47.963	0.0106
52	36	landing	-842.583896	65.697596	-264.810587	17.848	-47.963	0.0094
53	0	corrected	-850.616709	68.834507	-256.960916	-139.104	-4.000	9.1185
53	1	tracking	-849.981949	68.788464	-257.507761	-164.104	4.000	0.2407
53	2	tracking	-849.430267	68.733816	-258.081679	170.896	-2.003	0.1990
53	3	tracking	-848.974749	68.683499	-258.665015	153.407	-10.003	0.2264
53	4	tracking	-848.570864	68.644407	-259.255988	178.407	-18.003	0.2089
53	5	tracking	-848.185275	68.620151	-259.841978	-156.593	-26.003	0.1865
53	6	tracking	-847.820635	68.611845	-260.419547	-159.186	-34.003	0.1804
53	7	tracking	-847.456986	68.618096	-260.971830	-134.186	-42.003	0.1788
53	8	tracking	-847.107118	68.635867	-261.509384	-150.375	-40.073	0.1794
53	9	tracking	-846.769492	68.661369	-262.033878	-150.375	-32.740	0.2011
53	10	tracking	-846.442658	68.689950	-262.546942	-150.375	-25.407	0.1780
53	11	tracking	-846.125003	68.716373	-263.050586	-150.375	-18.073	0.1710
53	12	tracking	-845.801209	68.744548	-263.528276	-125.375	-26.073	0.1709
53	13	tracking	-845.467205	68.775375	-263.962229	-100.375	-34.073	0.4641
53	14	tracking	-845.129039	68.806484	-264.338295	-75.375	-42.073	0.4123
53	15	tracking	-844.799131	68.832418	-264.649687	-50.375	-50.073	0.3921
53	16	tracking	-844.477713	68.850918	-264.905479	-51.747	-42.740	0.3677
53	17	tracking	-844.176213	68.861106	-265.103396	-26.747	-34.740	0.3600
53	18	tracking	-843.893408	68.861659	-265.251627	-26.747	-26.740	0.2162
53	19	tracking	-843.628422	68.851358	-265.357893	-26.747	-25.689	0.1737
53	20	tracking	-843.391464	68.830305	-265.424517	-1.747	-17.689	0.1773
53	21	tracking	-843.190834	68.797675	-265.459446	23.253	-9.689	0.1583
53	22	tracking	-843.026720	68.753674	-265.471736	37.878	-7.940	0.1821
53	23	tracking	-842.893497	68.698945	-265.465971	37.878	-7.940	0.1649
53	24	tracking	-842.791195	68.633050	-265.452435	62.878	-15.940	0.2608
53	25	tracking	-842.714725	68.552285	-265.434397	67.848	-23.940	0.1747
53	26	tracking	-842.659409	68.450589	-265.413107	67.848	-31.940	0.1845
53	27	tracking	-842.621404	68.320301	-265.389544	67.848	-39.940	0.1553
53	28	tracking	-842.594870	68.153778	-265.360649	42.848	-47.168	0.1492
53	29	tracking	-842.574866	67.952883	-265.323606	17.848	-47.168	0.1473
53	30	tracking	-842.555363	67.720122	-265.277213	-7.152	-47.168	0.1501
53	31	tracking	-842.529787	67.458334	-265.222834	-32.152	-47.168	0.1453
53	32	tracking	-842.505312	67.159053	-265.160931	-7.152	-55.168	0.1491
53	33	tracking	-842.488005	66.823767	-265.091795	17.848	-55.963	0.1753
53	34	landing	-842.478925	66.466858	-265.010505	17.848	-47.963	0.0079
53	35	landing	-842.477673	66.090688	-264.916837	17.848	-47.963	0.0057
53	36	landing	-842.483896	65.697596	-264.810587	17.848	-47.963	0.0049
54	0	corrected	-850.716709	68.934507	-256.960916	-139.104	-4.000	8.4183
54	1	tracking	-850.081949	68.888464	-257.507761	-164.104	4.000	0.3553
54	2	tracking	-849.530267	68.833816	-258.081679	170.896	-2.003	0.4147
54	3	tracking	-849.074749	68.783499	-258.665015	153.407	-10.003	0.2618
54	4	tracking	-848.670864	68.744407	-259.255988	178.407	-18.003	0.3352
54	5	tracking	-848.285275	68.720151	-259.841978	-156.593	-26.003	0.2343
54	6	tracking	-847.920635	68.711845	-260.419547	-159.186	-34.003	0.2973
54	7	tracking	-847.556986	68.718096	-260.971830	-134.186	-42.003	0.2578
54	8	tracking	-847.207118	68.735867	-261.509384	-150.375	-40.073	0.2332
54	9	tracking	-846.869492	68.761369	-262.033878	-150.375	-32.740	0.2348
54	10	tracking	-846.542658	68.789950	-262.546942	-150.375	-25.407	0.2281
54	11	tracking	-846.225003	68.816373	-263.050586	-150.375	-18.073	0.2216
54	12	tracking	-845.901209	68.844548	-263.528276	-125.375	-26.073	0.2221
54	13	tracking	-845.567205	68.875375	-263.962229	-100.375	-34.073	0.2280
54	14	tracking	-845.229039	68.906484	-264.338295	-75.375	-42.073	0.2299
54	15	tracking	-844.899131	68.932418	-264.649687	-50.375	-50.073	0.2498
54	16	tracking	-844.577713	68.950918	-264.905479	-51.747	-42.740	0.2361
54	17	tracking	-844.276213	68.961106	-265.103396	-26.747	-34.740	0.4715
54	18	tracking	-843.993408	68.961659	-265.251627	-26.747	-26.740	0.7125
54	19	tracking	-843.728422	68.951358	-265.357893	-26.747	-25.689	0.5151
54	20	tracking	-843.491464	68.930305	-265.424517	-1.747	-17.689	0.4650
54	21	tracking	-843.290834	68.897675	-265.459446	23.253	-9.689	0.4728
54	22	tracking	-843.126720	68.853674	-265.471736	37.878	-7.940	0.2283
54	23	tracking	-842.993497	68.798945	-265.465971	37.878	-7.940	0.2141
54	24	tracking	-842.891195	68.733050	-265.452435	62.878	-15.940	0.2277
54	25	tracking	-842.814725	68.652285	-265.434397	67.848	-23.940	0.2216
54	26	tracking	-842.759409	68.550589	-265.413107	67.848	-31.940	0.2205
54	27	tracking	-842.721404	68.420301	-265.389544	67.848	-39.940	0.3916
54	28	tracking	-842.694870	68.253778	-265.360649	42.848	-47.168	0.2561
54	29	tracking	-842.674866	68.052883	-265.323606	17.848	-47.168	0.2345
54	30	tracking	-842.655363	67.820122	-265.277213	-7.152	-47.168	0.2461
54	31	tracking	-842.629787	67.558334	-265.222834	-32.152	-47.168	0.2175
54	32	tracking	-842.605312	67.259053	-265.160931	-7.152	-55.168	0.2409
54	33	tracking	-842.588005	66.923767	-265.091795	17.848	-55.963	0.2236
54	34	landing	-842.578925	66.566858	-265.010505	17.848	-47.963	0.1427
54	35	landing	-842.577673	66.190688	-264.916837	17.848	-47.963	0.0145
54	36	landing	-842.583896	65.797596	-264.810587	17.848	-47.963	0.0101
55	0	corrected	-850.616709	68.934507	-256.960916	-139.104	-4.000	9.0413
55	1	tracking	-849.981949	68.888464	-257.507761	-164.104	4.000	0.2762
55	2	tracking	-849.430267	68.833816	-258.081679	170.896	-2.003	0.2588
55	3	tracking	-848.974749	68.783499	-258.665015	153.407	-10.003	0.2098
55	4	tracking	-848.570864	68.744407	-259.255988	178.407	-18.003	0.2101
55	5	tracking	-848.185275	68.720151	-259.841978	-156.593	-26.003	0.2409
55	6	tracking	-847.820635	68.711845	-260.419547	-159.186	-34.003	0.2856
55	7	tracking	-847.456986	68.718096	-260.971830	-134.186	-42.003	0.2107
55	8	tracking	-847.107118	68.735867	-261.509384	-150.375	-40.073	0.2032
55	9	tracking	-846.769492	68.761369	-262.033878	-150.375	-32.740	0.1995
55	10	tracking	-846.442658	68.789950	-262.546942	-150.375	-25.407	0.2150
55	11	tracking	-846.125003	68.816373	-263.050586	-150.375	-18.073	0.1989
55	12	tracking	-845.801209	68.844548	-263.528276	-125.375	-26.073	0.1903
55	13	tracking	-845.467205	68.875375	-263.962229	-100.375	-34.073	0.1903
55	14	tracking	-845.129039	68.906484	-264.338295	-75.375	-42.073	0.2109
55	15	tracking	-844.799131	68.932418	-264.649687	-50.375	-50.073	0.2130
55	16	tracking	-844.477713	68.950918	-264.905479	-51.747	-42.740	0.2359
55	17	tracking	-844.176213	68.961106	-265.103396	-26.747	-34.740	0.2120
55	18	tracking	-843.893408	68.961659	-265.251627	-26.747	-26.740	0.1953
55	19	tracking	-843.628422	68.951358	-265.357893	-26.747	-25.689	0.2987
55	20	tracking	-843.391464	68.930305	-265.424517	-1.747	-17.689	0.1842
55	21	tracking	-843.190834	68.897675	-265.459446	23.253	-9.689	0.1768
55	22	tracking	-843.026720	68.853674	-265.471736	37.878	-7.940	0.1771
55	23	tracking	-842.893497	68.798945	-265.465971	37.878	-7.940	0.1724
55	24	tracking	-842.791195	68.733050	-265.452435	62.878	-15.940	0.2205
55	25	tracking	-842.714725	68.652285	-265.434397	67.848	-23.940	0.1870
55	26	tracking	-842.659409	68.550589	-265.413107	67.848	-31.940	0.1762
55	27	tracking	-842.621404	68.420301	-265.389544	67.848	-39.940	0.1685
55	28	tracking	-842.594870	68.253778	-265.360649	42.848	-47.168	0.1631
55	29	tracking	-842.574866	68.052883	-265.323606	17.848	-47.168	0.1617
55	30	tracking	-842.555363	67.820122	-265.277213	-7.152	-47.168	0.1605
55	31	tracking	-842.529787	67.558334	-265.222834	-32.152	-47.168	0.1580
55	32	tracking	-842.505312	67.259053	-265.160931	-7.152	-55.168	0.1588
55	33	tracking	-842.488005	66.923767	-265.091795	17.848	-55.963	0.1572
55	34	landing	-842.478925	66.566858	-265.010505	17.848	-47.963	0.0294
55	35	landing	-842.477673	66.190688	-264.916837	17.848	-47.963	0.0116
55	36	landing	-842.483896	65.797596	-264.810587	17.848	-47.963	0.0055
56	0	corrected	-850.678997	68.834794	-257.063308	-139.104	-4.000	7.0030
56	1	tracking	-850.009782	68.789263	-257.615283	-164.104	1.163	0.3126
56	2	tracking	-849.427439	68.743575	-258.194015	170.896	-6.837	0.3758
56	3	tracking	-848.946048	68.708093	-258.779873	151.907	-14.837	0.4383
56	4	tracking	-848.520877	68.687150	-259.371233	176.907	-22.837	0.4468
56	5	tracking	-848.118721	68.682505	-259.956146	-158.093	-30.837	0.6702
56	6	tracking	-847.741074	68.693935	-260.530943	-160.186	-38.837	0.6138
56	7	tracking	-847.367727	68.719040	-261.080191	-135.186	-45.542	0.5391
56	8	tracking	-847.010401	68.754643	-261.614160	-151.042	-42.073	0.2912
56	9	tracking	-846.667235	68.796893	-262.134416	-150.875	-34.240	0.2799
56	10	tracking	-846.336120	68.841838	-262.643161	-150.708	-26.407	0.2776
56	11	tracking	-846.014932	68.884571	-263.142777	-150.542	-18.573	0.2744
56	12	tracking	-845.688612	68.928412	-263.616611	-125.542	-26.573	0.2708
56	13	tracking	-845.353304	68.973795	-264.047089	-100.542	-34.573	0.2869
56	14	tracking	-845.014879	69.018176	-264.420417	-75.542	-42.573	0.2654
56	15	tracking	-844.685219	69.056261	-264.729904	-50.542	-50.573	0.5181
56	16	tracking	-844.364568	69.085900	-264.984430	-51.747	-42.740	0.2842
56	17	tracking	-844.064103	69.106168	-265.181914	-26.747	-34.740	0.3449
56	18	tracking	-843.782583	69.115749	-265.330481	-26.747	-26.740	0.4096
56	19	tracking	-843.519073	69.113524	-265.437703	-26.747	-25.689	0.2799
56	20	tracking	-843.283452	69.099628	-265.505921	-1.747	-17.689	0.3931
56	21	tracking	-843.083738	69.073313	-265.542911	23.253	-9.689	0.3222
56	22	tracking	-842.920071	69.034883	-265.557514	37.878	-7.940	0.2519
56	23	tracking	-842.786931	68.985075	-265.554213	37.878	-7.940	0.2430
56	24	tracking	-842.684329	68.923551	-265.543064	62.878	-15.940	0.2411
56	25	tracking	-842.607293	68.846712	-265.527275	67.848	-23.940	0.2397
56	26	tracking	-842.551243	68.748591	-265.508081	67.848	-31.940	0.3577
56	27	tracking	-842.512409	68.621598	-265.486458	67.848	-39.940	0.3037
56	28	tracking	-842.485032	68.458131	-265.459405	42.848	-47.168	0.2436
56	29	tracking	-842.464221	68.260023	-265.424174	17.848	-47.168	0.2853
56	30	tracking	-842.444023	68.029760	-265.379595	-7.152	-47.168	0.2362
56	31	tracking	-842.417937	67.770179	-265.327005	-32.152	-47.168	0.2339
56	32	tracking	-842.393027	67.472847	-265.266855	-7.152	-55.168	0.2368
56	33	tracking	-842.375286	67.139259	-265.199430	17.848	-55.963	0.2329
56	34	landing	-842.365763	66.783795	-265.119836	17.848	-47.963	0.0733
56	35	landing	-842.364062	66.408826	-265.027847	17.848	-47.963	0.0138
56	36	landing	-842.369834	66.016702	-264.923254	17.848	-47.963	0.0109
56	37	landing	-842.382757	65.609707	-264.805899	17.848	-47.963	0.0112
57	0	corrected	-850.578997	68.834794	-257.063308	-139.104	-4.000	9.0460
57	1	tracking	-849.909781	68.789128	-257.615285	-164.104	2.997	0.3246
57	2	tracking	-849.327596	68.740249	-258.195006	170.896	-5.003	0.3380
57	3	tracking	-848.845055	68.699651	-258.783818	153.407	-13.003	0.3149
57	4	tracking	-848.417082	68.672773	-259.379369	178.407	-21.003	0.3098
57	5	tracking	-848.010299	68.662185	-259.968818	-156.593	-29.003	0.3030
57	6	tracking	-847.627064	68.668250	-260.548711	-159.186	-37.003	0.2867
57	7	tracking	-847.247345	68.688992	-261.102580	-134.186	-44.708	0.2841
57	8	tracking	-846.883345	68.721117	-261.641220	-150.375	-41.407	0.3459
57	9	tracking	-846.533374	68.760587	-262.166250	-150.375	-33.740	0.2836
57	10	tracking	-846.195557	68.803096	-262.679761	-150.375	-26.073	0.2778
57	11	tracking	-845.867901	68.843640	-263.184183	-150.375	-18.407	0.2895
57	12	tracking	-845.535178	68.885698	-263.662579	-125.375	-26.407	0.2668
57	13	tracking	-845.193520	68.929845	-264.097104	-100.375	-34.407	0.2606
57	14	tracking	-844.848860	68.973696	-264.473766	-75.375	-42.407	0.2736
57	15	tracking	-844.513308	69.011974	-264.785806	-50.375	-50.407	0.2580
57	16	tracking	-844.187058	69.042307	-265.042332	-51.747	-42.740	0.2531
57	17	tracking	-843.881424	69.063612	-265.241240	-26.747	-34.740	0.2512
57	18	tracking	-843.595141	69.074416	-265.390763	-26.747	-26.740	0.2480
57	19	tracking	-843.327252	69.073546	-265.498568	-26.747	-25.689	0.2463
57	20	tracking	-843.087722	69.061020	-265.567038	-1.747	-17.689	0.2666
57	21	tracking	-842.884617	69.035998	-265.604035	23.253	-9.689	0.2467
57	22	tracking	-842.718052	68.998770	-265.618485	37.878	-7.940	0.2541
57	23	tracking	-842.582433	68.950073	-265.614918	37.878	-7.940	0.2440
57	24	tracking	-842.477737	68.889623	-265.603472	62.878	-15.940	0.2391
57	25	tracking	-842.398927	68.813855	-265.587381	67.848	-23.940	0.2398
57	26	tracking	-842.341366	68.716829	-265.567890	67.848	-31.940	0.2389
57	27	tracking	-842.301241	68.590969	-265.545980	67.848	-39.940	0.2363
57	28	tracking	-842.272743	68.428677	-265.518638	42.848	-47.168	0.2352
57	29	tracking	-842.250942	68.231760	-265.483126	17.848	-47.168	0.2366
57	30	tracking	-842.229861	68.002679	-265.438290	-7.152	-47.168	0.2405
57	31	tracking	-842.202992	67.744258	-265.385475	-32.152	-47.168	0.2299
57	32	tracking	-842.177382	67.448083	-265.325121	-7.152	-55.168	0.2311
57	33	tracking	-842.159018	67.115642	-265.257514	17.848	-55.963	0.3175
57	34	landing	-842.148933	66.761282	-265.177778	17.848	-47.963	0.0400
57	35	landing	-842.146723	66.387365	-265.085690	17.848	-47.963	0.0107
57	36	landing	-842.152031	65.996237	-264.981042	17.848	-47.963	0.0098
58	0	corrected	-850.678997	68.934794	-257.063308	-139.104	-4.000	5.5795
58	1	tracking	-850.009782	68.889263	-257.615283	-164.104	1.163	0.3182
58	2	tracking	-849.427439	68.843575	-258.194015	170.896	-6.837	0.3153
58	3	tracking	-848.946048	68.808093	-258.779873	151.907	-14.837	0.3121
58	4	tracking	-848.520877	68.787150	-259.371233	176.907	-22.837	0.7654
58	5	tracking	-848.118721	68.782505	-259.956146	-158.093	-30.837	0.7163
58	6	tracking	-847.741074	68.793935	-260.530943	-160.186	-38.837	0.3518
58	7	tracking	-847.367727	68.819040	-261.080191	-135.186	-45.542	0.3184
58	8	tracking	-847.010401	68.854643	-261.614160	-151.042	-42.073	0.2942
58	9	tracking	-846.667235	68.896893	-262.134416	-150.875	-34.240	0.2998
58	10	tracking	-846.336120	68.941838	-262.643161	-150.708	-26.407	0.2836
58	11	tracking	-846.014932	68.984571	-263.142777	-150.542	-18.573	0.2994
58	12	tracking	-845.688612	69.028412	-263.616611	-125.542	-26.573	0.2877
58	13	tracking	-845.353304	69.073795	-264.047089	-100.542	-34.573	0.2806
58	14	tracking	-845.014879	69.118176	-264.420417	-75.542	-42.573	0.2831
58	15	tracking	-844.685219	69.156261	-264.729904	-50.542	-50.573	0.2971
58	16	tracking	-844.364568	69.185900	-264.984430	-51.747	-42.740	0.2729
58	17	tracking	-844.064103	69.206168	-265.181914	-26.747	-34.740	0.2782
58	18	tracking	-843.782583	69.215749	-265.330481	-26.747	-26.740	0.2683
58	19	tracking	-843.519073	69.213524	-265.437703	-26.747	-25.689	0.2869
58	20	tracking	-843.283452	69.199628	-265.505921	-1.747	-17.689	0.2659
58	21	tracking	-843.083738	69.173313	-265.542911	23.253	-9.689	0.2664
58	22	tracking	-842.920071	69.134883	-265.557514	37.878	-7.940	0.2610
58	23	tracking	-842.786931	69.085075	-265.554213	37.878	-7.940	0.2584
58	24	tracking	-842.684329	69.023551	-265.543064	62.878	-15.940	0.2524
58	25	tracking	-842.607293	68.946712	-265.527275	67.848	-23.940	0.2584
58	26	tracking	-842.551243	68.848591	-265.508081	67.848	-31.940	0.2455
58	27	tracking	-842.512409	68.721598	-265.486458	67.848	-39.940	0.2471
58	28	tracking	-842.485032	68.558131	-265.459405	42.848	-47.168	0.2443
58	29	tracking	-842.464221	68.360023	-265.424174	17.848	-47.168	0.2413
58	30	tracking	-842.444023	68.129760	-265.379595	-7.152	-47.168	0.2419
58	31	tracking	-842.417937	67.870179	-265.327005	-32.152	-47.168	0.3156
58	32	tracking	-842.393027	67.572847	-265.266855	-7.152	-55.168	0.2553
58	33	tracking	-842.375286	67.239259	-265.199430	17.848	-55.963	0.2392
58	34	landing	-842.365763	66.883795	-265.119836	17.848	-47.963	0.0149
58	35	landing	-842.364062	66.508826	-265.027847	17.848	-47.963	0.0111
58	36	landing	-842.369834	66.116702	-264.923254	17.848	-47.963	0.0111
58	37	landing	-842.382757	65.709707	-264.805899	17.848	-47.963	0.0089
59	0	corrected	-850.578997	68.934794	-257.063308	-139.104	-4.000	4.5535
59	1	tracking	-849.909781	68.889128	-257.615285	-164.104	2.997	0.3262
59	2	tracking	-849.327596	68.840249	-258.195006	170.896	-5.003	0.3224
59	3	tracking	-848.845055	68.799651	-258.783818	153.407	-13.003	0.3053
59	4	tracking	-848.417082	68.772773	-259.379369	178.407	-21.003	0.3016
59	5	tracking	-848.010299	68.762185	-259.968818	-156.593	-29.003	0.3386
59	6	tracking	-847.627064	68.768250	-260.548711	-159.186	-37.003	0.3050
59	7	tracking	-847.247345	68.788992	-261.102580	-134.186	-44.708	0.3077
59	8	tracking	-846.883345	68.821117	-261.641220	-150.375	-41.407	0.3121
59	9	tracking	-846.533374	68.860587	-262.166250	-150.375	-33.740	0.2888
59	10	tracking	-846.195557	68.903096	-262.679761	-150.375	-26.073	0.2981
59	11	tracking	-845.867901	68.943640	-263.184183	-150.375	-18.407	0.2964
59	12	tracking	-845.535178	68.985698	-263.662579	-125.375	-26.407	0.2924
59	13	tracking	-845.193520	69.029845	-264.097104	-100.375	-34.407	0.5167
59	14	tracking	-844.848860	69.073696	-264.473766	-75.375	-42.407	0.6502
59	15	tracking	-844.513308	69.111974	-264.785806	-50.375	-50.407	0.6088
59	16	tracking	-844.187058	69.142307	-265.042332	-51.747	-42.740	0.4235
59	17	tracking	-843.881424	69.163612	-265.241240	-26.747	-34.740	0.2890
59	18	tracking	-843.595141	69.174416	-265.390763	-26.747	-26.740	0.2972
59	19	tracking	-843.327252	69.173546	-265.498568	-26.747	-25.689	0.2973
59	20	tracking	-843.087722	69.161020	-265.567038	-1.747	-17.689	0.2805
59	21	tracking	-842.884617	69.135998	-265.604035	23.253	-9.689	0.2737
59	22	tracking	-842.718052	69.098770	-265.618485	37.878	-7.940	0.2664
59	23	tracking	-842.582433	69.050073	-265.614918	37.878	-7.940	0.2692
59	24	tracking	-842.477737	68.989623	-265.603472	62.878	-15.940	0.2633
59	25	tracking	-842.398927	68.913855	-265.587381	67.848	-23.940	0.2636
59	26	tracking	-842.341366	68.816829	-265.567890	67.848	-31.940	0.2723
59	27	tracking	-842.301241	68.690969	-265.545980	67.848	-39.940	0.2601
59	28	tracking	-842.272743	68.528677	-265.518638	42.848	-47.168	0.2574
59	29	tracking	-842.250942	68.331760	-265.483126	17.848	-47.168	0.2624
59	30	tracking	-842.229861	68.102679	-265.438290	-7.152	-47.168	0.2829
59	31	tracking	-842.202992	67.844258	-265.385475	-32.152	-47.168	0.2692
59	32	tracking	-842.177382	67.548083	-265.325121	-7.152	-55.168	0.2599
59	33	tracking	-842.159018	67.215642	-265.257514	17.848	-55.963	0.2599
59	34	landing	-842.148933	66.861282	-265.177778	17.848	-47.963	0.0154
59	35	landing	-842.146723	66.487365	-265.085690	17.848	-47.963	0.0116
59	36	landing	-842.152031	66.096237	-264.981042	17.848	-47.963	0.0112
59	37	landing	-842.164528	65.690178	-264.863673	17.848	-47.963	0.0092
60	0	corrected	-850.678997	68.834794	-256.963308	-139.104	-4.000	6.2635
60	1	tracking	-850.009781	68.789128	-257.515285	-164.104	2.997	0.3033
60	2	tracking	-849.427596	68.740249	-258.095006	170.896	-5.003	0.3796
60	3	tracking	-848.945055	68.699651	-258.683818	153.407	-13.003	0.2911
60	4	tracking	-848.517082	68.672773	-259.279369	178.407	-21.003	0.2797
60	5	tracking	-848.110299	68.662185	-259.868818	-156.593	-29.003	0.2881
60	6	tracking	-847.727064	68.668250	-260.448711	-159.186	-37.003	0.2748
60	7	tracking	-847.347345	68.688992	-261.002580	-134.186	-44.708	0.2840
60	8	tracking	-846.983345	68.721117	-261.541220	-150.375	-41.407	0.3645
60	9	tracking	-846.633374	68.760587	-262.066250	-150.375	-33.740	0.3163
60	10	tracking	-846.295557	68.803096	-262.579761	-150.375	-26.073	0.2887
60	11	tracking	-845.967901	68.843640	-263.084183	-150.375	-18.407	0.2836
60	12	tracking	-845.635178	68.885698	-263.562579	-125.375	-26.407	0.2783
60	13	tracking	-845.293520	68.929845	-263.997104	-100.375	-34.407	0.2819
60	14	tracking	-844.948860	68.973696	-264.373766	-75.375	-42.407	0.2882
60	15	tracking	-844.613308	69.011974	-264.685806	-50.375	-50.407	0.2766
60	16	tracking	-844.287058	69.042307	-264.942332	-51.747	-42.740	0.2871
60	17	tracking	-843.981424	69.063612	-265.141240	-26.747	-34.740	0.2742
60	18	tracking	-843.695141	69.074416	-265.290763	-26.747	-26.740	0.2637
60	19	tracking	-843.427252	69.073546	-265.398568	-26.747	-25.689	0.2568
60	20	tracking	-843.187722	69.061020	-265.467038	-1.747	-17.689	0.2553
60	21	tracking	-842.984617	69.035998	-265.504035	23.253	-9.689	0.2731
60	22	tracking	-842.818052	68.998770	-265.518485	37.878	-7.940	0.2542
60	23	tracking	-842.682433	68.950073	-265.514918	37.878	-7.940	0.2555
60	24	tracking	-842.577737	68.889623	-265.503472	62.878	-15.940	0.2490
60	25	tracking	-842.498927	68.813855	-265.487381	67.848	-23.940	0.2464
60	26	tracking	-842.441366	68.716829	-265.467890	67.848	-31.940	0.2503
60	27	tracking	-842.401241	68.590969	-265.445980	67.848	-39.940	0.2455
60	28	tracking	-842.372743	68.428677	-265.418638	42.848	-47.168	0.2440
60	29	tracking	-842.350942	68.231760	-265.383126	17.848	-47.168	0.2619
60	30	tracking	-842.329861	68.002679	-265.338290	-7.152	-47.168	0.2448
60	31	tracking	-842.302992	67.744258	-265.285475	-32.152	-47.168	0.2390
60	32	tracking	-842.277382	67.448083	-265.225121	-7.152	-55.168	0.2315
60	33	tracking	-842.259018	67.115642	-265.157514	17.848	-55.963	0.2308
60	34	landing	-842.248933	66.761282	-265.077778	17.848	-47.963	0.0135
60	35	landing	-842.246723	66.387365	-264.985690	17.848	-47.963	0.0105
60	36	landing	-842.252031	65.996237	-264.881042	17.848	-47.963	0.0100
61	0	corrected	-850.578997	68.834794	-256.963308	-139.104	-4.000	5.3108
61	1	tracking	-849.909781	68.789128	-257.515285	-164.104	2.997	0.3071
61	2	tracking	-849.327596	68.740249	-258.095006	170.896	-5.003	0.2946
61	3	tracking	-848.845055	68.699651	-258.683818	153.407	-13.003	0.2984
61	4	tracking	-848.417082	68.672773	-259.279369	178.407	-21.003	0.2927
61	5	tracking	-848.010299	68.662185	-259.868818	-156.593	-29.003	0.2862
61	6	tracking	-847.627064	68.668250	-260.448711	-159.186	-37.003	0.2799
61	7	tracking	-847.247345	68.688992	-261.002580	-134.186	-44.708	0.4037
61	8	tracking	-846.883345	68.721117	-261.541220	-150.375	-41.407	0.3132
61	9	tracking	-846.533374	68.760587	-262.066250	-150.375	-33.740	0.2895
61	10	tracking	-846.195557	68.803096	-262.579761	-150.375	-26.073	0.2844
61	11	tracking	-845.867901	68.843640	-263.084183	-150.375	-18.407	0.2609
61	12	tracking	-845.535178	68.885698	-263.562579	-125.375	-26.407	0.2538
61	13	tracking	-845.193520	68.929845	-263.997104	-100.375	-34.407	0.2538
61	14	tracking	-844.848860	68.973696	-264.373766	-75.375	-42.407	0.2503
61	15	tracking	-844.513308	69.011974	-264.685806	-50.375	-50.407	0.2496
61	16	tracking	-844.187058	69.042307	-264.942332	-51.747	-42.740	0.2726
61	17	tracking	-843.881424	69.063612	-265.141240	-26.747	-34.740	0.2577
61	18	tracking	-843.595141	69.074416	-265.290763	-26.747	-26.740	0.2488
61	19	tracking	-843.327252	69.073546	-265.398568	-26.747	-25.689	0.2386
61	20	tracking	-843.087722	69.061020	-265.467038	-1.747	-17.689	0.2366
61	21	tracking	-842.884617	69.035998	-265.504035	23.253	-9.689	0.2359
61	22	tracking	-842.718052	68.998770	-265.518485	37.878	-7.940	0.2332
61	23	tracking	-842.582433	68.950073	-265.514918	37.878	-7.940	0.2544
61	24	tracking	-842.477737	68.889623	-265.503472	62.878	-15.940	0.2408
61	25	tracking	-842.398927	68.813855	-265.487381	67.848	-23.940	0.2405
61	26	tracking	-842.341366	68.716829	-265.467890	67.848	-31.940	0.2305
61	27	tracking	-842.301241	68.590969	-265.445980	67.848	-39.940	0.2320
61	28	tracking	-842.272743	68.428677	-265.418638	42.848	-47.168	0.3395
61	29	tracking	-842.250942	68.231760	-265.383126	17.848	-47.168	0.2596
61	30	tracking	-842.229861	68.002679	-265.338290	-7.152	-47.168	0.2299
61	31	tracking	-842.202992	67.744258	-265.285475	-32.152	-47.168	0.2214
61	32	tracking	-842.177382	67.448083	-265.225121	-7.152	-55.168	0.2193
61	33	tracking	-842.159018	67.115642	-265.157514	17.848	-55.963	0.2191
61	34	landing	-842.148933	66.761282	-265.077778	17.848	-47.963	0.0129
61	35	landing	-842.146723	66.387365	-264.985690	17.848	-47.963	0.0098
61	36	landing	-842.152031	65.996237	-264.881042	17.848	-47.963	0.0098
62	0	corrected	-850.678997	68.934794	-256.963308	-139.104	-4.000	8.3914
62	1	tracking	-850.009781	68.889004	-257.515286	-164.104	4.000	0.3130
62	2	tracking	-849.427854	68.834709	-258.096618	170.896	-2.003	0.3004
62	3	tracking	-848.946474	68.785282	-258.688729	153.407	-10.003	0.3042
62	4	tracking	-848.519600	68.747874	-259.289470	178.407	-18.003	0.2859
62	5	tracking	-848.112874	68.726299	-259.885671	-156.593	-26.003	0.2846
62	6	tracking	-847.728892	68.721859	-260.473682	-159.186	-34.003	0.2813
62	7	tracking	-847.347108	68.733305	-261.036143	-134.186	-42.003	0.2850
62	8	tracking	-846.980519	68.757367	-261.583756	-150.375	-40.073	0.2852
62	9	tracking	-846.627497	68.789792	-262.118088	-150.375	-32.740	0.2858
62	10	tracking	-846.286455	68.825610	-262.640780	-150.375	-25.407	0.2895
62	11	tracking	-845.955454	68.859741	-263.154209	-150.375	-18.073	0.2777
62	12	tracking	-845.619024	68.895910	-263.641147	-125.375	-26.073	0.2706
62	13	tracking	-845.273093	68.935073	-264.083461	-100.375	-34.073	0.2680
62	14	tracking	-844.923685	68.975070	-264.466816	-75.375	-42.073	0.2641
62	15	tracking	-844.583298	69.010602	-264.784320	-50.375	-50.073	0.2698
62	16	tracking	-844.252209	69.039007	-265.045295	-51.747	-42.740	0.3134
62	17	tracking	-843.941979	69.059018	-265.247604	-26.747	-34.740	0.3192
62	18	tracking	-843.651347	69.068977	-265.399651	-26.747	-26.740	0.2990
62	19	tracking	-843.379366	69.067620	-265.509276	-26.747	-25.689	0.2933
62	20	tracking	-843.136177	69.054831	-265.578934	-1.747	-17.689	0.2908
62	21	tracking	-842.929962	69.029657	-265.616640	23.253	-9.689	0.2901
62	22	tracking	-842.760819	68.992350	-265.631475	37.878	-7.940	0.2767
62	23	tracking	-842.623056	68.943628	-265.628051	37.878	-7.940	0.2817
62	24	tracking	-842.516623	68.883229	-265.616646	62.878	-15.940	0.2741
62	25	tracking	-842.436395	68.807596	-265.600537	67.848	-23.940	0.2723
62	26	tracking	-842.377667	68.710784	-265.580992	67.848	-31.940	0.2645
62	27	tracking	-842.336571	68.585212	-265.559005	67.848	-39.940	0.2626
62	28	tracking	-842.307244	68.423271	-265.531556	42.848	-47.168	0.2596
62	29	tracking	-842.284715	68.226745	-265.495916	17.848	-47.168	0.2588
62	30	tracking	-842.262983	67.998074	-265.450945	-7.152	-47.168	0.2680
62	31	tracking	-842.235526	67.740074	-265.398001	-32.152	-47.168	0.2566
62	32	tracking	-842.209392	67.444337	-265.337516	-7.152	-55.168	0.2554
62	33	tracking	-842.190563	67.112346	-265.269783	17.848	-55.963	0.2536
62	34	landing	-842.180065	66.758430	-265.189935	17.848	-47.963	0.0146
62	35	landing	-842.177484	66.384944	-265.097753	17.848	-47.963	0.0117
62	36	landing	-842.182459	65.994229	-264.993029	17.848	-47.963	0.0113
63	0	corrected	-850.578997	68.934794	-256.963308	-139.104	-4.000	7.0947
63	1	tracking	-849.909782	68.889263	-257.515283	-164.104	1.163	0.3069
63	2	tracking	-849.327439	68.843575	-258.094015	170.896	-6.837	0.2915
63	3	tracking	-848.847873	68.808093	-258.678868	150.407	-14.837	0.2966
63	4	tracking	-848.426129	68.787056	-259.269047	175.407	-22.837	0.2770
63	5	tracking	-848.028635	68.782135	-259.853279	-159.593	-30.837	0.2731
63	6	tracking	-847.656154	68.793060	-260.427582	-161.186	-38.837	0.2682
63	7	tracking	-847.288213	68.817404	-260.976872	-136.186	-45.542	0.2669
63	8	tracking	-846.936313	68.852052	-261.510996	-151.708	-42.073	0.2668
63	9	tracking	-846.598451	68.893227	-262.031458	-151.375	-34.240	0.2675
63	10	tracking	-846.272436	68.936966	-262.540334	-151.042	-26.407	0.2698
63	11	tracking	-845.956040	68.978411	-263.039940	-150.708	-18.573	0.2656
63	12	tracking	-845.634249	69.020845	-263.513756	-125.708	-26.573	0.2653
63	13	tracking	-845.303199	69.064666	-263.944310	-100.708	-34.573	0.2624
63	14	tracking	-844.968650	69.107383	-264.317850	-75.708	-42.573	0.2551
63	15	tracking	-844.642465	69.143666	-264.627680	-50.708	-50.573	0.2543
63	16	tracking	-844.324976	69.171441	-264.882563	-51.747	-42.740	0.2500
63	17	tracking	-844.027358	69.189844	-265.080425	-26.747	-34.740	0.2507
63	18	tracking	-843.748396	69.197620	-265.229370	-26.747	-26.740	0.2537
63	19	tracking	-843.487185	69.193658	-265.336966	-26.747	-25.689	0.2409
63	20	tracking	-843.253613	69.178138	-265.405553	-1.747	-17.689	0.2424
63	21	tracking	-843.055711	69.150346	-265.442903	23.253	-9.689	0.2371
63	22	tracking	-842.893640	69.110583	-265.457851	37.878	-7.940	0.2414
63	23	tracking	-842.761904	69.059567	-265.454881	37.878	-7.940	0.2309
63	24	tracking	-842.660528	68.996922	-265.444039	62.878	-15.940	0.2285
63	25	tracking	-842.584564	68.919011	-265.428533	67.848	-23.940	0.2241
63	26	tracking	-842.529451	68.819842	-265.409598	67.848	-31.940	0.2326
63	27	tracking	-842.491434	68.691806	-265.388213	67.848	-39.940	0.2276
63	28	tracking	-842.464773	68.527286	-265.361385	42.848	-47.168	0.2235
63	29	tracking	-842.444598	68.328133	-265.326359	17.848	-47.168	0.2255
63	30	tracking	-842.424967	68.096847	-265.281956	-7.152	-47.168	0.2216
63	31	tracking	-842.399379	67.836274	-265.229511	-32.152	-47.168	0.2214
63	32	tracking	-842.374911	67.537966	-265.169487	-7.152	-55.168	0.2193
63	33	tracking	-842.357566	67.203422	-265.102166	17.848	-55.963	0.2174
63	34	landing	-842.356073	66.847043	-265.027132	42.848	-47.963	0.0140
63	35	landing	-842.369569	66.470742	-264.944293	42.848	-47.963	0.0105
63	36	landing	-842.397400	66.076619	-264.853443	42.848	-47.963	0.0100
63	37	landing	-842.439034	65.666847	-264.754344	42.848	-47.963	0.0083
